# nose_x, nose_y, nose_z,left_eye_inner_x, left_eye_inner_y, left_eye_inner_z,left_eye_x, left_eye_y, left_eye_z,left_eye_outer_x, left_eye_outer_y, left_eye_outer_z,right_eye_inner_x, right_eye_inner_y, right_eye_inner_z,right_eye_x, right_eye_y, right_eye_z,right_eye_outer_x, right_eye_outer_y, right_eye_outer_z,left_ear_x, left_ear_y, left_ear_z,right_ear_x, right_ear_y, right_ear_z,mouth_left_x, mouth_left_y, mouth_left_z,mouth_right_x, mouth_right_y, mouth_right_z,left_shoulder_x, left_shoulder_y, left_shoulder_z,right_shoulder_x, right_shoulder_y, right_shoulder_z,left_elbow_x, left_elbow_y, left_elbow_z,right_elbow_x, right_elbow_y, right_elbow_z,left_wrist_x, left_wrist_y, left_wrist_z,right_wrist_x, right_wrist_y, right_wrist_z,left_pinky_x, left_pinky_y, left_pinky_z,right_pinky_x, right_pinky_y, right_pinky_z,left_index_x, left_index_y, left_index_z,right_index_x, right_index_y, right_index_z,left_thumb_x, left_thumb_y, left_thumb_z,right_thumb_x, right_thumb_y, right_thumb_z,left_hip_x, left_hip_y, left_hip_z,right_hip_x, right_hip_y, right_hip_z,left_knee_x, left_knee_y, left_knee_z,right_knee_x, right_knee_y, right_knee_z,left_ankle_x, left_ankle_y, left_ankle_z,right_ankle_x, right_ankle_y, right_ankle_z,left_heel_x, left_heel_y, left_heel_z,right_heel_x, right_heel_y, right_heel_z,left_foot_index_x, left_foot_index_y, left_foot_index_z,right_foot_index_x, right_foot_index_y, right_foot_index_z,head_center_x, head_center_y, head_center_z,neck_center_x, neck_center_y, neck_center_z,trunk_center_x, trunk_center_y, trunk_center_z,hips_center_x, hips_center_y, hips_center_z,right_hand_middle_x, right_hand_middle_y, right_hand_middle_z,left_hand_middle_x, left_hand_middle_y, left_hand_middle_z,
0.04914308066753737,1.3940561881704547,0.0,0.04597268470689102,1.3820196812444752,0.0,0.04560300878098637,1.3806161949212699,0.0,0.045262301165894955,1.3793226876902491,0.0,0.046810974974732786,1.3852022767366485,0.0,0.04700776839871727,1.3859494091942464,0.0,0.04720401129081157,1.3866944515436797,0.0,0.04452894477476947,1.3765384770340627,0.0,0.04711297272857566,1.3863488208256374,0.0,0.047091565500665,1.386267547396812,0.0,0.04796987038302873,1.3896020596316088,0.0,0.04788524195096563,1.3892807614922593,0.0,0.06995621780379147,1.4730739188798656,0.0,0.06650773714745505,1.4599816491079225,0.0,0.08866119757259505,1.544087962661319,0.0,0.08220316892598861,1.5195698489986431,0.0,0.10363718995240624,1.6009447896596363,0.0,0.08580446909931742,1.5332422983568212,0.0,0.10569490328308208,1.6087569631258696,0.0,0.086073114328082,1.534262218489887,0.0,0.10509087543431973,1.606463752370367,0.0,0.08526929111115926,1.5312104783904583,0.0,0.10423893893515003,1.603229348588333,0.0,0.08727985559328587,1.5388436541195736,0.0,0.09945048902089475,1.5850498484869044,0.0,0.11101156080288158,1.628941815717041,0.0,0.12241569630833456,1.6722379796049986,0.0,0.1367736687962126,1.7267484708205658,0.0,0.1479151524888655,1.7690474672514445,0.0,0.14121703158298982,1.7436178380297935,0.0,0.15233839617593917,1.7858404514367603,0.0,0.1473038885362125,1.766726781272861,0.0,0.15796281919732746,1.8071937493507209,0.0,0.045820958093023265,1.3814436473562937,0.0,0.05892073080911345,1.4311773469952862,0.0,0.07614295550834883,1.4965620654076104,0.0,0.09336517670452593,1.5619467705204626,0.0,0.1083636637934007,1.618888998728521,0.0,0.0873896125682925,1.5392603491307573,0.0
0.04914306431068525,1.3940561924788253,0.0,0.045972662386227214,1.3820196815524688,0.0,0.045602986449207905,1.3806161952262137,0.0,0.045262278816130985,1.3793226879908915,0.0,0.046810952693734253,1.3852022770445442,0.0,0.047007746144357654,1.3859494095052316,0.0,0.0472039890524627,1.3866944518543884,0.0,0.04452892240947637,1.376538477266795,0.0,0.04711295059086085,1.3863488211230413,0.0,0.04709154317228903,1.3862675477058237,0.0,0.04796984809063798,1.3896020599343242,0.0,0.04788523626029268,1.3892807629911734,0.0,0.06995621428005411,1.473073919808012,0.0,0.06650772954643912,1.4599816511100177,0.0,0.08866119283377077,1.5440879639095175,0.0,0.08220315953255321,1.5195698514728584,0.0,0.10363718399690444,1.6009447912283055,0.0,0.08580445956571793,1.5332423008551028,0.0,0.10569489728082168,1.6087569648354445,0.0,0.0860731048457193,1.5342622210326555,0.0,0.10509086936117182,1.6064637540518112,0.0,0.08526928167604177,1.5312104809322549,0.0,0.10423893285930272,1.603229350216505,0.0,0.08727985212380414,1.5388436550334292,0.0,0.09945048641802219,1.5850498491724967,0.0,0.11101155230375133,1.6289418179556974,0.0,0.12241569186377138,1.672237980775689,0.0,0.13677365962448823,1.7267484732363823,0.0,0.14791514748976406,1.7690474685681994,0.0,0.14121702272519854,1.7436178403629206,0.0,0.15233839145738878,1.7858404526796186,0.0,0.14730387808694284,1.766726784025181,0.0,0.15796281353042368,1.8071937508433737,0.0,0.04582093350725169,1.381443653832151,0.0,0.05892073080911345,1.4311773469952862,0.0,0.07614295550834883,1.4965620654076104,0.0,0.09336517670452593,1.5619467705204626,0.0,0.10836366339859561,1.6188889988325115,0.0,0.08738960058831884,1.539260352286262,0.0
0.049143078013361485,1.39405618886956,0.0,0.045972683474174755,1.3820196813928962,0.0,0.04560300751952277,1.3806161950579494,0.0,0.04526229986235979,1.3793226878078335,0.0,0.0468109738307058,1.3852022769052696,0.0,0.04700776728403426,1.385949409365259,0.0,0.04720401020452818,1.3866944517158828,0.0,0.04452894343745244,1.3765384770877336,0.0,0.04711297170739774,1.3863488209659571,0.0,0.0470915642611847,1.3862675475751158,0.0,0.047969869227538584,1.3896020598192362,0.0,0.04788523679944277,1.3892807628491621,0.0,0.06995621518513864,1.4730739195696143,0.0,0.06650773004425632,1.4599816509788934,0.0,0.08866119387038986,1.5440879636364737,0.0,0.08220316042146902,1.5195698512387195,0.0,0.10363718606912627,1.6009447906824856,0.0,0.08580446043699717,1.5332423006414841,0.0,0.10569489940859285,1.6087569642685202,0.0,0.08607310574430725,1.53426222084225,0.0,0.1050908715446311,1.6064637535550248,0.0,0.08526928258206688,1.531210480725745,0.0,0.10423893501699506,1.6032293497509331,0.0,0.08727985216443265,1.5388436550227278,0.0,0.09945048680778419,1.585049849069834,0.0,0.11101155242813124,1.628941817922936,0.0,0.12241569237584699,1.6722379806408092,0.0,0.13677366079081937,1.7267484729291729,0.0,0.1479151478413016,1.769047468475605,0.0,0.14121702401411712,1.743617840023422,0.0,0.15233839179102604,1.785840452591739,0.0,0.14730387981784282,1.766726783569265,0.0,0.15796281363464756,1.8071937508159215,0.0,0.045820958093023265,1.3814436473562937,0.0,0.05892073080911345,1.4311773469952862,0.0,0.07614295550834883,1.4965620654076104,0.0,0.09336517670452593,1.5619467705204626,0.0,0.10836366341854874,1.6188889988272561,0.0,0.08738960101086073,1.5392603521749653,0.0
0.04914308051624529,1.3940561936583504,0.0,0.04597268687579795,1.3820196807535734,0.0,0.045603010939967686,1.3806161944224904,0.0,0.04526230331476258,1.3793226871769693,0.0,0.04681097716046681,1.3852022762730147,0.0,0.04700777055533348,1.3859494087258823,0.0,0.04720401344432326,1.386694451077618,0.0,0.044528946918307694,1.3765384766095798,0.0,0.04711297471090206,1.3863488203510765,0.0,0.04709156768031744,1.386267546943266,0.0,0.04796987258266719,1.3896020592066913,0.0,0.04788523983675745,1.3892807674971863,0.0,0.06995621351616516,1.4730739254572651,0.0,0.06650773732551477,1.45998165450907,0.0,0.08866119495407403,1.5440879687990792,0.0,0.08220317182978451,1.519569853681836,0.0,0.10363719021414469,1.6009447950387408,0.0,0.08580447215176654,1.5332423030378857,0.0,0.10569490367657802,1.6087569683035932,0.0,0.08607311735409426,1.5342622231473304,0.0,0.1050908759894103,1.606463757676469,0.0,0.085269294089061,1.5312104830275566,0.0,0.10423893945909363,1.6032293540016498,0.0,0.08727984960335806,1.5388436611453609,0.0,0.0994504824330212,1.585049855670183,0.0,0.11101156110572617,1.6289418210853222,0.0,0.1224156921472427,1.672237986149067,0.0,0.1367736713192008,1.726748475604065,0.0,0.1479151487945035,1.769047473672577,0.0,0.14121703388415854,1.7436178428717195,0.0,0.1523383921128786,1.7858404579550073,0.0,0.14730389338424552,1.7667267854439472,0.0,0.15796281599281994,1.8071937556428266,0.0,0.04582096452952125,1.3814436511089783,0.0,0.058920737245611435,1.4311773507479708,0.0,0.07614296194484706,1.496562069160295,0.0,0.09336518314102416,1.5619467742731472,0.0,0.1083636613343849,1.6188890048242675,0.0,0.0873896164080142,1.539260353567429,0.0
0.04914308161360503,1.3940561933693083,0.0,0.04597268745582431,1.3820196808057363,0.0,0.045603011565647195,1.3806161944953304,0.0,0.04526230400491285,1.3793226872843332,0.0,0.0468109776069712,1.3852022762823224,0.0,0.04700777097607747,1.3859494087343425,0.0,0.04720401382682063,1.3866944510831831,0.0,0.04452894765874385,1.376538476759577,0.0,0.04711297509283777,1.386348820405943,0.0,0.04709156826413999,1.3862675469336152,0.0,0.04796987303789116,1.3896020591687421,0.0,0.04788524297734355,1.3892807666699607,0.0,0.06995621425272192,1.4730739252632576,0.0,0.06650774199059062,1.4599816532802963,0.0,0.08866119632650206,1.5440879684375841,0.0,0.08220317701607247,1.519569852315776,0.0,0.10363719031157947,1.6009447950130768,0.0,0.08580447748079453,1.5332423016103227,0.0,0.10569490369170331,1.6087569682165659,0.0,0.08607312258682195,1.5342622216372073,0.0,0.1050908759400836,1.6064637574622656,0.0,0.08526929927051871,1.5312104815522247,0.0,0.1042389394662937,1.6032293537615032,0.0,0.0872798521273801,1.5388436604805364,0.0,0.0994504835667303,1.5850498553715666,0.0,0.11101156723622096,1.6289418194705585,0.0,0.12241569440769401,1.6722379855536686,0.0,0.13677367575198357,1.7267484744364758,0.0,0.14791515181164291,1.7690474728778682,0.0,0.14121703782151546,1.7436178418346249,0.0,0.15233839495682752,1.7858404572059168,0.0,0.14730389758403803,1.7667267843377275,0.0,0.15796282003537687,1.8071937545780246,0.0,0.04582096452952125,1.3814436511089783,0.0,0.058920737245611435,1.4311773507479708,0.0,0.07614296194484706,1.496562069160295,0.0,0.09336518314102416,1.5619467742731472,0.0,0.10836366158918277,1.6188890047571542,0.0,0.08738961920552438,1.5392603528305686,0.0
0.04914307792047965,1.3940561943420802,0.0,0.04597268006981542,1.3820196822483175,0.0,0.04560300415309587,1.3806161959362773,0.0,0.04526229654289121,1.3793226887266918,0.0,0.04681097033606879,1.3852022776946853,0.0,0.0470077638267839,1.385949410162293,0.0,0.04720400673483732,1.3866944525076788,0.0,0.04452894015027692,1.3765384778759533,0.0,0.04711296852732488,1.386348821794958,0.0,0.04709156084038607,1.3862675483386782,0.0,0.04796986571339096,1.389602060521225,0.0,0.04788523770199435,1.3892807680594865,0.0,0.06995621865566287,1.473073924103539,0.0,0.06650772777059832,1.459981657025826,0.0,0.08866119480875717,1.5440879688373643,0.0,0.08220315377334345,1.5195698584378792,0.0,0.10363718154021775,1.6009447973234472,0.0,0.08580445360319791,1.5332423078157893,0.0,0.10569489461848516,1.608756971222098,0.0,0.08607309891071482,1.5342622280183507,0.0,0.10509086645106283,1.6064637602323635,0.0,0.08526927580621926,1.531210487952396,0.0,0.10423893000232556,1.6032293562347146,0.0,0.08727985901227947,1.5388436586670653,0.0,0.09945049402485787,1.5850498526169146,0.0,0.11101155028886917,1.628941823934462,0.0,0.12241569600488232,1.672237985132973,0.0,0.13677365410649045,1.7267484801378614,0.0,0.147915151030135,1.7690474730837171,0.0,0.14121701747616303,1.7436178471935555,0.0,0.1523383955240547,1.785840457056511,0.0,0.14730386908857365,1.7667267918433838,0.0,0.15796281646846835,1.8071937555175432,0.0,0.04582095434032113,1.3814436537928043,0.0,0.05892072705641132,1.4311773534317969,0.0,0.07614297372329834,1.4965620660578747,0.0,0.09336517295184132,1.5619467769569608,0.0,0.10836365460934007,1.6188890065956418,0.0,0.08738959657678724,1.5392603587909477,0.0
0.04914305683263491,1.3940561998965884,0.0,0.04597265813493458,1.382019692847467,0.0,0.04560298210750226,1.3806162064887897,0.0,0.04526227433690401,1.3793226992027317,0.0,0.04681094873763959,1.3852022883791555,0.0,0.04700774232681505,1.3859494208539131,0.0,0.0472039853394577,1.386694463204585,0.0,0.04452891781653413,1.376538488146948,0.0,0.047112947310885236,1.386348832370003,0.0,0.047091538884305076,1.3862675590629392,0.0,0.04796984407743722,1.389602071290814,0.0,0.04788522138146477,1.3892807723582896,0.0,0.06995621095988944,1.473073926130593,0.0,0.06650770503329635,1.4599816630147953,0.0,0.08866118369743324,1.544087971764068,0.0,0.08220312682908493,1.5195698655349532,0.0,0.10363717082252627,1.6009448001464688,0.0,0.0858044261265184,1.53324231507808,0.0,0.1056948839823712,1.6087569744165129,0.0,0.08607307171667944,1.5342622355239501,0.0,0.10509085581826688,1.6064637636307761,0.0,0.08526924879794429,1.5312104953868722,0.0,0.1042389192519943,1.6032293595907492,0.0,0.08727984784656083,1.5388436616080954,0.0,0.09945048716395892,1.5850498544240654,0.0,0.11101152304123678,1.628941831111437,0.0,0.12241568364199293,1.6722379883893383,0.0,0.1367736290571645,1.7267484867358065,0.0,0.14791513617786212,1.7690474769957818,0.0,0.1412169939698804,1.7436178533850655,0.0,0.15233838151301166,1.785840460746997,0.0,0.14730384224662987,1.766726798913501,0.0,0.1579627983905835,1.8071937602792285,0.0,0.045820929754574316,1.381443660268655,0.0,0.05892072705641132,1.4311773534317969,0.0,0.07614297372329834,1.4965620660578747,0.0,0.09336517295184132,1.5619467769569608,0.0,0.10836364654591439,1.6188890087195342,0.0,0.08738957525260432,1.539260364407703,0.0
0.04914309124000693,1.3940561908337303,0.0,0.045972691468887744,1.3820196795287158,0.0,0.04560301546324799,1.3806161931579402,0.0,0.045262307748778735,1.379322685842925,0.0,0.04681098192859115,1.3852022751565523,0.0,0.04700777527994818,1.3859494075989804,0.0,0.04720401820015355,1.3866944499591374,0.0,0.0445289512888101,1.376538475444507,0.0,0.047112979058544086,1.3863488191625075,0.0,0.047091572295230893,1.3862675458700369,0.0,0.04796987737518624,1.3896020582304034,0.0,0.047885255084692754,1.389280763480906,0.0,0.06995622600244111,1.4730739221684024,0.0,0.06650775650720363,1.459981649456645,0.0,0.08866121078361056,1.544087964629607,0.0,0.08220319699355941,1.5195698470537393,0.0,0.10363721420887889,1.6009447887185682,0.0,0.08580449752632993,1.533242296466823,0.0,0.10569492806905417,1.6087569615645394,0.0,0.08607314276279335,1.5342622166032518,0.0,0.10509090083283673,1.6064637513724047,0.0,0.08526931943466345,1.531210476399759,0.0,0.10423896417105655,1.6032293479797943,0.0,0.0872798573642966,1.53884365910114,0.0,0.09945049017032627,1.585049853632193,0.0,0.11101158025003405,1.6289418160427394,0.0,0.1224157045412161,1.6722379828845182,0.0,0.1367736974794246,1.7267484687135013,0.0,0.1479151615386865,1.7690474703157835,0.0,0.14121706001509643,1.7436178359888699,0.0,0.1523384041516099,1.7858404547840285,0.0,0.14730392533152106,1.766726777029083,0.0,0.15796282887101654,1.8071937522507342,0.0,0.04582096452952125,1.3814436511089783,0.0,0.058920737245611435,1.4311773507479708,0.0,0.07614296194484706,1.496562069160295,0.0,0.09336518314102416,1.5619467742731472,0.0,0.10836368972928756,1.6188889973450982,0.0,0.0873896434762608,1.5392603464376975,0.0
0.04914312343499092,1.3940561878016915,0.0,0.04597272062835532,1.3820196789995833,0.0,0.045603044876834184,1.3806161927286726,0.0,0.04526233753880447,1.379322685574331,0.0,0.04681101028988953,1.3852022744697037,0.0,0.0470078033415262,1.385949406885284,0.0,0.04720404599741833,1.3866944492368596,0.0,0.04452898138397175,1.3765384758547974,0.0,0.04711300608131684,1.3863488187246509,0.0,0.04709160152792967,1.3862675451045237,0.0,0.04796990585616699,1.389602057408578,0.0,0.04788531195331458,1.389280753949872,0.0,0.06995625734952216,1.473073919359694,0.0,0.06650783367568602,1.459981634578657,0.0,0.08866125380831397,1.5440879587450307,0.0,0.0822032898469958,1.519569828044356,0.0,0.10363726185767899,1.6009447816160114,0.0,0.08580459198339623,1.5332422770453036,0.0,0.10569497577239631,1.6087569531535613,0.0,0.08607323647050895,1.5342621965349912,0.0,0.10509094884195294,1.606463742707089,0.0,0.08526941259017,1.5312104564676068,0.0,0.10423901240990799,1.603229339627442,0.0,0.08727988301944832,1.5388436577916687,0.0,0.09945050403295672,1.5850498554288472,0.0,0.11101165784570494,1.628941801052195,0.0,0.12241573670603288,1.6722379798604037,0.0,0.13677377396000467,1.72674845401667,0.0,0.14791520075783074,1.7690474654335708,0.0,0.14121713225416982,1.7436178224092436,0.0,0.15233844057699336,1.7858404506376873,0.0,0.14730401075635666,1.766726759976347,0.0,0.1579628770075218,1.807193745019702,0.0,0.045820990315557406,1.3814436497650497,0.0,0.05892078761739468,1.4311773429281913,0.0,0.07614301231663007,1.4965620613405155,0.0,0.09336518957752238,1.5619467780258318,0.0,0.10836374328151047,1.6188889886875883,0.0,0.08738973549869934,1.5392603276471977,0.0
0.04914305162565816,1.3940561958200477,0.0,0.045972660167571774,1.3820196825766764,0.0,0.04560298445324566,1.3806161963664363,0.0,0.04526227711716306,1.3793226893308645,0.0,0.046810949878448624,1.3852022777792645,0.0,0.0470077433589922,1.385949410257841,0.0,0.04720398613170655,1.3866944525853797,0.0,0.04452892093068965,1.3765384783752814,0.0,0.04711294843501539,1.386348822084576,0.0,0.04709154092030103,1.3862675483213354,0.0,0.04796984524708252,1.389602060311078,0.0,0.04788520254638761,1.3892807718713671,0.0,0.06995618092097038,1.4730739285947458,0.0,0.06650769151170455,1.4599816611283103,0.0,0.08866115447745022,1.5440879740125149,0.0,0.08220311131808379,1.5195698641724749,0.0,0.10363712775660254,1.6009448060419098,0.0,0.08580441124232474,1.533242313324171,0.0,0.10569484012878742,1.6087569803119206,0.0,0.08607305626486905,1.5342622332852818,0.0,0.10509081123341195,1.6064637684565497,0.0,0.08526923311064016,1.5312104934118649,0.0,0.10423887509177814,1.6032293640395268,0.0,0.08727984262788974,1.5388436575346405,0.0,0.09945047417435549,1.5850498523974532,0.0,0.11101152868761834,1.6289418241761486,0.0,0.12241567314381514,1.672237985706489,0.0,0.13677361943228722,1.7267484838229403,0.0,0.14791512963219938,1.7690474732718469,0.0,0.14121698159301682,1.743617851197068,0.0,0.15233837457591665,1.7858404571261648,0.0,0.14730382656639576,1.766726797595604,0.0,0.15796279748066067,1.8071937550708495,0.0,0.045820938743513936,1.3814436524529363,0.0,0.058920686873829786,1.4311773585677738,0.0,0.07614293354071658,1.4965620711938517,0.0,0.09336517670452593,1.5619467705204626,0.0,0.10836360269144805,1.6188890148226762,0.0,0.08738955640435501,1.5392603639242506,0.0
0.04914297594526458,1.3940561939619724,0.0,0.0459725836304723,1.382019687553722,0.0,0.045602907362303435,1.3806162011413736,0.0,0.04526219918784602,1.379322693787768,0.0,0.04681087513701265,1.3852022830175441,0.0,0.04700766943035173,1.3859494155772225,0.0,0.04720391283161263,1.3866944579157754,0.0,0.044528842310587624,1.376538480901868,0.0,0.0471128776102282,1.386348826784885,0.0,0.04709146417041754,1.386267553703644,0.0,0.04796977017218507,1.389602065712816,0.0,0.04788509369662876,1.389280778750051,0.0,0.06995614008565348,1.4730739175585066,0.0,0.0665075263605574,1.459981682836656,0.0,0.08866107988461099,1.5440879718679383,0.0,0.0822028989338576,1.5195698983219044,0.0,0.10363703112209548,1.600944809703059,0.0,0.08580419453720425,1.5332423484430755,0.0,0.10569474285209594,1.6087569878115915,0.0,0.08607284141066165,1.5342622700047925,0.0,0.10509071261201113,1.6064637760475888,0.0,0.08526901973230008,1.5312105298934735,0.0,0.10423877605634517,1.6032293704816385,0.0,0.08727980641156337,1.5388436452817704,0.0,0.09945046779678278,1.585049832285105,0.0,0.11101134674350674,1.6289418503075745,0.0,0.1224156145979901,1.672237979335149,0.0,0.13677343141110335,1.7267485115550556,0.0,0.1479150528105424,1.7690474717143283,0.0,0.1412168043305688,1.7436178760953471,0.0,0.15233830571074714,1.7858404534729182,0.0,0.14730360859843072,1.766726833215629,0.0,0.15796269794795184,1.8071937594953773,0.0,0.04582085887297549,1.3814436516985358,0.0,0.05892060700331497,1.431177357813367,0.0,0.07614287563786643,1.4965620646531872,0.0,0.09336514076935021,1.5619467581935378,0.0,0.10836349766725979,1.6188890206936513,0.0,0.08738933452901748,1.5392604005736206,0.0
0.04914308960857649,1.3940561967115015,0.0,0.04597268741892509,1.3820196892459284,0.0,0.0456030108809274,1.3806162026301403,0.0,0.04526230241917158,1.3793226949044735,0.0,0.04681097942153885,1.3852022853942114,0.0,0.047007773033227854,1.3859494178408533,0.0,0.047204016386247785,1.386694460236698,0.0,0.044528945379290155,1.3765384841220614,0.0,0.047112977053535746,1.3863488288677281,0.0,0.047091568214351745,1.3862675563356481,0.0,0.047969874784685465,1.389602069051935,0.0,0.04788524636587908,1.3892807712254822,0.0,0.06995624220610634,1.4730739233484358,0.0,0.06650773303862938,1.4599816610862835,0.0,0.08866122165772755,1.5440879672134347,0.0,0.08220317072284603,1.5195698594214566,0.0,0.10363724295396388,1.6009447865952062,0.0,0.08580446979845704,1.5332423095338348,0.0,0.10569495790531665,1.608756959908987,0.0,0.08607311610320881,1.534262230585032,0.0,0.10509093159094747,1.606463751316066,0.0,0.0852692933045637,1.531210489961093,0.0,0.10423899424825496,1.6032293483431714,0.0,0.08727984653851975,1.5388436674006811,0.0,0.0994504945181631,1.5850498579350278,0.0,0.11101153553466367,1.628941833268743,0.0,0.12241569883283929,1.672237989836143,0.0,0.1367736746966545,1.7267484801624902,0.0,0.1479151477349513,1.769047479399712,0.0,0.14121704262923893,1.74361784601632,0.0,0.15233839189860623,1.785840463459497,0.0,0.14730390788980577,1.7667267870712455,0.0,0.1579628039323769,1.8071937642675762,0.0,0.045820958158743166,1.3814436582350884,0.0,0.058920755460580176,1.4311773513982302,0.0,0.07614295819216237,1.4965620755967932,0.0,0.09336517938833955,1.5619467807096454,0.0,0.10836371934257674,1.6188889949930525,0.0,0.08738961616095464,1.539260359080559,0.0
0.049143327227011306,1.3940561831557494,0.0,0.045972921764567146,1.38201967581448,0.0,0.0456032463699403,1.380616189580501,0.0,0.04526253967984174,1.3793226824381155,0.0,0.046811209932320255,1.3852022716115202,0.0,0.04700800150233654,1.3859494038392453,0.0,0.04720424343813025,1.3866944462298774,0.0,0.0445291841247394,1.376538476668061,0.0,0.047113197200690196,1.386348816184931,0.0,0.04709180312048768,1.386267542318113,0.0,0.04797010614940113,1.389602055229752,0.0,0.04788556956341617,1.3892807351284058,0.0,0.06995639674771319,1.4730739316749097,0.0,0.06650819995275221,1.4599815871343618,0.0,0.08866146482347342,1.5440879521964006,0.0,0.08220376488855301,1.5195697519515226,0.0,0.10363755889319987,1.6009447524096683,0.0,0.08580507476676652,1.5332421999001065,0.0,0.10569527636312676,1.60875691554964,0.0,0.08607371675414238,1.534262117211465,0.0,0.10509125437089267,1.606463707823336,0.0,0.08526989028788562,1.5312103769447627,0.0,0.1042393176853938,1.6032293082864224,0.0,0.0872799661376642,1.5388436849309133,0.0,0.09945054308614154,1.5850498941747149,0.0,0.11101203011645229,1.628941752028411,0.0,0.12241588308834916,1.6722379903358542,0.0,0.1367742012157177,1.7267483905099175,0.0,0.14791537633268367,1.769047468219749,0.0,0.14121754348541635,1.7436177631232956,0.0,0.15233859981372405,1.7858404577272868,0.0,0.14730452005857533,1.7667266748585553,0.0,0.157963086882857,1.8071937387711652,0.0,0.045821190238960266,1.3814436461380992,0.0,0.05892098754077332,1.4311773393012472,0.0,0.07614312436953127,1.496562080858444,0.0,0.09336525769518922,1.56194680911618,0.0,0.10836405991677872,1.618888954318685,0.0,0.08739021518497073,1.5392602503309534,0.0
0.04914312172205609,1.394056193700918,0.0,0.04597273062771108,1.382019682014633,0.0,0.04560305622039269,1.3806161963629577,0.0,0.045262350768592155,1.3793226902467077,0.0,0.046811016395487307,1.3852022761675555,0.0,0.04700780879572759,1.3859494085733381,0.0,0.047204050360718244,1.3866944508345156,0.0,0.044528996077079455,1.3765384814799766,0.0,0.0471130109564651,1.3863488217670852,0.0,0.047091611603369124,1.3862675462257767,0.0,0.047969912169768494,1.3896020576272852,0.0,0.047885346355183045,1.3892807503365276,0.0,0.06995622928347528,1.4730739322002382,0.0,0.06650790487168248,1.4599816212737762,0.0,0.08866123889009031,1.5440879681224557,0.0,0.08220336763256074,1.5195698130037905,0.0,0.10363720136973889,1.6009448029964168,0.0,0.08580467341753671,1.5332422602416738,0.0,0.10569491250974974,1.6087569733894929,0.0,0.08607331521532989,1.5342621774286858,0.0,0.10509088322638652,1.6064637588877713,0.0,0.08526949000818372,1.5312104384251146,0.0,0.10423894851687046,1.603229354730961,0.0,0.08727990871832692,1.538843656470683,0.0,0.09945049157251,1.5850498641589392,0.0,0.11101176790472485,1.6289417775107773,0.0,0.12241574918037497,1.6722379820227025,0.0,0.13677382832250662,1.7267484451456092,0.0,0.14791523356495165,1.7690474622402457,0.0,0.1412171730458671,1.7436178171127001,0.0,0.15233846953805202,1.785840448457407,0.0,0.14730405124350054,1.7667267547600358,0.0,0.15796293780831205,1.807193734452873,0.0,0.045821006941240985,1.381443650833912,0.0,0.05892080424307826,1.4311773439970537,0.0,0.07614300697467506,1.4965620681956129,0.0,0.09336520620320343,1.5619467790947028,0.0,0.10836367571993802,1.618889011931178,0.0,0.08738981299393331,1.5392603126831048,0.0
0.0491425349453833,1.3940562175042943,0.0,0.04597215867258925,1.3820197063235815,0.0,0.04560248205007794,1.3806162200174377,0.0,0.045261773067430566,1.379322712947462,0.0,0.04681045217773577,1.3852023007044731,0.0,0.04700724940879347,1.3859494336582872,0.0,0.04720349400743934,1.3866944758873903,0.0,0.04452841535801605,1.3765384919974664,0.0,0.04711247229914034,1.386348844198811,0.0,0.047091038270641705,1.3862675710672978,0.0,0.047969345899265214,1.3896020815237122,0.0,0.047884544790353076,1.389280830715081,0.0,0.06995582244224884,1.4730739086087408,0.0,0.06650675872470972,1.4599817924141198,0.0,0.0886606147844613,1.544088001757779,0.0,0.08220190337430026,1.519570067933382,0.0,0.10363637065008463,1.6009448910530084,0.0,0.08580318370024613,1.5332425197542001,0.0,0.1056940740401387,1.6087570865701004,0.0,0.08607183505689679,1.5342624452348348,0.0,0.10509003266250955,1.6064638678500487,0.0,0.08526801844931668,1.5312107058613487,0.0,0.10423809715510907,1.6032294544756522,0.0,0.08727962488737162,1.5388436004782222,0.0,0.09945036805318229,1.5850497659405531,0.0,0.1110105791688628,1.628941959865551,0.0,0.12241529542455665,1.6722379707875883,0.0,0.1367725310469763,1.7267486560894276,0.0,0.1479146779863601,1.7690474778250531,0.0,0.14121593379747832,1.7436180127722272,0.0,0.15233796427423776,1.7858404507893313,0.0,0.14730253069205995,1.766727024513706,0.0,0.15796225895646626,1.8071937825075657,0.0,0.04582044349408415,1.3814436684923705,0.0,0.05892019162437584,1.4311773746072145,0.0,0.0761426140328034,1.4965620409429508,0.0,0.09336501097051464,1.5619466997655262,0.0,0.10836279311424782,1.6188891136543837,0.0,0.087388323646637,1.53926057422109,0.0
0.04914282483584401,1.3940561956276747,0.0,0.045972430561167496,1.3820196936283484,0.0,0.0456027509904343,1.38061620580344,0.0,0.045262038056099616,1.3793226961244587,0.0,0.0468107320269605,1.3852022917506954,0.0,0.04700752903800319,1.3859494244926083,0.0,0.047203775487001484,1.3866944669994232,0.0,0.04452867740329523,1.3765384777416947,0.0,0.04711274452098922,1.3863488322474355,0.0,0.047091310541819795,1.3862675636614583,0.0,0.04796962604260989,1.3896020771647708,0.0,0.04788480096477842,1.3892808177192002,0.0,0.06995608759402604,1.4730738932482044,0.0,0.06650705879440091,1.459981767856472,0.0,0.08866093692709234,1.5440879713860838,0.0,0.08220232381295989,1.5195700116712403,0.0,0.10363691635416768,1.600944801796128,0.0,0.08580360466954373,1.5332424666228919,0.0,0.10569463123706875,1.608756989626599,0.0,0.08607225967494003,1.5342623951798433,0.0,0.10509060202845917,1.6064637845843095,0.0,0.08526844316339854,1.5312106528661606,0.0,0.10423866184756954,1.6032293783960223,0.0,0.08727966944002766,1.5388436432236003,0.0,0.09945045354931079,1.5850497979013642,0.0,0.11101077476379329,1.6289419628278572,0.0,0.12241545310852206,1.6722379837344603,0.0,0.13677293670276375,1.7267486037221758,0.0,0.1479148210515442,1.7690474946224746,0.0,0.141216353569062,1.7436179566868564,0.0,0.15233809647800828,1.7858404704476565,0.0,0.1473030747870409,1.7667269356823618,0.0,0.15796237447300007,1.8071938065611786,0.0,0.04582070715771701,1.3814436535238144,0.0,0.05892045528805673,1.4311773596386457,0.0,0.07614276785797486,1.4965620549059169,0.0,0.09336505495713121,1.5619467426599998,0.0,0.1083633800334341,1.6188890135415916,0.0,0.0873887494016692,1.539260516558631,0.0
0.049144168984576894,1.3940561466738215,0.0,0.04597372447611877,1.3820196466852273,0.0,0.045604048847699606,1.3806161598064448,0.0,0.045263342449414844,1.379322651372627,0.0,0.046812011383151574,1.3852022455622341,0.0,0.04700879755270256,1.3859493770111408,0.0,0.047205037864606135,1.3866944196831752,0.0,0.04452998752968392,1.3765384610111617,0.0,0.04711396433216971,1.3863487897394455,0.0,0.047092607656396966,1.3862675173165186,0.0,0.04797091007337214,1.3896020339546709,0.0,0.047886616284244496,1.3892806446606696,0.0,0.06995702615356006,1.47307395112533,0.0,0.06650965695636821,1.4599813885967154,0.0,0.08866237897617885,1.5440878966439877,0.0,0.08220567162682103,1.5195694349516347,0.0,0.10363889437437776,1.6009445858775706,0.0,0.0858070094072081,1.5332418807452304,0.0,0.10569663040980568,1.6087567151157365,0.0,0.08607564433869587,1.5342617918551091,0.0,0.10509263226481011,1.6064635240918859,0.0,0.08527180869230667,1.5312100493735765,0.0,0.10424069228495578,1.6032291408737134,0.0,0.087280285046435,1.538843786164657,0.0,0.09945072566078497,1.5850500313182418,0.0,0.11101345825524545,1.628941561080795,0.0,0.12241648563965928,1.6722380168564674,0.0,0.1367759330121104,1.7267481195786882,0.0,0.14791607559833447,1.7690474692658764,0.0,0.1412192253078102,1.7436175053549892,0.0,0.15233923521385617,1.7858404755952721,0.0,0.14730661547283141,1.7667263081482603,0.0,0.15796389448163356,1.8071937112822314,0.0,0.045821971820753614,1.381443625506598,0.0,0.05892181829385737,1.431177305718059,0.0,0.0761436475772921,1.4965621282809605,0.0,0.09336551729286002,1.5619469259722027,0.0,0.10836548526113679,1.6188887641163938,0.0,0.08739216269409791,1.539259922592032,0.0
0.049144025674353414,1.3940561680769645,0.0,0.04597360149024127,1.3820196499799327,0.0,0.04560393376357014,1.3806161668055947,0.0,0.04526323837902796,1.3793226646071477,0.0,0.046811865740377046,1.3852022407724491,0.0,0.04700864874122018,1.385949372257255,0.0,0.047204882857620534,1.3866944143660707,0.0,0.04452989195467133,1.3765384779810899,0.0,0.04711381559284972,1.3863487928730867,0.0,0.047092484897656106,1.386267509023778,0.0,0.04797076535275052,1.389602019928843,0.0,0.04788671480727712,1.3892806023666768,0.0,0.06995680874994335,1.4730739920429592,0.0,0.06650992185813621,1.459981302477261,0.0,0.08866220447960335,1.5440879262597196,0.0,0.08220592125783772,1.5195693528546281,0.0,0.10363840248376403,1.6009446990965321,0.0,0.08580727706775367,1.5332417885791048,0.0,0.10569612004235267,1.608756825691748,0.0,0.08607589709157633,1.534261686943763,0.0,0.10509210525849415,1.6064636089133675,0.0,0.08527205477296325,1.5312099509588768,0.0,0.10424017576306092,1.6032292174309373,0.0,0.08728043221989965,1.538843731055966,0.0,0.09945066564234513,1.5850500307821276,0.0,0.11101396670680497,1.6289414108049882,0.0,0.12241652137704291,1.6722379910977248,0.0,0.136776078844617,1.7267480648168636,0.0,0.1479162188528187,1.7690474151870874,0.0,0.1412192976344404,1.7436174699539881,0.0,0.15233936358934075,1.7858404254354998,0.0,0.1473066364733531,1.766726286268307,0.0,0.15796418873551188,1.8071936174294916,0.0,0.04582185463775229,1.3814436400277375,0.0,0.05892175028242427,1.4311773072873861,0.0,0.07614364546820472,1.4965621124921114,0.0,0.09336555911846245,1.5619468986112672,0.0,0.10836493633367829,1.6188888923590632,0.0,0.08739243009897309,1.5392598358133676,0.0
0.04914093495449917,1.3940563066160105,0.0,0.04597062459475106,1.382019780238236,0.0,0.04560095074810396,1.3806162962053927,0.0,0.04526024451282525,1.3793227933361345,0.0,0.046808913647492144,1.3852023666201365,0.0,0.04700571974307762,1.3859495009989935,0.0,0.047201965447193205,1.3866945425494661,0.0,0.044526888177487255,1.3765385455151504,0.0,0.04711099517256941,1.3863489131917262,0.0,0.047089500947296435,1.3862676340379587,0.0,0.047967803152117315,1.3896021360209292,0.0,0.04788266137748774,1.389280994482995,0.0,0.06995460286382875,1.4730738975184168,0.0,0.06650417973590543,1.4599821393889512,0.0,0.08865889086997107,1.5440881235053896,0.0,0.0821985031062739,1.519570631221497,0.0,0.10363378714820615,1.6009452392037156,0.0,0.08579973812590251,1.5332430839596223,0.0,0.105691451324611,1.608757495501177,0.0,0.08606839786027314,1.5342630169098115,0.0,0.10508736168843746,1.6064642387852424,0.0,0.08526459593869788,1.531211283491711,0.0,0.10423543528350243,1.6032297933163024,0.0,0.08727908479601544,1.5388434104069126,0.0,0.09945001389301222,1.585049526894415,0.0,0.1110081321731503,1.6289422720310873,0.0,0.12241420707617964,1.6722379251195645,0.0,0.13676942469864192,1.7267491419238303,0.0,0.14791344599649692,1.7690474699917245,0.0,0.14121289633019185,1.7436184804631536,0.0,0.15233684383785318,1.7858404135723058,0.0,0.14729872685854906,1.7667276940539183,0.0,0.15796087516364096,1.8071938146581945,0.0,0.04581894051031107,1.3814437320532278,0.0,0.05891863946863062,1.4311774511198343,0.0,0.0761416330422602,1.4965619670071038,0.0,0.09336455720902626,1.5619464869546458,0.0,0.10836002130104284,1.6188895114043376,0.0,0.08738486829494432,1.5392611520179953,0.0
0.04914024054299085,1.3940562825046083,0.0,0.0459699313475995,1.38201978472993,0.0,0.045600237823490965,1.3806162921506324,0.0,0.04525950337786853,1.3793227751571777,0.0,0.046808279270558396,1.3852023876424395,0.0,0.047005100223426056,1.3859495229180483,0.0,0.04720136364742231,1.3866945655354137,0.0,0.04452612476246196,1.3765384983566933,0.0,0.04711041213799292,1.3863489146876935,0.0,0.04708880481281206,1.3862676625865569,0.0,0.04796716330838278,1.3896021743365183,0.0,0.04788107227607529,1.3892812060445914,0.0,0.06995434142549635,1.4730737593481935,0.0,0.06650164985327214,1.4599825987301496,0.0,0.0886581599438114,1.5440881089909206,0.0,0.08219544159783017,1.5195712305789302,0.0,0.10363332432696779,1.6009451540757136,0.0,0.08579659566438821,1.5332437115019948,0.0,0.10569101166880632,1.6087574600395178,0.0,0.08606530202854698,1.5342636845324436,0.0,0.1050869338551241,1.6064642472476698,0.0,0.08526152861277966,1.5312119375005147,0.0,0.10423498512491089,1.6032298019777462,0.0,0.08727830506536527,1.5388434087659302,0.0,0.0994499307399162,1.5850493417657014,0.0,0.11100503277090021,1.6289428812826208,0.0,0.12241334942967283,1.6722379439778026,0.0,0.13676685689529927,1.726749611156303,0.0,0.147912193958327,1.7690475927302574,0.0,0.1412105776955819,1.7436188840613165,0.0,0.15233571038225907,1.7858405050747768,0.0,0.14729601354860494,1.7667282016087307,0.0,0.1579591040870438,1.8071940741033463,0.0,0.04581826489135963,1.381443702992116,0.0,0.05891771799055119,1.431177486816563,0.0,0.07614093124479862,1.4965619448371705,0.0,0.09336411902761965,1.5619463953450885,0.0,0.1083595831527064,1.6188894197778698,0.0,0.08738171713373721,1.5392617749892108,0.0
0.04914689246837376,1.3940559795890053,0.0,0.04597632871644358,1.3820195044536938,0.0,0.04560664219162319,1.3806160109033891,0.0,0.04526592240959265,1.3793224906380501,0.0,0.04681464122695406,1.3852021227760807,0.0,0.04701141571924189,1.3859492519039047,0.0,0.047207659296404525,1.3866942961258253,0.0,0.0445325583647081,1.3765383404518983,0.0,0.04711649794256062,1.3863486555545306,0.0,0.04709521693150015,1.386267402118157,0.0,0.047973545948481744,1.3896019370506905,0.0,0.0478895806900495,1.3892804141247102,0.0,0.06995918005713009,1.4730739340642411,0.0,0.06651360461506042,1.459980899058171,0.0,0.0886653090814906,1.544087675123768,0.0,0.08221095255065607,1.5195685942033932,0.0,0.10364346529009391,1.600943932129197,0.0,0.08581234851998203,1.5332410467180004,0.0,0.10570127943206883,1.6087559657671664,0.0,0.08608098211267505,1.5342609561894276,0.0,0.1050973724441839,1.6064628568154222,0.0,0.08527712827835802,1.5312091988417051,0.0,0.10424540929070789,1.6032285319412416,0.0,0.0872810470337687,1.5388441357116778,0.0,0.09945135726672806,1.585050415206724,0.0,0.11101699296027431,1.6289411802046714,0.0,0.12241822009926144,1.6722381102402128,0.0,0.1367808233230503,1.7267473816227719,0.0,0.14791795355811638,1.76904752485159,0.0,0.14122406467166096,1.7436167808181395,0.0,0.15234094587426777,1.7858405752455706,0.0,0.1473127291579475,1.7667252479224835,0.0,0.15796589367229483,1.8071937349352116,0.0,0.04582452987568014,1.3814435019976816,0.0,0.05892437634812715,1.4311771822093156,0.0,0.07614530497687046,1.4965622419906877,0.0,0.0933662081359119,1.5619472942580952,0.0,0.1083703986389548,1.6188880201582074,0.0,0.08739751724244743,1.539259062450884,0.0
0.04915069189475885,1.3940559214259416,0.0,0.045980041407833384,1.3820194151485448,0.0,0.045610401103710375,1.3806159403193998,0.0,0.04526974914777391,1.3793224504306818,0.0,0.04681821075266033,1.3852020018274163,0.0,0.04701493644926633,1.3859491268815753,0.0,0.04721113383276097,1.386694169267088,0.0,0.044536439679796015,1.3765384075692588,0.0,0.04711985982965259,1.386348580062409,0.0,0.04709894103655463,1.386267265878753,0.0,0.0479771346398614,1.3896017868663015,0.0,0.04789601521264222,1.3892796619738939,0.0,0.06996141638802639,1.473074287523801,0.0,0.06652329921082918,1.4599792880537876,0.0,0.08866937176413284,1.544087547468625,0.0,0.08222303237342307,1.5195663548011484,0.0,0.10364794037204836,1.600943695830387,0.0,0.08582469042027094,1.533238734907281,0.0,0.10570574567750965,1.6087555268566547,0.0,0.08609319552055647,1.5342585335935843,0.0,0.10510186999400348,1.6064623550509887,0.0,0.08528925100876125,1.5312068031075645,0.0,0.10424995173256155,1.6032280703677741,0.0,0.08728372183179027,1.5388443737172193,0.0,0.09945203537306954,1.5850511790764077,0.0,0.11102794918028883,1.628939236073634,0.0,0.12242178729390875,1.6722381130190358,0.0,0.13679127178726957,1.7267455712419069,0.0,0.14792269992038895,1.7690472170283529,0.0,0.14123379593746135,1.7436151593243008,0.0,0.15234525100046933,1.785840383629908,0.0,0.1473244297607769,1.7667231076529706,0.0,0.15797214462278575,1.8071930307626984,0.0,0.04582814879380224,1.3814434913852531,0.0,0.058928708237821106,1.43117698379478,0.0,0.07614827492975763,1.4965624022639756,0.0,0.09336788205516056,1.5619477958627868,0.0,0.10837505648186418,1.618887735714476,0.0,0.08740989658885646,1.5392567441502254,0.0
0.049137143362639406,1.3940565753293763,0.0,0.04596703283293934,1.3820199838973273,0.0,0.04559739252821892,1.3806165175509693,0.0,0.04525673078099501,1.3793230452071932,0.0,0.04680523278770098,1.3852025255497382,0.0,0.04700204556966658,1.3859496629315762,0.0,0.04719827159830935,1.3866947011209507,0.0,0.04452340725746073,1.3765387563626488,0.0,0.047107427289759245,1.3863491063481714,0.0,0.04708590343847296,1.3862677746378742,0.0,0.04796411704231684,1.3896022392480825,0.0,0.04787919467580605,1.389281177628271,0.0,0.06995135887348827,1.4730740219988403,0.0,0.06649989751112904,1.4599825373245632,0.0,0.08865478073498277,1.5440884761121862,0.0,0.08219250933336628,1.5195714799156819,0.0,0.10362681980136874,1.6009463442596232,0.0,0.0857937166652116,1.5332438989019426,0.0,0.10568433950420959,1.6087587138799626,0.0,0.0860623405959414,1.5342638018617591,0.0,0.10508009363876343,1.6064652894151448,0.0,0.08525854472174552,1.531212103434283,0.0,0.10422822267623628,1.603230749951005,0.0,0.08727849722095031,1.538842835134329,0.0,0.09944906897615748,1.5850490457460191,0.0,0.11100497345076078,1.6289423738740736,0.0,0.12241211892941338,1.6722377450737724,0.0,0.13676365311898409,1.7267499319283965,0.0,0.14791144810791015,1.7690472661722514,0.0,0.1412070038614454,1.7436193023100721,0.0,0.15233501848383516,1.7858401643048771,0.0,0.1472911062521728,1.7667289709979053,0.0,0.15795910481077566,1.8071935509069836,0.0,0.045815415535304764,1.3814439305460613,0.0,0.058915286596552416,1.431177604281001,0.0,0.07613953237065897,1.4965617903122046,0.0,0.09336379661009298,1.5619459572567704,0.0,0.10835247523431506,1.6188907688758243,0.0,0.08737883317077699,1.5392620116038078,0.0
0.04912412607370351,1.3940569265467169,0.0,0.045954395324747224,1.3820203945097462,0.0,0.04558465200018992,1.3806168892994832,0.0,0.045243835773205135,1.3793233551719202,0.0,0.04679292470741127,1.3852029914944421,0.0,0.04698987564032277,1.385950142116616,0.0,0.04718621429632765,1.3866951829828638,0.0,0.04451038586131796,1.3765387440938683,0.0,0.047095766093058,1.386349471841619,0.0,0.04707323069521509,1.3862682696133508,0.0,0.04795175286803201,1.3896027462772178,0.0,0.04785918541982813,1.3892833710447714,0.0,0.06994298678458269,1.47307314916455,0.0,0.06647040103363992,1.4599872287214366,0.0,0.08864080861356546,1.5440890779495569,0.0,0.08215529327936426,1.5195782037107006,0.0,0.10360972608738356,1.6009477679954833,0.0,0.08575576435613423,1.5332507972079452,0.0,0.10566716909239277,1.6087607709895928,0.0,0.08602471478517497,1.5342709822858682,0.0,0.10506272851432547,1.6064674013430742,0.0,0.08522117118512466,1.5312192348073366,0.0,0.10421077345734214,1.603232686308105,0.0,0.0872707873327141,1.5388417879123668,0.0,0.09944657080526431,1.585046625459645,0.0,0.11097281380845954,1.6289477616119032,0.0,0.12240092185548596,1.6722376153696366,0.0,0.13673105812088163,1.7267554343208553,0.0,0.14789708895055623,1.7690479692959105,0.0,0.14117628628024131,1.7436243100838076,0.0,0.1523219865637855,1.785840517752769,0.0,0.14725379478372905,1.7667357150542013,0.0,0.1579407891698494,1.8071952959412585,0.0,0.045803074612909236,1.3814441036515943,0.0,0.05890107706191161,1.4311782695422641,0.0,0.0761298925472978,1.496561251597386,0.0,0.09335868255708535,1.5619442261429306,0.0,0.10833450407686548,1.6188924236630509,0.0,0.08734076269118583,1.5392689604276641,0.0
0.049149891079270154,1.3940555875243283,0.0,0.045979079535639386,1.3820192569100929,0.0,0.04560930144237728,1.3806157196759694,0.0,0.04526845490065777,1.3793221255905883,0.0,0.0468176518775366,1.3852019729277316,0.0,0.04701445533612046,1.385949100541911,0.0,0.047210768158648095,1.3866941516642444,0.0,0.04453499365958967,1.3765379540189546,0.0,0.04711949591352903,1.386348413658229,0.0,0.047097967702715335,1.386267294195698,0.0,0.04797654944160766,1.3896019005851823,0.0,0.047889919782464756,1.3892807225786976,0.0,0.06996257804293371,1.4730734368049156,0.0,0.0665126016141002,1.4599815610347129,0.0,0.08866861348676162,1.544087202514951,0.0,0.08221076051907276,1.5195690425381738,0.0,0.1036510285329887,1.6009423374058236,0.0,0.08581198768606517,1.5332416082757934,0.0,0.10570908222117582,1.608754353715959,0.0,0.0860807834540847,1.534261656159429,0.0,0.10510540101110845,1.6064615657138845,0.0,0.08527699370566437,1.5312098206716398,0.0,0.10425331214872359,1.6032273592942907,0.0,0.08727981228129424,1.538844858670386,0.0,0.09945232243156854,1.585050558671383,0.0,0.11101315211198212,1.628942589695532,0.0,0.12241867227649184,1.6722383888337495,0.0,0.1367815981879873,1.7267475751391583,0.0,0.14791730081817847,1.7690480944750913,0.0,0.14122561775889458,1.7436167693388847,0.0,0.1523403748075979,1.785841123357566,0.0,0.147315458694156,1.766724926442482,0.0,0.1579636503408711,1.8071947234945709,0.0,0.045827245198808195,1.3814431845597057,0.0,0.05892625578077166,1.431177084937299,0.0,0.0761461959173056,1.4965624050569104,0.0,0.09336606664931135,1.5619477292328883,0.0,0.1083787566020059,1.6188862160663273,0.0,0.08739714834553454,1.5392595573719996,0.0
0.049187620548966575,1.394054353852886,0.0,0.04601560104214174,1.3820179690137222,0.0,0.04564604083133626,1.3806145075936316,0.0,0.045305528372481904,1.3793210309796402,0.0,0.04685345363322789,1.3852006018778271,0.0,0.04704989939838965,1.3859476922157155,0.0,0.04724595247086537,1.3866927408331775,0.0,0.04457234501013839,1.3765377259595875,0.0,0.04715351924020171,1.3863472531295347,0.0,0.047134585562663686,1.3862658730033175,0.0,0.04801249964740116,1.3896004963102937,0.0,0.047944888743340484,1.3892749506809046,0.0,0.06998783514414118,1.473075485965899,0.0,0.06659258766580554,1.459969194872939,0.0,0.08870912862240758,1.544085230739741,0.0,0.08231243105737467,1.5195509594379097,0.0,0.10370306418269531,1.600937328506584,0.0,0.08591555442322334,1.5332231268452259,0.0,0.10576149493045534,1.608747600099,0.0,0.08618357027164207,1.5342424996218542,0.0,0.10515850400118604,1.6064548862241546,0.0,0.08537913516144428,1.5311907437583423,0.0,0.10430655741346934,1.6032212427898553,0.0,0.08730005594503264,1.5388482277161704,0.0,0.09945984128551719,1.5850572780895997,0.0,0.11109845614141593,1.6289287955623561,0.0,0.12244964153575821,1.672238927753248,0.0,0.13687131578411,1.7267326180676035,0.0,0.14795615121228078,1.769046557245926,0.0,0.14131074240718067,1.743603021564647,0.0,0.15237565030970476,1.7858405273034013,0.0,0.14741944247984248,1.7667062075687174,0.0,0.15801221565896909,1.807190626406491,0.0,0.04586293037370924,1.3814424896200488,0.0,0.05896636589624011,1.4311752243377538,0.0,0.0761731500722992,1.4965640078083797,0.0,0.09337995270769794,1.5619527722002164,0.0,0.10843374178648632,1.6188804297849708,0.0,0.0875010247361042,1.5392408931286217,0.0
0.0491429374009889,1.3940569070005404,0.0,0.04597292449895058,1.3820200411580208,0.0,0.045603515319957606,1.3806166767026067,0.0,0.04526318318421058,1.3793233733739738,0.0,0.04681043841798522,1.3852023806489204,0.0,0.04700709215887695,1.3859495096874417,0.0,0.04720311514289006,1.3866945346000699,0.0,0.04453011885940556,1.3765393812222397,0.0,0.04711212674711713,1.3863491912534345,0.0,0.047091823863102684,1.3862675386775458,0.0,0.047969379844446665,1.3896018785535902,0.0,0.047894941748292216,1.3892788881451263,0.0,0.06995271058802931,1.4730755231246577,0.0,0.06652552574483256,1.459977644689593,0.0,0.08866084199072004,1.5440887366962546,0.0,0.08222311727211888,1.5195652756642637,0.0,0.10362857012427008,1.600947739840848,0.0,0.08582519539848836,1.5332373705042726,0.0,0.10568576700312883,1.608759621760912,0.0,0.08609329273601589,1.5342568212141454,0.0,0.10508131652147203,1.6064656364984067,0.0,0.08528918844212323,1.5312052883851177,0.0,0.10422971618662348,1.6032310494418776,0.0,0.08728676408783813,1.5388425157923649,0.0,0.09944955410079734,1.5850507753899745,0.0,0.11103733401571653,1.6289357063424805,0.0,0.12242051276102775,1.672237391403277,0.0,0.13678894540193184,1.7267451256323079,0.0,0.1479241939823277,1.7690457660824983,0.0,0.1412295162519344,1.7436152279859034,0.0,0.1523465523614574,1.7858389834314772,0.0,0.14731709436195947,1.7667239814672147,0.0,0.15797763043213225,1.8071905279749476,0.0,0.04582112560478386,1.3814442843319767,0.0,0.05892382410643003,1.4311772132319494,0.0,0.07614598290199087,1.4965619490031548,0.0,0.09336818213029796,1.5619466599023029,0.0,0.10835366073481442,1.618892313193246,0.0,0.08741041926547935,1.5392555496881886,0.0
0.04904372958711095,1.3940605669935562,0.0,0.04587707843558671,1.3820236662773944,0.0,0.04550723460075863,1.3806201655692016,0.0,0.045166218700351604,1.3793266588980722,0.0,0.046716082276516094,1.3852060920903382,0.0,0.0469136034608086,1.385953317274411,0.0,0.047110195237188915,1.3866983397694825,0.0,0.04443257519787709,1.3765405034084002,0.0,0.04702228216355438,1.3863524872546362,0.0,0.046995734300067496,1.386271323708595,0.0,0.04787465752872273,1.3896055302176022,0.0,0.047755574503774836,1.3892931372042765,0.0,0.06988451189458048,1.4730710061795254,0.0,0.06632462972107396,1.460008079227323,0.0,0.08855421246927667,1.544094333071447,0.0,0.08196638147302356,1.5196103924967042,0.0,0.10348745095096464,1.6009624041880741,0.0,0.0855638804536852,1.5332833506686196,0.0,0.1055433909745926,1.6087787183449054,0.0,0.08583374362896108,1.53430433240312,0.0,0.10493690934025808,1.6064841387591946,0.0,0.08503118941172923,1.531252697378389,0.0,0.10408510875773143,1.6032479784049585,0.0,0.0872371801190617,1.538833088911222,0.0,0.09942933073451245,1.5850336103293936,0.0,0.11082657708627526,1.628968614128096,0.0,0.12234171237256813,1.6722356385242307,0.0,0.1365611814251759,1.7267825095127505,0.0,0.14782688267870972,1.7690488879188107,0.0,0.14101237315692758,1.743649812648162,0.0,0.15225816916849097,1.7858397515835835,0.0,0.14705079011580405,1.766771494795079,0.0,0.1578577876486817,1.807199581094234,0.0,0.04572743100778416,1.3814464935863762,0.0,0.058820047154317226,1.4311820777031259,0.0,0.07607666488168495,1.4965577273753194,0.0,0.0933332571357075,1.5619333695473325,0.0,0.10820408353708173,1.618909202541124,0.0,0.08714832050141062,1.5393020785853473,0.0
0.04910984952406027,1.394056074823789,0.0,0.045939867892702546,1.3820202281542313,0.0,0.04556954072865327,1.3806164653385629,0.0,0.04522789213645928,1.3793225038082313,0.0,0.04678012944828436,1.3852033369904664,0.0,0.04697747985224354,1.3859505083660115,0.0,0.047174330663773634,1.3866955828799814,0.0,0.04449378783834068,1.3765371496972296,0.0,0.04708423519637672,1.3863492367646093,0.0,0.0470586313760013,1.3862688455233252,0.0,0.04793881422544921,1.3896036387487933,0.0,0.04781982998354614,1.3892891313788738,0.0,0.0699397909395684,1.47306937085922,0.0,0.06640625755209846,1.4599995093104396,0.0,0.08862583956516469,1.5440883983737348,0.0,0.0820787611306358,1.5195937437338451,0.0,0.10360580767435845,1.6009441780229865,0.0,0.08567704430861152,1.5332671550299661,0.0,0.1056640736247293,1.6087583988950156,0.0,0.08594732184042138,1.5342884797951921,0.0,0.10506015960316584,1.6064664524702144,0.0,0.08514455344224954,1.5312363131651043,0.0,0.10420751968495456,1.6032318643205226,0.0,0.08725003227718262,1.5388426436482274,0.0,0.09944540245222652,1.585042315316264,0.0,0.11089166454366847,1.628964482173497,0.0,0.12237997748679777,1.6722385091644172,0.0,0.13666788749166905,1.7267674183325659,0.0,0.14786520165019743,1.7690517443815683,0.0,0.14112011547179687,1.743634447973485,0.0,0.1522931315970245,1.785843493514684,0.0,0.14718901434607395,1.7667481227298911,0.0,0.15789435742070773,1.8072028974285308,0.0,0.045789010002836084,1.381443196125282,0.0,0.058879808574468666,1.4311792586730117,0.0,0.07611376528754346,1.4965608857670336,0.0,0.0933477184951732,1.5619424995622124,0.0,0.10833203894175682,1.6188884509835866,0.0,0.08726177872218047,1.539285145963075,0.0
0.0493531461534313,1.3940465659094101,0.0,0.046174549386827975,1.3820111631595764,0.0,0.045805027883847556,1.3806076155693732,0.0,0.045464689771259066,1.3793139537430656,0.0,0.04701191459850563,1.3851943101216657,0.0,0.04720727394958935,1.3859412490410616,0.0,0.047402944426924616,1.3866863465002384,0.0,0.04473172085895417,1.3765336918893265,0.0,0.04730525790992413,1.386340968657213,0.0,0.04729389191993772,1.3862597480941952,0.0,0.048171452493746554,1.3895950365981986,0.0,0.04815209615741976,1.3892562267126922,0.0,0.0701101982063587,1.473079033600125,0.0,0.06688155814677357,1.4599288528884278,0.0,0.08888749846323096,1.5440739888956163,0.0,0.08268889518992643,1.5194874646967569,0.0,0.10396023083772524,1.600905246693096,0.0,0.0862976493325937,1.5331591046768254,0.0,0.10602208316634679,1.6087088822127282,0.0,0.08656413090142884,1.5341771327724774,0.0,0.10542356289752655,1.6064191491666266,0.0,0.08575783530582154,1.5311250145015434,0.0,0.10457108602146417,1.603188598314959,0.0,0.08736493377369359,1.5388668811590704,0.0,0.09949590224485966,1.5850835050069019,0.0,0.11138333236312158,1.6288890400123097,0.0,0.12256869074620924,1.6722432284139497,0.0,0.137211523067801,1.7266782651637682,0.0,0.14809521893941704,1.7690455812896497,0.0,0.14164041977659422,1.7435514360820492,0.0,0.15250210058797598,1.7858428666863768,0.0,0.1478292003471887,1.7666334370891092,0.0,0.15817402818771087,1.8071836468989386,0.0,0.04601848865206782,1.3814373334372263,0.0,0.05913113597513291,1.4311676401442601,0.0,0.07628077530685205,1.4965714343479746,0.0,0.09343043312681909,1.5619752094858268,0.0,0.1087085752612983,1.6188436808307953,0.0,0.08788421132388612,1.5391756256920301,0.0
0.04928803012847629,1.394053227501493,0.0,0.04611392392805288,1.3820156147412814,0.0,0.04574575161721902,1.3806127239932782,0.0,0.04540726598594277,1.3793201771387025,0.0,0.046947508325513386,1.3851972522052953,0.0,0.047142576326161555,1.3859442326007263,0.0,0.04733727107705573,1.3866892218610576,0.0,0.044675707326324164,1.3765398477992976,0.0,0.047241886777491936,1.3863452709861328,0.0,0.04723322202750143,1.3862620491581918,0.0,0.04810709003882959,1.389596197111661,0.0,0.04812121150854617,1.3892538914268342,0.0,0.07004467594859758,1.4730857642857054,0.0,0.0668602039398037,1.4599239911837127,0.0,0.08881630717815138,1.5440822187276506,0.0,0.08264454932863387,1.5194887004130644,0.0,0.10381610767223388,1.6009327693777053,0.0,0.08625508963797525,1.5331587326074132,0.0,0.10587398625884688,1.6087374979014406,0.0,0.08651936649420235,1.5341748834815419,0.0,0.10527156356639362,1.6064426429317549,0.0,0.08571235782093702,1.531123966408129,0.0,0.10442101248326736,1.6032099504712831,0.0,0.08737509552721397,1.5388537679039604,0.0,0.09947711590180863,1.5850779803774435,0.0,0.11140433786600176,1.6288730328866423,0.0,0.12254714597765672,1.6722384339439582,0.0,0.1371572890200721,1.7266820994278171,0.0,0.14808753050577333,1.7690371318795506,0.0,0.14157600264598283,1.7435579399339038,0.0,0.15249478375254813,1.7858343197805746,0.0,0.14773726688739602,1.7666472705486784,0.0,0.1581870325132095,1.8071697229727837,0.0,0.045958793168676536,1.3814425627507958,0.0,0.05908294754812224,1.4311698339087753,0.0,0.07625454178944648,1.4965678673399205,0.0,0.09342611056281314,1.5619658932389202,0.0,0.10855050829219594,1.6188748886741307,0.0,0.08784162859799269,1.5391763960673448,0.0
0.048723054299679276,1.3940773272330036,0.0,0.04556969412044134,1.3820380168406818,0.0,0.04520018146418505,1.3806348680740084,0.0,0.044859400179966834,1.3793420295319976,0.0,0.04640845801817919,1.3852190598595917,0.0,0.04660786547105391,1.385966572366587,0.0,0.04680486171035871,1.386711473967207,0.0,0.044125786871802485,1.376550327468663,0.0,0.046727173842147106,1.3863658465585733,0.0,0.04668768660008462,1.386283797732582,0.0,0.04756615303658809,1.3896164568327443,0.0,0.047369664803789804,1.389327220682933,0.0,0.06964172383424744,1.4730671549235566,0.0,0.0657931833716605,1.4600802192099582,0.0,0.08820828369680946,1.5441175140867265,0.0,0.08126915357867266,1.5197257931537367,0.0,0.10297698855042085,1.601028536578188,0.0,0.08485695838131964,1.5333992307293598,0.0,0.10502553241896455,1.6088572273067157,0.0,0.0851289518130502,1.5344220958530232,0.0,0.10440977068766304,1.6065557103271249,0.0,0.08432956411240174,1.5313714764075295,0.0,0.10355950617648373,1.6033132964696133,0.0,0.08712243165943491,1.5387953273429247,0.0,0.09935815553850776,1.584984327950165,0.0,0.11031518862822406,1.6290337259301402,0.0,0.12211948637343759,1.67222590503497,0.0,0.13592701289358383,1.726879842095271,0.0,0.14757250925809587,1.7690476112268319,0.0,0.14039427094760717,1.7437428972269322,0.0,0.15202677309064022,1.785832394105189,0.0,0.14627918390430888,1.7669046267887267,0.0,0.15756834033532854,1.8072075090956332,0.0,0.045426482753992435,1.3814580839817963,0.0,0.05850569885306052,1.431197193656464,0.0,0.07587300429860303,1.4965435258183468,0.0,0.09324030630923064,1.5618898446626117,0.0,0.10765745611864992,1.6189848005944083,0.0,0.08643940756272903,1.5394205504979623,0.0
0.04867782658913811,1.3940704756901716,0.0,0.04552138868403311,1.382035511882305,0.0,0.04514841648496904,1.3806308120203286,0.0,0.04480273147130676,1.379335389911189,0.0,0.04637032762366811,1.3852197187375865,0.0,0.04657184905535439,1.3859673183919332,0.0,0.046771796826159735,1.3867124315673152,0.0,0.044065281441034505,1.376539999883461,0.0,0.04669495030833471,1.3863630577981856,0.0,0.04663903954348648,1.3862858654170587,0.0,0.04752728820359032,1.3896205641502848,0.0,0.04718577661613412,1.3893572220338628,0.0,0.06965136438661913,1.4730454444203216,0.0,0.06548158098127178,1.4601433532999415,0.0,0.08816157355507317,1.544110505025978,0.0,0.08090505982701574,1.5198025222953773,0.0,0.10301516595360832,1.6009994311622209,0.0,0.08448121010114823,1.5334806927498261,0.0,0.1050694162143691,1.6088337731615998,0.0,0.08476072194039935,1.5345100080555225,0.0,0.10445785042688255,1.6065414237734073,0.0,0.08396549572904527,1.5314568117557312,0.0,0.10360339030528493,1.6033005022244557,0.0,0.08701480130838145,1.538804939819414,0.0,0.0993596225418583,1.584964901958201,0.0,0.10990137783670251,1.6291214785607309,0.0,0.12202437286089496,1.6722316198212948,0.0,0.13563314998575912,1.7269361190439885,0.0,0.14741745089636535,1.7690690648090406,0.0,0.14013944333521441,1.7437887848017652,0.0,0.15188661097064618,1.7858498875181321,0.0,0.1459921811509748,1.7669591287722795,0.0,0.15733257312529958,1.8072500128782965,0.0,0.04538011822039501,1.3814515294701541,0.0,0.058418554007860654,1.4312013447181617,0.0,0.07580287756400139,1.4965431515492043,0.0,0.09318721963770782,1.5618849392220944,0.0,0.10770853836492485,1.6189523264575805,0.0,0.08606235160371117,1.5395006779105005,0.0
0.049919595063414424,1.3940162471489972,0.0,0.04671602464579023,1.3819866404843246,0.0,0.04634487227169632,1.3805819922040907,0.0,0.04600264890947032,1.3792863482526494,0.0,0.04755685333967314,1.3851732400961025,0.0,0.047749416207045266,1.3859196831590441,0.0,0.04794523043806382,1.3866650631240733,0.0,0.04526848348670138,1.3765150617622801,0.0,0.047829224943953315,1.3863181616943054,0.0,0.047836470254812365,1.3862399939407575,0.0,0.04871777122725857,1.389578699517643,0.0,0.048796481326568435,1.38920574736517,0.0,0.07055079693054879,1.4730816733074956,0.0,0.06775258768169898,1.4598179196079135,0.0,0.08949933628101653,1.5440311168488605,0.0,0.08384498695440827,1.519300142419261,0.0,0.1048962972808884,1.6007753915912972,0.0,0.08746787808803651,1.5329723201275884,0.0,0.10697327930982475,1.6085582324460423,0.0,0.08773272825090266,1.5339888472702619,0.0,0.10639286058774228,1.6062838259037,0.0,0.08692192046283446,1.5309341178896443,0.0,0.1055363456853417,1.6030650756908968,0.0,0.0875413916501885,1.5389383269600454,0.0,0.09962546609164673,1.5851672341592566,0.0,0.11218770757030201,1.6287906038759057,0.0,0.12294460263768167,1.6722613718745383,0.0,0.138275032228792,1.7265110187489632,0.0,0.14851177325255369,1.7690529983234218,0.0,0.14268631055011582,1.7433888043402812,0.0,0.15288128339791174,1.7858600439785368,0.0,0.14914484186215218,1.7663983359428692,0.0,0.15863034225549227,1.8071805343782823,0.0,0.04654885108378599,1.3814166134554022,0.0,0.05967363615541406,1.4311437181551363,0.0,0.07662852165889968,1.496598269433207,0.0,0.09358344753030767,1.5620527960476418,0.0,0.10971430079181044,1.618695241932363,0.0,0.08905766454417656,1.5389837138800684,0.0
0.05043786612510337,1.3940159234079623,0.0,0.04722487992823758,1.381978615988302,0.0,0.046862052609926194,1.3805774423022723,0.0,0.046531927321123476,1.3792874819036554,0.0,0.04804029258615154,1.3851589713894792,0.0,0.04822512014078355,1.3859048298584324,0.0,0.04841296072374694,1.3866498282920225,0.0,0.04580742202247494,1.3765325503813397,0.0,0.04828186374084713,1.3863121114097425,0.0,0.04834703020066004,1.3862227900965887,0.0,0.04920418303991751,1.3895583019157987,0.0,0.049753592348020126,1.3890925943620662,0.0,0.07082411140581295,1.4731429032652184,0.0,0.0692178561392841,1.4595663857461687,0.0,0.09004922334950538,1.5440179041689084,0.0,0.08565501334732688,1.5189542633631468,0.0,0.1054458058461684,1.600762281612847,0.0,0.08931965598820461,1.5326138695375287,0.0,0.10751774111119498,1.60851514476019,0.0,0.08956280028362888,1.5336117040515882,0.0,0.10693848240652941,1.6062263606496796,0.0,0.08873745828079775,1.5305622007156083,0.0,0.10609062546536034,1.6030117671690487,0.0,0.08796117448650716,1.5389627036345195,0.0,0.09970978722756499,1.5852780014809271,0.0,0.11388297893966147,1.628455343607262,0.0,0.12347752076117452,1.6722507891578575,0.0,0.13982236281104043,1.7262151326576336,0.0,0.14924016747878463,1.7689905700030393,0.0,0.14411411029882132,1.7431237081859214,0.0,0.15354163473133334,1.7858151586172895,0.0,0.15084765884941345,1.766059751888579,0.0,0.15961017337854966,1.8070504888405874,0.0,0.04704464286493974,1.3814223250303874,0.0,0.06028885736156885,1.4311177544717557,0.0,0.07706217320405363,1.4966190697341084,0.0,0.09383548563478927,1.562120371673273,0.0,0.11027777932756685,1.6186783700908747,0.0,0.09091532576384273,1.538625158268774,0.0
0.04784156257091647,1.3941379393717146,0.0,0.04473119009692406,1.3820861117490024,0.0,0.04436711637419256,1.38068599579628,0.0,0.044033358655932726,1.379398448091081,0.0,0.04555610144113265,1.3852590265140592,0.0,0.04575828584478293,1.3860072655785984,0.0,0.04595264843748093,1.3867515405973176,0.0,0.043304792793534615,1.376595312552006,0.0,0.04590373871216392,1.3864114129965428,0.0,0.04584768654683714,1.3863205012301614,0.0,0.046712174788338785,1.3896460043356855,0.0,0.04647787588746377,1.3893911278736484,0.0,0.06891623096733157,1.4730866559584235,0.0,0.06464176516231586,1.4602112236332336,0.0,0.08725508364384187,1.544196129060499,0.0,0.07970067066104997,1.5199634579856933,0.0,0.1014310288259739,1.6012576896969724,0.0,0.08327522479587662,1.533632178214869,0.0,0.10345059437300122,1.609115224962119,0.0,0.08354372237198487,1.5346522071499622,0.0,0.10280230413881611,1.606781595934014,0.0,0.08274820448013093,1.5316078846988235,0.0,0.10196194917279558,1.6035189881690883,0.0,0.08692659049439745,1.5386726680948581,0.0,0.09914821524560662,1.5848654013370163,0.0,0.10935535230247101,1.6291039856743073,0.0,0.12159364987296425,1.6721887854790094,0.0,0.134454706286503,1.7270828120623802,0.0,0.14703052404262168,1.7690147354942154,0.0,0.13891840224847388,1.7439468104392117,0.0,0.15153259907966218,1.7857867575227115,0.0,0.144397763666007,1.7672111866163127,0.0,0.15702848956829213,1.8071740741890803,0.0,0.04460426127768636,1.3815033612416059,0.0,0.057697043677291004,1.4312389015928613,0.0,0.07536722043903707,1.4965039862757032,0.0,0.09303741552263378,1.5617690517497556,0.0,0.10598909768993929,1.6192454133525327,0.0,0.08485352242281363,1.5396627755329808,0.0
0.045785010530007046,1.3942108107639744,0.0,0.04272830127148276,1.3821731479808812,0.0,0.04234525135524349,1.38076564450439,0.0,0.04198330266570495,1.3794662430431432,0.0,0.04361306735383498,1.3853574694709692,0.0,0.04383835010844829,1.3861078149187203,0.0,0.044052685925387594,1.3868526962322982,0.0,0.04123183497786399,1.3766103874680689,0.0,0.04406514814813779,1.3864912840444856,0.0,0.04383909022288825,1.3864246954587154,0.0,0.04475987722324205,1.389753939621173,0.0,0.043248606191547474,1.3897890392179522,0.0,0.06759118503928019,1.4729506893646518,0.0,0.0598483889471401,1.4609919889423353,0.0,0.08503733668506971,1.5442844294537406,0.0,0.07368451929024011,1.521039150757527,0.0,0.09884325933542625,1.6014366439676953,0.0,0.07713561327898089,1.5347389671757097,0.0,0.10085640080432466,1.6093963190338048,0.0,0.07746104626600914,1.5358081495472873,0.0,0.1001822294670117,1.6070796022473686,0.0,0.0767079877932958,1.532753927256122,0.0,0.09932510856949849,1.6037915265263916,0.0,0.0856548044360455,1.5385246228194065,0.0,0.0987578496847919,1.5844751061808477,0.0,0.10405850972200772,1.6298601371998813,0.0,0.1198347973844604,1.6721388571232214,0.0,0.1292020322158333,1.7278276382775468,0.0,0.14474388268171204,1.769101925523125,0.0,0.13398694553120902,1.744603323880795,0.0,0.14945772220731096,1.785815665962967,0.0,0.13842661414466761,1.7681272402933361,0.0,0.1540724712038087,1.8074303990182607,0.0,0.042648489210817445,1.3815508376912051,0.0,0.05541990008349689,1.4313698700916437,0.0,0.07381310826121812,1.4964348861784849,0.0,0.09220633449330184,1.5614998828694866,0.0,0.10328326771732442,1.6194538723795828,0.0,0.0786950668338579,1.5407751434212043,0.0
0.05089766106207666,1.3939342434577469,0.0,0.04763391872550485,1.3819317902276544,0.0,0.04724724284994644,1.380519435593694,0.0,0.04688387742517866,1.3792106555225587,0.0,0.048517710827552546,1.3851365478958713,0.0,0.04871209783933808,1.3858822976851808,0.0,0.0489186356535031,1.386628996374474,0.0,0.04613372978951538,1.3764444630554507,0.0,0.04876860003760755,1.3862657756982681,0.0,0.04875538444946029,1.3862109420108792,0.0,0.049678819957956116,1.3895637605191449,0.0,0.049440197662720786,1.3892119652968866,0.0,0.07147451000829985,1.473014771213739,0.0,0.06840245304807387,1.4598224865220308,0.0,0.09056799277067408,1.5439253458718847,0.0,0.08488096782686522,1.5191989018366676,0.0,0.10689833534757688,1.6004080780596757,0.0,0.08849122103013068,1.5328888983475606,0.0,0.10902604923779381,1.6081688966127632,0.0,0.08877935141784471,1.533925194086661,0.0,0.10849702408710306,1.605957851560227,0.0,0.08797413879083743,1.5308560817225578,0.0,0.10761752201780385,1.6027682105239809,0.0,0.0875163557920068,1.5391165373186406,0.0,0.09989362535655111,1.585267809392847,0.0,0.11234716592546784,1.6289180040300173,0.0,0.12335812963720066,1.672322895358484,0.0,0.13938713375134965,1.7263791148936596,0.0,0.14879428123296826,1.769149035196171,0.0,0.14390127205912806,1.7432296810038213,0.0,0.15314199205180917,1.7859617331711908,0.0,0.15079590131631115,1.7661156328216496,0.0,0.15870688657932375,1.807330636780302,0.0,0.04745116316388101,1.3813551204188899,0.0,0.06045735719161606,1.431113374426719,0.0,0.07708119982068105,1.4966527845682054,0.0,0.09370499582697212,1.5621921923467772,0.0,0.1119009507873488,1.6182772703424626,0.0,0.0900828540848673,1.5388853279335089,0.0
0.05700936834317975,1.393886957913669,0.0,0.05354805147912531,1.3818782413145436,0.0,0.053202451223241715,1.3804807173237696,0.0,0.052901446934591284,1.379195196124863,0.0,0.054298096704845394,1.385064465905735,0.0,0.05443057491893363,1.3858039699448448,0.0,0.05458996122573176,1.3865499298792898,0.0,0.05220279366770683,1.3765767614147144,0.0,0.054248311257006215,1.3862335409380395,0.0,0.05468584165971932,1.3861284585362328,0.0,0.055484678212112865,1.3894808898070563,0.0,0.05872457613705088,1.3884280521329277,0.0,0.07528190676335415,1.473482599351824,0.0,0.08200663593917172,1.4577343182879903,0.0,0.09705694005295923,1.5436161762432254,0.0,0.10213166488618168,1.5159759130018464,0.0,0.11530721527913282,1.599508094963606,0.0,0.10607080477665069,1.5295932858299601,0.0,0.11748789596896372,1.606974163121613,0.0,0.10621944126237697,1.5305089213651497,0.0,0.1170655204449548,1.6047610648295698,0.0,0.10530199188018156,1.5274568523465717,0.0,0.1162158409344888,1.6016613960936212,0.0,0.09104631986542804,1.539667271131887,0.0,0.10107981444938871,1.5863841385608404,0.0,0.12682889814252124,1.6256933116501056,0.0,0.12882022807787857,1.6721724851199236,0.0,0.15440721615469188,1.7230034568890245,0.0,0.15570161240798341,1.7686073872060841,0.0,0.15809660044479076,1.740053602532234,0.0,0.15941327603663882,1.7855718487557832,0.0,0.16812011743365254,1.7620048308764402,0.0,0.1673849562644903,1.8062848860696306,0.0,0.05322555460326636,1.3814051536462317,0.0,0.06700324467339366,1.4309553320649444,0.0,0.08153314971728592,1.4969905369549525,0.0,0.0960630740336258,1.5630257235223133,0.0,0.12079671729494895,1.6172337701748865,0.0,0.10771523893617987,1.5355575036914653,0.0
0.047879909875455505,1.3942455976830739,0.0,0.04482706625306886,1.3821397540465925,0.0,0.04450340751078618,1.380758059913604,0.0,0.044226580851764445,1.3795013094847557,0.0,0.0455342141499827,1.385274106739336,0.0,0.04571479652824006,1.386021759464381,0.0,0.04587570239238525,1.3867634090122016,0.0,0.043542394712086645,1.3767324846667712,0.0,0.045832259597752494,1.3864668124017296,0.0,0.04594653283153315,1.3863185456848615,0.0,0.046697460730541256,1.3896182019176566,0.0,0.048044280510845375,1.3891031908939764,0.0,0.0684244623135789,1.4733235529792086,0.0,0.06746453256816715,1.4595891231572018,0.0,0.08726311382693154,1.5443022532455843,0.0,0.08288394099696005,1.5192493443153332,0.0,0.10012408460896788,1.601674498753498,0.0,0.08657854098346504,1.5328641196527288,0.0,0.1020668527929171,1.6094850650340415,0.0,0.08676346323265147,1.533812508495119,0.0,0.10135644141380568,1.6070354377663554,0.0,0.0859246349028577,1.5307994195887555,0.0,0.10056676998958242,1.6037463917685353,0.0,0.08800616408515385,1.538512544323399,0.0,0.0990133916809452,1.5850096158074716,0.0,0.11339273271032947,1.6281584850504487,0.0,0.12237855535324142,1.6720914168923589,0.0,0.13694505591096093,1.7265206528928305,0.0,0.1484789584016738,1.76874061825781,0.0,0.14098215181735227,1.7434918307994252,0.0,0.1528406278088386,1.7855497004024754,0.0,0.14661517147950662,1.7667156737198404,0.0,0.1593746978393507,1.8066533774081035,0.0,0.044687325643088076,1.381599646152714,0.0,0.05823436923948464,1.4312133794812196,0.0,0.07587208165954118,1.4964872450480546,0.0,0.09350979077313526,1.5617610972620073,0.0,0.10447269181831773,1.6197140056596262,0.0,0.08816957685371474,1.538913449855565,0.0
0.029938848146435323,1.3958214440556336,0.0,0.027435611160446204,1.383771686103922,0.0,0.027027700607341464,1.3823622584836999,0.0,0.026619839763472673,1.3810633311652685,0.0,0.028426809638685234,1.3869298175051996,0.0,0.028761921725316518,1.3876941725212897,0.0,0.02902861874797654,1.388436005725943,0.0,0.025825748988465312,1.3779135913012717,0.0,0.0295142245887677,1.3880415532027521,0.0,0.02851242180725918,1.3879907165505403,0.0,0.029525267260373043,1.3912732946720225,0.0,0.023362210063718525,1.392786330905859,0.0,0.055220641942530554,1.4733683482441162,0.0,0.0321438037387031,1.4653693623217028,0.0,0.06775909783561923,1.5457261937493731,0.0,0.03804310775639572,1.5267069393608874,0.0,0.0757113493736491,1.6039820159438338,0.0,0.04092023393827358,1.540482779305391,0.0,0.07745516507876837,1.612567258809828,0.0,0.0414289556189442,1.5417117180074593,0.0,0.07640905659923158,1.6100421331474912,0.0,0.04086743948881164,1.5386738185906683,0.0,0.07557314255970038,1.6064880935054808,0.0,0.07937083892339025,1.5369593909770864,0.0,0.09537267195354877,1.581982474563349,0.0,0.07699412483614182,1.6301002723640798,0.0,0.10951139591351772,1.6710289087334207,0.0,0.098017725214548,1.729033766277562,0.0,0.13248239508760046,1.768469312882903,0.0,0.10392644511232665,1.7454473597922155,0.0,0.1383064558012835,1.7848293165310334,0.0,0.10122297756629473,1.7702512042347471,0.0,0.1394925554022114,1.8072887937738855,0.0,0.02766998958928165,1.3829775752834683,0.0,0.039291424563554465,1.4330773474798915,0.0,0.0633315755332984,1.4962741635927448,0.0,0.08737176755709364,1.5594709493740149,0.0,0.07876274014033273,1.6222856551575653,0.0,0.04237278852041221,1.5466033927531202,0.0
0.04606545154182585,1.393949377831206,0.0,0.04285193533296871,1.382048967636411,0.0,0.04236649870424102,1.3805945642941262,0.0,0.041860658790206166,1.3792167529032935,0.0,0.04403399773469618,1.3853322763282463,0.0,0.044311614041694806,1.386083865317943,0.0,0.044609853292362216,1.3868355918798663,0.0,0.04099649533053228,1.3762812798058166,0.0,0.04459636999388838,1.3863646551221718,0.0,0.043955821997319615,1.38644356187289,0.0,0.045163682361896156,1.3898400432356373,0.0,0.040026325115881944,1.3905609984101024,0.0,0.06887195459552996,1.4722699383126756,0.0,0.05362691779093333,1.4623971781239016,0.0,0.08525010601630985,1.5438564373078323,0.0,0.06681244196472522,1.5225905506593678,0.0,0.10204309307655393,1.6002033512399296,0.0,0.06997268094637694,1.5364261055895656,0.0,0.10425848814586916,1.6082681025720351,0.0,0.07050617211906114,1.5376739816926814,0.0,0.10375136415922295,1.6062513394467157,0.0,0.06985851990834675,1.5345399373252435,0.0,0.10276465319186859,1.6030367461442945,0.0,0.08321722412010554,1.5390337987141456,0.0,0.09907745557676953,1.5841069589548211,0.0,0.09485444310910197,1.6314753894057852,0.0,0.11847258699150146,1.672158079510021,0.0,0.12414696322403551,1.7282833242877778,0.0,0.141946162111318,1.769478634558605,0.0,0.12997339108557357,1.7447263094568088,0.0,0.14693857336917243,1.7861112901612428,0.0,0.13423737621517784,1.7683748994633801,0.0,0.14925902381524042,1.8082422321468221,0.0,0.04279643379320885,1.3813229687158557,0.0,0.05444912983477993,1.4314154791336566,0.0,0.07279823641823666,1.4964929461482757,0.0,0.09114733926942331,1.5615703999259187,0.0,0.1070136302135154,1.6180814930518614,0.0,0.07150828920994319,1.5424037788606773,0.0
0.0871896259578135,1.395449195392838,0.0,0.08242972217582122,1.3838762562392388,0.0,0.08210791600332033,1.382468119767989,0.0,0.08186613538167385,1.3811574411121346,0.0,0.08303145129494681,1.3871532856583744,0.0,0.08293169350118156,1.387861983098401,0.0,0.08299843610782319,1.3886174088312937,0.0,0.0812217133888312,1.3791824459757578,0.0,0.08157271615188032,1.3883441084289379,0.0,0.08364149515511497,1.3882510327105468,0.0,0.08432215116559426,1.3917323264918748,0.0,0.10083368829832284,1.3896511627789223,0.0,0.09298259650884971,1.4759458993379535,0.0,0.14106635838214154,1.4506982355581515,0.0,0.12844508131192606,1.5402520643140827,0.0,0.17778203688465238,1.5001862047732175,0.0,0.16392703176684192,1.5871350070117378,0.0,0.1829406573289985,1.513680077335071,0.0,0.16678095921878994,1.5932268931696183,0.0,0.18273630920907274,1.514288720528961,0.0,0.16724879643149698,1.5915728897628365,0.0,0.18141534515501706,1.5111747454490696,0.0,0.1663111516674744,1.5890937704027759,0.0,0.10602735038908694,1.5437802183960716,0.0,0.10794859012360972,1.5915237577896193,0.0,0.17642505983546755,1.6048132836976068,0.0,0.15820857918696346,1.6663776451500807,0.0,0.21503413777139363,1.6982967961034716,0.0,0.19059706075955746,1.7611050721461303,0.0,0.21617190012101,1.7157043955856082,0.0,0.1911342428199359,1.778462515448573,0.0,0.2415273862879859,1.730034134010594,0.0,0.20820898097866916,1.7964025892043818,0.0,0.08139721302118418,1.3837632792301857,0.0,0.09690812740851568,1.4327985365443225,0.0,0.10194806959317004,1.5002252775913671,0.0,0.10698797426429818,1.5676520076509706,0.0,0.17331476017989558,1.6031414041491387,0.0,0.18478825023356724,1.5193049904987042,0.0
0.06780305517370777,1.3948235135773708,0.0,0.06414869040105103,1.382604948485581,0.0,0.06406447346436278,1.381319592767141,0.0,0.06414007163690322,1.3802191099421472,0.0,0.06411376563770704,1.3855760570362061,0.0,0.06403742649283722,1.3863009339494914,0.0,0.06395773360880735,1.3870322416244973,0.0,0.06373929359316549,1.3780112042377195,0.0,0.06330828153319962,1.3869943399432298,0.0,0.06533105111981757,1.386543237687324,0.0,0.0653792321020416,1.3897724756291339,0.0,0.08443046620674136,1.3878310742447166,0.0,0.07689719305008039,1.4741541360279227,0.0,0.1206559594790699,1.4513379752410838,0.0,0.10675484570079996,1.5412465443952972,0.0,0.1494429476841638,1.5058210868905744,0.0,0.12239702335827947,1.597923712657381,0.0,0.15452285439564875,1.5190694981401245,0.0,0.12430811346045874,1.60466172492138,0.0,0.15403721650251048,1.519432813737339,0.0,0.12377585009675925,1.6018988247875277,0.0,0.15271990979443664,1.516553778989552,0.0,0.12321690186417562,1.598828877285943,0.0,0.10327889610970215,1.5405681728402205,0.0,0.10173182542489866,1.5883253009808103,0.0,0.16712462101202352,1.6084253461315947,0.0,0.1484776497413802,1.6654226346739656,0.0,0.1883781819867762,1.7073096934100815,0.0,0.18297741265245757,1.7594017042743273,0.0,0.18858234735416224,1.7247532406238064,0.0,0.18426652746976702,1.7767195443691919,0.0,0.2043243740559293,1.745452448854418,0.0,0.20333219062987085,1.7931919019324074,0.0,0.06352378936270636,1.3825027762492816,0.0,0.0806638243664131,1.4309926115250016,0.0,0.09158460703566547,1.4977196894719702,0.0,0.10250536890056483,1.5644467568877862,0.0,0.12784441919363265,1.6156623730546724,0.0,0.1563428416319373,1.5249784994668347,0.0
-0.09811858249623069,1.491288735727445,0.0,-0.09654330482786369,1.4812168658815206,0.0,-0.09693492180623811,1.4798963378614787,0.0,-0.09743518036842094,1.4787532432287047,0.0,-0.09526406301344972,1.4839291611856007,0.0,-0.0941129854770574,1.4847928141461562,0.0,-0.09357092720689544,1.4854810122354818,0.0,-0.09817212873387918,1.4731957698285612,0.0,-0.08892167363288331,1.4849511902966332,0.0,-0.09571226816191283,1.4847019935917707,0.0,-0.09453515964728978,1.4873918123271481,0.0,-0.12246066415908101,1.4981652699544696,0.0,-0.06479439056967229,1.562841556879367,0.0,-0.15270004333689005,1.564730972714424,0.0,-0.07714585569221681,1.635231556131143,0.0,-0.18728421228258008,1.6157313198040963,0.0,-0.10005402431199897,1.6893813016020531,0.0,-0.18890916942546176,1.6297333201487225,0.0,-0.10100987358784522,1.702793197038123,0.0,-0.18720716204497212,1.6319513330662212,0.0,-0.10544145601891866,1.6980530090881956,0.0,-0.18630422433388516,1.6292083002200566,0.0,-0.10584148025782195,1.6922164443574261,0.0,0.027449792990179328,1.5223748559837005,0.0,0.054780075288771546,1.5615691461982208,0.0,-0.04283917864386493,1.5835331180749912,0.0,0.037854247975426414,1.650128094494708,0.0,-0.05670461095035567,1.6837208307834568,0.0,0.05218259537572855,1.7492088576359275,0.0,-0.04549662806913223,1.6970887080505808,0.0,0.06419545445379754,1.761749217253337,0.0,-0.08118447043694531,1.7170358021013135,0.0,0.04825883675792128,1.7884605908790736,0.0,-0.09354690270748636,1.4790734818169378,0.0,-0.0936275232299357,1.5305034188704294,0.0,-0.026256282083981335,1.5362377271899688,0.0,0.04111494690161577,1.541972016212588,0.0,-0.10517696578922113,1.707216369998289,0.0,-0.18832575357736625,1.636066761398486,0.0
-0.12318400765273493,1.6085121366049808,0.0,-0.1236067092634619,1.6030861487409305,0.0,-0.12489915941511726,1.6014881090149826,0.0,-0.12691489552139074,1.599827665410872,0.0,-0.11909901956187358,1.6060276802819318,0.0,-0.11620415859374272,1.6070410637412686,0.0,-0.11443164357009977,1.607701248614311,0.0,-0.1281496344348168,1.5897424978968333,0.0,-0.10325610390824727,1.6059140179057019,0.0,-0.12321394958915949,1.6063743976567881,0.0,-0.1191246721674743,1.608653054131504,0.0,-0.20221540363397983,1.5759767864803826,0.0,-0.13182346049843882,1.6265079208599207,0.0,-0.25511494573243654,1.6264451060755456,0.0,-0.15890917581294406,1.6947665079259238,0.0,-0.3018803784827772,1.6665710882392812,0.0,-0.17915504401126187,1.7499669059767808,0.0,-0.31400243366130015,1.6815840447515555,0.0,-0.18240842469925994,1.7711325448444752,0.0,-0.30832709380033124,1.6871877362769327,0.0,-0.19019071978540497,1.7662111060128713,0.0,-0.30396399265898427,1.684218931107654,0.0,-0.191173414381773,1.7578716731785526,0.0,-0.08179885993052684,1.49980745165106,0.0,-0.04442725548762175,1.5295815997883926,0.0,-0.16560759736767752,1.5405133245023972,0.0,-0.06929080441110222,1.6162474805521094,0.0,-0.19921103283052136,1.6359105839803005,0.0,-0.062311533894464685,1.7161153379784393,0.0,-0.18304044729118074,1.6424551379154098,0.0,-0.04748622874934,1.7251585525571964,0.0,-0.23400830256427907,1.6582332373501152,0.0,-0.07687559076003898,1.7527757074787353,0.0,-0.11570287044129973,1.5978282576178033,0.0,-0.16701942579093013,1.6012423566267755,0.0,-0.11506622766336629,1.5579684426627258,0.0,-0.06311304102304927,1.5146945363964657,0.0,-0.18577622288402168,1.7673016740575016,0.0,-0.3112909812181242,1.6846280965536466,0.0
-0.20120786150934353,1.649103196759831,0.0,-0.2026361409122044,1.6450907238533325,0.0,-0.20432636617543742,1.643357713064177,0.0,-0.20716008065220481,1.6412620241630813,0.0,-0.19661856129502442,1.64846323226024,0.0,-0.19334621730453083,1.649476903873297,0.0,-0.1910463110845294,1.6501585859038317,0.0,-0.20739869642798459,1.6303576817461138,0.0,-0.17814752578239568,1.6479522116535306,0.0,-0.20238402295114122,1.6476852893187968,0.0,-0.19692993777076695,1.6498297657336582,0.0,-0.273621637439475,1.5901364515158758,0.0,-0.20295769070583228,1.6402865046774133,0.0,-0.3319291930633422,1.634245881280446,0.0,-0.23416997247927016,1.706759537922791,0.0,-0.37993949474350397,1.6728737349292175,0.0,-0.24685956157975406,1.7641699329095666,0.0,-0.39708329475641113,1.6863069377906412,0.0,-0.24966136942718783,1.7843246773716661,0.0,-0.3896148353389022,1.6937181451247743,0.0,-0.25609035583136686,1.7819176487075779,0.0,-0.3837515325506764,1.6907217204343254,0.0,-0.25777422817036666,1.7746979797532256,0.0,-0.17394783181967127,1.4950578642395496,0.0,-0.1351746256387143,1.522982319442647,0.0,-0.2613148379201457,1.527428820364418,0.0,-0.1597373894530645,1.6097339280007685,0.0,-0.2992044072755133,1.6212062618141863,0.0,-0.1520890948200404,1.7095527776889743,0.0,-0.28243006566539547,1.6259958846011868,0.0,-0.1360159258309555,1.71612717052876,0.0,-0.33723229093525653,1.6374244891758254,0.0,-0.17029969219261995,1.7445451852599847,0.0,-0.192773116509935,1.6391549425921932,0.0,-0.2382896596312981,1.61521148362579,0.0,-0.1964254319619513,1.562115788253199,0.0,-0.1545612129140569,1.5090201035967734,0.0,-0.25247431913598956,1.7818563314028197,0.0,-0.3924868459717388,1.688910535428784,0.0
-0.28215079043935354,1.7082484573659602,0.0,-0.2786743744588801,1.70363515501917,0.0,-0.27939795429947045,1.702281224069234,0.0,-0.2810504601424474,1.7005221878696648,0.0,-0.27555834588789097,1.7070240467550348,0.0,-0.2738994268846937,1.7079537364286428,0.0,-0.2725849097236269,1.7087495289777466,0.0,-0.27826222218221075,1.6943645633464017,0.0,-0.2637032415830254,1.7086583886787956,0.0,-0.27843595862148374,1.7045223604160817,0.0,-0.27564930503702056,1.7066203789473442,0.0,-0.2749532858637623,1.6254394805237147,0.0,-0.21554904689470858,1.6885232152941585,0.0,-0.33749601368423215,1.6633052966876445,0.0,-0.249976548048624,1.7533893686149984,0.0,-0.3853630674060702,1.7021105194407964,0.0,-0.25150375487083426,1.8121656118038831,0.0,-0.39803944594646573,1.7098676029555673,0.0,-0.2523474006075211,1.8209332329052415,0.0,-0.39335885923746156,1.715963242276539,0.0,-0.25353755652090265,1.8211118606314762,0.0,-0.3893086497371309,1.7140124656630622,0.0,-0.2549173803540285,1.8182936075830256,0.0,-0.21767400653131244,1.5123237545937354,0.0,-0.18396970207753519,1.5461934545810085,0.0,-0.3099018646539652,1.5255485321535405,0.0,-0.20780764974979618,1.6331470238257246,0.0,-0.3421050010877477,1.62142754964239,0.0,-0.18902697746218383,1.7314810744505995,0.0,-0.3261749753566006,1.6285376342480522,0.0,-0.17179057382575297,1.7335966812773842,0.0,-0.38254024306155915,1.6300381269117785,0.0,-0.2106156585615316,1.7644965752445083,0.0,-0.2709827198854631,1.701511478496148,0.0,-0.24525116354478724,1.6569813546103853,0.0,-0.22303649983011514,1.5931199802007008,0.0,-0.20082184063398045,1.529258618780635,0.0,-0.25447906591125774,1.8304817718351285,0.0,-0.39943849914320767,1.7168243637556164,0.0
-0.18781966008921475,1.6426009470194027,0.0,-0.18055128614324822,1.6441370898090228,0.0,-0.17980323622928363,1.6433553057746542,0.0,-0.17939504854594646,1.6423852226454154,0.0,-0.18192307769487148,1.6473154496422084,0.0,-0.18216341670215397,1.6482995599259274,0.0,-0.182303302234341,1.6493172187821288,0.0,-0.173604541799375,1.642420797207684,0.0,-0.1780728939176327,1.6530902442891162,0.0,-0.18086005293754248,1.6437565727759846,0.0,-0.18215808603472516,1.6459725561627456,0.0,-0.11377655028105593,1.6121033954132802,0.0,-0.13580336457131542,1.695908172438805,0.0,-0.09186627891278341,1.5423513141141922,0.0,-0.18425016029040378,1.7510967461375198,0.0,-0.14521664649041732,1.5731869821669913,0.0,-0.13653999095697303,1.716735156153177,0.0,-0.15059650254087786,1.574236068082703,0.0,-0.13656535805031902,1.7138989285206239,0.0,-0.15048773589265108,1.578201288857627,0.0,-0.13336466132204974,1.7143120796702336,0.0,-0.1491148979022081,1.578072052682051,0.0,-0.13351345881760215,1.7152833925963347,0.0,-0.2122106546204797,1.5304643065045973,0.0,-0.21957632559494356,1.5776753603694493,0.0,-0.21238003372678155,1.4372932602181203,0.0,-0.2488628712470462,1.66294827047218,0.0,-0.25079574783968894,1.5308563987930701,0.0,-0.14875183870107145,1.6632316896828034,0.0,-0.24323444876971206,1.5465772696108413,0.0,-0.1318945064320055,1.659060388766565,0.0,-0.2907372252424135,1.520187321172187,0.0,-0.18582690864365212,1.6767051314492811,0.0,-0.1758387164067179,1.6477555248552502,0.0,-0.12478992606522815,1.6540057992224575,0.0,-0.17034173856892196,1.6040378214459035,0.0,-0.21589353382687815,1.554069846557962,0.0,-0.12700531559677725,1.700815854665576,0.0,-0.16291226476682527,1.5832607146889137,0.0
-0.14290860819121623,1.5408743040386241,0.0,-0.13677497808512223,1.54212812976958,0.0,-0.13564729742098153,1.5414055106454898,0.0,-0.13446852871634923,1.540613260919892,0.0,-0.13903223307174933,1.5456824733500723,0.0,-0.1394859779165038,1.5468859082275677,0.0,-0.13985276133101993,1.548127073031708,0.0,-0.12786502361872903,1.542447120462919,0.0,-0.13670730609059484,1.5544376913515072,0.0,-0.13845635805052187,1.5430235802212255,0.0,-0.14049263635996417,1.545794933249676,0.0,-0.05930319796888853,1.545335913158088,0.0,-0.11923227432718016,1.607921270925877,0.0,-0.017153558211120655,1.485596305649532,0.0,-0.1863683058306769,1.6376807056702913,0.0,-0.07873119809157335,1.4878972645114743,0.0,-0.18348838599202708,1.578955198556264,0.0,-0.08229063348332998,1.4865074499131754,0.0,-0.1844497347700844,1.574215651335921,0.0,-0.08389074057793432,1.4901607104615258,0.0,-0.18053784220529576,1.5734325356185115,0.0,-0.08299462008540869,1.4910493906024966,0.0,-0.17968458141773486,1.5747898230689317,0.0,-0.2088656791523825,1.5486558597155033,0.0,-0.2394446177810941,1.5853718675088495,0.0,-0.13858909821717966,1.4874833599508512,0.0,-0.3290463836584404,1.5954065326892277,0.0,-0.1876912632793331,1.5759073690038734,0.0,-0.2849460979599942,1.5055318200878203,0.0,-0.19279169786065056,1.592589832550256,0.0,-0.26897893775297804,1.498703994849358,0.0,-0.2268434995129579,1.5626313292216483,0.0,-0.28186082040300475,1.4662052958747875,0.0,-0.13228615979976482,1.548442413073246,0.0,-0.08926774375991936,1.576628594198356,0.0,-0.1567114648232431,1.5718212129379967,0.0,-0.22415517464834822,1.5670138674488818,0.0,-0.1799572112878233,1.5607380363380192,0.0,-0.09899184072574402,1.489927376123679,0.0
-0.14411636682704249,1.4673788588973178,0.0,-0.13842211678603972,1.4626214339201766,0.0,-0.1383316999452276,1.4612311977681245,0.0,-0.13815500291844168,1.459526948293985,0.0,-0.13675325308080527,1.467407954416242,0.0,-0.13563757518853264,1.4687761066525702,0.0,-0.13464862225098567,1.4700570472962453,0.0,-0.13241903287356277,1.4569069109231798,0.0,-0.12984718112704657,1.4753626431536402,0.0,-0.1419433243144683,1.4674156421712496,0.0,-0.14030269990000463,1.4710632263334267,0.0,-0.11865602411829429,1.471059619798872,0.0,-0.10532392412465597,1.556678988576265,0.0,-0.1831881722562655,1.5054255141373705,0.0,-0.14754394782981956,1.6167650957948307,0.0,-0.2395789978654384,1.5302685198340835,0.0,-0.2058855490037584,1.6240614439593428,0.0,-0.2474125398093988,1.5328998908138136,0.0,-0.20848395758451863,1.626766838167713,0.0,-0.24667946736789803,1.5374088912369028,0.0,-0.20642165269606558,1.6255239012150637,0.0,-0.24379485942736573,1.5373675551104247,0.0,-0.20531906242170403,1.6245412799219525,0.0,-0.2366151906358547,1.5489963717901267,0.0,-0.2308750656454958,1.5964325149832113,0.0,-0.21521388848068318,1.639676341030646,0.0,-0.29279686806451205,1.6619677065889538,0.0,-0.2610744739153071,1.7298241901142126,0.0,-0.36822829103789173,1.7277886727933576,0.0,-0.2610557147998103,1.7472689220121316,0.0,-0.3511778101134685,1.7310826829344144,0.0,-0.28164224384523306,1.765686672941011,0.0,-0.4021365182488203,1.747946216584553,0.0,-0.13113311027799462,1.4661347794904551,0.0,-0.11198998454426339,1.513869312714708,0.0,-0.17286755332019255,1.543291889851694,0.0,-0.23374510971341922,1.5727144610040287,0.0,-0.21703885044979215,1.6388917528209732,0.0,-0.25661767370734867,1.5414174443858906,0.0
-0.15113274393672813,1.4402025961461242,0.0,-0.15341586740842986,1.4336515686976958,0.0,-0.1548247226586741,1.4312720921272053,0.0,-0.15619478008406332,1.4280975547035877,0.0,-0.14598402996917018,1.4399917473148287,0.0,-0.14275761684402746,1.4413009317480006,0.0,-0.1398110466363557,1.4423520278426394,0.0,-0.151189778962411,1.4176212312785672,0.0,-0.13321358712528955,1.4437735691255453,0.0,-0.15874965605437688,1.4430972860586924,0.0,-0.1518586675346413,1.4476632371705758,0.0,-0.18327012109730811,1.4516641402247312,0.0,-0.11998068704375059,1.5108491783446865,0.0,-0.2359465717341938,1.5023652682721984,0.0,-0.15093181608198042,1.5774442103936643,0.0,-0.28512668631876514,1.5394922998580862,0.0,-0.1674196522265068,1.6338811697673583,0.0,-0.2986551355059534,1.55011750029862,0.0,-0.1717728244899921,1.646659740591891,0.0,-0.2938569137168657,1.554496810615534,0.0,-0.1718833212646812,1.6460636929206405,0.0,-0.28829519144051696,1.5520590660653477,0.0,-0.17073726332343786,1.6421188543074245,0.0,-0.26155403765286134,1.5657394421208048,0.0,-0.22459007360267202,1.5960181818177779,0.0,-0.30445842977292525,1.648444252695561,0.0,-0.27131065290519085,1.6731308164716279,0.0,-0.23853179690260196,1.5717402301857766,0.0,-0.3240580497484393,1.7582190723600348,0.0,-0.2286120670829374,1.5573903875664465,0.0,-0.3348365834764807,1.7718349679691008,0.0,-0.25347587453895026,1.6102866356990222,0.0,-0.3501526161112946,1.7878023117130275,0.0,-0.14220166847317264,1.430697409390818,0.0,-0.15162539912951226,1.4812566639888787,0.0,-0.19734869407141584,1.5310677744473453,0.0,-0.24307203787252551,1.5808788213874592,0.0,-0.1735999378746228,1.651377977001398,0.0,-0.2984782864165458,1.5548659711156787,0.0
-0.15299833833674947,1.4471313002701707,0.0,-0.16123148540646767,1.4454626466506648,0.0,-0.1638433960348101,1.4422161046615363,0.0,-0.1663089849807253,1.437811785133336,0.0,-0.14880202286102548,1.4529466994019238,0.0,-0.14381732979855252,1.4539956432869563,0.0,-0.13922857364649296,1.454637105803341,0.0,-0.16162956736164255,1.4201932406042916,0.0,-0.13100836988107897,1.451664117080943,0.0,-0.16792295400169208,1.4585580825230902,0.0,-0.1568766597600922,1.4641389875557989,0.0,-0.20713270942950682,1.4574775151930812,0.0,-0.1345434607764652,1.5047979355215935,0.0,-0.2563284684301753,1.5115625420797718,0.0,-0.1610157193812287,1.5732967691372697,0.0,-0.3013297426143972,1.5536574998149633,0.0,-0.17444891492300674,1.6305377368231244,0.0,-0.3190239072888474,1.571988092977916,0.0,-0.18063627920835634,1.6512609817309285,0.0,-0.3106973859923086,1.5751251323224036,0.0,-0.18229214255052306,1.651390759853166,0.0,-0.303058140801256,1.5702847724462392,0.0,-0.18083819996410333,1.6450959357238604,0.0,-0.27137364817023707,1.5794233215605946,0.0,-0.22913394953958757,1.6017603888598775,0.0,-0.3135370667561292,1.6625083303681367,0.0,-0.2747730025471699,1.6795180109569567,0.0,-0.23888179792960174,1.5942703729892789,0.0,-0.33356893109125163,1.7605447840045698,0.0,-0.23133059470091438,1.5785446503447151,0.0,-0.34724453662621285,1.7712474573068642,0.0,-0.24829410319285586,1.6345265444915977,0.0,-0.35836335503473665,1.791225901741586,0.0,-0.14631895646179113,1.4359286870947794,0.0,-0.17083807969939888,1.4811377295603498,0.0,-0.2105459563381518,1.5358647882999847,0.0,-0.2502537825919139,1.5905918666052052,0.0,-0.18038226426590875,1.6481198174637237,0.0,-0.31277927537842104,1.570495646761499,0.0
-0.1578651023526496,1.4534323541532341,0.0,-0.16984887224247125,1.4557272283854272,0.0,-0.17329540109425945,1.4519058771474016,0.0,-0.17633766467456302,1.4469285198354491,0.0,-0.15374372448028706,1.463494153069274,0.0,-0.1475131271782043,1.4642292603180171,0.0,-0.1418487099236504,1.4644985270091637,0.0,-0.17252424224347135,1.4251896967735376,0.0,-0.13098355881020718,1.4586301941101725,0.0,-0.17702412162905234,1.4707826813128035,0.0,-0.16356658700009807,1.4774446314104377,0.0,-0.2175368434621012,1.463501770941949,0.0,-0.14225639058212275,1.5064118468480288,0.0,-0.2649389787192008,1.519165497102291,0.0,-0.167742440670141,1.5752836983786547,0.0,-0.3084938647623085,1.5627553129622251,0.0,-0.18117343674742878,1.632525182185843,0.0,-0.32886004012141795,1.5854513918666815,0.0,-0.18878546904073532,1.658023214051137,0.0,-0.3184396071062585,1.5880032528154566,0.0,-0.19140012645981838,1.658427783288902,0.0,-0.30952529474271184,1.581895802213013,0.0,-0.18958844169264574,1.650688477822629,0.0,-0.27623356358534606,1.5874079795205418,0.0,-0.23306276433772538,1.6078876965171807,0.0,-0.31032128151666694,1.6741195706813157,0.0,-0.27981691844762974,1.6849799790562805,0.0,-0.3455828264280703,1.768916466417732,0.0,-0.33657808856174354,1.7674449336196998,0.0,-0.34191663815816475,1.751861318031855,0.0,-0.3488584398742249,1.7797234666837731,0.0,-0.35165864461665824,1.8098094397472908,0.0,-0.3561711891038892,1.801682410971679,0.0,-0.1517538902195259,1.4419099511723914,0.0,-0.17989661078696567,1.484956811732225,0.0,-0.21727236504229955,1.5413023476627206,0.0,-0.25464814717256457,1.5976478485991366,0.0,-0.1872574402884769,1.6500557011453596,0.0,-0.3193751704292911,1.5799661287502484,0.0
-0.16670682044385232,1.460342042927704,0.0,-0.1807241700518522,1.4640832041150451,0.0,-0.18462257663449821,1.4599783300775762,0.0,-0.18785441684953808,1.4550607359201846,0.0,-0.16267352258948992,1.4714539748302453,0.0,-0.15576379276168933,1.4720541721770464,0.0,-0.14956021423422278,1.4722404826382596,0.0,-0.1853862726816134,1.4322284200023865,0.0,-0.1353947799106569,1.465633122433199,0.0,-0.18757853905215766,1.4794582780823555,0.0,-0.17316856195159896,1.486811659880768,0.0,-0.22615720554709917,1.4715460936388496,0.0,-0.1500470774636277,1.5129667358743066,0.0,-0.27275260317319716,1.5278868582507337,0.0,-0.17684440657556869,1.5813390536265364,0.0,-0.31613425461290795,1.5716490846942603,0.0,-0.18961148949432446,1.6387322650528222,0.0,-0.33780799518155674,1.5947681596249872,0.0,-0.1977522971721983,1.666148504804265,0.0,-0.32733034825809026,1.5982889024334888,0.0,-0.20069976386722274,1.66672689263542,0.0,-0.3179107934680999,1.5921931099233835,0.0,-0.19882098245377308,1.6583452955624551,0.0,-0.28032186773784123,1.5973606872294654,0.0,-0.23713064799989275,1.6177973027391086,0.0,-0.30659327116707746,1.6867513238602492,0.0,-0.2842966969489653,1.6946382734523602,0.0,-0.3507727375686154,1.7777348539042923,0.0,-0.3358138603179963,1.7804769654407562,0.0,-0.36266983081385606,1.7904933097359645,0.0,-0.3474521570378288,1.793365698971427,0.0,-0.3567932535754528,1.8186360057389803,0.0,-0.3477320417076144,1.8180808401965054,0.0,-0.16039051288116707,1.448930779064199,0.0,-0.18810213507242124,1.4922564172074961,0.0,-0.22341419027262394,1.549917714305183,0.0,-0.25872623829023567,1.607578999674368,0.0,-0.19569510428797318,1.6562629189231133,0.0,-0.32735744133001327,1.588638936754257,0.0
-0.17984164022640026,1.4803118945611988,0.0,-0.19364551422592524,1.4834147400821769,0.0,-0.19744860793328817,1.4792270790072013,0.0,-0.20046367434833556,1.4747129703304696,0.0,-0.17619234527299366,1.4904968565871841,0.0,-0.16929795613115395,1.491275638968948,0.0,-0.16306278173234579,1.4917375647327062,0.0,-0.1987211726959931,1.452825908673337,0.0,-0.14713597476096574,1.4856780073578297,0.0,-0.20020998270244916,1.4978175418283513,0.0,-0.18592622160477335,1.5053864327329787,0.0,-0.23817925690572392,1.4924854549829845,0.0,-0.16183246206944843,1.5334682332966594,0.0,-0.28465593966870206,1.5489241898761001,0.0,-0.19011005089596306,1.6012417432581785,0.0,-0.32782931877070876,1.592891899412139,0.0,-0.2014749993922247,1.6589289781525123,0.0,-0.34890372906929884,1.6143002224552663,0.0,-0.20982224856781942,1.6862014501647262,0.0,-0.34084261155257617,1.61916471089791,0.0,-0.21223377066186702,1.6872535132971105,0.0,-0.33167242002659464,1.6136761990896418,0.0,-0.21054100376987187,1.6785490814382122,0.0,-0.28857345670421586,1.620117172620983,0.0,-0.24547393793626457,1.6407464769696944,0.0,-0.31431210260166975,1.7096626619700506,0.0,-0.2928184377214202,1.7174776264053342,0.0,-0.3603718549834672,1.7997089123157892,0.0,-0.3409622070749106,1.805252774575577,0.0,-0.36991828401501514,1.814309758717293,0.0,-0.35266820595028153,1.8180800499251328,0.0,-0.36869102646320656,1.8402051123879377,0.0,-0.35007021200981303,1.843634263478272,0.0,-0.17292857412273976,1.4692519577966692,0.0,-0.2000058530156854,1.5129768465072009,0.0,-0.23351476889460349,1.5717043441728555,0.0,-0.2670236779250018,1.6304318299117937,0.0,-0.20750572198215866,1.6764778977523256,0.0,-0.339671391960536,1.6094563280371885,0.0
-0.1942755860368728,1.51300261217313,0.0,-0.20575414903446537,1.514585265008175,0.0,-0.2090466547411261,1.5103802310072614,0.0,-0.2115892521797081,1.506258305817779,0.0,-0.1909293235598139,1.5219547022484206,0.0,-0.18458129639895443,1.5229676674557915,0.0,-0.17869986946772048,1.5237882984184414,0.0,-0.2096955188915191,1.4865895565758778,0.0,-0.16397618976654155,1.5179901614567863,0.0,-0.21276506950520385,1.5271631965613917,0.0,-0.19915037640684857,1.535183149844683,0.0,-0.2520605128941879,1.52579562286444,0.0,-0.17550805121759727,1.5663929357229815,0.0,-0.2992510105970954,1.5816388835459028,0.0,-0.20322698201362277,1.634396844124416,0.0,-0.34252269218766407,1.6255098502238265,0.0,-0.21431174381831516,1.6921385723615407,0.0,-0.3615593646455947,1.6456033358647957,0.0,-0.22347933019522911,1.7185328090249041,0.0,-0.35756724191441225,1.650467012672628,0.0,-0.22473479214896505,1.7202601804830564,0.0,-0.34903920003923505,1.6454660431150032,0.0,-0.2232603952855534,1.7109766086045644,0.0,-0.3007610590151287,1.6537125839754234,0.0,-0.25798085560242656,1.6749961671302551,0.0,-0.33393884381361066,1.7407763947768355,0.0,-0.30602762698084907,1.7512895398026616,0.0,-0.3811430044601327,1.8302280309187042,0.0,-0.35374229873262214,1.839298682870247,0.0,-0.3902603603233009,1.8451005843295694,0.0,-0.3655544832880026,1.8520282429016517,0.0,-0.3933732143811184,1.869719457832421,0.0,-0.3652644645018251,1.87702578374308,0.0,-0.1868358554133705,1.5022898584450404,0.0,-0.21378427596243085,1.5460942823643857,0.0,-0.2465775882037868,1.6052243516835638,0.0,-0.2793709393536564,1.664354383697643,0.0,-0.22058715940458865,1.7096014860158257,0.0,-0.3548074871457239,1.6417486557816874,0.0
-0.20359054137416235,1.5430967096760941,0.0,-0.2121117251959757,1.5433178641488916,0.0,-0.2149775833913104,1.5390983516527144,0.0,-0.21716865656757117,1.5351394976844301,0.0,-0.19980276246309897,1.5510532070303786,0.0,-0.1940290140597915,1.5519230383349578,0.0,-0.18860706300433489,1.5528430980425583,0.0,-0.21523620793174336,1.5183611549053055,0.0,-0.17705755706687004,1.5464122170947672,0.0,-0.21992552919338976,1.553830260266293,0.0,-0.20699189675752822,1.5629185711911369,0.0,-0.261375484254836,1.556018928454154,0.0,-0.1847201442076342,1.5964216516585128,0.0,-0.3096228462290725,1.6109516591300717,0.0,-0.20971565466100733,1.665473046572163,0.0,-0.3546514533644453,1.6530173777662642,0.0,-0.22285105625893645,1.722783083641928,0.0,-0.37206724358867865,1.67318023820852,0.0,-0.2330823766572508,1.7486311022464582,0.0,-0.3717676465659183,1.6763006496064452,0.0,-0.23358620294067983,1.75079251866644,0.0,-0.36364602503636845,1.6715240990231335,0.0,-0.23229592567259966,1.7406388379394584,0.0,-0.3100352815859498,1.6827860153180665,0.0,-0.2681011495493621,1.7056915885760928,0.0,-0.3518929557085093,1.7660254751460116,0.0,-0.31751884190171875,1.7811042044715046,0.0,-0.4006407171272201,1.8546453586229399,0.0,-0.3666343577316642,1.8683393193543805,0.0,-0.4092132815140215,1.8698384545131403,0.0,-0.378105465802431,1.8813770753803343,0.0,-0.417678768449297,1.8923130588651773,0.0,-0.38025809538534716,1.9053594249272383,0.0,-0.1961468742380323,1.532386690826649,0.0,-0.22304780809122912,1.576220293037974,0.0,-0.25605801582819365,1.6352295517234747,0.0,-0.2890681971899455,1.6942388094046974,0.0,-0.22958280858721133,1.7400752120438403,0.0,-0.3673211690219028,1.6689576819749912,0.0
-0.2040362599489517,1.5584453230609492,0.0,-0.21061136066134722,1.5578180620299142,0.0,-0.21340691425006297,1.5535945596092402,0.0,-0.21556270740462746,1.5495911111580372,0.0,-0.19927611654431365,1.5654464715760599,0.0,-0.19374982717144262,1.565866341062031,0.0,-0.18861638675756043,1.5666739564977916,0.0,-0.2143453741397795,1.5354267687458758,0.0,-0.17978116824680934,1.5594193674085275,0.0,-0.21853309499662832,1.5666887595938959,0.0,-0.2060969478735627,1.57668524303946,0.0,-0.2615627203196679,1.5708137431744902,0.0,-0.18546042459666573,1.612248774075515,0.0,-0.3098728093535896,1.6256913172327563,0.0,-0.20788948085627945,1.682175937021316,0.0,-0.3578805484395925,1.6643223556964233,0.0,-0.22397842823246317,1.7387279033567418,0.0,-0.37538031934405497,1.685259784122442,0.0,-0.23418989789551037,1.764532603222169,0.0,-0.37680313816879435,1.6859152178371586,0.0,-0.2351755958379772,1.76658834984666,0.0,-0.36853726564223915,1.681226348046121,0.0,-0.2341256085746024,1.7557843360321468,0.0,-0.3113272547641839,1.696436233955507,0.0,-0.27042585908896427,1.72113871455483,0.0,-0.35842873636510664,1.776824808929793,0.0,-0.3216889284866806,1.7953092523009324,0.0,-0.4089520436496021,1.8644445750321765,0.0,-0.37238690184554485,1.881634304639023,0.0,-0.41543552972344666,1.8806397419416268,0.0,-0.38360643669036004,1.894889169422546,0.0,-0.43024346174815403,1.8998822153281307,0.0,-0.3852900254533456,1.918911695178648,0.0,-0.197063265000873,1.5474230716737307,0.0,-0.2235115656788101,1.5915312604400378,0.0,-0.25719405639413784,1.6501593786484685,0.0,-0.2908765403312612,1.708787484889845,0.0,-0.23085414096497373,1.7559632962590648,0.0,-0.3711252867632787,1.6797881857693509,0.0
-0.1990843673676734,1.561658061262737,0.0,-0.20513656608177305,1.5605015279772527,0.0,-0.20791805372435385,1.5562374124662537,0.0,-0.2101528060552425,1.5521490941072271,0.0,-0.19399134118788902,1.5679745844245387,0.0,-0.18851514858608415,1.5682593293906155,0.0,-0.18344175240618182,1.5691093109780476,0.0,-0.20983505946860798,1.539460464831903,0.0,-0.17513409701924304,1.561356283232169,0.0,-0.21190765150469731,1.5682408675963102,0.0,-0.19983299748458044,1.5781298467196974,0.0,-0.2555363080410051,1.5729173089870885,0.0,-0.18090840802613262,1.6169524965017381,0.0,-0.30251915364725307,1.6289353869238168,0.0,-0.20296160659124168,1.68699910323892,0.0,-0.3525160965085609,1.6649549073183776,0.0,-0.22064347487102398,1.7430734347838714,0.0,-0.3710832584764951,1.68671701989632,0.0,-0.22961677094945276,1.7689933502253186,0.0,-0.37228950025216523,1.6855620363707093,0.0,-0.23184462199016742,1.7705278779423557,0.0,-0.36358352284673046,1.6807117204530009,0.0,-0.23118329282508865,1.7596963851521688,0.0,-0.3073571411946413,1.6985144904687042,0.0,-0.2669604124775516,1.7240339149312307,0.0,-0.35682037837585745,1.7774718252955157,0.0,-0.31994329994338205,1.796985848349093,0.0,-0.4086941706034453,1.8642988813939978,0.0,-0.37240843505648774,1.8822484354634526,0.0,-0.4046719781042055,1.881273597603518,0.0,-0.38397833815625665,1.8951985993552904,0.0,-0.4325347732373859,1.8980742644479816,0.0,-0.3840417996174277,1.919941395990243,0.0,-0.19248456547130738,1.550408381306503,0.0,-0.21822235137438734,1.5949349048829284,0.0,-0.2526905581701837,1.6531045631742756,0.0,-0.28715875792268586,1.7112742096528841,0.0,-0.22720433639397955,1.7604311215581527,0.0,-0.3661785616968522,1.6800529879277237,0.0
-0.19472373015320307,1.5620119985960261,0.0,-0.20076278395173233,1.5601301816012931,0.0,-0.20322421102646218,1.5557570029187038,0.0,-0.20537622807660041,1.5516786443819837,0.0,-0.19027671362785473,1.5680923276190435,0.0,-0.1849441986396522,1.5689192682957944,0.0,-0.17984696503694034,1.5701464990497458,0.0,-0.20551695738837375,1.5396066101375425,0.0,-0.17036103860842136,1.5621391378386498,0.0,-0.20566529444669293,1.566945945485682,0.0,-0.19387194239510078,1.5760733418390525,0.0,-0.24975731454108568,1.5720895957549876,0.0,-0.17695275498900437,1.6190780763487205,0.0,-0.2951644115516551,1.6293923738556928,0.0,-0.20036580702627965,1.68868195322814,0.0,-0.34508008029371573,1.66552443937877,0.0,-0.21770146839930984,1.7448642811332415,0.0,-0.36410359169515255,1.6881260877753026,0.0,-0.2257022209026022,1.7707788663318385,0.0,-0.3643002752519409,1.686631062262969,0.0,-0.22869272255506026,1.7717237603738027,0.0,-0.35529951995858117,1.6812752249341838,0.0,-0.22855463984771154,1.7613918650408296,0.0,-0.30390013157809564,1.6983994000830431,0.0,-0.2634275831472975,1.7237984067458538,0.0,-0.3544382750143405,1.7766730777366198,0.0,-0.3172087327938196,1.7961638604949977,0.0,-0.40733568660175146,1.862880338672993,0.0,-0.3720191236302461,1.8799380821877616,0.0,-0.39401934166660424,1.87414949926564,0.0,-0.38436000032717726,1.892155781026522,0.0,-0.43211014941478826,1.8959768162305557,0.0,-0.3838390936777152,1.9175729430531727,0.0,-0.18793899590972632,1.5508728754063685,0.0,-0.21335502825497668,1.595583838545401,0.0,-0.24850942896085765,1.6533413881511472,0.0,-0.28366384115903376,1.711098914661771,0.0,-0.22398487867337158,1.7623243197759613,0.0,-0.35848841220683464,1.6808486564359386,0.0
-0.192422928117489,1.5635285654975932,0.0,-0.19769938073134619,1.5599286338556109,0.0,-0.19974234649767053,1.5555437370347867,0.0,-0.2017112311622007,1.5516033719105267,0.0,-0.18806129676010097,1.5687835576025515,0.0,-0.1829358408183287,1.5704929254755133,0.0,-0.1778248760417176,1.5722561179513859,0.0,-0.20233331001951294,1.5406975164629073,0.0,-0.1676958937055656,1.5648906232790298,0.0,-0.20137807276161712,1.5665806319112896,0.0,-0.18985660386570002,1.5753364530031648,0.0,-0.24683326324312113,1.5726398814968254,0.0,-0.1753454267966473,1.6216083452289294,0.0,-0.29164621560187104,1.630408490082097,0.0,-0.20009483150222665,1.690748331120344,0.0,-0.3400995391222569,1.6684791557547627,0.0,-0.21616524390659916,1.7473055673437496,0.0,-0.358490721546028,1.691734701877934,0.0,-0.22448483658526694,1.773019473718672,0.0,-0.35790669430614674,1.6911350452030005,0.0,-0.22726425665978142,1.773531851701494,0.0,-0.3489232945832456,1.6852717763930125,0.0,-0.2275949472474302,1.7638380624968721,0.0,-0.3028724446714771,1.6994338616328997,0.0,-0.26216979863406514,1.7244624716920691,0.0,-0.3537509053460816,1.7774867590472891,0.0,-0.31572497028548163,1.7969953231664761,0.0,-0.4076008005739171,1.8631022761849614,0.0,-0.3726445125760932,1.87935104469994,0.0,-0.4133337015249437,1.8795781030103564,0.0,-0.38518179235124533,1.8913671180353964,0.0,-0.43211918116777914,1.8963889078476472,0.0,-0.3850145939529717,1.9168086945329357,0.0,-0.18501460092893884,1.5527940709842796,0.0,-0.21108933906127875,1.5971241167357182,0.0,-0.24680522553522777,1.6545361527458604,0.0,-0.2825211048764834,1.7119481769960605,0.0,-0.22266346858784894,1.7646868006161458,0.0,-0.3527065970678705,1.684469061416258,0.0
-0.19034982396463537,1.5644121503044852,0.0,-0.19369075153169887,1.557719168839103,0.0,-0.19573758795740323,1.5536068322321552,0.0,-0.19772643920281371,1.549873336211269,0.0,-0.18405811664913593,1.5670401166162105,0.0,-0.1789532587147644,1.5694261142661095,0.0,-0.1737727838230044,1.5716309352216375,0.0,-0.19960593809951052,1.5414822368038605,0.0,-0.16499412040130298,1.5668175951003271,0.0,-0.19785823059662086,1.5660356990121793,0.0,-0.18669380191205917,1.575136849938667,0.0,-0.24512488422517958,1.572871533419393,0.0,-0.17413695525725442,1.6225619262627282,0.0,-0.29028070371164916,1.6303725317019557,0.0,-0.1995201550629225,1.6914717503081507,0.0,-0.3374555672590407,1.6700163508193926,0.0,-0.214505076446187,1.7483262246722155,0.0,-0.3549809474761826,1.693319471827758,0.0,-0.2237813980208233,1.7737440594745288,0.0,-0.35408920830447915,1.6938010349888235,0.0,-0.2259376686993595,1.7739827611091255,0.0,-0.34528098405726637,1.6878449657156864,0.0,-0.2264179060664615,1.7647326192546302,0.0,-0.302351985859889,1.6995204615809734,0.0,-0.26157619974520285,1.7244297366139836,0.0,-0.3530971065695032,1.7776601139961534,0.0,-0.31462148375789584,1.7973363124328616,0.0,-0.4076667655338105,1.8628186738202785,0.0,-0.3724819136017399,1.8790337409245574,0.0,-0.4184109415103827,1.876562097901603,0.0,-0.38474320925693983,1.8913313029357561,0.0,-0.43108202021922887,1.896890314262291,0.0,-0.3838817098174195,1.9167979977095504,0.0,-0.18230002011983756,1.554149921392146,0.0,-0.20963091424773636,1.5977167338893248,0.0,-0.2457974982321565,1.6548459263249593,0.0,-0.28196407469183693,1.7119751072468907,0.0,-0.22147764589927035,1.7655226623643476,0.0,-0.3494121287203454,1.6864983298003775,0.0
-0.1879972201745588,1.5635271479607018,0.0,-0.18918378271252007,1.553435174053732,0.0,-0.19168527950704978,1.549699326957722,0.0,-0.19399743923969198,1.5461202222122956,0.0,-0.17887885438167245,1.5625395547432153,0.0,-0.1736300774197464,1.5651915114511394,0.0,-0.16831101746126015,1.5676172727319926,0.0,-0.19761203852781112,1.5404876752170271,0.0,-0.16176241469230584,1.5664612314214001,0.0,-0.1952631170726597,1.5647928590703644,0.0,-0.18459208685205925,1.574395232521718,0.0,-0.24335210234691096,1.571660021842276,0.0,-0.17236191683533128,1.6213471908209134,0.0,-0.28906491984689947,1.6287192117523919,0.0,-0.19819094601057696,1.6900911500770537,0.0,-0.3359452373869021,1.668710910544511,0.0,-0.21251057717413438,1.747116822255612,0.0,-0.35319621821154407,1.6916124502421062,0.0,-0.22241270172664754,1.7723607500039136,0.0,-0.35213970142140133,1.6925482730992818,0.0,-0.22418499305559883,1.7723254679666753,0.0,-0.34343028467928316,1.6868173844190761,0.0,-0.22447962573697003,1.7631858124660502,0.0,-0.3009928472036268,1.6978233755161038,0.0,-0.26041190823700106,1.723048840993034,0.0,-0.35170337049922645,1.7759854851504078,0.0,-0.3132301411094112,1.7961200749353792,0.0,-0.4064203657113233,1.8610494518211391,0.0,-0.37151908628458497,1.8775123229337958,0.0,-0.4184549262245413,1.873678322560377,0.0,-0.3839647557505476,1.8896232565934072,0.0,-0.42869620537359204,1.8958767084132637,0.0,-0.3810013967546837,1.915803055917516,0.0,-0.17968722187315428,1.5534744561610083,0.0,-0.2078570051106596,1.5965036118272158,0.0,-0.24427969621560966,1.6534698649787376,0.0,-0.28070236098065005,1.7104361186473631,0.0,-0.21980709408324248,1.7641783296647642,0.0,-0.3477946583094959,1.685270083739655,0.0
-0.1863556725669093,1.5628414493507852,0.0,-0.18617584508759627,1.5505306217603767,0.0,-0.18904965754396025,1.5468792267707494,0.0,-0.1917973477392773,1.5433865372420426,0.0,-0.17570206971106067,1.559201212034505,0.0,-0.17053160978735188,1.5618544151005853,0.0,-0.16521561814687763,1.5642988795293187,0.0,-0.196788472908152,1.5393156081780595,0.0,-0.15991723455833468,1.5657694660193138,0.0,-0.19448499763257993,1.5645199642477474,0.0,-0.18445707296621688,1.5743017892516844,0.0,-0.24221388532402632,1.570582287152262,0.0,-0.17123974408964054,1.620292371402056,0.0,-0.28847948397852957,1.6271941871214939,0.0,-0.19758367515457728,1.688840660792758,0.0,-0.3356108740483254,1.6668896807576714,0.0,-0.21172751501969897,1.7459101878448242,0.0,-0.35311282521352305,1.6896343775172422,0.0,-0.22202621485652227,1.7711818873668739,0.0,-0.35176375473108457,1.6904829880841044,0.0,-0.22382905224404812,1.770711306630467,0.0,-0.3429687770949574,1.6848752982792556,0.0,-0.2239712098353249,1.7614078599273741,0.0,-0.29975605220237517,1.696355125909016,0.0,-0.25959882689490893,1.7222497966260994,0.0,-0.350770408170839,1.7743192717744158,0.0,-0.31241419597282194,1.7953231005255736,0.0,-0.4049374645202623,1.8597344811767131,0.0,-0.3715600011760624,1.8760948337664203,0.0,-0.4179369417883555,1.8713677358223837,0.0,-0.3838296973991093,1.8883840142581232,0.0,-0.4271217294121102,1.894620140488257,0.0,-0.37998402727926817,1.9146322211777955,0.0,-0.17835285816548369,1.5525425345610946,0.0,-0.20672680958104037,1.5954373338503134,0.0,-0.24320212970176094,1.652369903154191,0.0,-0.2796774236146963,1.7093024729151782,0.0,-0.2193050413310706,1.762848761842594,0.0,-0.3475766834724469,1.683364947005389,0.0
-0.1861014113703682,1.5638412924593115,0.0,-0.18487221970396514,1.5503127328570627,0.0,-0.1877524658185696,1.5464622423744463,0.0,-0.19089769741971904,1.5431794635241487,0.0,-0.17513066275221342,1.5587081168396182,0.0,-0.17051841100829288,1.5613290119327141,0.0,-0.16555724486730303,1.5637447118310093,0.0,-0.19684452597007804,1.5398162863834552,0.0,-0.16067387711816547,1.566306646190225,0.0,-0.19519913850425272,1.565805785563397,0.0,-0.18583716977824757,1.5755089941660065,0.0,-0.24238137239814714,1.5709924470903367,0.0,-0.17166336455665143,1.6210662383090004,0.0,-0.2893262409545667,1.6270423547905852,0.0,-0.19835434030961208,1.6894801440277973,0.0,-0.33669731851010454,1.6664515054558595,0.0,-0.21326053711705334,1.7463553092654873,0.0,-0.3544969451611423,1.6895645834081268,0.0,-0.22417579098554968,1.7716218372124086,0.0,-0.3528594682337159,1.6902644106234603,0.0,-0.22633952985343925,1.7706905437512321,0.0,-0.34384530632713467,1.6845856144623572,0.0,-0.22673587650037746,1.761166553689562,0.0,-0.29987343344850054,1.6966244798198646,0.0,-0.26011962014187073,1.7231343090068365,0.0,-0.3511425183950866,1.7744213530484092,0.0,-0.31285752636873604,1.7962635384600958,0.0,-0.4043414385120202,1.8604428787800076,0.0,-0.37292600916067176,1.8763514685054221,0.0,-0.4178842892983579,1.8714387969078257,0.0,-0.3841559365101982,1.8895975295911889,0.0,-0.42710612313321966,1.8949525871023059,0.0,-0.38144819848237493,1.9148672669970406,0.0,-0.17875920698435074,1.5530614631961497,0.0,-0.2070223625406039,1.5960293461204662,0.0,-0.2435094491816394,1.6529543751841342,0.0,-0.27999650987007485,1.7098794045468242,0.0,-0.2213411069514838,1.7630597573326443,0.0,-0.3486354834838609,1.6829468141879493,0.0
-0.1864323403355505,1.5656812330498011,0.0,-0.18406193482776484,1.5507136527507197,0.0,-0.1868858478668491,1.5468171225689662,0.0,-0.1903560513084412,1.5439466183328454,0.0,-0.1750878076588041,1.5588653759849256,0.0,-0.17118784095512823,1.5614917603669136,0.0,-0.16678846469601966,1.563982181108336,0.0,-0.19711142150596578,1.541407661097826,0.0,-0.16272820540033855,1.5673539485211074,0.0,-0.19605586523645097,1.5670709903224456,0.0,-0.18702849751542389,1.576627485428581,0.0,-0.2433581295057643,1.5721809902547668,0.0,-0.17288412636775324,1.6225976153082524,0.0,-0.29100358764509443,1.6276365865068967,0.0,-0.19981706662910131,1.690916627385596,0.0,-0.3384461988797394,1.6669595922944684,0.0,-0.2163913073549148,1.7473282721802614,0.0,-0.3564385130636325,1.6905417654806294,0.0,-0.22782627260348615,1.772278984920254,0.0,-0.35473778156984603,1.6912234881041117,0.0,-0.2304781347011709,1.7713087200289692,0.0,-0.34549868735996553,1.6855733131882156,0.0,-0.23145189271264982,1.7617339635189193,0.0,-0.3010535499154133,1.6978778951945512,0.0,-0.26135056968061493,1.7244637951495274,0.0,-0.35200491536988354,1.7758832213827258,0.0,-0.31383412578770553,1.7977757811543749,0.0,-0.4045939119001674,1.8622789703217661,0.0,-0.37376926970500807,1.8779635463525794,0.0,-0.416743462758219,1.8747972544231237,0.0,-0.3844554529463978,1.8916520411673845,0.0,-0.4269380290407874,1.8970624615726317,0.0,-0.3823980507836505,1.9164556050319848,0.0,-0.17991980525832424,1.5543808095596452,0.0,-0.2081211212928755,1.597389305219388,0.0,-0.24466158553409142,1.654280085654238,0.0,-0.28120204234285395,1.7111708545173114,0.0,-0.22497280688416627,1.7637809941406821,0.0,-0.35030618018481935,1.6835112035921862,0.0
-0.18645278926436695,1.566553297189427,0.0,-0.18370566973602614,1.5504682626833461,0.0,-0.1866589119735919,1.5468351267060376,0.0,-0.19024287572399573,1.544278094228948,0.0,-0.17468674852663874,1.5582270733097774,0.0,-0.1710144851142193,1.560785899905121,0.0,-0.16700187547523687,1.5634078233367936,0.0,-0.1972075416930968,1.5421425699401445,0.0,-0.1639248418672397,1.5676865130300688,0.0,-0.19635348607307063,1.5670151616046626,0.0,-0.18714167079484517,1.5764131128950154,0.0,-0.24432049855718424,1.5726318718124548,0.0,-0.173724548511956,1.6228775983699621,0.0,-0.2924788517697144,1.6276426512365194,0.0,-0.20112100232690264,1.691012061020746,0.0,-0.3398926738749206,1.6670003648173022,0.0,-0.2192801837887304,1.7469336422994717,0.0,-0.35810373650951877,1.6907702028157592,0.0,-0.2305829408468462,1.771298413219168,0.0,-0.35650693230425046,1.6914739299104629,0.0,-0.2335151506940555,1.7709103812540765,0.0,-0.3471517590349438,1.6860594276285923,0.0,-0.2349352706784478,1.761501559175964,0.0,-0.3020315821723994,1.6985472623955027,0.0,-0.26200093872660135,1.7246371895946346,0.0,-0.3519534094870799,1.7772154498219441,0.0,-0.3142397409036948,1.7981237768111027,0.0,-0.40444296668680796,1.8636716489968812,0.0,-0.37292124629765044,1.8792334561876687,0.0,-0.41349053378101885,1.8785867605476017,0.0,-0.38394891727328584,1.8926483686143911,0.0,-0.4249278384799958,1.899581548217144,0.0,-0.3810084151181534,1.9178429387632043,0.0,-0.1805661995552234,1.55491453669764,0.0,-0.20902251757931717,1.5977547384887891,0.0,-0.24551937697026643,1.6546735023549093,0.0,-0.2820162477432623,1.7115922425852055,0.0,-0.2279478778240665,1.763341118466977,0.0,-0.35181063095447845,1.68351027978248,0.0
-0.1864661767010123,1.5655894785372009,0.0,-0.18433966193401477,1.550135365474045,0.0,-0.18742997457803892,1.5467463630614309,0.0,-0.19081937316645295,1.5441291983296,0.0,-0.17462456837738885,1.5575489669595677,0.0,-0.17060234773744568,1.5599223139096536,0.0,-0.1667382136479895,1.562553631568594,0.0,-0.19702881977601253,1.5411036908467388,0.0,-0.16372975693850214,1.5670047238831837,0.0,-0.19638329703162752,1.5660572880960666,0.0,-0.1868675394335341,1.5753236599190408,0.0,-0.24493873398257154,1.5716489198015722,0.0,-0.17394073544116254,1.6213249241013772,0.0,-0.2933648891691279,1.6264240996810895,0.0,-0.20198846862448888,1.6891938812586997,0.0,-0.34078963446474997,1.6657686504928149,0.0,-0.2207628173418735,1.7449119479365265,0.0,-0.359207267869746,1.68956650229753,0.0,-0.23146092858147224,1.7687288883822767,0.0,-0.35771351267502294,1.6902463924029172,0.0,-0.23425943839108396,1.769139261757229,0.0,-0.34836410584313254,1.6850076621367092,0.0,-0.23570331722236698,1.7599808529837773,0.0,-0.3021108064034632,1.6979228962995276,0.0,-0.26169085418243193,1.7234055213289534,0.0,-0.3505409589097332,1.777518077583434,0.0,-0.31386026487951896,1.7969413870078161,0.0,-0.40251608111193266,1.8642845150052065,0.0,-0.37135272455177865,1.8788981819958082,0.0,-0.4103491220816427,1.879871769159211,0.0,-0.3835790087067877,1.8912305531516111,0.0,-0.42114203620238894,1.901192842403791,0.0,-0.3788185194762752,1.9176326156489194,0.0,-0.18037928672507822,1.5540542085095923,0.0,-0.20943972973944458,1.5964869267445052,0.0,-0.2456702746332033,1.6535755774743237,0.0,-0.28190081197657535,1.7106642167069697,0.0,-0.22910901824730473,1.7614852736294475,0.0,-0.35281762678974965,1.6821985742217107,0.0
-0.18637278675730276,1.563911874116617,0.0,-0.18508422220467563,1.5497822104340586,0.0,-0.18820281148392165,1.5464222624871904,0.0,-0.19137282329772914,1.5435640764087584,0.0,-0.17486693797601044,1.5571392390117273,0.0,-0.17067543513943656,1.5593382185714857,0.0,-0.1671251003251521,1.5617721870746835,0.0,-0.19676970293832058,1.539252129755315,0.0,-0.16374383911507934,1.5655319105494232,0.0,-0.19658185508148723,1.565201994749124,0.0,-0.18720802090908012,1.574358415394096,0.0,-0.24559876583664209,1.569684358821481,0.0,-0.17437316618681983,1.6190334738551202,0.0,-0.2939321783812618,1.6245413918143208,0.0,-0.20289670937327828,1.686703837873912,0.0,-0.34147877481435507,1.6637386023344538,0.0,-0.22124874523321417,1.742562426326113,0.0,-0.3598514587053168,1.68752880136774,0.0,-0.23141994476464048,1.7661451505294603,0.0,-0.3584621273971371,1.688143724247603,0.0,-0.2338113221387921,1.7670545104298145,0.0,-0.3491206722735019,1.6828897366686655,0.0,-0.2350278625238084,1.7580883638065954,0.0,-0.30191556420994287,1.6965440991049767,0.0,-0.26124253703826694,1.7216208129373929,0.0,-0.34881700436568014,1.7770495490243226,0.0,-0.3133542158577388,1.7951976019692424,0.0,-0.39902338044010577,1.8648513018102053,0.0,-0.3703433109980243,1.8775052091447741,0.0,-0.40807499574733663,1.8797639569468532,0.0,-0.3849834035284059,1.8868452890836918,0.0,-0.4176518415330956,1.9017583644364797,0.0,-0.37807736946485454,1.916186972081765,0.0,-0.18025677571895732,1.5523920176432138,0.0,-0.2099859581382133,1.5943589169529953,0.0,-0.24578250031784574,1.6517206985974986,0.0,-0.281579035216341,1.7090824685744224,0.0,-0.2291814481427028,1.7593375990115803,0.0,-0.3535230097963643,1.6801566228243219,0.0
-0.18663206866288626,1.5630689433201794,0.0,-0.1852325837234203,1.5489713624754988,0.0,-0.1884827306004598,1.5456271171824594,0.0,-0.19181488722317117,1.5426742280401942,0.0,-0.17527880607384924,1.5563711218391874,0.0,-0.17175913939622575,1.5584916145246703,0.0,-0.16893968638970433,1.560612901315326,0.0,-0.1974836367729864,1.5382494358547618,0.0,-0.16617819285504762,1.5636346592148997,0.0,-0.197481391875135,1.5647168806358138,0.0,-0.18866242655671503,1.5737755712883852,0.0,-0.2473525065481359,1.5679599098558572,0.0,-0.17626301682363796,1.6175048959875602,0.0,-0.2950025641337702,1.623411554097229,0.0,-0.2048226734983484,1.6851600265614364,0.0,-0.3426264251221637,1.6625148533121192,0.0,-0.22203792888022103,1.7413793658159458,0.0,-0.36055111230549086,1.685935743124282,0.0,-0.23182307739789335,1.7650985058586073,0.0,-0.3593317281967468,1.6864702528026314,0.0,-0.23380248238994764,1.7661612391896178,0.0,-0.34992305412432956,1.6812857821567175,0.0,-0.23490059646174336,1.7572591038789864,0.0,-0.30281921624111247,1.6957549881936251,0.0,-0.2619068189280422,1.7204392435406732,0.0,-0.3485560152085304,1.7769277531804881,0.0,-0.3135353478007505,1.7943558584527552,0.0,-0.3958695740389839,1.8663215736693626,0.0,-0.37027633187363057,1.8768347035605242,0.0,-0.40598446817984596,1.8805345233777742,0.0,-0.38763888109455286,1.8765011063264903,0.0,-0.4154554160843505,1.9027296170906554,0.0,-0.37903214066844765,1.9152980660842365,0.0,-0.18183091507735313,1.550942047244221,0.0,-0.21180775483426206,1.5927324050218634,0.0,-0.24708538180071882,1.6504147720074978,0.0,-0.2823630014857069,1.7080971273250993,0.0,-0.22957249449193215,1.7583370931141504,0.0,-0.354642395802201,1.6789535710761077,0.0
-0.18837879827870563,1.56334293696183,0.0,-0.18672595992990004,1.5481414173859096,0.0,-0.19032295971025548,1.544941857408575,0.0,-0.19414588676941502,1.5420165259925365,0.0,-0.1774458198180754,1.55538852366899,0.0,-0.17498359941190988,1.5574982171371348,0.0,-0.17290167892130903,1.5594103962334838,0.0,-0.20085431690812716,1.5387288919287112,0.0,-0.17168443098040054,1.562214945751815,0.0,-0.20014706258436832,1.5643364445323642,0.0,-0.19172899336381777,1.5734970747405255,0.0,-0.2512890415022783,1.5677464141052369,0.0,-0.1802923009859685,1.6174242163527186,0.0,-0.29777453651807373,1.6241778910496016,0.0,-0.20830152261139723,1.685309076124859,0.0,-0.34516909395963863,1.6635588010168596,0.0,-0.22409361247724127,1.7419446570060138,0.0,-0.36221289160621883,1.685931728534288,0.0,-0.23332056235676793,1.765977732177822,0.0,-0.3612045975643242,1.6863309182476174,0.0,-0.23504883574978144,1.7670982670981559,0.0,-0.3518444975210477,1.681524747633761,0.0,-0.23625469333296226,1.7580954759916907,0.0,-0.3056723054378921,1.6967591818356802,0.0,-0.2643506633646026,1.7207520685379456,0.0,-0.35070691933767567,1.778323611008549,0.0,-0.3148118191355127,1.7954704913792037,0.0,-0.39547577635867326,1.8690185801735106,0.0,-0.3709159768252778,1.8783838356236142,0.0,-0.4057410528239991,1.8831233000213172,0.0,-0.38795682319282293,1.8750403407991485,0.0,-0.4148390098437463,1.9055455020722325,0.0,-0.3803227671537219,1.9166931913999596,0.0,-0.18626936500665325,1.5504719239690725,0.0,-0.21579066387226498,1.5925853165928208,0.0,-0.25040105851424355,1.6506704868876247,0.0,-0.2850114663385699,1.7087556333181753,0.0,-0.23113766011933812,1.7591119394611179,0.0,-0.3572040994524874,1.6799835882573289,0.0
-0.19371046268038605,1.5640579796244323,0.0,-0.19249391259835075,1.5477528231261326,0.0,-0.19644902626531974,1.5446662136027114,0.0,-0.20063399338831306,1.5416949909292996,0.0,-0.1833263597816029,1.554858254609611,0.0,-0.18120734157642643,1.5570762713110349,0.0,-0.17918728136731693,1.559099674653412,0.0,-0.20781761470104848,1.539747880903973,0.0,-0.17871639818314083,1.5622977037092864,0.0,-0.205873745848776,1.5642186777466844,0.0,-0.19730899763351922,1.5737499405182556,0.0,-0.25744188168128435,1.5694366766082737,0.0,-0.1859153643605137,1.6183486232066422,0.0,-0.3028693062101524,1.6267233411791833,0.0,-0.21256563074317308,1.6867783973117703,0.0,-0.3496885969793662,1.6667864683262106,0.0,-0.2273383991184651,1.743688365143484,0.0,-0.36538500517910305,1.6877824114559643,0.0,-0.23572506578804875,1.7679098056136124,0.0,-0.3647011574359862,1.687874928536208,0.0,-0.2375677965838443,1.7690514178932515,0.0,-0.3557927541266466,1.6835203459615626,0.0,-0.23897896465783475,1.75979155399416,0.0,-0.30998986263046535,1.6996516590777722,0.0,-0.26810269662296127,1.7226430061414075,0.0,-0.35453393738265016,1.781485013890283,0.0,-0.3169487207769221,1.7984271527551403,0.0,-0.39846543039917065,1.8725885369403785,0.0,-0.3719314666736815,1.8820883553374756,0.0,-0.4081075258143536,1.8871263847487438,0.0,-0.3869741119504976,1.8907652341334131,0.0,-0.41590702624116804,1.9100710871321305,0.0,-0.38133316986978427,1.920398959891493,0.0,-0.19326700065423458,1.5510227954822602,0.0,-0.2216786185470056,1.5938926554506565,0.0,-0.25536245490051274,1.6525200005547973,0.0,-0.28904626415323087,1.7111473453680428,0.0,-0.2338606472654834,1.7610605979644594,0.0,-0.3616910986142365,1.683235022901386,0.0
-0.20433393356876212,1.5644688262472692,0.0,-0.20281507090959397,1.5472025108198013,0.0,-0.20696021577330095,1.5440454030390138,0.0,-0.21112070715791223,1.5409780737299692,0.0,-0.19268806215774562,1.5546107864835756,0.0,-0.18980365195029839,1.557113835150959,0.0,-0.18699425656007243,1.5595317729022795,0.0,-0.2175504566579294,1.539954969206701,0.0,-0.18519060127080403,1.5635794587794378,0.0,-0.21510147653656778,1.565082352885447,0.0,-0.2058915559111734,1.5747262439990326,0.0,-0.26449344482186654,1.5722051396664434,0.0,-0.19169961591158596,1.619210242290105,0.0,-0.3093518297310236,1.6299384761396443,0.0,-0.2161595649828284,1.6884531594280894,0.0,-0.3555573537534666,1.670707946270399,0.0,-0.2309152204430152,1.7453675667079422,0.0,-0.3696048619062818,1.690762055983157,0.0,-0.23833554199594403,1.769567646612501,0.0,-0.3696338815843599,1.6902886126036378,0.0,-0.24099096402576375,1.7704740319444734,0.0,-0.36148509782704136,1.6860464241461346,0.0,-0.2426485043687569,1.7608942979030053,0.0,-0.3143882396927045,1.703242246556667,0.0,-0.2719745516087923,1.7252471500797761,0.0,-0.35831611838483624,1.7854080181955183,0.0,-0.31922026389932995,1.8020391654445316,0.0,-0.4028379324882777,1.8762245148232704,0.0,-0.3730802112476132,1.8864275842916123,0.0,-0.4117151241420922,1.8912416547385849,0.0,-0.3862186990550267,1.8977831794190352,0.0,-0.41814199959474907,1.9146294150886454,0.0,-0.3823482965445675,1.9247707328218293,0.0,-0.20137052508995748,1.5517672163344778,0.0,-0.2280965258815129,1.5957076966081905,0.0,-0.26063895623386113,1.6549762097683198,0.0,-0.29318137996696947,1.714244710873034,0.0,-0.23712067651718283,1.7628554627789117,0.0,-0.36734077977576374,1.6873141458441918,0.0
-0.21638327888452374,1.5623966207428968,0.0,-0.2147422818078111,1.545984613457271,0.0,-0.21895018532436786,1.5426942295244461,0.0,-0.2228748321353863,1.5396676513781544,0.0,-0.20310387449297865,1.553992390432993,0.0,-0.19901763445609613,1.556742031001139,0.0,-0.19508553736627723,1.5594553452492745,0.0,-0.22774405952333085,1.5391068742844163,0.0,-0.19030322858063423,1.5641504915710274,0.0,-0.22627736938463708,1.5669879426791475,0.0,-0.21612143665706432,1.575899543329236,0.0,-0.2707518538784004,1.5745957236883106,0.0,-0.1963766618367598,1.6190564030448977,0.0,-0.31520648835101894,1.6326405194144717,0.0,-0.21848283365160176,1.689086309870755,0.0,-0.36118764176114254,1.6736628752220768,0.0,-0.23408584294384813,1.7457742735412096,0.0,-0.373923339329361,1.6934814014402177,0.0,-0.24067493707984497,1.7700090301884763,0.0,-0.37513556704279666,1.6922518145663472,0.0,-0.24491383649353174,1.7702324720058547,0.0,-0.3675591931788674,1.68772575000101,0.0,-0.24690204695340615,1.7603882117081666,0.0,-0.31779686061016044,1.705845878394859,0.0,-0.27507939173929535,1.7272550953167223,0.0,-0.3608073000268514,1.7884955889604843,0.0,-0.32091767707742846,1.8048954363185556,0.0,-0.4062169671447569,1.8788714160551279,0.0,-0.3740840811299614,1.8897225112651372,0.0,-0.4150310933462164,1.8939256580552895,0.0,-0.38674229827135925,1.9016111167916372,0.0,-0.4213160755921056,1.9173573584040946,0.0,-0.3838116925598093,1.9279516627094448,0.0,-0.2090236558247545,1.5516286760640323,0.0,-0.2335642516469395,1.5968260662728364,0.0,-0.26500119432102853,1.6566882835785453,0.0,-0.2964381103843977,1.716550499324785,0.0,-0.24033549047298058,1.7632464256650626,0.0,-0.37280555016544353,1.6903852912382167,0.0
-0.22454246619094617,1.559173107239654,0.0,-0.2248828942680544,1.544410018447079,0.0,-0.2290770403631508,1.5411828893233757,0.0,-0.23280739580617388,1.5384211656566824,0.0,-0.21212729633435679,1.552589910129669,0.0,-0.20724210486137884,1.5552245259089508,0.0,-0.20253042936248744,1.557779694764069,0.0,-0.23594512504798348,1.537835507831007,0.0,-0.1946593221386519,1.5621008602046096,0.0,-0.23621618400410238,1.568167397953874,0.0,-0.22503251061018537,1.5757704670194475,0.0,-0.2751956350404926,1.5754426915990614,0.0,-0.19941574890859118,1.617464472355191,0.0,-0.3189838331031822,1.6339918721860567,0.0,-0.22005211954662698,1.6879414961944195,0.0,-0.36529641343398017,1.6746396894464515,0.0,-0.23671242164049516,1.7443277840507572,0.0,-0.3777760403234877,1.6944636222271,0.0,-0.2430043769944997,1.7688663372016427,0.0,-0.3801985643981077,1.6925254343600624,0.0,-0.24898309111801772,1.7681411607963236,0.0,-0.37271455094919353,1.6877042348918592,0.0,-0.2512323107002403,1.7581594307502026,0.0,-0.32011929106860504,1.7063450183092366,0.0,-0.27729293735160376,1.7275355856269625,0.0,-0.36202127173916443,1.7895621834332816,0.0,-0.3217732939825705,1.8059617855068693,0.0,-0.4077132688561979,1.8797955995841562,0.0,-0.37462015892576817,1.8909882991925755,0.0,-0.4162498140361435,1.8950089627654332,0.0,-0.38733972176192333,1.9028112482248858,0.0,-0.4238009815081182,1.9178788811657377,0.0,-0.38531867695994876,1.9289571832445755,0.0,-0.2153022250814286,1.5499681830994476,0.0,-0.2373056860832619,1.5964535854203434,0.0,-0.26800589508294975,1.6566969551204636,0.0,-0.2987060975448268,1.7169403127163383,0.0,-0.24336301489380427,1.7616512884149582,0.0,-0.3772603927037686,1.6911162847604009,0.0
-0.22981852247679904,1.5555469678924627,0.0,-0.2319818453244294,1.5424297513970235,0.0,-0.23601640108662542,1.5395657242474385,0.0,-0.23961160149407928,1.5372221102213277,0.0,-0.2190059396573995,1.5499147286269523,0.0,-0.21394012241794397,1.5520981048133586,0.0,-0.2090393772957772,1.5541522067854434,0.0,-0.24111938525692195,1.5362739555089309,0.0,-0.19924207465018245,1.5572443426604865,0.0,-0.24254578055774323,1.5663626808089102,0.0,-0.23064225826201817,1.5728653085612958,0.0,-0.2777268472315451,1.574477857057857,0.0,-0.20088463346214858,1.6145240227057505,0.0,-0.32077200476854534,1.6335754648740854,0.0,-0.22120702697210165,1.6850922237907446,0.0,-0.3677459976932948,1.673457091391025,0.0,-0.2387597885624206,1.7412071031422156,0.0,-0.3810074645200401,1.693089974925103,0.0,-0.24563612117258368,1.766046848936263,0.0,-0.38417183805965327,1.6907506905612428,0.0,-0.25255733708193245,1.7646097036417423,0.0,-0.3765208001426077,1.6860098803715626,0.0,-0.25467575670837744,1.7546657910419035,0.0,-0.3217966295262944,1.7047933590043787,0.0,-0.27878430182831726,1.7256038463110859,0.0,-0.3627483771433818,1.78848222876915,0.0,-0.32210982967297774,1.8046738759721568,0.0,-0.4079591106162778,1.8789577368895396,0.0,-0.37442817299161596,1.8900266153321987,0.0,-0.41469588613417796,1.8950491904757172,0.0,-0.38791749673128384,1.900963138893639,0.0,-0.42484789821834534,1.9166925972672466,0.0,-0.3855449914980699,1.9278751396175189,0.0,-0.22018074277430127,1.5467591418475815,0.0,-0.239305734494299,1.5945009434129263,0.0,-0.26979808322969445,1.6548497884229918,0.0,-0.30029044744036226,1.7151986102049344,0.0,-0.24606903693691842,1.7582631601976242,0.0,-0.3805043552486686,1.6893265370523207,0.0
-0.23408586389977915,1.5513278156520407,0.0,-0.23701276064257415,1.5394776370826968,0.0,-0.24071126071838117,1.5371250221141215,0.0,-0.244128604623305,1.5352188700391196,0.0,-0.22459605464589033,1.5456828247870653,0.0,-0.21966709436515836,1.5474138436582023,0.0,-0.21491266014849036,1.549038905256058,0.0,-0.24417435256069348,1.5341135109160706,0.0,-0.20442831967602343,1.5512938494293174,0.0,-0.24576612585658453,1.5618583233367305,0.0,-0.2338396742506657,1.5676422765864575,0.0,-0.278906471896615,1.5724455021593355,0.0,-0.20123874411724849,1.6108661380425477,0.0,-0.3216129378986806,1.631788324796958,0.0,-0.22154045399482863,1.681440292365445,0.0,-0.3692283219978745,1.67090194572391,0.0,-0.2399595858631145,1.7372767921240744,0.0,-0.3834687591841755,1.6902454164054599,0.0,-0.2481072404918479,1.7619340057878092,0.0,-0.38705970194607264,1.6879117796725993,0.0,-0.2549102500103185,1.7602292574235903,0.0,-0.3792936542884987,1.6835536476829809,0.0,-0.25648152381624084,1.7505047552453752,0.0,-0.32306835652032456,1.702285896381271,0.0,-0.27960528249483824,1.7221377958419155,0.0,-0.3635252704783242,1.7862150967134172,0.0,-0.3226063985413774,1.801384719898141,0.0,-0.4081854668600507,1.8769636220454882,0.0,-0.3737192219384107,1.8874647898809997,0.0,-0.40657185436292537,1.894333575344326,0.0,-0.3886612306310848,1.8963138451295307,0.0,-0.4258334988215319,1.9143494188442636,0.0,-0.3838075562234954,1.9256003370205688,0.0,-0.22430133725118884,1.542703679611138,0.0,-0.24007260094190108,1.5916558212046654,0.0,-0.27070470605916097,1.6519338483914854,0.0,-0.30133680556195297,1.7122118630044083,0.0,-0.24805939362770665,1.7539719204031297,0.0,-0.38269922925931565,1.686171184429924,0.0
-0.23828457790563903,1.5474172550848693,0.0,-0.24139109962664007,1.536089572163537,0.0,-0.24469325301989692,1.5341846335630624,0.0,-0.24789237403138875,1.5326253119270068,0.0,-0.2299157370895794,1.5409455714590086,0.0,-0.2251303538539609,1.5423793075064252,0.0,-0.22049215312682469,1.5437996045604765,0.0,-0.24671365728482336,1.531962878073945,0.0,-0.20963671752095703,1.5463897654117906,0.0,-0.24810869867589058,1.557764245007779,0.0,-0.23678010961967744,1.562663132692417,0.0,-0.27951606025776,1.5706915107053332,0.0,-0.2011241222831728,1.6076120369836604,0.0,-0.32226344008533087,1.630004868010946,0.0,-0.2208136915633153,1.6783594153372645,0.0,-0.3701719408533043,1.6687589090788935,0.0,-0.24037625053782372,1.7338056542579128,0.0,-0.384787811288833,1.6878605448514614,0.0,-0.24971957351280466,1.7577934521992886,0.0,-0.38895610969384614,1.6858516027463706,0.0,-0.2561728622980652,1.7558201895878294,0.0,-0.3811516664985632,1.681737213493731,0.0,-0.25719761957232495,1.74637806426566,0.0,-0.3238276977325201,1.7001305943623,0.0,-0.2799239365105968,1.7189878599782145,0.0,-0.36414701986976183,1.7841259800557523,0.0,-0.32363755824349083,1.7978439962557073,0.0,-0.4087479242804368,1.8749036607738105,0.0,-0.3736738825319787,1.884554234495303,0.0,-0.39812108950430397,1.88873801675938,0.0,-0.3887046008075806,1.8932517577452284,0.0,-0.4283103356594147,1.9113242990910122,0.0,-0.38154836871352255,1.9232076549346198,0.0,-0.22817519476049092,1.539176317236932,0.0,-0.2403200851410393,1.5891517768410137,0.0,-0.27109795607840714,1.649355506675739,0.0,-0.30187579916943585,1.709559235300208,0.0,-0.24927497262942996,1.7500889874306331,0.0,-0.3839808907570926,1.6837231295952535,0.0
-0.24226125856829886,1.5450512410679935,0.0,-0.24565730829333318,1.5340306163492319,0.0,-0.24862221311431928,1.5324515440507847,0.0,-0.25161816351306227,1.5311178987247502,0.0,-0.23514959126014148,1.537677416371817,0.0,-0.23044103649308725,1.538797821101365,0.0,-0.22578787140001397,1.539983282196465,0.0,-0.24948118339513017,1.5312052475335405,0.0,-0.21412441019449405,1.5433109172887822,0.0,-0.25086006905789526,1.556371841333716,0.0,-0.24022966782984953,1.5598973279292023,0.0,-0.2801255760122228,1.570171799824425,0.0,-0.201086702038444,1.6056862701293193,0.0,-0.32260432303592607,1.6296778405957797,0.0,-0.21958287063544352,1.676754986380402,0.0,-0.36996849123630793,1.6690952950495748,0.0,-0.24072916182143472,1.731616753515211,0.0,-0.3842616079136699,1.6878043775261449,0.0,-0.25055876389849835,1.7550035857132142,0.0,-0.3888512486277865,1.6862624738518615,0.0,-0.25737480499469795,1.7523142999873125,0.0,-0.3810214840902119,1.6820488895763757,0.0,-0.2582255767037485,1.743037390221431,0.0,-0.3240190823907663,1.6989610065776777,0.0,-0.28011194356960345,1.7178104064747535,0.0,-0.36417729017318373,1.7830335401609037,0.0,-0.32483112666698194,1.796100671621349,0.0,-0.4087887032429639,1.873806057007785,0.0,-0.37547519676528374,1.8824573582631399,0.0,-0.4050222706612959,1.8908393481901267,0.0,-0.389347177514763,1.8929042502722295,0.0,-0.4306406612250817,1.908900825374887,0.0,-0.3827470480622865,1.9212286701186367,0.0,-0.23180280094150155,1.5372580807169256,0.0,-0.24060613438266643,1.587929041289214,0.0,-0.2713358171152014,1.6481573819986144,0.0,-0.30206549329223786,1.708385710612973,0.0,-0.25028280676407705,1.747524678030602,0.0,-0.38379304060862074,1.68404510534135,0.0
-0.24589179725360752,1.5445104947069468,0.0,-0.24981797418652263,1.5343603973657662,0.0,-0.2524969839621353,1.5330457933884358,0.0,-0.2552662799824989,1.5318717729992393,0.0,-0.2401178893298735,1.5369301105592068,0.0,-0.23550258869222307,1.537574631173376,0.0,-0.23085715811098928,1.5382806770280495,0.0,-0.2524333929313331,1.532360404785478,0.0,-0.21817828361108116,1.5414224535770444,0.0,-0.2538282291314238,1.5568341919974442,0.0,-0.24360502615281565,1.5588636441128199,0.0,-0.2809774913995991,1.570855745929535,0.0,-0.2013859009477583,1.605113590716191,0.0,-0.32217863545469977,1.631253416129111,0.0,-0.21869689122457228,1.6764802516860138,0.0,-0.36763371402551986,1.6728579348386412,0.0,-0.24165186793061777,1.7306101710329114,0.0,-0.38122596330739944,1.6910507373237946,0.0,-0.25130800020910976,1.7538870148144294,0.0,-0.3851223755797504,1.6899069287984094,0.0,-0.2591730197960128,1.7502593713393582,0.0,-0.3773253656012165,1.6855497735486566,0.0,-0.2601481972107649,1.7409675662539883,0.0,-0.3238822148206056,1.698810747420619,0.0,-0.280384751967939,1.718587183937891,0.0,-0.36380996066350046,1.782992976348723,0.0,-0.32553588718634385,1.796629133824541,0.0,-0.4076268693870657,1.8741516649127357,0.0,-0.3795625052258375,1.8809109450715997,0.0,-0.4099628639956038,1.8914392949435863,0.0,-0.39274962766019894,1.8922100248777018,0.0,-0.43030508429171127,1.9087182586577303,0.0,-0.38780798830634067,1.9194869279242899,0.0,-0.23530583734723448,1.5368914306535584,0.0,-0.24118169019064636,1.5879846716777615,0.0,-0.27165757060812606,1.6483418347839691,0.0,-0.30213346596126855,1.7086989749419406,0.0,-0.2515780200814873,1.7462883628149775,0.0,-0.38110212127238374,1.6881293787566278,0.0
-0.24942934424827187,1.5453489621627328,0.0,-0.25371329975007767,1.5366198835842564,0.0,-0.25612524469720716,1.5355349545850716,0.0,-0.2586055086263734,1.5345297399723494,0.0,-0.24462711538392892,1.538294180654274,0.0,-0.2402043859840354,1.5384079289863082,0.0,-0.23573295135430453,1.5385276874449663,0.0,-0.2554515634851628,1.5347652311472346,0.0,-0.22252084153561544,1.5403053522666363,0.0,-0.25648146608662825,1.5575507581536643,0.0,-0.24640098254540785,1.558461793435997,0.0,-0.2820335592149847,1.5724221906813176,0.0,-0.20187716428126895,1.6053368310607956,0.0,-0.3210835885036442,1.6342324491303868,0.0,-0.2184005166595754,1.6768899547419311,0.0,-0.3634882877312996,1.6789419741596594,0.0,-0.2428119011528852,1.73037886416432,0.0,-0.3761846492048953,1.6971925320481973,0.0,-0.2520713091995104,1.7538531502373926,0.0,-0.3783868367103524,1.6963115481946327,0.0,-0.26100289664927406,1.749463898528912,0.0,-0.37062210662455874,1.6919197093881901,0.0,-0.2620911922766456,1.7400508714322958,0.0,-0.3237113923273865,1.6996164690036017,0.0,-0.28063993195493203,1.7203042919273626,0.0,-0.3639294102132535,1.783660407468732,0.0,-0.3258046094057129,1.7983384053931284,0.0,-0.40578834216081594,1.875734604760966,0.0,-0.38480789288446315,1.8792143084953281,0.0,-0.40909887378522175,1.8928623425934554,0.0,-0.3978114770771683,1.8907241391068852,0.0,-0.42842057011105616,1.9103313255940326,0.0,-0.39290698102505034,1.9178212925211868,0.0,-0.23898620095005788,1.5375352919468905,0.0,-0.24195535529527876,1.588879513116064,0.0,-0.2720655136419803,1.6494199524090394,0.0,-0.30217564479766323,1.7099603898654392,0.0,-0.25286988270979327,1.7459728117427349,0.0,-0.3759585036018353,1.6950388281768214,0.0
-0.2525900259417538,1.5471144590921138,0.0,-0.2568453154270685,1.5396092069410705,0.0,-0.2590506530098866,1.5386932264767716,0.0,-0.2612896233504576,1.5378698837967053,0.0,-0.24828026380658713,1.5406280403958046,0.0,-0.24416258878725466,1.540338366269924,0.0,-0.2400168378709419,1.5400241200488503,0.0,-0.2582422251982285,1.537441754377771,0.0,-0.22684626059404955,1.5401504756207747,0.0,-0.25858343465403444,1.5585560668472116,0.0,-0.24860538733997045,1.5588276291204672,0.0,-0.2826957306825299,1.5747283677837063,0.0,-0.20177715861127235,1.6057220105839456,0.0,-0.31994429372269595,1.6376406669662087,0.0,-0.21787612734528772,1.6773718109189553,0.0,-0.35973780405201833,1.684689329865394,0.0,-0.24314572196492032,1.730460667676623,0.0,-0.3715125946881054,1.7041382750641414,0.0,-0.25197726728703734,1.7540179654256822,0.0,-0.37269611357836135,1.703759787169975,0.0,-0.2617466110546796,1.748879693829675,0.0,-0.3648057852665442,1.6989097403985107,0.0,-0.2627816219513524,1.7393209377302523,0.0,-0.32329987283194156,1.700882160411905,0.0,-0.2805618159988716,1.7222502490974672,0.0,-0.3646745020563997,1.7843627726038214,0.0,-0.32687680115326034,1.7996071693035471,0.0,-0.4051793590198978,1.8770406262322177,0.0,-0.3875539134840735,1.8792349735120273,0.0,-0.4052303635035301,1.894485293653448,0.0,-0.39995253242527284,1.891394070966791,0.0,-0.4277162571263485,1.9116995220330397,0.0,-0.3953572336470178,1.9179028237072022,0.0,-0.2425442387566883,1.5387961152652847,0.0,-0.24223643935400013,1.5902251944376988,0.0,-0.2720836354201699,1.650895708795478,0.0,-0.30193082541531946,1.7115662108126704,0.0,-0.25329708065533285,1.7459939902708408,0.0,-0.3707395159394496,1.701823428285023,0.0
-0.25422711073654386,1.5484964806772699,0.0,-0.25832872984110716,1.5416868256533178,0.0,-0.2603817382770219,1.540879298764735,0.0,-0.262537901386426,1.5401716014510156,0.0,-0.2504164034265854,1.5422351543618082,0.0,-0.2466550151738922,1.54172985043099,0.0,-0.2428643673870962,1.5412132449491331,0.0,-0.25951279344727657,1.5391454646358818,0.0,-0.2296267784351222,1.5403148200737904,0.0,-0.2596710068943551,1.5598423945316695,0.0,-0.249974282776486,1.559800786338493,0.0,-0.2817819898786973,1.5768475953843681,0.0,-0.19990132268110078,1.6052020930762088,0.0,-0.31875467069555397,1.6399224216639605,0.0,-0.21572769865479452,1.6769125979265085,0.0,-0.35764259678841653,1.6877223102530265,0.0,-0.241846519693959,1.7295888384111977,0.0,-0.36901798910077643,1.708877114640604,0.0,-0.2501263041741826,1.7530363230158648,0.0,-0.3706327744092645,1.709609834699666,0.0,-0.2607637186621874,1.7468286116704574,0.0,-0.3627483209507103,1.7036211283612352,0.0,-0.2616184552388803,1.7371454153720258,0.0,-0.32180244054716717,1.701046835644168,0.0,-0.27962858201945834,1.7235079659101542,0.0,-0.3641921147501195,1.784016637839702,0.0,-0.32909594340961024,1.7988880104227252,0.0,-0.40659635331307986,1.87584097308203,0.0,-0.38645930167457765,1.880935218129235,0.0,-0.39992589091044556,1.8919600287066543,0.0,-0.3972887081128631,1.894510687136158,0.0,-0.4296140891420828,1.9101824155633675,0.0,-0.397523432820156,1.918799177857126,0.0,-0.24456977806094066,1.5397301467923612,0.0,-0.24084164903936786,1.591024844169315,0.0,-0.2707785854488964,1.6516511277752042,0.0,-0.30071549381357565,1.7122774098910447,0.0,-0.25215860637471627,1.7450159270012722,0.0,-0.36767354003599323,1.7054422191317844,0.0
-0.2531830056089891,1.5473570832032115,0.0,-0.2573861461433112,1.5409844612736063,0.0,-0.2592210494505894,1.5402651089263668,0.0,-0.2613408833256174,1.5395606790796748,0.0,-0.25034967287998816,1.5411887198843273,0.0,-0.24686565083181178,1.5406391579707546,0.0,-0.2433060454265215,1.540096602488412,0.0,-0.25742577707091335,1.5383917410255912,0.0,-0.2293866616957571,1.5390566143277633,0.0,-0.25877503812498576,1.5595814356856479,0.0,-0.24960353757045672,1.5594374517078244,0.0,-0.27860356049847523,1.576915602923877,0.0,-0.19586171033878275,1.6026489943099944,0.0,-0.31645279753595557,1.639468365394183,0.0,-0.21148615871205054,1.674403766244526,0.0,-0.35522559287523653,1.6873616894227916,0.0,-0.23912471968673554,1.7262987474211806,0.0,-0.3672243979019321,1.7091569166363678,0.0,-0.24681735292936988,1.7496981673085836,0.0,-0.3687307927833748,1.7107922403317026,0.0,-0.2582712917337473,1.742385257025725,0.0,-0.3617558376774713,1.704254116588255,0.0,-0.25886551884739795,1.7326462465858563,0.0,-0.31869884887485517,1.6984791060306614,0.0,-0.2774627110511071,1.7226186514555772,0.0,-0.3611599458821471,1.7814123791864693,0.0,-0.330557268265671,1.7954893516567587,0.0,-0.40738054910534033,1.8713761709500676,0.0,-0.38297333530447847,1.8807821126629156,0.0,-0.3974027206611141,1.8856856769664287,0.0,-0.39215116153154206,1.895524463503583,0.0,-0.43174813304172166,1.9047733517816317,0.0,-0.4026114580235258,1.9149937858221393,0.0,-0.24340621115007532,1.5387241825147333,0.0,-0.23723263010846515,1.589782304514249,0.0,-0.26765669821432214,1.6501656010898753,0.0,-0.2980807608168158,1.710548885038202,0.0,-0.24955610907788212,1.7416454183777017,0.0,-0.36522755750178715,1.705097971353253,0.0
-0.2490765365651555,1.5434164999988886,0.0,-0.25377988050629147,1.5371064012811928,0.0,-0.25531459932139927,1.5364436492686422,0.0,-0.2572593346016738,1.5356924028942374,0.0,-0.2474609056213607,1.5372415716338557,0.0,-0.24404974904564397,1.5368065451647162,0.0,-0.24050158238055896,1.536374819717145,0.0,-0.25167553338299686,1.5349980561732661,0.0,-0.22593502160177137,1.5357583938711568,0.0,-0.25521011623544393,1.5564647599425478,0.0,-0.24649825772213513,1.556437478828599,0.0,-0.27404862968026145,1.5741780476238816,0.0,-0.190927769155345,1.598659545651526,0.0,-0.31249518477180055,1.6363654678837634,0.0,-0.20672263129893464,1.6703769982848324,0.0,-0.34989666813637543,1.6853371861205222,0.0,-0.2363978161955292,1.7211348796967831,0.0,-0.3630361044722776,1.7056517642358502,0.0,-0.24386473554814703,1.7446597570420503,0.0,-0.3618336873589475,1.7062061352716138,0.0,-0.2554441652294176,1.736869180652649,0.0,-0.35682005553724544,1.7013092774972514,0.0,-0.25567997943542264,1.7271862748956193,0.0,-0.3150066178147849,1.693667448957301,0.0,-0.2746149047944829,1.719194811438105,0.0,-0.35753387357266414,1.7765668161026682,0.0,-0.33024346073137223,1.7901499713491182,0.0,-0.4059737221492137,1.8653553798971167,0.0,-0.3786769436564452,1.8777655915068094,0.0,-0.3979775397140004,1.8808595757600912,0.0,-0.3871703127014863,1.892912607213814,0.0,-0.43215660451403265,1.8973492465821993,0.0,-0.40474039842341814,1.9073762444866387,0.0,-0.23880526873565378,1.535378232687856,0.0,-0.2324881932105889,1.5864187997086618,0.0,-0.26364948347144207,1.6464249695141804,0.0,-0.29481074379303274,1.706431139370244,0.0,-0.24678312498508298,1.7365127714711153,0.0,-0.3604864195711712,1.7027289128219405,0.0
-0.24246502321634708,1.5394316493166171,0.0,-0.2473602351256327,1.5322372919546199,0.0,-0.24874054060969758,1.531457958944334,0.0,-0.2504468286219652,1.5306488559670073,0.0,-0.24099228946819756,1.5329631116594697,0.0,-0.23746179927868283,1.5327776930422061,0.0,-0.23378089831277776,1.5325685883786564,0.0,-0.24391931664864125,1.5309394395042664,0.0,-0.2200036996783324,1.5324592071488556,0.0,-0.24906865224268565,1.5522690508798254,0.0,-0.24027805844619637,1.5528108524166904,0.0,-0.26997584117800005,1.5704012167324348,0.0,-0.1870780670313396,1.5956277948120992,0.0,-0.3077724636188399,1.6329857848706788,0.0,-0.2038651050971529,1.667119514859406,0.0,-0.3415595128643012,1.6845176725540913,0.0,-0.23547394433204152,1.7166963280516603,0.0,-0.3549232573685251,1.7019668242665822,0.0,-0.24338094301681049,1.740228732109699,0.0,-0.350271568025504,1.6990862580653585,0.0,-0.25403412658769814,1.732736638968611,0.0,-0.34709515237583194,1.6972805303519136,0.0,-0.2538076814535129,1.7232537652035962,0.0,-0.3128227466554142,1.6891000322362035,0.0,-0.2726430057567728,1.7149597525993245,0.0,-0.35659731506641945,1.771347583663761,0.0,-0.32934612016656095,1.7850591660765538,0.0,-0.40404700811725525,1.860669219453649,0.0,-0.3753872889791294,1.8739552286341425,0.0,-0.39916185233431106,1.8774159885710355,0.0,-0.3839167966132886,1.8890819236493244,0.0,-0.4313882547349802,1.8916790093236486,0.0,-0.40174461586637594,1.9033046027951146,0.0,-0.23196151054254743,1.531699320708733,0.0,-0.22852694842661775,1.58301451054631,0.0,-0.2606299182849323,1.6425222054413908,0.0,-0.2927328582075126,1.7020299008593105,0.0,-0.24579012122847074,1.7321206817923858,0.0,-0.3531178242979451,1.7012813365303967,0.0
-0.23467280810227842,1.5385922049354004,0.0,-0.23861676517741157,1.5293700643155221,0.0,-0.2402065608842309,1.5281608744151913,0.0,-0.24189980579916628,1.5271873531339322,0.0,-0.23132400405454942,1.5315659812897193,0.0,-0.22762721911011638,1.5317143000029494,0.0,-0.2238527391502492,1.5317932674949828,0.0,-0.23638664571838272,1.5285864275878012,0.0,-0.2127200886649638,1.5321408103489886,0.0,-0.24156476516344075,1.5500919543334024,0.0,-0.23216146981276473,1.5519645177248396,0.0,-0.26763111796476674,1.5681971530558034,0.0,-0.18533350971746318,1.5953177149388744,0.0,-0.3034710935778951,1.6319224148052562,0.0,-0.20390300485332893,1.6663673070048717,0.0,-0.3332999306493899,1.6858421757829654,0.0,-0.23708345363066627,1.7149063319539908,0.0,-0.3451304186958358,1.7013970525807751,0.0,-0.2460242745398304,1.7379258688888048,0.0,-0.34049197836266415,1.6950258748110634,0.0,-0.2552199163791378,1.7309437478511132,0.0,-0.3376447934881699,1.694856392371675,0.0,-0.2544776372117093,1.7218355402318672,0.0,-0.31339344497099253,1.6867094040345243,0.0,-0.2729195472963615,1.7121062605912725,0.0,-0.35871678892378095,1.7681137469674153,0.0,-0.32939427562789764,1.7823898007233707,0.0,-0.4020667107535572,1.8594954315007626,0.0,-0.37396121929783255,1.8720340236035486,0.0,-0.3972769676481302,1.8762697387555705,0.0,-0.38247590457675534,1.887169066952162,0.0,-0.4288024309252893,1.8910287805346286,0.0,-0.39756973644445776,1.9036367507393421,0.0,-0.22455336826179403,1.5303636193033618,0.0,-0.22648230644564443,1.5817574333521132,0.0,-0.25981939413221306,1.6405826406193036,0.0,-0.2931564751107094,1.6994078358799898,0.0,-0.24765584265006924,1.7301562101338275,0.0,-0.3457119854292073,1.7019839194697668,0.0
-0.2275966946398912,1.541437522892754,0.0,-0.22997440874450722,1.5298201267290041,0.0,-0.23205124269239122,1.5279842317470758,0.0,-0.23406163625293389,1.5266737487421769,0.0,-0.22146608446387087,1.5338807207100444,0.0,-0.21766371248749986,1.5343695007184064,0.0,-0.21389592256059423,1.5347480755209544,0.0,-0.2309208858478208,1.5287074573160633,0.0,-0.20575605223473228,1.5357939109872185,0.0,-0.23506100750138934,1.5510692629833231,0.0,-0.2250798093495147,1.5548309137537333,0.0,-0.2670922782428657,1.56838939923697,0.0,-0.18555767731824516,1.5977241917561433,0.0,-0.30070421623402954,1.6333174398778523,0.0,-0.20608523817070598,1.6682329850219062,0.0,-0.3297823040827662,1.687645746974542,0.0,-0.2406128055879332,1.7158231753170243,0.0,-0.3392750472307284,1.7041418313042038,0.0,-0.25092181505102634,1.737807132275017,0.0,-0.33853275406305144,1.696964442881008,0.0,-0.25900712452379687,1.7309518485211803,0.0,-0.33441052497425566,1.6953401736198073,0.0,-0.25771714453742695,1.7223668252424527,0.0,-0.316207388147743,1.6866633137420026,0.0,-0.2753830360528222,1.7114929128521517,0.0,-0.3618827830259885,1.7678706462810956,0.0,-0.3305182243118995,1.7828321164449672,0.0,-0.39931518110357406,1.8618315081596515,0.0,-0.3734530267188327,1.8732693980612771,0.0,-0.391927866190743,1.8776348812576122,0.0,-0.3816743109779705,1.888565799196641,0.0,-0.42376996937454114,1.895164887301511,0.0,-0.39500452847932804,1.9063091803872743,0.0,-0.2183384732005004,1.5322506833944185,0.0,-0.2263249697210361,1.5830567932467012,0.0,-0.2610600983370427,1.6410674583478648,0.0,-0.29579519653950015,1.6990781256297565,0.0,-0.2519652585963018,1.730501595012967,0.0,-0.34153381534639066,1.7042745465742875,0.0
-0.2229040190036868,1.5459941201727236,0.0,-0.22413455934868648,1.5329231549013134,0.0,-0.22668294475740647,1.5305855249955789,0.0,-0.2291174473673176,1.5288906033283292,0.0,-0.2148276281476761,1.5382825449770896,0.0,-0.21099146438133376,1.539017914937947,0.0,-0.20724023637896916,1.5396493522462755,0.0,-0.22811854510861596,1.5306293723637763,0.0,-0.20048764727101598,1.5417489944254161,0.0,-0.23120301276223443,1.5540418572825954,0.0,-0.22114829042830653,1.5594035377670052,0.0,-0.26766021015834385,1.5698317660867986,0.0,-0.18720110318002892,1.60199934766099,0.0,-0.3008026636643486,1.635000705103697,0.0,-0.20932883530637802,1.6720224449453154,0.0,-0.33407704616281986,1.6868651015069764,0.0,-0.24509623218563298,1.7186879830281296,0.0,-0.3422801239707639,1.706205738563383,0.0,-0.25689145148078857,1.7395894135962124,0.0,-0.3445907607034619,1.701039999770025,0.0,-0.26455559989759575,1.7324253451959792,0.0,-0.3386826482498079,1.6964041300358341,0.0,-0.2626261444471975,1.7243736347321066,0.0,-0.31971738893206536,1.6882292764712192,0.0,-0.2787343860015492,1.7127961278514436,0.0,-0.36501978706575566,1.769645277839102,0.0,-0.33194846899134334,1.7855795897447637,0.0,-0.3982717047348503,1.8651656314928007,0.0,-0.37291011380492955,1.8769275115494537,0.0,-0.3903928338951484,1.8807297703120858,0.0,-0.38105994094785556,1.8922621038200012,0.0,-0.41913551450447556,1.9008566986705928,0.0,-0.39425508120989516,1.9101010975895982,0.0,-0.21430308910353002,1.5361891882993468,0.0,-0.2274306506170286,1.5859155601125412,0.0,-0.26332826554886435,1.6432141435824275,0.0,-0.2992258726336462,1.7005127157392563,0.0,-0.2575272092848403,1.7324649566593897,0.0,-0.34400506150571614,1.7046428827087687,0.0
-0.22057208493884553,1.5502075027836253,0.0,-0.22129768997881286,1.5370418924509837,0.0,-0.2241215817640941,1.5344764505932011,0.0,-0.22684226106146657,1.5325097057569288,0.0,-0.21189464965532936,1.5426959104554434,0.0,-0.20811917370977887,1.5435232209473748,0.0,-0.20437093501941508,1.5443105580713845,0.0,-0.22710989529139117,1.5331468958009167,0.0,-0.19721527738542735,1.5473289040833664,0.0,-0.22948584219637305,1.557205620380978,0.0,-0.21981159569119937,1.5632102846761669,0.0,-0.26817667274846263,1.5708592436093023,0.0,-0.18940083418202436,1.606953404608481,0.0,-0.30420956434410024,1.634475621691074,0.0,-0.2128638418266842,1.6765404576759317,0.0,-0.34449222535882246,1.6811061628256572,0.0,-0.2497566647908495,1.7223214443168013,0.0,-0.3530768108692731,1.702231051164882,0.0,-0.26280824067281855,1.742524621246493,0.0,-0.35401422513279435,1.6994575085750694,0.0,-0.2704199557305688,1.7349245160807656,0.0,-0.34693455475288276,1.6929318547925087,0.0,-0.26780335422196927,1.7272284343403455,0.0,-0.32238941182176006,1.6902671342281552,0.0,-0.28150988729911786,1.715005792048325,0.0,-0.36851882139568587,1.7712174284077287,0.0,-0.33317406711046343,1.788897493057586,0.0,-0.40051690944975005,1.8671650722124844,0.0,-0.373137761116938,1.8806863939401384,0.0,-0.395757577947574,1.8839480334096952,0.0,-0.3820580267791143,1.895586000078547,0.0,-0.4172158595357757,1.904984325251343,0.0,-0.3944841150023204,1.9138590878325845,0.0,-0.21216257843025546,1.540237904774129,0.0,-0.22878874774271246,1.5889063279968743,0.0,-0.2653692061067789,1.6457714006805935,0.0,-0.30194963449250467,1.7026364762959612,0.0,-0.26305589298476084,1.735262260501406,0.0,-0.35298134285919164,1.6996142658395403,0.0
-0.2191131125821808,1.5528971201094548,0.0,-0.21960388569701883,1.5402571891550676,0.0,-0.2225453839680166,1.537580400121085,0.0,-0.22540878608187498,1.5354472168116204,0.0,-0.21059591360987906,1.5456858394803814,0.0,-0.20699800309598249,1.5464963008688095,0.0,-0.20333005652305924,1.5473393558573392,0.0,-0.22655117500408067,1.5347935452055517,0.0,-0.1954881381106276,1.5505450239043592,0.0,-0.2283541924210083,1.5590598339417867,0.0,-0.2191771525850581,1.5649367783114907,0.0,-0.2676779716846858,1.5703673883085678,0.0,-0.19115725314390059,1.6110245012665987,0.0,-0.30971121520673384,1.6301889502741511,0.0,-0.21600057089650349,1.6801307979796245,0.0,-0.35463737087036484,1.6723640695059714,0.0,-0.2538644604104033,1.7251119606475227,0.0,-0.3641696758878091,1.6927401692017063,0.0,-0.26730642655679676,1.7449122131099926,0.0,-0.36126988908850144,1.6906581327029828,0.0,-0.27481723426414656,1.7369455084503425,0.0,-0.3540153336253672,1.684291222316264,0.0,-0.2717930123436701,1.7293054206766605,0.0,-0.3234893197506331,1.69131166352422,0.0,-0.28299733255324777,1.7166796687423598,0.0,-0.37317541147080147,1.7701289512533311,0.0,-0.3339883483015407,1.7910375013262807,0.0,-0.4044801273862074,1.8663050540661175,0.0,-0.37480083992491836,1.882452159294037,0.0,-0.4022007808071156,1.8836002442086706,0.0,-0.38468135949941484,1.896733081375664,0.0,-0.4211186176636227,1.904150945199517,0.0,-0.39471860297651945,1.9165017871819037,0.0,-0.21101964765163916,1.5426692899579972,0.0,-0.22941760711461462,1.590695949352478,0.0,-0.26633048351378563,1.6473458035569628,0.0,-0.3032433084006284,1.7039956749116092,0.0,-0.2675224250548145,1.737673576620377,0.0,-0.3624905653797144,1.6911508289153507,0.0
-0.21776660581825077,1.553807678301484,0.0,-0.2180759154788254,1.541580956773527,0.0,-0.22106491434457717,1.5387385236057656,0.0,-0.2240228428560974,1.5364499834132819,0.0,-0.20949522803339413,1.5469063997176438,0.0,-0.20608042298381787,1.5476810724238967,0.0,-0.2025677637727967,1.5485107448878779,0.0,-0.22589596833280903,1.5348836210685948,0.0,-0.19479277240442125,1.551281971192102,0.0,-0.22717392978570092,1.559235423060379,0.0,-0.21832566576642795,1.5648754317273108,0.0,-0.2666104968448735,1.5684820099611072,0.0,-0.19236185635833855,1.6131537077795408,0.0,-0.3150932313745711,1.6232071165348616,0.0,-0.21844702742702832,1.6818008820306543,0.0,-0.35963832274309115,1.6657845164073442,0.0,-0.2569623098963727,1.7262255614373008,0.0,-0.36971623632963857,1.6844501072611326,0.0,-0.2695474331812324,1.7455279942280741,0.0,-0.36426836234968535,1.6817321419146503,0.0,-0.27676311760100913,1.7373369513479309,0.0,-0.3573746384066304,1.6763291119875339,0.0,-0.2739518036312848,1.7294668984445465,0.0,-0.32365988448802385,1.6907174137859384,0.0,-0.283755459474469,1.7169999855832034,0.0,-0.3783641109764632,1.766138366840776,0.0,-0.3345074974552351,1.7915211342218278,0.0,-0.4091182386450334,1.862491942914242,0.0,-0.3770758928721187,1.8821314585535618,0.0,-0.4074680658897458,1.8798584610676425,0.0,-0.38760436203148313,1.895941626536748,0.0,-0.42940545721256873,1.8985138750832113,0.0,-0.3943010055715139,1.9176193429195683,0.0,-0.21034436126127373,1.5430828020819,0.0,-0.22948617112112746,1.5908178629940215,0.0,-0.266596906118217,1.6473382997706925,0.0,-0.3037076555768995,1.7038587105993444,0.0,-0.2704889275681477,1.7389285063100095,0.0,-0.36760153077924507,1.6845249089027141,0.0
-0.21717839699686065,1.5536708392703962,0.0,-0.21748150965833207,1.5416613049674541,0.0,-0.22044854659444807,1.5386310045133595,0.0,-0.2234348234724976,1.5361851234170223,0.0,-0.20905682792267227,1.5470713806105654,0.0,-0.20566414802454153,1.5478120880226844,0.0,-0.20223316870079783,1.548581612444917,0.0,-0.22558827310818874,1.5342399609395778,0.0,-0.19486647033384769,1.5510294783084226,0.0,-0.22650247633646076,1.5587041592370585,0.0,-0.21773370253202923,1.5643829652742003,0.0,-0.2668650221536656,1.5662979002788664,0.0,-0.1941865706816273,1.6134812012624422,0.0,-0.3191064732075533,1.617447129293292,0.0,-0.22078523395159733,1.681931050017544,0.0,-0.3604911482230158,1.6631024555849265,0.0,-0.2591360005090759,1.7264978294449438,0.0,-0.371162533611515,1.6813129444006123,0.0,-0.2701840443668976,1.745134141946292,0.0,-0.36530726383718404,1.6784103323135158,0.0,-0.2769890259676714,1.7370937140154052,0.0,-0.35852217891181126,1.6732481962468082,0.0,-0.27488366787198215,1.7288743255034198,0.0,-0.3245103442593352,1.6894043379987067,0.0,-0.28508028272992864,1.7163933536111362,0.0,-0.3817117185349591,1.7629493945040795,0.0,-0.3350012653017895,1.7914737535346918,0.0,-0.41265944975799246,1.859240961751408,0.0,-0.3782727968430194,1.8817504045688684,0.0,-0.4109856797857285,1.8766052215103104,0.0,-0.38907370435727584,1.8953485588345025,0.0,-0.435832271858879,1.8934779468738374,0.0,-0.39266506220948894,1.9184785564676916,0.0,-0.21022737346396797,1.542634718754828,0.0,-0.23052578899282614,1.5898895518622738,0.0,-0.2676605567361839,1.646394201671796,0.0,-0.3047952953443819,1.7028988541716168,0.0,-0.2721823009212649,1.739693595418633,0.0,-0.369031991967883,1.6815867457047375,0.0
-0.21782542929054285,1.5532210210795225,0.0,-0.2181756924022558,1.541362833010367,0.0,-0.22103951125144553,1.5382339491189998,0.0,-0.22394029018395048,1.535676491198868,0.0,-0.20973473009191748,1.54676707116614,0.0,-0.20622621222247964,1.5474636083814322,0.0,-0.20272069610458368,1.5481754455516135,0.0,-0.22613391248923068,1.5336270479440215,0.0,-0.19561995539656477,1.5507395671128252,0.0,-0.22674354322124227,1.558137873834355,0.0,-0.21798188385504116,1.564048816848301,0.0,-0.2697208764971311,1.5642388304554455,0.0,-0.19763705568227316,1.6123256683303941,0.0,-0.32249921869766257,1.6148338838850993,0.0,-0.22393561285405283,1.6808913782226442,0.0,-0.36184929856189235,1.6622540416200733,0.0,-0.26054962052907293,1.7268956559155968,0.0,-0.37377348206634853,1.6815485811336297,0.0,-0.27048231624620667,1.7450752864813648,0.0,-0.3686578286619467,1.6797330251131153,0.0,-0.2769771619703052,1.7377965970793603,0.0,-0.36151441529574463,1.674008107196439,0.0,-0.2755071067524627,1.7293599014419996,0.0,-0.32686365374096465,1.6884329451154279,0.0,-0.2873254802013759,1.715263329926201,0.0,-0.3829822989869577,1.7628074717435205,0.0,-0.33522933130151145,1.791646521816807,0.0,-0.4151498734454504,1.8586984261879165,0.0,-0.37753081604299166,1.8823817605751663,0.0,-0.41424597812451014,1.8761197348684797,0.0,-0.38815673756659724,1.8961170870852162,0.0,-0.43921576438289417,1.892313656780311,0.0,-0.38895435858959226,1.920138840970344,0.0,-0.21087694311427044,1.542183302834925,0.0,-0.23367895883270892,1.5882822508074204,0.0,-0.2703867696471579,1.6450651976370847,0.0,-0.3070945500853316,1.7018481477271208,0.0,-0.27301205058373385,1.7406441842444813,0.0,-0.37109179522974195,1.6803976699356107,0.0
-0.21908442043343185,1.5519217279878184,0.0,-0.21910078525010462,1.5402055637710192,0.0,-0.22185084436648778,1.537094580390678,0.0,-0.22463970273166317,1.534476213280029,0.0,-0.2107595210331819,1.5454761449699304,0.0,-0.20720294761927444,1.546188352084565,0.0,-0.20356880493165413,1.5469540614890551,0.0,-0.2274511600115925,1.532157679182391,0.0,-0.1970852034994764,1.5494460312658878,0.0,-0.22753082957552756,1.5565285291700082,0.0,-0.21897084798478444,1.5626189145657552,0.0,-0.27418745042015363,1.5613088935071038,0.0,-0.2020029542518481,1.6092444722874626,0.0,-0.32556922251766185,1.6133216451465395,0.0,-0.22808244722597976,1.6778938038833184,0.0,-0.3649373526028938,1.6607268186882884,0.0,-0.2609083621876717,1.7266732916933036,0.0,-0.3781627654368313,1.6814470685768133,0.0,-0.27055707133342993,1.744915624992768,0.0,-0.3745326105453192,1.6811680937989293,0.0,-0.27698283540205965,1.7388365455634966,0.0,-0.3671429210154075,1.6751746936626872,0.0,-0.2756989045409433,1.7304597330621811,0.0,-0.32966374130140197,1.6874673201015737,0.0,-0.28918736031232317,1.7128602186751463,0.0,-0.3834903586985034,1.7635170920603676,0.0,-0.3343070131775881,1.7909203741895896,0.0,-0.41765440440952467,1.8587150225602223,0.0,-0.37579406809456267,1.8820308754404669,0.0,-0.4184783771972068,1.8761402942005683,0.0,-0.38590419843493096,1.8961501766648288,0.0,-0.4400426770534156,1.8934701097046331,0.0,-0.38403902605635987,1.9206069705317292,0.0,-0.21226817712752583,1.540801857872405,0.0,-0.23809519444794372,1.5852766833507088,0.0,-0.2737603561236571,1.6427202440698625,0.0,-0.3094255334887983,1.700163778859582,0.0,-0.2728933653775075,1.740839938883697,0.0,-0.3748105615637091,1.6785350959189376,0.0
-0.22030619701616375,1.5485946130273336,0.0,-0.21959865365662762,1.5370539621180128,0.0,-0.22230762237000662,1.5340206471217943,0.0,-0.22509132263302445,1.5313559966914652,0.0,-0.21154342077419858,1.5423063272488569,0.0,-0.2081161360186688,1.5431766115172405,0.0,-0.20444996598797244,1.5441471637211182,0.0,-0.22916376276975775,1.528408339382899,0.0,-0.1993685936783683,1.5456611175590713,0.0,-0.2285449881639428,1.5524303909355546,0.0,-0.2203819679292794,1.5585183359406927,0.0,-0.2782006503511314,1.556715222579578,0.0,-0.20563974427549073,1.6040790918214611,0.0,-0.32754971278109096,1.6106604065561838,0.0,-0.23235614218796322,1.6724830739053134,0.0,-0.36766730527323,1.657433036560982,0.0,-0.2602792250319953,1.7242255184606496,0.0,-0.38136389693746015,1.6790804605769876,0.0,-0.2698602548888216,1.742918121430111,0.0,-0.3795120693690748,1.6796354065757,0.0,-0.2761581710786981,1.7380582656318142,0.0,-0.3724679381228291,1.6743422049847576,0.0,-0.2748312328756669,1.7298749493860717,0.0,-0.3313267846396583,1.685598610878967,0.0,-0.28937451487426125,1.70847094738996,0.0,-0.38306023334624273,1.7630874671121162,0.0,-0.3317396419070563,1.7880596838111158,0.0,-0.41947748161800674,1.8574464201537466,0.0,-0.3738174265574816,1.8788988780104403,0.0,-0.4220793660472661,1.8746960352309436,0.0,-0.383533802942103,1.8932919816547513,0.0,-0.4386068367473211,1.8940963670395112,0.0,-0.3803272782629328,1.9178053848576881,0.0,-0.21426617075533255,1.5370347355644258,0.0,-0.241920192251911,1.5803971619271366,0.0,-0.2761354166362146,1.6387159826095,0.0,-0.310350634028963,1.6970347914484298,0.0,-0.27171709128584687,1.7388374796444352,0.0,-0.3779158780648687,1.6750279718789098,0.0
-0.22177624310605304,1.5434100699220623,0.0,-0.22061415043107588,1.5321678783349426,0.0,-0.22335627739285144,1.5291878919996669,0.0,-0.22623699762118268,1.526477497236847,0.0,-0.2128188434530723,1.5376263021169814,0.0,-0.20959035236803167,1.5387018325292985,0.0,-0.20603430221428817,1.5398717367915724,0.0,-0.23119034967136817,1.522811939820085,0.0,-0.20247504786890344,1.5398691022150033,0.0,-0.23014584907697774,1.5464163696647577,0.0,-0.22227835375427682,1.552354944734726,0.0,-0.28083241044148455,1.5514367346148845,0.0,-0.20785254241076556,1.598152471388471,0.0,-0.32865297399480875,1.6067414047470567,0.0,-0.23571554632171976,1.6660974763219,0.0,-0.36958659696827795,1.6528015681770418,0.0,-0.26033097344839345,1.7194927932649442,0.0,-0.38321269566773913,1.6747582554091618,0.0,-0.2694118090840338,1.7386632281180743,0.0,-0.38228810114513256,1.6753493656283878,0.0,-0.2749964409131345,1.7348771347636245,0.0,-0.3758882669510428,1.6712382524356018,0.0,-0.2738404376223316,1.726696261052487,0.0,-0.3316127169441108,1.6829005276050093,0.0,-0.2883372064425528,1.703158042427176,0.0,-0.38146643783248585,1.761611893169218,0.0,-0.3286011654425966,1.7838301228470081,0.0,-0.41980026823162,1.8552086101935363,0.0,-0.37180626390026766,1.874138586631601,0.0,-0.42372000410046545,1.8722072776005176,0.0,-0.38136607697084784,1.8886361511380645,0.0,-0.43774034785350646,1.892455145301559,0.0,-0.3792537777299303,1.912876539365824,0.0,-0.21683271466763807,1.5313405127318604,0.0,-0.24434247051429886,1.5747946064199339,0.0,-0.27715869761132705,1.6339119614399797,0.0,-0.3099749426354702,1.693029290778678,0.0,-0.27084058600607896,1.734786002148785,0.0,-0.3799540137511582,1.6703267404260564,0.0
-0.22379597353426792,1.5383347589987324,0.0,-0.22278464062350026,1.52732992091523,0.0,-0.22559439013067858,1.524322865839551,0.0,-0.22855925163130955,1.5215926917915745,0.0,-0.21502941744216728,1.533003779792145,0.0,-0.21193997039543586,1.5341221984166176,0.0,-0.20859465601513036,1.5353052266383311,0.0,-0.23334084030829075,1.5175487227538467,0.0,-0.205737532852128,1.5344637540136221,0.0,-0.2323526999981014,1.540883551756991,0.0,-0.22450212075536344,1.5466240218994753,0.0,-0.2824902046311887,1.5472608771065623,0.0,-0.20903980511341833,1.5932332602377435,0.0,-0.33019819063479977,1.6026626903301848,0.0,-0.23758568590626306,1.6608942044530457,0.0,-0.3723107991109221,1.6476474472181342,0.0,-0.26208919943420467,1.7143409718844134,0.0,-0.3861046128827622,1.669042823355825,0.0,-0.27039763722265014,1.73373449654993,0.0,-0.38498942935559977,1.6697322014820632,0.0,-0.27475049301953264,1.730904835193042,0.0,-0.3790053970451018,1.6664617276620408,0.0,-0.2739949472907088,1.7224345189594588,0.0,-0.33135749498680045,1.6802034200779474,0.0,-0.28740747721293103,1.6989526241575095,0.0,-0.37958074628223615,1.7599241237244643,0.0,-0.3264774999255569,1.7802096501851459,0.0,-0.4189593108588893,1.8530861151301994,0.0,-0.3700938740340247,1.8703201993650302,0.0,-0.42368465678411665,1.8698786768401239,0.0,-0.37953149574261824,1.8848976030793063,0.0,-0.43875315276731097,1.88938149578528,0.0,-0.37995939501070053,1.9085139938890192,0.0,-0.21953918009082082,1.5260062394700624,0.0,-0.24576499936875684,1.5702470727374838,0.0,-0.2775737382526033,1.6299125615569776,0.0,-0.3093824713914416,1.6895780378538015,0.0,-0.27143735868333246,1.7303705106404226,0.0,-0.3828998502688799,1.6650396002959371,0.0
-0.22532396675652192,1.534922284060003,0.0,-0.22471697830855442,1.5237073013595055,0.0,-0.22761559345670795,1.5206332885442366,0.0,-0.23059185888372608,1.517947579204798,0.0,-0.21682266403081035,1.5293538402773956,0.0,-0.21384427493462727,1.5303381523447135,0.0,-0.21077398744232828,1.5314221463778999,0.0,-0.23466583024944437,1.5140329803104573,0.0,-0.20774352517552302,1.5310613001483406,0.0,-0.2339251373576171,1.537249967574766,0.0,-0.22596429851009298,1.5428083726881898,0.0,-0.28362872059318,1.5447600831492374,0.0,-0.20958556549810378,1.589771552616992,0.0,-0.33245948590230584,1.5991748715464276,0.0,-0.23774775793273414,1.657593094914557,0.0,-0.3759662765318842,1.6428126913137475,0.0,-0.2638160395988513,1.710294364491795,0.0,-0.3900447338298691,1.6624254852763418,0.0,-0.27169098466094105,1.7295156960462215,0.0,-0.3888149390756532,1.663864266063855,0.0,-0.27509933357257915,1.7273652594516196,0.0,-0.3829698094261519,1.6608500715171193,0.0,-0.27459286035056335,1.7186198688020473,0.0,-0.3310334587336815,1.6778990621611862,0.0,-0.2870399487823615,1.6965459867897652,0.0,-0.37815553145948466,1.7582755687873304,0.0,-0.32558036373226906,1.7780555406415073,0.0,-0.4177231396771845,1.8513574272277942,0.0,-0.368757604814892,1.8683773265868884,0.0,-0.42257960239034176,1.8681125396658054,0.0,-0.3781927386427973,1.8829563406898044,0.0,-0.4400237074558895,1.886168855109169,0.0,-0.38087219598907207,1.905918385774988,0.0,-0.22120467358552504,1.5225471433351323,0.0,-0.24660713517622998,1.567265818070946,0.0,-0.2778219132273142,1.627244181308629,0.0,-0.30903668555570873,1.6872225320204581,0.0,-0.2724787393025435,1.7267044780782728,0.0,-0.3872083498714008,1.6597900521256204,0.0
-0.22555726309857857,1.5329362427179405,0.0,-0.22505482948300037,1.520988022088102,0.0,-0.22804435212566193,1.517926791727847,0.0,-0.23100403071217024,1.5153614307976984,0.0,-0.21705121586462478,1.5263980920266502,0.0,-0.21425621860489924,1.527317645902137,0.0,-0.21148764683050886,1.5284498906944988,0.0,-0.23468785596832925,1.5119243540885838,0.0,-0.20802211760525452,1.5292537109936633,0.0,-0.23406581496708495,1.5349396164009823,0.0,-0.22607698746611654,1.5403699459118274,0.0,-0.28414352421964145,1.5432635686788114,0.0,-0.20950282151797198,1.5872770518434187,0.0,-0.33411730841144355,1.5966305409607116,0.0,-0.2365456715422512,1.65555263272641,0.0,-0.3784349263820041,1.6394446610888482,0.0,-0.2636748415932208,1.707715715998225,0.0,-0.39225429357694674,1.656573603272593,0.0,-0.27161841990852825,1.7264593749954598,0.0,-0.39178913381368974,1.659059371942099,0.0,-0.27501382964095217,1.724448884845691,0.0,-0.3860171110611642,1.6559649871864337,0.0,-0.2744750631307565,1.7157684950957282,0.0,-0.3306098731489762,1.6758085346138254,0.0,-0.2869180330060223,1.6951517458483458,0.0,-0.3770832159345761,1.7565618686981257,0.0,-0.3251237365548937,1.7768187230787835,0.0,-0.41669289034751067,1.849625834247103,0.0,-0.3677307216394309,1.8674109080942483,0.0,-0.4205123364312203,1.8666473163949162,0.0,-0.37757589199757935,1.8817162226025888,0.0,-0.4394809151468195,1.8841201346478775,0.0,-0.381184647772032,1.9044930643948252,0.0,-0.2213549834604011,1.5205890353400946,0.0,-0.2468231665694323,1.5652703130089303,0.0,-0.27779355299201197,1.6253752345236112,0.0,-0.30876393311511086,1.6854801438127487,0.0,-0.272536304871011,1.724019355550602,0.0,-0.3905423616910783,1.6558161302759482,0.0
-0.22519053537230624,1.5317286309747213,0.0,-0.2242415176558424,1.5188945697191207,0.0,-0.2272362995210316,1.5159875196896628,0.0,-0.23018763493207886,1.5135779496312067,0.0,-0.2164187270333706,1.524120090978694,0.0,-0.21386300613764717,1.525248184105886,0.0,-0.2113100678521793,1.5266959823813,0.0,-0.23409332348315934,1.5105904241477912,0.0,-0.20761741193716696,1.5282644876930178,0.0,-0.2335602381595336,1.5332223054698686,0.0,-0.22569596449481108,1.5386541696125735,0.0,-0.2839678538211508,1.5422819821143237,0.0,-0.20900695826728646,1.5857478921800614,0.0,-0.3342448348189479,1.595363410304728,0.0,-0.23509964762867863,1.6543922090914813,0.0,-0.37847508720048206,1.638267779769817,0.0,-0.26241064155060223,1.7064603253918946,0.0,-0.39143766783609124,1.6535231796205374,0.0,-0.27043151667420273,1.7248003968473316,0.0,-0.3920275644100326,1.6566305363895535,0.0,-0.2745600675080502,1.72240724471716,0.0,-0.3862578967065189,1.6533611400185029,0.0,-0.2740285924059329,1.7140465481293878,0.0,-0.33024492584806187,1.6740591813774839,0.0,-0.2869276161576486,1.6942271608778112,0.0,-0.376221191684545,1.7550965526029347,0.0,-0.32475254984800395,1.7760711914783462,0.0,-0.4163371744242303,1.8479433937965326,0.0,-0.3670570641354708,1.8668050177768756,0.0,-0.4178408473724767,1.8653232094042829,0.0,-0.377385311290033,1.880765559072892,0.0,-0.43717006270197184,1.8836525186863968,0.0,-0.38120341373982347,1.9036285868210807,0.0,-0.2208553752241371,1.5194274492965776,0.0,-0.24648739938957617,1.5640149392705276,0.0,-0.27753682962413756,1.6240790658983157,0.0,-0.3085862535431403,1.6841431803088582,0.0,-0.2718195450546738,1.7224542845305357,0.0,-0.3910848380327049,1.6542555618879484,0.0
-0.22503281370986,1.5312792396133592,0.0,-0.22320645489094876,1.5179777838791404,0.0,-0.2260085007333168,1.5152856485790505,0.0,-0.22888893461069354,1.5129981979888816,0.0,-0.21602009866831445,1.5232812669531226,0.0,-0.21362271847109987,1.5248313469809438,0.0,-0.21105927507945071,1.5267330905437828,0.0,-0.23336063873616736,1.509995739283367,0.0,-0.20741204802395147,1.5281887383484052,0.0,-0.23324183264325532,1.5322465527871825,0.0,-0.22565901926326787,1.5379002266696427,0.0,-0.2835242046234757,1.54181224037982,0.0,-0.20866776067839857,1.5854577899808688,0.0,-0.33345122324150406,1.5952229663522401,0.0,-0.23431312220989053,1.654270478594704,0.0,-0.3771332296137605,1.638685392242027,0.0,-0.2617947553336054,1.7062487333261804,0.0,-0.38909745169826737,1.6533636793831552,0.0,-0.26956810436176004,1.7245240541179223,0.0,-0.3904487118364339,1.656367922493397,0.0,-0.274466517310467,1.7215758946565707,0.0,-0.38453497050196533,1.652932690379974,0.0,-0.27415018576191186,1.713510396691109,0.0,-0.3299309781776721,1.6732135689746332,0.0,-0.28693822011036285,1.6940644555194917,0.0,-0.37570565903684905,1.7543649777587018,0.0,-0.3245688369739092,1.775998011698203,0.0,-0.41681690895770035,1.846775437776739,0.0,-0.3665414031649163,1.8668858703549658,0.0,-0.4158303135449629,1.8641922587377022,0.0,-0.3765381297810647,1.8810856893511887,0.0,-0.43575166525730175,1.8835262995117716,0.0,-0.38128958284021147,1.9034725570120972,0.0,-0.22038634640285443,1.5190922372848987,0.0,-0.24609597902612498,1.5636350225073252,0.0,-0.27726528404603223,1.6236370295573053,0.0,-0.3084345830573897,1.6836390242305266,0.0,-0.2714400673309978,1.7221012457627127,0.0,-0.3896683572481558,1.6547317490963727,0.0
-0.22455720356014952,1.5317706830282878,0.0,-0.2218739543500687,1.5187668613580876,0.0,-0.2242993219765599,1.5162115584041345,0.0,-0.2269527221556962,1.5139707846653891,0.0,-0.2155473342246428,1.5244042505640478,0.0,-0.21311489308685763,1.526359472923484,0.0,-0.21031930437195415,1.5286238123264648,0.0,-0.23178023484224666,1.5103434249361065,0.0,-0.2068395259375733,1.5293167119543876,0.0,-0.23243945364366272,1.5323853410923451,0.0,-0.2252036505461226,1.5384549049990464,0.0,-0.28294320538779577,1.5418426287715146,0.0,-0.20845101816688766,1.5861070077135637,0.0,-0.33234886958260623,1.595735978847897,0.0,-0.233536685179144,1.6551257007821503,0.0,-0.37556722420990596,1.6396594801682611,0.0,-0.26160251733656326,1.7067908552809834,0.0,-0.38669143778743875,1.6544720096959311,0.0,-0.2694219274578288,1.7249471797656695,0.0,-0.38877056407803906,1.6568771977900987,0.0,-0.274601146094008,1.7216448480849986,0.0,-0.38268188474087594,1.6533153351656191,0.0,-0.2743125045021432,1.71390727308176,0.0,-0.3289207840282778,1.6734776283301276,0.0,-0.28623639843348386,1.6949527288499324,0.0,-0.37545890327329473,1.7541936491223784,0.0,-0.3243672466623028,1.7766546833367858,0.0,-0.4178308528312858,1.8460328884564179,0.0,-0.3656127418036682,1.8678747923830579,0.0,-0.4160956282586487,1.8633911147073112,0.0,-0.3741772966610378,1.8829816716987409,0.0,-0.4364672635005652,1.8829359375412666,0.0,-0.3809247805356269,1.9042291031886955,0.0,-0.2193098892835645,1.5198300642389737,0.0,-0.24569710645819584,1.5639748226455341,0.0,-0.27663784375199435,1.624095012275691,0.0,-0.3075785747523425,1.6842151896771989,0.0,-0.27150101648801667,1.7224865205623956,0.0,-0.3878830406232551,1.6558747710746946,0.0
-0.2222183254686403,1.5333638375944127,0.0,-0.21933775690196008,1.5211561507131315,0.0,-0.2214136988252878,1.518612059636214,0.0,-0.22375044153823256,1.5163653924620881,0.0,-0.21346408153097954,1.5271588834695264,0.0,-0.21081904654766495,1.5293001842046017,0.0,-0.2077601064817244,1.5316622882357995,0.0,-0.22831147072658417,1.511952862430447,0.0,-0.20442884756094373,1.5314585864665313,0.0,-0.22952986662649408,1.5338957986607793,0.0,-0.22247580833023264,1.5403763830270474,0.0,-0.2811961640734155,1.5425784013706372,0.0,-0.20705498925294752,1.5874282329903986,0.0,-0.33009560443612296,1.5969314837965671,0.0,-0.2312640203176537,1.6567592758013476,0.0,-0.37296801128066187,1.6411927182606827,0.0,-0.25986006709650966,1.708132860771624,0.0,-0.3835842511603407,1.6560750263734059,0.0,-0.268896764568165,1.7254477808170718,0.0,-0.38622800998127005,1.6578171805606945,0.0,-0.27396089029949344,1.7220900862937858,0.0,-0.38003683291765145,1.6540890542491078,0.0,-0.27311501616970013,1.7149840836706998,0.0,-0.3265578611137259,1.6744514248567568,0.0,-0.2842474363080033,1.6966542325328124,0.0,-0.3750974996392485,1.7539798854681008,0.0,-0.3237369165953282,1.7777082386044314,0.0,-0.41882730274849633,1.8451803915567533,0.0,-0.36413326476991853,1.8693075520190385,0.0,-0.41874186369844363,1.8626249243124167,0.0,-0.3711967658829134,1.8851718627380778,0.0,-0.4385749177555924,1.881500944084548,0.0,-0.37966324093669507,1.9055692988680428,0.0,-0.2163701640679704,1.5217057205757563,0.0,-0.24412557154679151,1.565003321902843,0.0,-0.27476410272541985,1.6252780830609437,0.0,-0.305402628066867,1.6855528317582729,0.0,-0.2708969344000642,1.7230500238464577,0.0,-0.38526627674668723,1.6574213244742413,0.0
-0.21746150877126466,1.5360344534668955,0.0,-0.21511906977428827,1.5243680716127443,0.0,-0.21710463104806285,1.5218097438374032,0.0,-0.21925200591579483,1.5195852166528165,0.0,-0.2089288169932337,1.530462277940175,0.0,-0.2060256259627062,1.532533132793769,0.0,-0.2028604735284125,1.5347238900105797,0.0,-0.22314805825469766,1.5149711988204235,0.0,-0.19961927630315476,1.5340176281211195,0.0,-0.22406461116717566,1.53669746199569,0.0,-0.21691344542305377,1.543355676529756,0.0,-0.2769167799866008,1.5445635199632772,0.0,-0.20307203429389448,1.5898997608050112,0.0,-0.32570441192274446,1.599016984564249,0.0,-0.22724435682638927,1.6592436106096664,0.0,-0.36789020825658775,1.6439331145468128,0.0,-0.25592283310267316,1.7105712262034902,0.0,-0.3785128755514866,1.6589053963994247,0.0,-0.26682562938264454,1.7265818588453463,0.0,-0.38051088405875777,1.6603337565852716,0.0,-0.27191793972767986,1.7232921661463059,0.0,-0.3741773140791735,1.6562898914200865,0.0,-0.2702512378359885,1.7169059981984336,0.0,-0.3232871218976541,1.6756700565950053,0.0,-0.2814551214755884,1.698761623380936,0.0,-0.37439461735685436,1.753573178889855,0.0,-0.32266417170834544,1.7789550466308208,0.0,-0.4195616220020926,1.8440705251613172,0.0,-0.36265688292991144,1.870731308338403,0.0,-0.4219443139123622,1.8613517809650897,0.0,-0.36940168524567385,1.886733715791183,0.0,-0.44145410115767114,1.8791400303020422,0.0,-0.3778401372584947,1.9071395935531101,0.0,-0.21138368285218842,1.5244944051010358,0.0,-0.2399944019814222,1.5672316450201373,0.0,-0.27118275623024046,1.6272237527068998,0.0,-0.30237110380381893,1.687215848363364,0.0,-0.2686046977127167,1.7241176096356088,0.0,-0.3800116754661131,1.6602941972064653,0.0
-0.21152368691440596,1.5394392009550988,0.0,-0.20976125066818344,1.5276210473143883,0.0,-0.2119018700345722,1.5251665746960583,0.0,-0.21409183755550845,1.523060461864357,0.0,-0.20289053368463386,1.5333976795546291,0.0,-0.1998327182910026,1.5352820011343509,0.0,-0.1967359926435395,1.5372106429395682,0.0,-0.2175065704531157,1.5190797510278022,0.0,-0.19352865200327743,1.5366435474794113,0.0,-0.2174918873729033,1.5402760290119057,0.0,-0.21017556826380748,1.546799011247277,0.0,-0.27020524599963636,1.547974708095776,0.0,-0.19681272846559403,1.5940394404850502,0.0,-0.319882629534195,1.6016176983381765,0.0,-0.22260958350042595,1.6627954798754734,0.0,-0.3608340802791412,1.6476620120676189,0.0,-0.25146867785762594,1.714021760210463,0.0,-0.37196080158079253,1.66316965845118,0.0,-0.26303159012722654,1.7295166974859553,0.0,-0.37178234731293364,1.6649756907285296,0.0,-0.268575664294998,1.7262239004954893,0.0,-0.36512425509891117,1.6605725387426722,0.0,-0.2665082275348729,1.7199653554559307,0.0,-0.3199816165915156,1.6770436033319167,0.0,-0.2787497436263025,1.7011904326832274,0.0,-0.37339106959267754,1.7533869258003236,0.0,-0.3213948860619,1.7806294834093577,0.0,-0.4204075014117798,1.8429373759934948,0.0,-0.3617417260675194,1.8722506145169309,0.0,-0.42415893454284564,1.8599739769560644,0.0,-0.36934794582437913,1.887861982925045,0.0,-0.4447460823241622,1.8763556990149184,0.0,-0.37626619748378887,1.9089266853855489,0.0,-0.20551762685317812,1.5278616396086884,0.0,-0.23350898220789998,1.5710070791174062,0.0,-0.2664373392364332,1.6300620512099517,0.0,-0.2993656622588665,1.6891170265173294,0.0,-0.26481439170147003,1.7269146309565646,0.0,-0.3721980164849318,1.6645580455375877,0.0
-0.2059365341525277,1.5432740927747415,0.0,-0.20421968289676146,1.5310334078659948,0.0,-0.20649827622453926,1.5288017479016995,0.0,-0.2087974077695683,1.526865011850868,0.0,-0.1969945714752646,1.5362867009623138,0.0,-0.1939353987359836,1.5380316577344557,0.0,-0.19096845080813246,1.5397868968080828,0.0,-0.21200181284021308,1.5237766907416594,0.0,-0.18772359836700542,1.5396871868239383,0.0,-0.2114806598670243,1.5442260356641784,0.0,-0.20421595464571035,1.5503825097360784,0.0,-0.2628665010612434,1.5520640391285425,0.0,-0.19023842576253003,1.599324846130588,0.0,-0.3142278088171265,1.6040969989001275,0.0,-0.21803918199652403,1.6672953444012613,0.0,-0.35386656088391577,1.651276120124655,0.0,-0.24807758301909744,1.7178391233268995,0.0,-0.36577773835023114,1.6674532822728105,0.0,-0.25828990767185656,1.7340228556948882,0.0,-0.36325085195403023,1.6704440275190593,0.0,-0.2643053733869578,1.7306881984529883,0.0,-0.35612252328171695,1.6659300836009665,0.0,-0.26236587175055426,1.7238523419262197,0.0,-0.31672382645650315,1.6787618851194666,0.0,-0.27622834506468213,1.7041243121087195,0.0,-0.37206213787330233,1.753718831728409,0.0,-0.319878019772823,1.7830158633134878,0.0,-0.4217933509579589,1.8417905890398671,0.0,-0.36153669147423956,1.8740480237621104,0.0,-0.4253331554321003,1.8588724158502388,0.0,-0.37023944611106896,1.8890757136808787,0.0,-0.4474662259391362,1.8741951307677427,0.0,-0.3759184700948227,1.9107802832623162,0.0,-0.19986269673292328,1.5317319446562505,0.0,-0.22655245785115635,1.5756944465919502,0.0,-0.2615142513566281,1.6335687882325307,0.0,-0.2964760645696868,1.6914431018999936,0.0,-0.2605719442936247,1.7315586397330651,0.0,-0.3643748421153614,1.6687171928745874,0.0
-0.20119351235517732,1.5469271756530738,0.0,-0.19919834046337231,1.5348717042618425,0.0,-0.20138081156744342,1.5327876053581078,0.0,-0.20362148824362308,1.5309168382077347,0.0,-0.19212613172683363,1.5397926427909396,0.0,-0.1891239733732018,1.5414565584357245,0.0,-0.18622100434303673,1.5431206536858741,0.0,-0.20639972987151017,1.5281727512704157,0.0,-0.1828323452450758,1.5431561040407897,0.0,-0.20653179742132438,1.5481218945591082,0.0,-0.19952753730845546,1.5538382955599408,0.0,-0.25665372591885166,1.555581649058648,0.0,-0.18497072048840832,1.6042639654840105,0.0,-0.3092604975201209,1.6063550714238757,0.0,-0.21352960470110877,1.6719194221366052,0.0,-0.34801702136036955,1.6542615637266034,0.0,-0.2453555553729692,1.7213571404082753,0.0,-0.3606065845711857,1.6703711118777405,0.0,-0.2536521887534235,1.7381078958979435,0.0,-0.35701655637486124,1.6749046052236023,0.0,-0.25961696694546105,1.7350526913718844,0.0,-0.34947268913285967,1.6705913953521814,0.0,-0.2579210226197323,1.7277512035832086,0.0,-0.31310469948757763,1.6808262134789138,0.0,-0.27339579143650394,1.7074032587874535,0.0,-0.37030854050995443,1.7543693513483651,0.0,-0.31781369477018684,1.7858648469504563,0.0,-0.423122983108249,1.8406274677423102,0.0,-0.3617218729805842,1.8758335695717883,0.0,-0.4252573944171442,1.8579411418543854,0.0,-0.3709883305963154,1.8905203720086485,0.0,-0.44815264610404987,1.873531370317984,0.0,-0.3770906351937302,1.9121639369291064,0.0,-0.19461602756697577,1.535664432734497,0.0,-0.22081222029055622,1.5799228151245457,0.0,-0.2570312409720652,1.6370187779093373,0.0,-0.2932502281353786,1.6941147456696655,0.0,-0.25640239245746993,1.7362669219125748,0.0,-0.35833034253355517,1.6718186249694853,0.0
-0.19669790983540156,1.5500182315572921,0.0,-0.1949542701964704,1.5390945953775121,0.0,-0.19686017138677694,1.5368945895903918,0.0,-0.1988556836110266,1.5348871564330355,0.0,-0.18817502925118781,1.544070640696842,0.0,-0.18513942277642018,1.5455955389593552,0.0,-0.1821613552877616,1.547115508743238,0.0,-0.20068524016348024,1.5316498107174945,0.0,-0.17847990740726785,1.5465248401601428,0.0,-0.20237054635519217,1.5518158777698434,0.0,-0.19554434969919668,1.5572061154006918,0.0,-0.2521984769891701,1.5579487055855972,0.0,-0.18120140145437794,1.6076260290399376,0.0,-0.3045080236162097,1.6090282921996202,0.0,-0.20936801245344025,1.675445736405666,0.0,-0.3428798757441231,1.657243446551801,0.0,-0.24175219036946516,1.7245196005777481,0.0,-0.3554549976879453,1.672386149870649,0.0,-0.24916923797950516,1.7407893937731127,0.0,-0.35202305516063753,1.677928556141655,0.0,-0.2547544398926881,1.7387474090654016,0.0,-0.3443454265673163,1.673804676765214,0.0,-0.25337063955896066,1.7316815794393112,0.0,-0.309373765541132,1.6828583253490395,0.0,-0.27022592998864386,1.7102551077786632,0.0,-0.3682860358549862,1.7550401579793202,0.0,-0.3152040001296257,1.7883969285919383,0.0,-0.42266649030730535,1.8403196641010091,0.0,-0.3618039010803907,1.8770013776633538,0.0,-0.42332392525545265,1.8577520134029144,0.0,-0.37106795542319576,1.891689696140874,0.0,-0.44607988548301447,1.8743925823901557,0.0,-0.3787798516145717,1.9126091232777978,0.0,-0.18958257945567616,1.53908732318807,0.0,-0.2166999326784346,1.582787369860664,0.0,-0.2532498726204193,1.639672063018729,0.0,-0.28979983148769906,1.6965567276694486,0.0,-0.2520759727790544,1.7399388648545193,0.0,-0.3534351737651709,1.674656105073533,0.0
-0.1924187756958683,1.5529602213375937,0.0,-0.1917113738024235,1.5436913418734597,0.0,-0.19338390910325018,1.5411683631193387,0.0,-0.19513031756758323,1.538904022903035,0.0,-0.1850309260237217,1.548883664672508,0.0,-0.18185324010756662,1.5501547540195633,0.0,-0.17871398630689225,1.5514229064660505,0.0,-0.19577314218032246,1.5346117876612428,0.0,-0.174694762088857,1.5495379375049096,0.0,-0.1991750955695801,1.5557406530105728,0.0,-0.19221687179515687,1.5610491011445584,0.0,-0.24970784066061819,1.5598195559091557,0.0,-0.1786232287605698,1.609371540239752,0.0,-0.3003364727377733,1.6125656880041441,0.0,-0.2061563702187839,1.677450882215035,0.0,-0.3391246460184298,1.6604465584899741,0.0,-0.23714465782124614,1.7274179229073132,0.0,-0.3509334269073244,1.6747656916843825,0.0,-0.24431747152369396,1.7433988296724987,0.0,-0.3478433186147291,1.6804481598587426,0.0,-0.24998204548924055,1.742692857139426,0.0,-0.3403045464788855,1.676240162802408,0.0,-0.2492715218093199,1.7361133445799688,0.0,-0.30654961820819604,1.6847449872978428,0.0,-0.2675056962328399,1.712289657793655,0.0,-0.36653017489598627,1.7560415887233054,0.0,-0.3127869100308509,1.7902562059447686,0.0,-0.4196650957282494,1.842102661101873,0.0,-0.3618574478562245,1.877516629284326,0.0,-0.419944944987057,1.8595451582650382,0.0,-0.3712890814328743,1.892097908056756,0.0,-0.44232900054426344,1.8766786390762331,0.0,-0.37980894014952205,1.9126426647669361,0.0,-0.18523396284413715,1.5420748573806755,0.0,-0.21416552872119562,1.5845955514118901,0.0,-0.25059660486814833,1.641556442523466,0.0,-0.28702764545733706,1.6985173400516265,0.0,-0.24714977026890553,1.743045844041845,0.0,-0.34957651825505415,1.6779214936788915,0.0
-0.18969200021682187,1.556515835603223,0.0,-0.18994092472270158,1.5488031531297053,0.0,-0.1915563870430919,1.5459909901530604,0.0,-0.19319287197162865,1.5435065567845943,0.0,-0.18321390902790174,1.5540395954895105,0.0,-0.17995933954909543,1.5550579065116297,0.0,-0.1767607461257144,1.556088082688563,0.0,-0.1930219335231877,1.5380494766612656,0.0,-0.1727127385604798,1.5527527931233545,0.0,-0.1977309856412322,1.560454742142945,0.0,-0.19046686088610992,1.5658682901909837,0.0,-0.24947855176884426,1.5625603466175493,0.0,-0.17753461615088317,1.6108562194006217,0.0,-0.2986383829535696,1.6166780316648166,0.0,-0.20378976090005024,1.6794385644797005,0.0,-0.3390159787924883,1.6632263925296205,0.0,-0.23353948245227313,1.730152795141734,0.0,-0.3503169259606425,1.6778915089814774,0.0,-0.23991064321430772,1.7470243422253318,0.0,-0.3470525619622919,1.6835526291745833,0.0,-0.24620508189557416,1.7464713007003208,0.0,-0.3395923528404443,1.6791630021426545,0.0,-0.24611869784814427,1.7399688087856717,0.0,-0.30553499542659285,1.6872298588536572,0.0,-0.2663498889082542,1.7145733067541553,0.0,-0.3656334014003285,1.7584271492151207,0.0,-0.3118964810152534,1.7923851239868849,0.0,-0.41621498457966255,1.8460132864394099,0.0,-0.36267697282302935,1.878661660864709,0.0,-0.416616496952808,1.863453407158857,0.0,-0.3732027040578597,1.8924739157326016,0.0,-0.4386237095269951,1.8807551902535014,0.0,-0.38035060723704495,1.9139283177927713,0.0,-0.1828673223613832,1.545401140089694,0.0,-0.2135065812820089,1.5867082912597954,0.0,-0.2497244930273017,1.6438049574869935,0.0,-0.2859424259497748,1.700901593994304,0.0,-0.2427719046183275,1.7462492722415592,0.0,-0.3488649314338007,1.6810480962915162,0.0
-0.18919974437081988,1.5611365945496,0.0,-0.18959356936645536,1.5542742537724115,0.0,-0.19125877028091734,1.5513240946777915,0.0,-0.19289297137661635,1.5486910071963398,0.0,-0.18289947260309883,1.5594806692058287,0.0,-0.1797768883671861,1.5604349803552315,0.0,-0.17673761921827072,1.5614173256587196,0.0,-0.19267850879173068,1.5423389476989733,0.0,-0.17306360408920332,1.557125433312368,0.0,-0.19795104540781297,1.565787595678597,0.0,-0.19060165726975334,1.571339022820842,0.0,-0.2509225594229647,1.5666806095875225,0.0,-0.1782003571435004,1.6137964508270126,0.0,-0.3004646840790629,1.6204485435402562,0.0,-0.2012604246649081,1.683518068480748,0.0,-0.34219030730069455,1.6657924793166916,0.0,-0.23290831671216028,1.7330699610080995,0.0,-0.3537043035182681,1.681496280601283,0.0,-0.23855135885762224,1.7499769409769752,0.0,-0.349742243178736,1.6873351659325881,0.0,-0.24470116316569332,1.7478077902418252,0.0,-0.34222496639139705,1.6830132509719584,0.0,-0.24411554900939866,1.7407925739785004,0.0,-0.30628873843097715,1.6908760081290704,0.0,-0.267176026084802,1.718322910483722,0.0,-0.3658583844524628,1.762516288895364,0.0,-0.3131364921033122,1.7958909871453388,0.0,-0.4156159094728981,1.8505731835410457,0.0,-0.3647219517772246,1.8816886532796884,0.0,-0.4145517861837497,1.867985439699286,0.0,-0.3768794840582409,1.8940888069642017,0.0,-0.43642103604701,1.886298490294494,0.0,-0.3814359715608807,1.91742009583318,0.0,-0.18287105673276163,1.5497321920238707,0.0,-0.21456145257861955,1.5902385339486553,0.0,-0.2506468957954982,1.6474190132513973,0.0,-0.2867323605625405,1.7045994626914922,0.0,-0.24186324826020533,1.7493224498958755,0.0,-0.3514684364522176,1.6839179120716699,0.0
-0.18973222426763492,1.5651642133345165,0.0,-0.18981351279477757,1.558335676405349,0.0,-0.19149263792374552,1.555285528051226,0.0,-0.19312189161438478,1.5525014845013914,0.0,-0.18326366261031515,1.563869991512457,0.0,-0.18034968011345712,1.564985473660005,0.0,-0.177523139857819,1.5661241602662699,0.0,-0.19331268834381302,1.5456565078645044,0.0,-0.17388039249461343,1.5616531294304719,0.0,-0.1983674450890929,1.5695491983092602,0.0,-0.19131950388147104,1.57528118892778,0.0,-0.2517229545386332,1.570149949246067,0.0,-0.17934088452386082,1.6177866697509111,0.0,-0.30352144972194256,1.6217477082451806,0.0,-0.19822275158837432,1.688753885974345,0.0,-0.3435087838236984,1.6686317487746147,0.0,-0.23496416165998568,1.7346564775136732,0.0,-0.3543980277788502,1.684577035394387,0.0,-0.24210397036168252,1.7484794233951213,0.0,-0.34970563964490725,1.6896278514526493,0.0,-0.24598241617657646,1.74527162953424,0.0,-0.34266756875826115,1.685723381863693,0.0,-0.24378607549907338,1.7369602712970345,0.0,-0.30736121504883085,1.694236345991503,0.0,-0.2685471989931576,1.7221040490466646,0.0,-0.366435997318937,1.7662852367195223,0.0,-0.31477314518327526,1.7995142089253875,0.0,-0.4178006736438011,1.8534144397277093,0.0,-0.3668717185728309,1.8850012711900557,0.0,-0.41469712467834713,1.870580889760075,0.0,-0.3806005389636649,1.895635597367098,0.0,-0.43655769983738896,1.89025632896762,0.0,-0.38305289529558234,1.9209771515010223,0.0,-0.18359654438533016,1.553654820797512,0.0,-0.21553191077242467,1.5939683085989511,0.0,-0.25174304166832057,1.6510692755320089,0.0,-0.2879541937132295,1.708170212767795,0.0,-0.24603127579933037,1.7495512141244418,0.0,-0.352056621627468,1.6871128056163658,0.0
-0.18938996522091858,1.5649410619907635,0.0,-0.18963588108168666,1.5580453141202704,0.0,-0.1912735102176057,1.5548561994770251,0.0,-0.19286457427265852,1.5519393349028945,0.0,-0.18311914613446306,1.564225220303721,0.0,-0.18020956834941498,1.5655220758725519,0.0,-0.17736297702431164,1.5668105204958132,0.0,-0.1930595046402493,1.5447886546645457,0.0,-0.17262614816017469,1.562532643817058,0.0,-0.19748617417200437,1.5683620303885886,0.0,-0.19078295389179573,1.574392211422842,0.0,-0.2495474194181893,1.5697521032358688,0.0,-0.17850523233823343,1.6193648924638155,0.0,-0.3038710430805213,1.6186842680068987,0.0,-0.19715873018856822,1.6903924765441791,0.0,-0.337995366028515,1.6699934360792044,0.0,-0.23706439986571126,1.733572525776382,0.0,-0.346352854577559,1.6850313556671126,0.0,-0.24823891734635462,1.743245361614574,0.0,-0.3415452707704671,1.6873831992409112,0.0,-0.2484452272545815,1.7422857222474695,0.0,-0.33598278789390873,1.684057353464544,0.0,-0.24536073694377558,1.7320289649086187,0.0,-0.30667804064478893,1.6944913599116598,0.0,-0.2676778151100394,1.72209786501787,0.0,-0.36569018329694924,1.7665915650084525,0.0,-0.3135816767373124,1.7996994528967611,0.0,-0.41845486866970505,1.852880127218713,0.0,-0.36678499885681093,1.8845033778019153,0.0,-0.41630964309859797,1.8701924647311274,0.0,-0.3816040255215108,1.893556877195764,0.0,-0.4378142344711385,1.8894090991472943,0.0,-0.38316790390353617,1.9203878433338402,0.0,-0.1828428185104169,1.5536606562294384,0.0,-0.21402632236522454,1.5945585047343651,0.0,-0.25060212343830846,1.6514265731147142,0.0,-0.2871779164030146,1.7082946303580178,0.0,-0.25144747192200967,1.7452969205283846,0.0,-0.3450140581017229,1.6891076442681163,0.0
-0.18709109117161307,1.5596124463586467,0.0,-0.18820771986664966,1.5531831802319085,0.0,-0.18986377437236404,1.5499762176393108,0.0,-0.19145237691001762,1.5471014818328097,0.0,-0.1814314334059758,1.5595695772946647,0.0,-0.1782641802186157,1.5608395835418818,0.0,-0.17514335582842014,1.5620722110161827,0.0,-0.19094980736082004,1.5395861258141579,0.0,-0.16885039778441438,1.5578761844875813,0.0,-0.19480892386467122,1.562100949259642,0.0,-0.18805088211314883,1.5683009119353395,0.0,-0.24495680379717014,1.5652288266575494,0.0,-0.17466958372266667,1.6159055263752546,0.0,-0.30021577843073777,1.613102186257985,0.0,-0.19905416682233973,1.6851750203058493,0.0,-0.3277672483752835,1.6682203924046466,0.0,-0.23633204559407006,1.7306430187042492,0.0,-0.334009623431102,1.6825234682941739,0.0,-0.25090435137139966,1.739399702475883,0.0,-0.3297067839243132,1.6817567770238455,0.0,-0.2486508878841015,1.7424108787245582,0.0,-0.3255450456866453,1.6787961767158788,0.0,-0.24682977287917074,1.731042740518429,0.0,-0.30384786230596045,1.6908298110440398,0.0,-0.2636949190673166,1.7167311211501857,0.0,-0.36280143134432113,1.762977917415848,0.0,-0.3087744051539516,1.7948144797343677,0.0,-0.4140649474626692,1.8501666776202677,0.0,-0.3636503907404514,1.878545748504048,0.0,-0.415216791385847,1.8675733510092678,0.0,-0.37850078335353476,1.8875477061689554,0.0,-0.43649098145209086,1.8848974108964034,0.0,-0.3801426446216472,1.9143800896616596,0.0,-0.17990010432781547,1.5487311600191875,0.0,-0.2098131866711806,1.5905671783492557,0.0,-0.24679229933710373,1.6471738179941846,0.0,-0.28377136921667034,1.7037804691622833,0.0,-0.251082723024035,1.7419014248718458,0.0,-0.3335087561629039,1.6877562589437145,0.0
-0.18312048198982703,1.5542261129171648,0.0,-0.18478840795001622,1.5484047672229693,0.0,-0.18659210803550869,1.5454605728104764,0.0,-0.18827844277179245,1.5428523287858547,0.0,-0.17756694922478905,1.5541073737476023,0.0,-0.17413654664014894,1.5551985988391726,0.0,-0.1707830915065643,1.5562657739773058,0.0,-0.18710147514090097,1.5349296786132236,0.0,-0.16394988558859308,1.5523157774788823,0.0,-0.19063607283294665,1.5561462201482492,0.0,-0.18352377524927227,1.56203698013506,0.0,-0.24091175550235616,1.5603944424793927,0.0,-0.17014281055026106,1.6103962187523113,0.0,-0.2945084122069631,1.610121811473483,0.0,-0.20147934044711854,1.6768107696908587,0.0,-0.3212064824438364,1.6656584047301641,0.0,-0.23465522586450127,1.7253529137602075,0.0,-0.3284769449370927,1.680202042664657,0.0,-0.2485926508775221,1.7368909768628755,0.0,-0.3244224786022502,1.6784707354196882,0.0,-0.24700421760415733,1.7410387450345484,0.0,-0.31989716065270624,1.675309437297529,0.0,-0.2473493466923988,1.730800930887475,0.0,-0.30129259421906934,1.6859862127706795,0.0,-0.2598615456071137,1.709789677368392,0.0,-0.35914612145800523,1.759019369223158,0.0,-0.30384508285503425,1.7884955818786756,0.0,-0.40658719435791907,1.8483455837007958,0.0,-0.3598022176210291,1.871508220872087,0.0,-0.41060445738348467,1.8653214672029323,0.0,-0.37407582327547423,1.8813993069694221,0.0,-0.43168097746113143,1.8812006119911766,0.0,-0.37574377660661645,1.9075909195154943,0.0,-0.1755256882278718,1.5436227270474372,0.0,-0.205527270896931,1.5853953252709898,0.0,-0.24305216678816954,1.641641646162241,0.0,-0.28057705374543396,1.6978879564809561,0.0,-0.24754461385197982,1.7387019913083266,0.0,-0.3284948010845977,1.6846714372210194,0.0
-0.17977504808189104,1.553799314600025,0.0,-0.18109765541057748,1.5481944431979706,0.0,-0.1831090800896646,1.5456153707310645,0.0,-0.18499206586832057,1.5432613880115318,0.0,-0.1734507435193759,1.553041769342417,0.0,-0.16999147808580845,1.5540806394805893,0.0,-0.16666536174736374,1.5551448506253076,0.0,-0.18377198630736374,1.5347805339165084,0.0,-0.1600485816806429,1.552008669853828,0.0,-0.18704647233181088,1.5554246933957774,0.0,-0.17983757861780542,1.5608468148295562,0.0,-0.2387837156613401,1.559321765592644,0.0,-0.16777335096107,1.6089800912310963,0.0,-0.28833848480026,1.6130780460868732,0.0,-0.2046775907630842,1.6724698365997854,0.0,-0.3183303343510629,1.666907304910055,0.0,-0.23737859723655827,1.721333149010003,0.0,-0.3280793790051584,1.6816801624530833,0.0,-0.24735972613833634,1.7357751676306044,0.0,-0.3237167000685732,1.681864720203262,0.0,-0.24894399244929744,1.7367823364174246,0.0,-0.3170757397724122,1.678051091087924,0.0,-0.2498566508895116,1.7288868954558856,0.0,-0.30177929198417547,1.6831814466155897,0.0,-0.26009389651742426,1.7065366284971621,0.0,-0.35712168647496967,1.758135378650032,0.0,-0.30257858061958787,1.7860616092916297,0.0,-0.40109344935018926,1.8492194719948383,0.0,-0.3584184864696046,1.8691531496464182,0.0,-0.40618516802293453,1.865904597821523,0.0,-0.3724136990078548,1.8794343669173794,0.0,-0.42634303148142144,1.8819549181746438,0.0,-0.37353063117585605,1.9055910080722263,0.0,-0.17191027127975894,1.5433946055679753,0.0,-0.20327852349537467,1.584150926279397,0.0,-0.2421075803271795,1.6395049755531614,0.0,-0.28093657826676577,1.6948590493384963,0.0,-0.24822934521237833,1.7363862371464185,0.0,-0.32756827572887626,1.6850532530034357,0.0
-0.1779970340381923,1.5571754475202508,0.0,-0.1794235642153688,1.5519983293802941,0.0,-0.18160868340553388,1.5494851545178152,0.0,-0.18372820812385032,1.5470680150268954,0.0,-0.17134753393914753,1.5569089573238004,0.0,-0.1680036396140095,1.5581028207755268,0.0,-0.1648049436024443,1.559342593497743,0.0,-0.1825742574653279,1.5373945615025952,0.0,-0.1569209968144149,1.5567513878381327,0.0,-0.1851018318443896,1.558523523784322,0.0,-0.178220073268136,1.5641743015950949,0.0,-0.23708975891438164,1.5615310112047804,0.0,-0.16708380193446215,1.6125955506368141,0.0,-0.2820962352644436,1.6191489764893792,0.0,-0.20845627830734043,1.6732683524603758,0.0,-0.3120610626129621,1.6729932822877136,0.0,-0.24331854496969407,1.7206139064991623,0.0,-0.3216228105120903,1.6869237284503973,0.0,-0.2499362145591727,1.7358882041061592,0.0,-0.31769747542488713,1.6905189734246102,0.0,-0.25490730601195233,1.732610292657241,0.0,-0.30901757544402614,1.6861768066417904,0.0,-0.2543442931259374,1.7260563090350274,0.0,-0.30458969425826415,1.682341164642163,0.0,-0.26357518205350866,1.706855374899619,0.0,-0.35695785031736915,1.7594024959722647,0.0,-0.30444463973347496,1.7872223978789885,0.0,-0.3988124905748917,1.8514786442394098,0.0,-0.36002880464358383,1.8704852333766822,0.0,-0.40324667493017996,1.8683504263621733,0.0,-0.3738710421720348,1.8809715035796404,0.0,-0.4218347243510191,1.8858170714944564,0.0,-0.37496387212838417,1.906996029088449,0.0,-0.16974763266434462,1.547072969548875,0.0,-0.20208677192114358,1.5870632808395377,0.0,-0.24308462915754894,1.6408307629032648,0.0,-0.28408242020436925,1.6945982781416125,0.0,-0.25362187907257433,1.7360468420735071,0.0,-0.3209193316123965,1.6913275688416334,0.0
-0.24320308379758676,1.6358183965253765,0.0,-0.2467220494912734,1.6321052055731902,0.0,-0.24901415272175764,1.6292119402327299,0.0,-0.2512921268255517,1.6264137805271315,0.0,-0.23810359444006535,1.6380029363932653,0.0,-0.2347184848008279,1.6393062350690155,0.0,-0.23142315130967306,1.6405925283475118,0.0,-0.2495403565451011,1.6148683397213504,0.0,-0.21991629869953022,1.6369400828347855,0.0,-0.2503134350211208,1.6364794152778401,0.0,-0.24356750393790505,1.6431458659483187,0.0,-0.23344658643593383,1.5628734869297276,0.0,-0.16434243092859221,1.6151519422597898,0.0,-0.2753086577475689,1.622814956902406,0.0,-0.20890300599663703,1.6735233893204091,0.0,-0.3019554156458314,1.6783761883362254,0.0,-0.24531190543476725,1.7196901648822873,0.0,-0.3083142793339144,1.6907889867523331,0.0,-0.25126151851088396,1.7349812260250246,0.0,-0.30643271217795187,1.69745654916674,0.0,-0.2580591960238582,1.7295659303194555,0.0,-0.2971020179190785,1.6929758631047436,0.0,-0.2560598259895679,1.7228399180296345,0.0,-0.3058927125917959,1.680199616465818,0.0,-0.26528997749348043,1.705389984039095,0.0,-0.35650047415272085,1.7584283006244503,0.0,-0.3057469645869229,1.785965434077814,0.0,-0.3967263864463261,1.8512275677064003,0.0,-0.362357735500567,1.868533707527324,0.0,-0.3998643704191151,1.8683877565014342,0.0,-0.3760003171382105,1.8792784443237158,0.0,-0.4176557389698094,1.8868802399392155,0.0,-0.37778940175309456,1.9048374004655433,0.0,-0.2347283250983233,1.6259042072404057,0.0,-0.1988945019994173,1.5890127170684019,0.0,-0.24224295735575052,1.6409037359798653,0.0,-0.28559132701119494,1.6927948085631106,0.0,-0.25637803051123004,1.7345856363373817,0.0,-0.30858039784537117,1.697630398368407,0.0
-0.2343147473263549,1.6353886334321766,0.0,-0.24085675236169413,1.633521815935601,0.0,-0.2431804539866974,1.6301260016922232,0.0,-0.2454423846505902,1.6269268612954848,0.0,-0.23173452872008551,1.6402779941675203,0.0,-0.22803869183202743,1.6414733848118073,0.0,-0.22437136919236936,1.6425294668305401,0.0,-0.2427425435744398,1.6138909187219534,0.0,-0.2093208951297362,1.6367364833751532,0.0,-0.24124582137478123,1.6350026993272504,0.0,-0.23387451381740956,1.6424061264422904,0.0,-0.22608239913952535,1.5620888466235383,0.0,-0.15604587731791889,1.6131114574074996,0.0,-0.26598720166064527,1.6233507399401534,0.0,-0.20164115222112333,1.6706783019349425,0.0,-0.28890990460625166,1.6805490776310212,0.0,-0.23800178025032495,1.7168831052934543,0.0,-0.29326166743151716,1.691826172444891,0.0,-0.244514398718661,1.7329321519441534,0.0,-0.29302005159500205,1.7000489025585552,0.0,-0.25152041459350855,1.7279566309395542,0.0,-0.28396000160402807,1.6955456013920256,0.0,-0.24994284073942488,1.7204522631095795,0.0,-0.3034835484595081,1.6745973731808366,0.0,-0.26242178823298457,1.6990323596355141,0.0,-0.3540883549698459,1.7528279689439379,0.0,-0.3044658623693227,1.7787911634357165,0.0,-0.3926370251571079,1.8463364071599278,0.0,-0.36329386677946474,1.859794651391424,0.0,-0.39544338824888664,1.8635539374442567,0.0,-0.37711904501491056,1.870303402474291,0.0,-0.41309007542387943,1.8822644403537683,0.0,-0.37873950919362814,1.8960924002843749,0.0,-0.22603173050466466,1.6253136983693304,0.0,-0.1910641283670573,1.5876001500645005,0.0,-0.23700839395979897,1.6372075173056018,0.0,-0.2829526502073223,1.6868148744563976,0.0,-0.24902577863573722,1.7318097812019038,0.0,-0.29430802942062295,1.700182601043696,0.0
-0.21853475378015347,1.6397609540214924,0.0,-0.22641246016551267,1.6383818025706647,0.0,-0.22872092068506059,1.6348079472672792,0.0,-0.23090357183135982,1.6313963898027872,0.0,-0.21707475388359532,1.6452316079734892,0.0,-0.2130427527982044,1.6463057129070764,0.0,-0.2090389301478922,1.6471312829704867,0.0,-0.22796410345389043,1.6184979025637276,0.0,-0.19335412699437393,1.6402310218875533,0.0,-0.22508174912127324,1.6388752827271795,0.0,-0.21671628676239718,1.6459682786652308,0.0,-0.21149116388058542,1.5683585606773494,0.0,-0.1389802250686739,1.615798891121976,0.0,-0.2486616922135622,1.6313169966524692,0.0,-0.18282194840965088,1.6747121661696154,0.0,-0.2696362607528695,1.6892580668835322,0.0,-0.21909575176540647,1.7209851638484421,0.0,-0.2764121423016309,1.7003074348625506,0.0,-0.2256879316297677,1.7379731927980457,0.0,-0.2743939569252506,1.7083423151698336,0.0,-0.23219562059307045,1.734260013112466,0.0,-0.265556790673372,1.7040094855522838,0.0,-0.2323196839578893,1.7259410014290792,0.0,-0.29942585341097594,1.6677493790817266,0.0,-0.25765061388038785,1.690943474841262,0.0,-0.35039168483970606,1.7457452544994483,0.0,-0.30182164827882163,1.7695443060950946,0.0,-0.38800006773426765,1.8396358159359205,0.0,-0.36212283014011365,1.8494571750837723,0.0,-0.39110620317174305,1.856801798154796,0.0,-0.3767717652959725,1.8587833801728182,0.0,-0.40831508449218606,1.8756420782873264,0.0,-0.3761488504635331,1.886326745167636,0.0,-0.21065911994215603,1.6293644605819348,0.0,-0.17523569030021946,1.5920787319797267,0.0,-0.22688698280567157,1.6357125538151573,0.0,-0.278538212240116,1.679346428998724,0.0,-0.22921633684596252,1.7365385542088967,0.0,-0.27691488482610277,1.7082748127857135,0.0
-0.3796873231426217,1.8430399585152144,0.0,-0.38645390581031097,1.8402533776393597,0.0,-0.3887903902209547,1.8369119993873826,0.0,-0.3910926174555475,1.8334326272231283,0.0,-0.3771155746050922,1.8469036723368393,0.0,-0.37305033939408744,1.8480674435208657,0.0,-0.36907063890571307,1.8489276419988834,0.0,-0.3890342929194956,1.8222668171177645,0.0,-0.35540822330666905,1.8424242826837558,0.0,-0.3861959065975424,1.842858046839723,0.0,-0.377365313807873,1.8491115982279072,0.0,-0.37395007825243004,1.7738529695774938,0.0,-0.29883254441408,1.817047614038636,0.0,-0.4059605082807757,1.8395853452107105,0.0,-0.3392853574470453,1.8783374223273352,0.0,-0.4280124515221951,1.8971250006164242,0.0,-0.3776687979013589,1.922876064234862,0.0,-0.43988045922590063,1.908655248931347,0.0,-0.3842006018320159,1.939411178525962,0.0,-0.43292321648383686,1.915156386550744,0.0,-0.3899250087308441,1.9356270532325055,0.0,-0.42416829974881504,1.9116869426028755,0.0,-0.39108949264634607,1.9268226165037141,0.0,-0.29694757704102887,1.6631897455018767,0.0,-0.25486148086841737,1.6858148913553401,0.0,-0.3474682864816605,1.741474676829775,0.0,-0.30010472835495955,1.763803477125904,0.0,-0.3850961093772828,1.8353574491308506,0.0,-0.3597282647886597,1.8442232077086993,0.0,-0.38815828549607995,1.852531327560377,0.0,-0.3747082716073005,1.8530077850051307,0.0,-0.4043251781746526,1.8719551778524366,0.0,-0.37054025721621253,1.882159934821465,0.0,-0.37222125622505514,1.8323455427307318,0.0,-0.3363913041165057,1.7954502929430722,0.0,-0.3061479225013212,1.734976296102048,0.0,-0.27590451224659696,1.674502328960896,0.0,-0.3876885963416641,1.9384945735521146,0.0,-0.43806355835057004,1.9148334800721023,0.0
-0.4027915650082421,1.8258405877704809,0.0,-0.40767952745108316,1.821410744974482,0.0,-0.41009322062557774,1.818378787778155,0.0,-0.412718108250008,1.8149519306665993,0.0,-0.3982967662456487,1.8281043236086623,0.0,-0.3945563673980327,1.829411845254938,0.0,-0.39095717402938435,1.830416398717381,0.0,-0.4118968077336368,1.8057800371251083,0.0,-0.3795780235976278,1.8239601704618735,0.0,-0.40954300108246877,1.826906817489279,0.0,-0.4010150816458429,1.8325898784936188,0.0,-0.3983027468571135,1.7577311720036513,0.0,-0.32163120931503375,1.7981031490547355,0.0,-0.4249481378225573,1.8258152081449124,0.0,-0.36041470717246626,1.860462679010373,0.0,-0.4492104470748241,1.8824583056474187,0.0,-0.4040047550276572,1.8999200845517779,0.0,-0.4643312231621913,1.8944389038824676,0.0,-0.41097131673274534,1.9140785165832919,0.0,-0.4531469647298853,1.8986294763467426,0.0,-0.41539035727743434,1.9083468214113604,0.0,-0.44452063416972837,1.8959776938927375,0.0,-0.41607521954727045,1.899985669469192,0.0,-0.29638153834815245,1.6611233530802854,0.0,-0.25429973777372106,1.6837564875595048,0.0,-0.34631443214589774,1.7397845167659414,0.0,-0.2996577744358708,1.761678368079524,0.0,-0.3838675933843076,1.8336971787013903,0.0,-0.3571570989339999,1.8436303469825928,0.0,-0.3869241492930551,1.8508720582896547,0.0,-0.3716953698832569,1.8531281404299937,0.0,-0.4022720947308164,1.8707164326725219,0.0,-0.3640403305237932,1.8824725349637452,0.0,-0.39573741725519085,1.8148700962743312,0.0,-0.35996696756874547,1.777917155197548,0.0,-0.3176537913573452,1.7251785398919404,0.0,-0.27534062375258817,1.6724399353135442,0.0,-0.4157068309093929,1.9143213211006147,0.0,-0.46062504520702124,1.899320154377259,0.0
-0.3991522296880297,1.8265990842219142,0.0,-0.4031140219358307,1.821867381505814,0.0,-0.4054740255287467,1.8188787309606147,0.0,-0.40824200832443913,1.8157416167183533,0.0,-0.39377326391843503,1.8284762865204198,0.0,-0.39048841893534014,1.829708423804694,0.0,-0.38735376211723005,1.8306901891370095,0.0,-0.40787013253399196,1.8076307601335835,0.0,-0.377104114822874,1.823145187987094,0.0,-0.405546214585226,1.8277697286601406,0.0,-0.39762659647200116,1.8331370441788684,0.0,-0.39550721445252773,1.7574098747701674,0.0,-0.3191220191456414,1.7983210363035307,0.0,-0.41907809587557887,1.8266184463919426,0.0,-0.35943447990319394,1.859703250258522,0.0,-0.4441333885692428,1.882915270929086,0.0,-0.4098527009725677,1.8899519214405174,0.0,-0.45827153386150404,1.8943212557560123,0.0,-0.41708334700548394,1.9005821739668656,0.0,-0.44678812846073235,1.8962204365035464,0.0,-0.4196853005739359,1.8928933216276864,0.0,-0.43786030712410995,1.892240748710207,0.0,-0.41915048487723455,1.8859414576180729,0.0,-0.2960290872626062,1.659362223934659,0.0,-0.2538749284382044,1.681860304069368,0.0,-0.34627999712276386,1.7378206117184058,0.0,-0.29928587165928555,1.7597513638220303,0.0,-0.38347082021193174,1.8318773534690647,0.0,-0.3547120846775105,1.8431194276974048,0.0,-0.3874556649004398,1.8488608759453695,0.0,-0.3684928795322087,1.8536863144544504,0.0,-0.4042102158446631,1.8676408586549638,0.0,-0.3596336407176952,1.8822585734523294,0.0,-0.39248711961843663,1.8153879740204586,0.0,-0.35731460890500555,1.7778654552469497,0.0,-0.3161331489070074,1.7242384678443075,0.0,-0.2749519877912179,1.6706112682644294,0.0,-0.4243753990342114,1.90150291425879,0.0,-0.45557823434446854,1.8997566039609122,0.0
-0.38846701117821614,1.8316263175587968,0.0,-0.39232060820428993,1.8274648650503216,0.0,-0.3943791289531141,1.8243241352022788,0.0,-0.3968711160131362,1.8216569878409155,0.0,-0.38362816163306723,1.8332484923229175,0.0,-0.38068392804002105,1.8342481960689094,0.0,-0.37789504678415287,1.835073598974994,0.0,-0.3957721318752404,1.8136643303992979,0.0,-0.36791822202540414,1.8271148605025442,0.0,-0.39329545525825516,1.8307276149165568,0.0,-0.38604395923387813,1.835657568754551,0.0,-0.3843130320925806,1.75976304101876,0.0,-0.3102916051002514,1.8048102334518008,0.0,-0.4052699648562341,1.82980745411592,0.0,-0.35488957677118377,1.863153113096058,0.0,-0.4290524956172403,1.8866536622175416,0.0,-0.4101316482929554,1.8832849947284387,0.0,-0.43921733839510974,1.8959108435490797,0.0,-0.41691680551758764,1.8901122862505129,0.0,-0.4307363075228559,1.8962422450115608,0.0,-0.41761680887270797,1.8823813601359936,0.0,-0.42102716673804247,1.8887573754302465,0.0,-0.4159628108034204,1.8770576662125023,0.0,-0.29541768288712383,1.657374204862182,0.0,-0.2531096905221568,1.6795816472630167,0.0,-0.3465640591798902,1.7352518059263984,0.0,-0.2988635711932417,1.7572717583271489,0.0,-0.38385633766499205,1.829268368064085,0.0,-0.35297010139030677,1.8415022905224536,0.0,-0.38911827882236305,1.8459005957606702,0.0,-0.3660308188267053,1.852947248478255,0.0,-0.40932903218438826,1.8618305035639922,0.0,-0.3595738250449522,1.8803929742163024,0.0,-0.3818451905001906,1.82038958426584,0.0,-0.3473023116320249,1.7822866389138863,0.0,-0.31078313089370196,1.7253821938884617,0.0,-0.2742636732849596,1.6684779428909486,0.0,-0.4272699927627096,1.8903991596768708,0.0,-0.4398904450541741,1.9038918130786417,0.0
-0.37961804112585384,1.8365576577473972,0.0,-0.3829714856569105,1.8326460130452666,0.0,-0.3847057511792754,1.8295592114484207,0.0,-0.3868058409297427,1.8272299003593084,0.0,-0.37558378390048486,1.8371357530916383,0.0,-0.37278891647804624,1.8379958539507868,0.0,-0.37022557297328007,1.838729186079878,0.0,-0.3843926872783755,1.8190769070080415,0.0,-0.36036877311790727,1.8323373632016713,0.0,-0.3820376813015096,1.8324658396828357,0.0,-0.37558486161778293,1.8368615007550413,0.0,-0.37461716735380035,1.7616896857435338,0.0,-0.30357866756908614,1.811307754513059,0.0,-0.38976656158970086,1.8332152664211572,0.0,-0.35442379366199517,1.8642949589584883,0.0,-0.4089259349027079,1.8917816267245249,0.0,-0.41222320242077215,1.8750749158792062,0.0,-0.41478678061123886,1.897916802092041,0.0,-0.41861084365719536,1.8783746410957127,0.0,-0.4095736096745455,1.8972731325219996,0.0,-0.41776623579690797,1.87203410481233,0.0,-0.40020262150494623,1.8878718721115002,0.0,-0.41512271999250294,1.86795560404719,0.0,-0.29553103270751613,1.656641197898993,0.0,-0.2532374790604293,1.6788761261840466,0.0,-0.34728131497729026,1.7341188129913356,0.0,-0.29925694993226215,1.7564092110852525,0.0,-0.38516379228791153,1.8278991195786474,0.0,-0.3524424679682853,1.8412243031096678,0.0,-0.39078304337559516,1.8444140534298092,0.0,-0.3648519880683326,1.8533722746872616,0.0,-0.4141032815740453,1.857422953920591,0.0,-0.36399732173761146,1.8789414053134612,0.0,-0.37238073150577355,1.8257071262557116,0.0,-0.33909791166024084,1.7864987237362953,0.0,-0.3067410739412401,1.7271286851791567,0.0,-0.2743842343017744,1.6677586633316739,0.0,-0.4307750790857192,1.8754774904512386,0.0,-0.41887208740163057,1.9095492670736471,0.0
-0.3783795106593694,1.8397307759511166,0.0,-0.38066000920611837,1.8356541416008882,0.0,-0.38236126077592486,1.8330377775553877,0.0,-0.3843040794486961,1.8308619695588004,0.0,-0.3743952963657829,1.839232863167414,0.0,-0.3716576874771829,1.8400572731346352,0.0,-0.36925060738384435,1.8407765363215178,0.0,-0.3808055159873684,1.8226013231857414,0.0,-0.35968974111114876,1.8364656118317646,0.0,-0.3785813125863167,1.8333538790435897,0.0,-0.37279625329133764,1.837341259675478,0.0,-0.3743403259362088,1.7634535621177012,0.0,-0.3038143756336824,1.813797494562492,0.0,-0.37888800851281795,1.8364243194124443,0.0,-0.35999991738285897,1.8610844439322398,0.0,-0.3892551397795204,1.8971665842222951,0.0,-0.4187754989044362,1.859531981089802,0.0,-0.3922932566706846,1.9006126931416405,0.0,-0.4253900397129028,1.8602293412067998,0.0,-0.3884705192681227,1.8987996133925613,0.0,-0.42378664362203,1.8551549468964765,0.0,-0.3819056075632561,1.8920217549114209,0.0,-0.4203070616367537,1.8519496707170469,0.0,-0.29671781638847766,1.6578938990597625,0.0,-0.25460980851766857,1.680478238525256,0.0,-0.3486153685317878,1.7352729442653663,0.0,-0.30043538199446024,1.7581260831131402,0.0,-0.3867903732772992,1.8289345532814412,0.0,-0.35258198728207796,1.8435838546780925,0.0,-0.3912233569883452,1.8458066509077675,0.0,-0.36432009446905056,1.8563817545929475,0.0,-0.4156261062485665,1.8585597340978102,0.0,-0.36969150374749693,1.8791276148984388,0.0,-0.37024762311473186,1.8295334680146884,0.0,-0.3390773480716515,1.7886255362809345,0.0,-0.30737075116598966,1.7289057059219008,0.0,-0.27566379664324425,1.6691860810024721,0.0,-0.43646674510991823,1.8539325166712641,0.0,-0.3975131359997053,1.9157789589105232,0.0
-0.391931607362095,1.834895243932754,0.0,-0.3936118141903433,1.8305933481714582,0.0,-0.39546211281933574,1.8286575300740722,0.0,-0.39724767152961615,1.8268466513005044,0.0,-0.38760259185253254,1.8338113813052934,0.0,-0.3849821129923885,1.834526037396419,0.0,-0.38273558990614054,1.8351634188262993,0.0,-0.3934559328265963,1.8184175214478038,0.0,-0.3735041056208269,1.831505054846373,0.0,-0.3908273361367194,1.8275059132389366,0.0,-0.3852579094137386,1.8311241469702286,0.0,-0.39131412675973243,1.758836234690647,0.0,-0.31838822379278287,1.805636169268967,0.0,-0.3892836601500362,1.83192036458444,0.0,-0.3765513810283193,1.850468276321166,0.0,-0.3983685513008202,1.8928675950195424,0.0,-0.43442144246090636,1.8400742821964167,0.0,-0.40061124664427566,1.8951859740053631,0.0,-0.4411766842497275,1.8395887688768238,0.0,-0.3962887375609279,1.891430958324134,0.0,-0.43966800896370156,1.8353502182985129,0.0,-0.393449516484305,1.8892446997960386,0.0,-0.43587975134940876,1.8328018742586105,0.0,-0.298193752683108,1.6601271367756707,0.0,-0.25620020648886377,1.6829236012816562,0.0,-0.34995425791966195,1.7375979225794507,0.0,-0.3013411935100868,1.7609714215226524,0.0,-0.3881547236986006,1.831249150041092,0.0,-0.352504270817243,1.84702163177418,0.0,-0.39054428413473014,1.8485294574404634,0.0,-0.3636765182716937,1.86031637845774,0.0,-0.4139980333175108,1.8635179303454965,0.0,-0.3730181305110095,1.8807154888514928,0.0,-0.3834800229310933,1.8249612918091214,0.0,-0.35485116589992316,1.7822362000001672,0.0,-0.3160235476676795,1.7268811416237098,0.0,-0.2771969611577283,1.671525376380964,0.0,-0.4514432785561332,1.832685690312662,0.0,-0.4020665980496234,1.91289106732959,0.0
-0.42058312045164137,1.8088467848046181,0.0,-0.42228214909565503,1.8044266358743695,0.0,-0.4240444450329786,1.8030597437522788,0.0,-0.425256517744171,1.801909410111446,0.0,-0.4161498477575231,1.807252768140711,0.0,-0.41373580555305284,1.8077858430966496,0.0,-0.41178762212727477,1.8082212024965452,0.0,-0.4224710014837854,1.7932133966952866,0.0,-0.4024639629870633,1.8040596863660006,0.0,-0.4188037474965995,1.8008913673141702,0.0,-0.41340328191564685,1.8039601265699574,0.0,-0.4236858428998899,1.7333884017132073,0.0,-0.34812598431319963,1.775804542160441,0.0,-0.4201341510853311,1.8064144129848103,0.0,-0.4071730670600692,1.8194658832006552,0.0,-0.4354110673867587,1.866111280350278,0.0,-0.46586697609172073,1.8160011802320097,0.0,-0.4386066137584176,1.8692788451835098,0.0,-0.47215232956099046,1.815940234217243,0.0,-0.4331490109893279,1.8631455503650438,0.0,-0.4709115220931906,1.8123513191885776,0.0,-0.4318643622444458,1.8625790455102702,0.0,-0.4673319188641529,1.8099510306301148,0.0,-0.2992755413231055,1.661624987896702,0.0,-0.25709224947629833,1.6840683968380288,0.0,-0.3501918560396923,1.7396531972256362,0.0,-0.3012228083553224,1.7626919602693951,0.0,-0.38862611109795964,1.833208721001178,0.0,-0.3519299839961499,1.8490116075253962,0.0,-0.390339728491074,1.8505690936447794,0.0,-0.36289164415615105,1.8624805127927202,0.0,-0.41179919637991047,1.8674455279917288,0.0,-0.37367653296976366,1.881923338747259,0.0,-0.41246748850616516,1.7986365349391868,0.0,-0.3859059053118671,1.7545964710971904,0.0,-0.33204482776930844,1.7137216530376032,0.0,-0.2781838741679933,1.6728466944103253,0.0,-0.48350145727937455,1.810225432027687,0.0,-0.45531336784613013,1.8704140038520252,0.0
-0.4185231765432366,1.80956849689471,0.0,-0.420130250486458,1.8047941509219216,0.0,-0.42153892453594577,1.8036522755401114,0.0,-0.4220880758954869,1.8027732105869039,0.0,-0.4142774920923,1.8072391941430748,0.0,-0.4120141801456363,1.8077178012169772,0.0,-0.41039956604174277,1.8079850090069036,0.0,-0.421776029503416,1.7939985853559792,0.0,-0.40054260629462923,1.8036083228842064,0.0,-0.41680332390363695,1.8012420691137894,0.0,-0.4120600489071936,1.8038116861386768,0.0,-0.42390324847153305,1.7343255027766673,0.0,-0.3469757355827855,1.7742075659232903,0.0,-0.41705624891940324,1.8071165148188078,0.0,-0.40476397271481507,1.8195219160953702,0.0,-0.4372921452517755,1.8653196817820972,0.0,-0.4597176295032952,1.8404282483813224,0.0,-0.4421251052660954,1.8709050090948425,0.0,-0.4657713070430257,1.8427168645045917,0.0,-0.43627627344888487,1.8632802283214456,0.0,-0.4644425571330828,1.8390026723142257,0.0,-0.43369237081878487,1.8606016010232775,0.0,-0.46115944597034053,1.8356515453299938,0.0,-0.29997348625465603,1.6608459475010104,0.0,-0.25713305097152417,1.6820080320082627,0.0,-0.34887522772527646,1.7401522665212443,0.0,-0.3001157156869781,1.7612649653805548,0.0,-0.38691270808898987,1.8338698106545603,0.0,-0.350658927592592,1.847680721433108,0.0,-0.3894116270140235,1.8511346427447022,0.0,-0.36174952628871976,1.861043656107982,0.0,-0.4081551681933239,1.8693368195939757,0.0,-0.37150912478851694,1.8811674907782232,0.0,-0.4111593275980936,1.798803441720579,0.0,-0.38543949119710835,1.754266547570882,0.0,-0.3319957739757394,1.712847523982533,0.0,-0.2785532459757042,1.6714269884163413,0.0,-0.47821467272201623,1.8419093244233335,0.0,-0.45221063595107874,1.8791780232543798,0.0
-0.3927130931650009,1.8307017160420502,0.0,-0.3940041514838365,1.8250829434794638,0.0,-0.3952809297929748,1.8236650426939103,0.0,-0.39602135944943073,1.8222030149715978,0.0,-0.3884309746939768,1.8281188157144619,0.0,-0.3860685528445589,1.8287438021788378,0.0,-0.3843051240667045,1.829093505617424,0.0,-0.3984960425466605,1.8136741720758431,0.0,-0.374209753037243,1.8249555382204456,0.0,-0.3922310110910866,1.822747538357995,0.0,-0.3880297001222399,1.8254976808436973,0.0,-0.3984216423361796,1.755464373864673,0.0,-0.32131246262177887,1.7949940539019806,0.0,-0.3907546305956927,1.8281735876409004,0.0,-0.3720551668178585,1.8480793499190014,0.0,-0.4099880289839692,1.8867156796035978,0.0,-0.41976411223144694,1.8824426392202305,0.0,-0.4154016634731697,1.894794348990933,0.0,-0.4266895570404651,1.8886028148335936,0.0,-0.41030891768439554,1.8874185296985329,0.0,-0.4255019649318891,1.8835725270155264,0.0,-0.40627493708132517,1.8827030353915286,0.0,-0.42253856953838076,1.8784124387480174,0.0,-0.3005301138866603,1.6574536759592413,0.0,-0.2568077596812824,1.6767278155945167,0.0,-0.346968958487564,1.7382268538559391,0.0,-0.29876709609885166,1.7565312305654208,0.0,-0.38264281423607494,1.8328693601986725,0.0,-0.34868962240770884,1.843307036702913,0.0,-0.3854433819197286,1.8500878341015468,0.0,-0.3600120937589961,1.8564740806028468,0.0,-0.40119217559323067,1.8698162413611528,0.0,-0.3667048210618636,1.8784004415211015,0.0,-0.3863528901944161,1.8193148594801216,0.0,-0.3598670413823687,1.775229207191649,0.0,-0.3192678019599283,1.7211601015603437,0.0,-0.27866891608163613,1.667090747661244,0.0,-0.43584586756869714,1.8917006810947457,0.0,-0.4211213711021169,1.9037645413365072,0.0
-0.38773351724304195,1.8302141630239621,0.0,-0.38932662425342074,1.824172118174637,0.0,-0.39092163184241596,1.8221106777835925,0.0,-0.39299197489045284,1.8199494972080132,0.0,-0.3829731348268374,1.8288441597157328,0.0,-0.38019894640832236,1.829679083034129,0.0,-0.37752671147783196,1.8303718277711776,0.0,-0.3962544946717751,1.8112408423623745,0.0,-0.36777735845154375,1.8257420673296867,0.0,-0.38873464955461795,1.8238361245433135,0.0,-0.3837320131874435,1.8276504774849176,0.0,-0.39053473159788155,1.7554687851764328,0.0,-0.314590251087042,1.7971923646012484,0.0,-0.38996765529008093,1.8285789162216377,0.0,-0.3548346106847439,1.8586192496184493,0.0,-0.3982919603360904,1.889634678361112,0.0,-0.4021817472751592,1.8934793669556769,0.0,-0.4023734253641529,1.8988599376985174,0.0,-0.4105058806456593,1.9030907766395073,0.0,-0.3982165964543596,1.8925314373837023,0.0,-0.4106021753133776,1.8964807993069177,0.0,-0.39520351533777376,1.8887796781402126,0.0,-0.4082591987087142,1.8901885386525834,0.0,-0.30122419074565726,1.6534818403222935,0.0,-0.25716923411791276,1.6719831243984846,0.0,-0.3463730442018473,1.7349830893126617,0.0,-0.29853409367281475,1.7520962902804065,0.0,-0.37881181122131297,1.8307826424695357,0.0,-0.34723247552619235,1.8395649519183486,0.0,-0.3799326318430446,1.8481913409857542,0.0,-0.358715539119133,1.8525921792935034,0.0,-0.3953552995010678,1.8686701579585514,0.0,-0.36311424049258917,1.8756740087577903,0.0,-0.3820159243761863,1.818491457875497,0.0,-0.3525624849957657,1.7763305775044866,0.0,-0.3158795879023518,1.7195315327388931,0.0,-0.27919669827036364,1.662732499526416,0.0,-0.4170035892509662,1.904643917753701,0.0,-0.40468139142783927,1.9089683320104194,0.0
-0.4165926516261983,1.808038295125607,0.0,-0.4199882609155875,1.8030788844263095,0.0,-0.42191187789075524,1.8005388440799375,0.0,-0.425402444578126,1.7985653351350848,0.0,-0.41190158476905303,1.8087716988610307,0.0,-0.4085966857160048,1.8097718908659228,0.0,-0.40489362975052723,1.8108155858762138,0.0,-0.42623765046145534,1.7883755645512192,0.0,-0.39514829988068423,1.8044367500362442,0.0,-0.41803136616026393,1.8041808729729116,0.0,-0.41090328340388005,1.809299336734348,0.0,-0.41239460870420985,1.7355395190308385,0.0,-0.3391179948622056,1.7817884007895353,0.0,-0.42337261109149815,1.8078229631973322,0.0,-0.3719753769485401,1.8474638385480928,0.0,-0.41835405760984307,1.869238875352757,0.0,-0.4216265573174174,1.8789557329346478,0.0,-0.42080115867475004,1.8788616605175117,0.0,-0.43072716077536577,1.8904008302772424,0.0,-0.41701896302059266,1.8734428591689791,0.0,-0.4331374757844907,1.8832279548074835,0.0,-0.4164840867397584,1.8723105574517913,0.0,-0.431693313299222,1.8775103410108713,0.0,-0.30241314188076973,1.6522543139087054,0.0,-0.25915202696114187,1.672542553158366,0.0,-0.3482099411886031,1.733393242472968,0.0,-0.3005688467730341,1.7526288690324923,0.0,-0.3795937993674339,1.829543548955116,0.0,-0.34790347308598246,1.8408429966747453,0.0,-0.3782608576872694,1.8469372917775209,0.0,-0.35933322188104966,1.8539170260859545,0.0,-0.39689536561236394,1.8670909408733982,0.0,-0.36424581561705355,1.8767459531669208,0.0,-0.4106929793619136,1.7964061606970938,0.0,-0.3757562979339476,1.7586639665929409,0.0,-0.32826921442799983,1.7105314066615491,0.0,-0.28078256476600727,1.6623984380277335,0.0,-0.43638219114213866,1.8902076423063143,0.0,-0.4199863690011238,1.8895354403978446,0.0
-0.3099754115491724,1.572720369417356,0.0,-0.3157504091867712,1.5698245847927879,0.0,-0.3175610652890162,1.5673392224531397,0.0,-0.3212506948294805,1.5661320045429652,0.0,-0.30643231514556135,1.5748069988678115,0.0,-0.30280273100974164,1.5759498597221981,0.0,-0.2988361758865369,1.577124142151841,0.0,-0.3180711527121377,1.5541894143246942,0.0,-0.2881386260295199,1.5690784704376695,0.0,-0.31113951912435245,1.5719176548125735,0.0,-0.30215499931264445,1.577756636557107,0.0,-0.29520021152307024,1.5082563287404298,0.0,-0.224843668521796,1.5588367405318535,0.0,-0.31792035580989947,1.5777488310739303,0.0,-0.25591488282211095,1.6253758292260148,0.0,-0.31738554639153216,1.63936712481708,0.0,-0.3039175369129324,1.659327623351122,0.0,-0.32026277786023366,1.6504392828783923,0.0,-0.3130456301988664,1.672555099023014,0.0,-0.31715622970326657,1.6469058149683455,0.0,-0.31743761029225454,1.6660015188675539,0.0,-0.31720826715121025,1.646867616437896,0.0,-0.3168978793380221,1.6612414595296696,0.0,-0.30402440334692615,1.6548497276166458,0.0,-0.26259817220990156,1.678661575292171,0.0,-0.35158190464811606,1.7349693670653217,0.0,-0.3047766855855737,1.758349365844045,0.0,-0.38524226902047676,1.83034655438556,0.0,-0.3507357601884845,1.847287898694066,0.0,-0.3828135723045392,1.8476214047512411,0.0,-0.36176098313864613,1.8607048231353354,0.0,-0.4052622033441174,1.8665177178181882,0.0,-0.3693343489538483,1.8820756399288572,0.0,-0.30310490731255446,1.561633942773771,0.0,-0.26002193384428673,1.533546537729387,0.0,-0.2716665744919271,1.6001511079152024,0.0,-0.2833112671195106,1.6667556550515188,0.0,-0.317856810104329,1.6715763317309091,0.0,-0.3202537549141283,1.6595262015067127,0.0
-0.3037065348680029,1.5568841361205028,0.0,-0.3103039303778438,1.5550037648241022,0.0,-0.3117286540937822,1.552785862281624,0.0,-0.3143594303456205,1.551733657002845,0.0,-0.3012137995466842,1.5588898051049718,0.0,-0.29754989657407005,1.5601462226576204,0.0,-0.2940141251598869,1.5612600092567779,0.0,-0.30842615714982363,1.54016097672702,0.0,-0.2824453366940296,1.5534373184606725,0.0,-0.30549550202741416,1.5591373536326265,0.0,-0.29620513062241716,1.5649304620705369,0.0,-0.2786540579200549,1.5174909622321975,0.0,-0.20955268097509966,1.5697730901956928,0.0,-0.3112766506978199,1.5829216834374693,0.0,-0.24193919400683025,1.635682000488544,0.0,-0.32846152263425,1.6420975258181196,0.0,-0.2835219535011395,1.67724945454716,0.0,-0.33368827314601146,1.6558877732136654,0.0,-0.2926788053845637,1.6935846296017427,0.0,-0.3321019579708228,1.6559090186425753,0.0,-0.2970385233747911,1.6877608182578685,0.0,-0.33013525521900006,1.6547449573209527,0.0,-0.2972049689389811,1.682198354155741,0.0,-0.3056066939006929,1.6588009659277259,0.0,-0.26611805562017865,1.6857042029577098,0.0,-0.3547513607068719,1.737956978206694,0.0,-0.3094139472409348,1.7647904642322498,0.0,-0.39194872210278303,1.8320111343933394,0.0,-0.35379242477132733,1.8545281369007263,0.0,-0.3896839724104316,1.8493082420048934,0.0,-0.3642642587566429,1.8683812988339275,0.0,-0.41428445085015275,1.8668000127270354,0.0,-0.37428775063744946,1.8882332709595515,0.0,-0.2954357573494316,1.5467991510720622,0.0,-0.24410336702459728,1.5436320343180414,0.0,-0.26498286470818394,1.6079423212240331,0.0,-0.28586235814480987,1.672252595049096,0.0,-0.29549501976939224,1.6914261917674613,0.0,-0.33468943826137,1.6614838111778543,0.0
-0.28717475163082395,1.5198017422770567,0.0,-0.2927445194967756,1.5168002367760378,0.0,-0.29398965816422623,1.5145302289011617,0.0,-0.29549094190273467,1.5127384401212756,0.0,-0.28460412853092715,1.5209718613202878,0.0,-0.28095591781508306,1.5222260693102285,0.0,-0.2777084859471969,1.523242354026844,0.0,-0.2890963925400357,1.5039590725884358,0.0,-0.2666154311539021,1.5173937561197746,0.0,-0.29131768778636463,1.5242338874539594,0.0,-0.282777858482792,1.5296044764380934,0.0,-0.27743120279429057,1.522384292242987,0.0,-0.20762414813502417,1.5737204035086274,0.0,-0.31695771318688604,1.5838909407711743,0.0,-0.2399407631238857,1.6396636145163366,0.0,-0.34318684974874714,1.6396505367179735,0.0,-0.27834518396232827,1.6841841668954405,0.0,-0.35048809819022925,1.656033488250207,0.0,-0.2878498648043624,1.7028076194529733,0.0,-0.34953104561746134,1.6587741634268796,0.0,-0.28993353075467027,1.6965940428088968,0.0,-0.34612484686820477,1.6564110182432394,0.0,-0.29030541251180836,1.6887759334994832,0.0,-0.30686040387834645,1.6611406290235011,0.0,-0.26866082871547814,1.6898447955035907,0.0,-0.3566904197562063,1.7398670037209982,0.0,-0.3125250819082477,1.7686172414822556,0.0,-0.39603115612152934,1.8330449756512461,0.0,-0.3554639584409128,1.8590525888083025,0.0,-0.3946319113008523,1.850433510288371,0.0,-0.36571910810369174,1.8730669139064837,0.0,-0.41837709136550977,1.86782729892708,0.0,-0.37594397989193234,1.892767024375989,0.0,-0.27785589959107065,1.5106764104556838,0.0,-0.2425276737311002,1.5480523570334181,0.0,-0.26514410510651854,1.6117725536534135,0.0,-0.28776059392562126,1.6754927152909995,0.0,-0.2887762944091868,1.6995310274513618,0.0,-0.35049132972469177,1.6586573661586932,0.0
-0.26133272028560445,1.5081459385856222,0.0,-0.2655475191675657,1.5031529535093628,0.0,-0.2669947334059527,1.5005745650712368,0.0,-0.26821677282396206,1.49806585498911,0.0,-0.2577528756956006,1.5084318900027012,0.0,-0.2540087177958174,1.5095473658440748,0.0,-0.25056980238778837,1.5104875178101804,0.0,-0.2626224648196092,1.492032112648813,0.0,-0.2409675073629265,1.5064671629855622,0.0,-0.26819040197356003,1.513558353417636,0.0,-0.2601358529492077,1.5185112560105536,0.0,-0.2788314091073326,1.5254339859046746,0.0,-0.20737298054993764,1.574445353853218,0.0,-0.3221950792510372,1.5842982785501647,0.0,-0.2370140732832746,1.6416337182024061,0.0,-0.34928737920740593,1.6396436254910343,0.0,-0.27837601568959813,1.6834209033726553,0.0,-0.35734442402371713,1.6576623254178628,0.0,-0.288157105807086,1.7006011000554528,0.0,-0.35466536492562656,1.659820823389187,0.0,-0.2879567541658946,1.6930178874255413,0.0,-0.3524610964556012,1.6575572510858834,0.0,-0.28779418074231755,1.684091312455145,0.0,-0.3081340458589715,1.662061819263285,0.0,-0.27080021375130975,1.6918833164775036,0.0,-0.35776769194185093,1.7409121441321018,0.0,-0.314083724318947,1.7709763545185493,0.0,-0.39742119465222914,1.8339574433878834,0.0,-0.35637395950878514,1.8617168370578125,0.0,-0.3970732875009746,1.8513987158044471,0.0,-0.36678140717517727,1.8756184353700505,0.0,-0.41834819654044375,1.8696114954207652,0.0,-0.3749743855132502,1.8965035959860934,0.0,-0.2517949778531194,1.4992496385973941,0.0,-0.2431021944775156,1.5499396814281077,0.0,-0.26628467731955247,1.6134561274458796,0.0,-0.2894671115367997,1.6769725765703993,0.0,-0.2892489025671465,1.6984580083142817,0.0,-0.356043771218363,1.6588521173657718,0.0
-0.24892260401727298,1.5109002760188315,0.0,-0.25236820248469244,1.5045587412466626,0.0,-0.2541876747557955,1.5019271118835023,0.0,-0.2557888948668674,1.499450653819539,0.0,-0.24412143174989606,1.5100010311948489,0.0,-0.2403167584565538,1.5109399373713586,0.0,-0.23664629486096186,1.511812877708611,0.0,-0.2513604508102793,1.4944957982292053,0.0,-0.22831298807439845,1.5085901162060302,0.0,-0.25703616324449985,1.5166202884319824,0.0,-0.2488574488960318,1.5213198412591162,0.0,-0.28202351152752997,1.5298689294764507,0.0,-0.20837094237002177,1.5755167142702218,0.0,-0.3266712636047828,1.5877653116728718,0.0,-0.23519077881250974,1.6438802063953595,0.0,-0.3519417349176957,1.6439658759454334,0.0,-0.28090048146871455,1.6808613124788458,0.0,-0.3600775389507142,1.6625153549661167,0.0,-0.290677571303191,1.6938100866795471,0.0,-0.3552137890530575,1.6625535415379433,0.0,-0.2906985069817046,1.6855731960436149,0.0,-0.35448590902328886,1.6605523388716827,0.0,-0.28968774014869586,1.6778125599843605,0.0,-0.31058145500686946,1.6644847632119697,0.0,-0.2734973575989047,1.6946162489930816,0.0,-0.35963276232624564,1.7436986622806219,0.0,-0.3154842928014071,1.774405146879454,0.0,-0.39886119813777354,1.8369239690088957,0.0,-0.3577333457644181,1.865164811310295,0.0,-0.39892876155725077,1.8543685801561536,0.0,-0.36828718152012224,1.8789556036517496,0.0,-0.41902417394703817,1.8730155918722111,0.0,-0.37331147428461153,1.9014058978846549,0.0,-0.23983672402281733,1.5015429543445848,0.0,-0.24519722501684915,1.5526928317059991,0.0,-0.26861835039962134,1.6161216682967354,0.0,-0.29203939288655933,1.6795505208360155,0.0,-0.29467815961187,1.6932915087388036,0.0,-0.3579208509033402,1.663430334970482,0.0
-0.24393988380208886,1.5172508738487664,0.0,-0.2467216058789412,1.5097607461357587,0.0,-0.24880679255434657,1.507484104303145,0.0,-0.2507825782321652,1.5055382401460236,0.0,-0.23807302770522618,1.514243850093627,0.0,-0.23440040439415963,1.5150807669492221,0.0,-0.23081278735415975,1.515933525002662,0.0,-0.24792863140222632,1.5010827471612638,0.0,-0.22308135593458303,1.5135227309274812,0.0,-0.25173506908680343,1.5227437161561417,0.0,-0.2434604736825205,1.5274024715522008,0.0,-0.28635342418813065,1.5364964127500047,0.0,-0.210156947103321,1.5777579939114699,0.0,-0.3303758144020573,1.5948697114133377,0.0,-0.2357672691083751,1.6465837310244351,0.0,-0.35559745564686973,1.651092206536278,0.0,-0.2788465715058112,1.686598138792475,0.0,-0.3637461931985898,1.6687747089562082,0.0,-0.28847577341169367,1.6963619054048082,0.0,-0.35912114303510145,1.6685648876023011,0.0,-0.2908192381920824,1.6890985745385227,0.0,-0.35727254448834295,1.665772848614358,0.0,-0.28939782036615896,1.6828971841509683,0.0,-0.3146041986248856,1.6694467785926599,0.0,-0.27644574083990686,1.6982055827300484,0.0,-0.3630595166976398,1.7490266422886145,0.0,-0.3170514895795807,1.778706167342283,0.0,-0.4021807371281527,1.8422969918260057,0.0,-0.35893318673728414,1.8696359347843072,0.0,-0.40187461439617717,1.8597390476614757,0.0,-0.36961483386591937,1.883327969592283,0.0,-0.42288383790380857,1.878081519944535,0.0,-0.3713505803636855,1.907077926983026,0.0,-0.23550499458500349,1.507302741959589,0.0,-0.24825518170513994,1.5571272103801979,0.0,-0.27189004984424353,1.6204767126157882,0.0,-0.29552495059463857,1.6838261880054366,0.0,-0.2949834883987137,1.695759694733963,0.0,-0.36201378087349706,1.6704169513908351,0.0
-0.2415559123626201,1.522071705869796,0.0,-0.24320692591657353,1.5129740357528179,0.0,-0.24536260343420305,1.5110526514501985,0.0,-0.24743631633168048,1.5094906924666953,0.0,-0.23467994939113776,1.5167270826347827,0.0,-0.23122924291905142,1.5175761578902334,0.0,-0.2278763324399117,1.5184963389942479,0.0,-0.24636782371162988,1.5061347826193663,0.0,-0.22053117219336946,1.5175734775391834,0.0,-0.24857619875903428,1.526747921343078,0.0,-0.2404482873130683,1.5315208417682593,0.0,-0.2893942707375993,1.5416366962138945,0.0,-0.21131585890621285,1.5792157170362706,0.0,-0.33206503015917843,1.6010051990362804,0.0,-0.23704803789294127,1.6479959878044241,0.0,-0.3602194995705276,1.6558178435363997,0.0,-0.27113407205898493,1.6959034131047679,0.0,-0.3685400888742944,1.671802712460347,0.0,-0.28013130417240867,1.705676761197483,0.0,-0.3662810105434505,1.6733378213714145,0.0,-0.28448120644611646,1.6994206697162921,0.0,-0.3616676970972613,1.6692786981562469,0.0,-0.2832503511633108,1.6934007485894913,0.0,-0.31849691551931564,1.673754396101834,0.0,-0.2784692671853426,1.6998489182241605,0.0,-0.3663155615135499,1.7537184483420538,0.0,-0.3178560593466968,1.7809528734720974,0.0,-0.40593326895043996,1.846778994484041,0.0,-0.35895276266654413,1.8722401132162731,0.0,-0.4052618466678858,1.8642108106548585,0.0,-0.37056758628335473,1.8851500038011653,0.0,-0.427715798248701,1.881916897833034,0.0,-0.36944053842015007,1.9102677479576555,0.0,-0.23344950888292273,1.5118541275454902,0.0,-0.25035505934411006,1.5604262109741325,0.0,-0.27441906884961353,1.6236139461129149,0.0,-0.29848307481931013,1.686801667881587,0.0,-0.2870823335126468,1.7053895688426366,0.0,-0.3682513058856021,1.6745289386519913,0.0
-0.23901279085829613,1.5229428985943239,0.0,-0.2395948669720391,1.5125665222198812,0.0,-0.24174218846672588,1.5106174041984937,0.0,-0.24379047911726773,1.5090091992861798,0.0,-0.2313720209926772,1.5165882125491383,0.0,-0.22804129622036337,1.517532311812088,0.0,-0.2248026414424927,1.5185580271202115,0.0,-0.24394638404413185,1.5065823308367978,0.0,-0.21801460631740918,1.5187515848165816,0.0,-0.2458644468693831,1.526787389466834,0.0,-0.23763482087082846,1.531746561704568,0.0,-0.2893284289793991,1.5420007416913466,0.0,-0.2108865978253425,1.578815145465938,0.0,-0.3310793408702459,1.6020196903098343,0.0,-0.2372331667537196,1.6473624210357798,0.0,-0.3620158740587275,1.6553116320947705,0.0,-0.26558958097169044,1.6988686623738505,0.0,-0.3707845410357202,1.670481659266478,0.0,-0.27286098301727063,1.7106576321925795,0.0,-0.37024663569748156,1.6733013117184419,0.0,-0.27800688447048444,1.7036871095480262,0.0,-0.36400578525135713,1.6684417986999207,0.0,-0.2773404291961405,1.6973774292717394,0.0,-0.32047051728615045,1.6741691100963947,0.0,-0.2791555620215188,1.6981735094311434,0.0,-0.3673293745663521,1.7546993531718516,0.0,-0.3179957979355916,1.7795406221226986,0.0,-0.40744841306925533,1.847544874013745,0.0,-0.3595719665724323,1.8706104929107432,0.0,-0.4069890755465841,1.864983567540926,0.0,-0.37313959288083026,1.8814497234608871,0.0,-0.429646953431782,1.8824214512564457,0.0,-0.3698194726508055,1.9087035771053267,0.0,-0.23098050631305764,1.5126669514762576,0.0,-0.2501075078778659,1.5604079478644204,0.0,-0.27496028179148063,1.6232896308432387,0.0,-0.2998130190492454,1.6861713135212746,0.0,-0.2797737023347471,1.710832979957212,0.0,-0.37130502060328424,1.6734314209892729,0.0
-0.23610859567268408,1.5222319506904671,0.0,-0.23637054874686828,1.5114864529863468,0.0,-0.23857418276863143,1.509252416024169,0.0,-0.24064279843250028,1.5073927362263526,0.0,-0.2283316773207071,1.5162176453315652,0.0,-0.22500730543805939,1.517289399022554,0.0,-0.22174253490662169,1.5184073560391773,0.0,-0.24124865639818258,1.504805200298648,0.0,-0.21568612225948855,1.5185187174199692,0.0,-0.243514812110428,1.5256084179807459,0.0,-0.2348595706606438,1.5309091073648582,0.0,-0.2872835716176899,1.5396729302691161,0.0,-0.2097538964045981,1.5783713883964456,0.0,-0.3287509063605255,1.5998881524833664,0.0,-0.23677690721220376,1.646654823937121,0.0,-0.3600851098108907,1.6529472500921853,0.0,-0.26406053416946046,1.6987372857081815,0.0,-0.3691617450798037,1.668925347366052,0.0,-0.26905174971682383,1.7124374776200177,0.0,-0.36830702519123204,1.671484155964146,0.0,-0.2747139468775957,1.7040614422945404,0.0,-0.36225030020042387,1.666184956700688,0.0,-0.27487024780175123,1.698321811759155,0.0,-0.3211117199606719,1.6721936728776017,0.0,-0.27950547167119094,1.6956895622886208,0.0,-0.3664987241585867,1.7535625391922858,0.0,-0.31932211509700004,1.776583355993225,0.0,-0.4068725238416209,1.846297561109327,0.0,-0.36420633626113175,1.866069141760348,0.0,-0.40689722111993243,1.863742285610996,0.0,-0.37847995696856823,1.875960206135012,0.0,-0.4287803803127086,1.8813574621250888,0.0,-0.3746485922340674,1.904109301256302,0.0,-0.22846739658262724,1.5116619572819976,0.0,-0.2485187279518023,1.5590221624686127,0.0,-0.2744136877143631,1.6214818893679934,0.0,-0.30030857986637194,1.6839416294095635,0.0,-0.27584679900967973,1.7130697019452876,0.0,-0.3692086536018934,1.671150984373954,0.0
-0.2338172349108809,1.5234322634172806,0.0,-0.2338988244462532,1.5124772262529342,0.0,-0.23620148215819314,1.5101357586641113,0.0,-0.23833241808730815,1.508221202404749,0.0,-0.22610607427812052,1.5175004628431894,0.0,-0.22280270238377653,1.5186967426180733,0.0,-0.219507493491367,1.5199308997732732,0.0,-0.23926228898350949,1.5052169819949184,0.0,-0.21425266432453238,1.5197137824424038,0.0,-0.24139078077952564,1.526287252517703,0.0,-0.23265705777735196,1.5321274000626344,0.0,-0.28566379127400787,1.5391268215839324,0.0,-0.2092415650878864,1.5799687674831848,0.0,-0.32727857643832703,1.5992402351678694,0.0,-0.23693273992062888,1.6479839828304,0.0,-0.35724746481112474,1.6530822807700738,0.0,-0.26409023190499703,1.7001323265547763,0.0,-0.36592043598092067,1.6703829258684728,0.0,-0.2679723312231185,1.7152525774928349,0.0,-0.3637628431456573,1.6720969801523249,0.0,-0.27420441328190825,1.706935653679201,0.0,-0.35839601685371103,1.6663328936939912,0.0,-0.2748040678950753,1.7011212186565403,0.0,-0.32211919281764684,1.671828506932791,0.0,-0.28052278253698776,1.6953418088639076,0.0,-0.3657834178032661,1.7541346914622886,0.0,-0.3230597608212701,1.7748388303934188,0.0,-0.4069472295066462,1.8465217500627689,0.0,-0.3728650758880242,1.8616819634263277,0.0,-0.40703425673652216,1.8639662749676191,0.0,-0.38552441134195253,1.8735693781338416,0.0,-0.4286022086915277,1.881738403948326,0.0,-0.38259310182712114,1.899911009394154,0.0,-0.2267574720214267,1.5124653845479916,0.0,-0.24745267208713706,1.55954779760462,0.0,-0.2743868543178367,1.6215664742513636,0.0,-0.30132096915548834,1.6835851651722213,0.0,-0.27407540889010434,1.7157729926100802,0.0,-0.3651041515823573,1.6718675799714793,0.0
-0.2315450152129354,1.5268512399043987,0.0,-0.23079681333146776,1.5151041471375766,0.0,-0.23309893805872198,1.513005943595678,0.0,-0.23525180839039042,1.5113492526368126,0.0,-0.22343623730751364,1.5198314594124704,0.0,-0.22020288228294896,1.521115168283109,0.0,-0.21693664726788378,1.5225008639847453,0.0,-0.2367824019625898,1.5088294208988051,0.0,-0.2123843627336486,1.5228141994850517,0.0,-0.23814693946947432,1.5287719476328991,0.0,-0.23001776940869204,1.5350332061051697,0.0,-0.28453494561643683,1.541142441919732,0.0,-0.20886617959863976,1.583363989137048,0.0,-0.32706842999879,1.6006093700670814,0.0,-0.23740209834518936,1.6510291354358322,0.0,-0.3556252473131308,1.6552134754970436,0.0,-0.2637790267083134,1.7035766070610525,0.0,-0.3635829832071095,1.6732528849904202,0.0,-0.26859566001871443,1.7205087875673728,0.0,-0.3604718095930516,1.6744558858188996,0.0,-0.27482947400858654,1.7134965704323961,0.0,-0.3553563326256831,1.6683672569021208,0.0,-0.274273530877774,1.7043821662849965,0.0,-0.3236258890613487,1.673766357251167,0.0,-0.2818172762132724,1.6969002416560923,0.0,-0.36598349043183925,1.756752537796708,0.0,-0.32789227664730913,1.7744003402923172,0.0,-0.4084676539314782,1.8485399216930576,0.0,-0.3811650303194616,1.859160666389238,0.0,-0.40783005721287297,1.8659730078604322,0.0,-0.392061394438724,1.8726824507220823,0.0,-0.42963931904123076,1.8840492363988255,0.0,-0.39031405605480923,1.8975323978119385,0.0,-0.22458337316854846,1.5158218145234101,0.0,-0.24670055575714941,1.5622532172519217,0.0,-0.27471107807393186,1.6237932616538466,0.0,-0.3027215644598833,1.6853333072993215,0.0,-0.27321909832531105,1.7195521897403605,0.0,-0.36223931749327165,1.674471436675729,0.0
-0.22796232475033334,1.5302996226008931,0.0,-0.2259958669686837,1.5179869520048737,0.0,-0.22816764653562685,1.5161952583395135,0.0,-0.23027847854517083,1.5148179871784129,0.0,-0.21894168845414777,1.522342058524334,0.0,-0.21571503838762127,1.5236632622583082,0.0,-0.21248060625772755,1.525149161713152,0.0,-0.2323343183805789,1.5131805411364767,0.0,-0.20830361870441336,1.5262818407375842,0.0,-0.2331154511314056,1.5316724050776869,0.0,-0.22571264551524237,1.5379208626761462,0.0,-0.28188991703466365,1.5431459667281313,0.0,-0.2071884247556584,1.5870561961897254,0.0,-0.3266338290204107,1.6009680661123429,0.0,-0.2369790666436214,1.6541783858012742,0.0,-0.35463025458403163,1.6558616021670707,0.0,-0.2633466261489844,1.7067305592083548,0.0,-0.3626794866782615,1.6741837799513795,0.0,-0.26994706735496754,1.7256688413512475,0.0,-0.35904192681125047,1.6751981407215095,0.0,-0.27552533784503774,1.7191642102783007,0.0,-0.35376859464512345,1.6691506102933988,0.0,-0.27226050788490386,1.7046582779861965,0.0,-0.3244779290916363,1.6753244520660073,0.0,-0.28255912511241554,1.6982580647097238,0.0,-0.36676055165348803,1.758348860433008,0.0,-0.33146519788284656,1.7740034738101729,0.0,-0.4090840646347687,1.8502104315045027,0.0,-0.38506954962397477,1.858554479944243,0.0,-0.40630542704081696,1.8674324579827126,0.0,-0.3956767555589265,1.8723042648449981,0.0,-0.42890776619209314,1.886489512129002,0.0,-0.39556979110615714,1.8965786745195101,0.0,-0.22031896538777737,1.5197311912204186,0.0,-0.24453916304721052,1.5651010815699966,0.0,-0.2740288369445644,1.6259461763507397,0.0,-0.3035185048436192,1.6867912587553855,0.0,-0.272877296384549,1.7226522588330297,0.0,-0.36102679655605285,1.675192904345345,0.0
-0.22264720140455885,1.53321516315473,0.0,-0.22020426185235006,1.5212423124061465,0.0,-0.2222522883198558,1.5194675458659872,0.0,-0.22431178689930406,1.5180776361325465,0.0,-0.2130510703252689,1.525694641735503,0.0,-0.20971374111277827,1.5270537302051879,0.0,-0.20646397944542147,1.5285483520257204,0.0,-0.22650395894415928,1.5165095984594243,0.0,-0.2023686635888686,1.5296531267434206,0.0,-0.22740467592017546,1.5348715972034785,0.0,-0.22029633882032948,1.540879198417137,0.0,-0.2773431217914798,1.5438978572842408,0.0,-0.20431945924230457,1.5905451070207934,0.0,-0.32483332755150807,1.5994864639753252,0.0,-0.2356278897111188,1.6569729089107024,0.0,-0.35342162316015485,1.654074095350241,0.0,-0.26378188041479483,1.7085900759342232,0.0,-0.3626676360257011,1.672646023095949,0.0,-0.2712608513488192,1.7282845395074398,0.0,-0.35841914575389194,1.673561990799068,0.0,-0.27602849900444243,1.7207966870138471,0.0,-0.3528467440355105,1.667709349207253,0.0,-0.27061106513657635,1.7034424865532722,0.0,-0.3245569614638518,1.675013605841499,0.0,-0.2830897098073421,1.698753946108572,0.0,-0.3685991282077439,1.757118173947675,0.0,-0.3331513973194029,1.7737406009017143,0.0,-0.40879116393735504,1.8499321182379032,0.0,-0.38468907685040854,1.859566976523836,0.0,-0.4040880921006154,1.8667309318327125,0.0,-0.39608406174381416,1.8726713163333253,0.0,-0.42718853531483036,1.88695491608993,0.0,-0.39819911745239434,1.8966287256354823,0.0,-0.21443630633239427,1.5230813639509329,0.0,-0.240831283088804,1.5672214831966182,0.0,-0.27232728883646695,1.6270526460416863,0.0,-0.3038233163238475,1.6868837819003581,0.0,-0.273540918912816,1.7243728311332243,0.0,-0.36055855065366443,1.6731444718294817,0.0
-0.21733161650110633,1.5367420010681114,0.0,-0.21525566287280026,1.5252056943469245,0.0,-0.2172873528174388,1.5231316816592397,0.0,-0.2193336374830208,1.5214481014737682,0.0,-0.2078492783829786,1.530298828743173,0.0,-0.20442903079877936,1.5317493101176687,0.0,-0.2011709427806941,1.533236762036627,0.0,-0.22154117556579603,1.5191781259404384,0.0,-0.19724115448039833,1.5336117274812204,0.0,-0.2229388226652543,1.5385896622372373,0.0,-0.21592501162816322,1.5445825609445267,0.0,-0.2731174037685009,1.5445980960574581,0.0,-0.20207178682062482,1.5942059735828655,0.0,-0.3222581850262257,1.5987330797035844,0.0,-0.2346470501950616,1.6600217991754358,0.0,-0.35314559692586284,1.6520535066624265,0.0,-0.2651088201275484,1.7103115565486522,0.0,-0.36355210858094206,1.670692294889648,0.0,-0.2722232242454466,1.729081725298151,0.0,-0.35858834397156997,1.6716153504154114,0.0,-0.276230090147555,1.720308613869355,0.0,-0.35284787163137815,1.665830116976887,0.0,-0.2710190639730387,1.7048701973612415,0.0,-0.32508301045982313,1.6740246145929394,0.0,-0.2846094409165296,1.6994219940712436,0.0,-0.3725778353710641,1.7541814244224794,0.0,-0.3341802526917232,1.774734048707732,0.0,-0.4127298654011143,1.847012682494671,0.0,-0.3836654672845446,1.8617599799039715,0.0,-0.41064293206877694,1.8643321435763869,0.0,-0.39563953142809755,1.8743373878423977,0.0,-0.4310370352672654,1.8840801664379423,0.0,-0.39939313610015487,1.8979364208277052,0.0,-0.20939117023543605,1.5263949243171167,0.0,-0.23759459062372493,1.5694020400469142,0.0,-0.2712204035485436,1.6280626838432022,0.0,-0.3048462095831761,1.686723315736713,0.0,-0.27504376156456073,1.725984180219263,0.0,-0.36094876484965827,1.6708610999018771,0.0
-0.21445939686223262,1.5405125695381368,0.0,-0.21255042201493493,1.5289171942709656,0.0,-0.2146213146992383,1.5264479515671572,0.0,-0.21668240421281462,1.5244104091955237,0.0,-0.20520493907101536,1.53483559717834,0.0,-0.20190089819100368,1.5363915447581102,0.0,-0.19872319652202844,1.537905026870082,0.0,-0.21913951335981882,1.5215718981422937,0.0,-0.19526353333542948,1.537779667966936,0.0,-0.2208919618777713,1.5419059547071006,0.0,-0.21425416388798615,1.5482118584423097,0.0,-0.27122477715578014,1.5460142363331992,0.0,-0.20179577874364069,1.5978605031184492,0.0,-0.32090232275279024,1.5996570764933071,0.0,-0.23511012817450516,1.6633053257123245,0.0,-0.35530115881471985,1.650782610451551,0.0,-0.2668758918288676,1.7127817381078478,0.0,-0.3654770214666479,1.6689921828572831,0.0,-0.2732506486582361,1.7302778271504753,0.0,-0.36002922064762893,1.670109825071459,0.0,-0.27672336977602885,1.7209740924278323,0.0,-0.3545597964714465,1.6643316080692934,0.0,-0.27338754022466394,1.709396444850942,0.0,-0.32695209249185136,1.6736781255242226,0.0,-0.28754554991085857,1.700701469465213,0.0,-0.37845063961285696,1.7513232940785122,0.0,-0.3355027311736817,1.7770511893006244,0.0,-0.42543833144090604,1.8408888276696889,0.0,-0.38543492145119573,1.8638214349955646,0.0,-0.42899495714119273,1.857967160039178,0.0,-0.39667992087625603,1.8770547033180123,0.0,-0.44432512031982624,1.877664363562941,0.0,-0.39904046476577876,1.9008482311761272,0.0,-0.20720152844430242,1.5296757789515754,0.0,-0.23651027276333625,1.5719373741821892,0.0,-0.2718795405519295,1.6295635949636065,0.0,-0.30724880159742496,1.6871898037467659,0.0,-0.27678388731693526,1.7284714104908483,0.0,-0.36281526734837427,1.6697075454858397,0.0
-0.21405111747000674,1.5433462862964982,0.0,-0.21188814355903302,1.531501424190255,0.0,-0.2139728462513693,1.528750336437913,0.0,-0.21605197770506696,1.5264708700995306,0.0,-0.20494785142073063,1.537975746881122,0.0,-0.20188958872196022,1.5395804038096903,0.0,-0.19885648006543194,1.541109538100399,0.0,-0.21888144700061707,1.5233580391025052,0.0,-0.19588764635325667,1.540914046226086,0.0,-0.22073790224141915,1.5439901400560319,0.0,-0.21470970577922127,1.5506379637812546,0.0,-0.2713786146652617,1.5472775356057427,0.0,-0.20316034450821452,1.6007068236120436,0.0,-0.3224949436011134,1.5995511786116372,0.0,-0.2370595718729513,1.6658506112392566,0.0,-0.3587893445126712,1.6493489356635587,0.0,-0.26887899405949967,1.7152925316690995,0.0,-0.36743178976052726,1.6667073682800315,0.0,-0.2749405020113205,1.7323847822040153,0.0,-0.36168927676047297,1.6682060488774468,0.0,-0.27858920975470136,1.7233670339777258,0.0,-0.35687504767081657,1.6625841648873985,0.0,-0.2768198108840121,1.7141600867492177,0.0,-0.32988540771670904,1.6736681383287717,0.0,-0.2911593957915405,1.7016580064297901,0.0,-0.38477102594878104,1.7489571910966326,0.0,-0.33690977275745493,1.7793501808175483,0.0,-0.44330950147810055,1.8314379456609744,0.0,-0.3896760596309208,1.8644267236096557,0.0,-0.4515541787946246,1.8468114396958735,0.0,-0.40080436835933203,1.8777582706844955,0.0,-0.46155500911986536,1.8685358200648683,0.0,-0.39673631556761285,1.9032371246690407,0.0,-0.20738455338373601,1.5321360406492066,0.0,-0.23726947248245536,1.5739921816019717,0.0,-0.27389594398703637,1.6308276283810197,0.0,-0.31052238283693256,1.6876630798422292,0.0,-0.2787328606280506,1.7310162560283806,0.0,-0.364972567642352,1.6687495218618198,0.0
-0.21446623236906787,1.544765314322406,0.0,-0.21211893473796567,1.5330993766416756,0.0,-0.21421003357974405,1.5302706127737797,0.0,-0.21631419733047358,1.5279120021955057,0.0,-0.20551461341940042,1.5396405460354938,0.0,-0.2025876861482085,1.541265563486218,0.0,-0.19967096225857411,1.5427770893623665,0.0,-0.219297460388851,1.5243327274888063,0.0,-0.19682624927548625,1.5424737589578847,0.0,-0.22113093414034285,1.54504070037919,0.0,-0.21553197751883518,1.5517392783107347,0.0,-0.2724347092647636,1.5472541009644811,0.0,-0.20523938113133963,1.601964329232343,0.0,-0.3268384805470009,1.5960971404609736,0.0,-0.2398863431437818,1.6667135277266407,0.0,-0.3612936499565759,1.6471847264862358,0.0,-0.2705229946471183,1.7168969384192174,0.0,-0.36865204472181057,1.663612884469197,0.0,-0.27713436789922424,1.7341586355804848,0.0,-0.3623670222653875,1.6656552749650229,0.0,-0.2814594824995828,1.7261188839444326,0.0,-0.3580281567947501,1.6603058039372163,0.0,-0.28005767935918596,1.7177376751618998,0.0,-0.33304310722964064,1.6730261610810946,0.0,-0.2945314620725705,1.7013102538407443,0.0,-0.39060947091406445,1.7462858793958078,0.0,-0.33796719470834613,1.7803197980997418,0.0,-0.45820158569582253,1.8215263871700749,0.0,-0.3926149967931265,1.8642001706023295,0.0,-0.4688336208337242,1.8353567469528538,0.0,-0.4047353058773851,1.8766367099226364,0.0,-0.4759937488349724,1.8588438062290433,0.0,-0.3948781862176972,1.9035825577558583,0.0,-0.20806184730504756,1.5334032486589482,0.0,-0.2388370424886308,1.574609222575446,0.0,-0.2763121443898652,1.6308887318389602,0.0,-0.3137872640782911,1.6871682127353123,0.0,-0.280772485144837,1.7323656855764578,0.0,-0.3660756902876886,1.6669773282196916,0.0
-0.21483754857137952,1.5449249872483626,0.0,-0.21258135259894295,1.5336515237596142,0.0,-0.21474710522438,1.5308837534975674,0.0,-0.21690494467328836,1.5285388243832334,0.0,-0.2059891763384456,1.539946210033509,0.0,-0.2030367455761678,1.541632904083678,0.0,-0.20022681911222784,1.5431341818489621,0.0,-0.2198774984036212,1.524366777575479,0.0,-0.1972709850159633,1.5426023170506917,0.0,-0.22155951447810862,1.545140592546531,0.0,-0.21604071958704096,1.5515604158190937,0.0,-0.2744115840471635,1.5454898479793493,0.0,-0.20791789310020656,1.601050717881923,0.0,-0.33180895392872006,1.590777316087709,0.0,-0.2424537829052491,1.6658592281079692,0.0,-0.3622416733034418,1.6443585603471558,0.0,-0.2708718752642654,1.7173314648065152,0.0,-0.3698281525642447,1.6600654531991017,0.0,-0.27889617869796485,1.7343984918004245,0.0,-0.3625512625419077,1.6627607176844976,0.0,-0.2831536821256861,1.728018272781469,0.0,-0.35809381124718737,1.6575620832908347,0.0,-0.28149044712359833,1.7204685689229389,0.0,-0.33584419054302783,1.6714682141396457,0.0,-0.2972367064008019,1.6996213468986932,0.0,-0.395726807155501,1.7428470960518896,0.0,-0.3388616381385383,1.7795996940399654,0.0,-0.46830152493275207,1.8132938016551488,0.0,-0.3920447821703404,1.864416274699426,0.0,-0.4799556184657579,1.8262746000442556,0.0,-0.4052951082629057,1.8756411693984505,0.0,-0.48992728198110985,1.8485284077474295,0.0,-0.3948352165947752,1.9037648187640397,0.0,-0.20857424392757373,1.5334845458614295,0.0,-0.24116473148552475,1.5732702850870588,0.0,-0.2788525744377149,1.6294075536264252,0.0,-0.31654043416406186,1.6855447943394481,0.0,-0.2818289749286804,1.732307317403998,0.0,-0.3668339427667737,1.6641960514759182,0.0
-0.21619954299484917,1.5437918322468318,0.0,-0.21401033134627748,1.5323360407949573,0.0,-0.21634761126900084,1.5295880059761053,0.0,-0.21860374371457994,1.5271975135921798,0.0,-0.20727026050682032,1.538428089985611,0.0,-0.2044037968143643,1.5401645795620977,0.0,-0.20182723820563267,1.5416703099332805,0.0,-0.22188942952273913,1.5228792413115257,0.0,-0.1991470363661462,1.5412237632672776,0.0,-0.223185646139926,1.543616553449202,0.0,-0.21758232598337993,1.5496875022629184,0.0,-0.27848831333664315,1.5421204418241832,0.0,-0.2120791990944651,1.5977823744680422,0.0,-0.3359286073409973,1.5873534547868333,0.0,-0.2435782253217501,1.6641200110635552,0.0,-0.36307577360641174,1.642671910194491,0.0,-0.2696291201359555,1.7168298773454567,0.0,-0.3720486806753186,1.6580344923102743,0.0,-0.27900804359044284,1.7331843041965962,0.0,-0.3636641993664673,1.661321647889914,0.0,-0.2818711528053217,1.7287177568745409,0.0,-0.35875886733910256,1.656033435387179,0.0,-0.28018869420490744,1.7221149495196277,0.0,-0.3384444372028006,1.6695508991219505,0.0,-0.2994484906648448,1.6971634482536349,0.0,-0.3999517408579948,1.7395346411801331,0.0,-0.34019431811999745,1.7775932219609878,0.0,-0.4759473949696335,1.8062765961031355,0.0,-0.3901702942006394,1.8643382562779864,0.0,-0.488397255658423,1.81849625206083,0.0,-0.4041763753313948,1.8746046623639643,0.0,-0.5041802153527513,1.836476905499024,0.0,-0.39690817317996685,1.9032059219030513,0.0,-0.210518232981348,1.532051500023276,0.0,-0.24528375295569035,1.5699514148768525,0.0,-0.28211509240281607,1.6266543148025219,0.0,-0.31894644924023285,1.6833571870325912,0.0,-0.2809089705726806,1.7315641628117617,0.0,-0.3685862550222509,1.662274195461094,0.0
-0.22025355911999472,1.5411789201973423,0.0,-0.21812787310950496,1.5287759667587095,0.0,-0.22070230070943334,1.525914346994757,0.0,-0.22310919109443136,1.5233498550441176,0.0,-0.2112635382778186,1.5348393966270932,0.0,-0.20876884137049986,1.5364947601113759,0.0,-0.20656798877556123,1.5379729547101049,0.0,-0.22726549054528136,1.5194654609057823,0.0,-0.2049083187102698,1.5381738364082334,0.0,-0.22788989916058275,1.5401633918707258,0.0,-0.22219450983301445,1.5460959225550075,0.0,-0.28559650753899574,1.5379509714030488,0.0,-0.2187001700774987,1.5930263854670175,0.0,-0.33949208912582934,1.5873542012812953,0.0,-0.24448371103714928,1.6617874187484305,0.0,-0.3651429289667204,1.6433821814375353,0.0,-0.2692025467423735,1.7151349424534241,0.0,-0.37532278007301534,1.6588959391135014,0.0,-0.27869421172053893,1.7308267214520998,0.0,-0.36623901831012445,1.6625005445911711,0.0,-0.2799429988382495,1.7278039077501257,0.0,-0.36106954131289526,1.6569883979709927,0.0,-0.2787071220763688,1.721469690953592,0.0,-0.3418324056772539,1.6681266887943607,0.0,-0.30200833045679154,1.6945308503749854,0.0,-0.40345648669654893,1.7380076246347302,0.0,-0.3419933453310657,1.7753415522598543,0.0,-0.4822212254594222,1.8014579510201496,0.0,-0.3904613964128977,1.8629380544057683,0.0,-0.495567362095992,1.812691813213211,0.0,-0.40438174739270866,1.8733204063147715,0.0,-0.513260381627519,1.828765854981554,0.0,-0.39865004550467537,1.901526141561439,0.0,-0.2160869149343627,1.528819641884297,0.0,-0.2521483363546588,1.5654886861879402,0.0,-0.28703433514578774,1.6234087475984327,0.0,-0.32192035250522594,1.6813287817698803,0.0,-0.279979142896597,1.7302412050423714,0.0,-0.37144692725852285,1.6627438600487647,0.0
-0.2268615886661934,1.5377308454611256,0.0,-0.22525669072547624,1.5242851419608618,0.0,-0.22810702915957784,1.5212888284104344,0.0,-0.2307263368918532,1.5185405381572588,0.0,-0.21821603096021183,1.5303414261448887,0.0,-0.21616665014823713,1.5318067120685697,0.0,-0.21428697520597176,1.533214114305924,0.0,-0.235943401652606,1.5152970377904615,0.0,-0.2139563625696084,1.5343609418607123,0.0,-0.23558674661215198,1.5360955703946755,0.0,-0.22968869860998573,1.5421095921913377,0.0,-0.2948234475085507,1.5342443799522585,0.0,-0.22734632820574488,1.588606679118823,0.0,-0.34291889475468745,1.589310165982969,0.0,-0.2496643754678626,1.6585693509428137,0.0,-0.3681003223369494,1.6455506838490979,0.0,-0.2746016493119778,1.7118151160072799,0.0,-0.3784815864089059,1.661778990689935,0.0,-0.28313369723766874,1.7271791114318154,0.0,-0.3693453883866711,1.6653855329378549,0.0,-0.2837116043361327,1.7249055889347575,0.0,-0.364188273110245,1.6596572767616646,0.0,-0.2828589513331115,1.7184556540914684,0.0,-0.3470410673373038,1.6674604194458795,0.0,-0.30606649064008673,1.6920413222044164,0.0,-0.40722448340301254,1.7385858648649437,0.0,-0.3438515969284813,1.7739037476290018,0.0,-0.4870159407035587,1.8007401192056969,0.0,-0.393313936017996,1.860942682455113,0.0,-0.500897677245991,1.8113049861457575,0.0,-0.4057360884610574,1.8730777362763718,0.0,-0.5141673608237427,1.8319162514201017,0.0,-0.39652402132440034,1.900259215829859,0.0,-0.2249498917537944,1.5248289812894604,0.0,-0.2610848807592345,1.561425531599175,0.0,-0.2938193370484377,1.6205882039264128,0.0,-0.32655376067916636,1.6797508786055437,0.0,-0.284379772084199,1.7275860547595807,0.0,-0.37434817755450656,1.6649305522255349,0.0
-0.2336678468143624,1.5342718834939102,0.0,-0.23301443457688215,1.5202420383111823,0.0,-0.23614408624788064,1.517253715463612,0.0,-0.23901777247163758,1.514478333689545,0.0,-0.22573762952645615,1.5261430381451726,0.0,-0.2239236587134676,1.52744657621954,0.0,-0.22215553216539102,1.5287722708380083,0.0,-0.24510832620860595,1.5117991807322153,0.0,-0.22278523532795919,1.530665119426806,0.0,-0.24347386822492068,1.5326582317831832,0.0,-0.23715456922666772,1.5387351502536368,0.0,-0.3034140103560363,1.5311678422718584,0.0,-0.23582504235128865,1.5853910163225655,0.0,-0.34560670102294705,1.5908770517061852,0.0,-0.26138956014690085,1.654233780010722,0.0,-0.37058010689442966,1.6472102492375633,0.0,-0.2869532142980205,1.7071816667534303,0.0,-0.3804986671292564,1.664584425811913,0.0,-0.29481478112758713,1.7222493995164447,0.0,-0.3717504942929143,1.6680767453739205,0.0,-0.29524708570338404,1.720447376695119,0.0,-0.36659215128483524,1.662174080638877,0.0,-0.2942415702294499,1.7145813371791092,0.0,-0.35390220305497905,1.6664419348959014,0.0,-0.31186353213183554,1.6891550778522695,0.0,-0.41218639007426683,1.7391318661030444,0.0,-0.346417768806815,1.7724327800385726,0.0,-0.4906735992582245,1.8029251728468838,0.0,-0.39597506704669994,1.8594176830679676,0.0,-0.5045220626923335,1.813533616814254,0.0,-0.40563711014562676,1.8738473166640777,0.0,-0.510483958128117,1.8392115410288727,0.0,-0.39418556868488364,1.8988244355336932,0.0,-0.2339467922303532,1.5212321414088892,0.0,-0.26961951790865024,1.5582794296723466,0.0,-0.3012511747111099,1.6180389871789185,0.0,-0.3328828517131131,1.6777985184326494,0.0,-0.29614465072316004,1.7233015827122706,0.0,-0.37625104511497237,1.666766717548748,0.0
-0.23769291791921793,1.5302482728635536,0.0,-0.2380096057540362,1.516259712263054,0.0,-0.2412926690096617,1.5134609084534016,0.0,-0.24435322277518975,1.5108455278814865,0.0,-0.23077394405124016,1.521779712980728,0.0,-0.22902729946900838,1.5229854787205677,0.0,-0.22726106008354438,1.5242132485756261,0.0,-0.25128144141102804,1.5085114195989702,0.0,-0.22850054599544942,1.5262727842716537,0.0,-0.24834692290609453,1.529159215286512,0.0,-0.2416437089706089,1.5350552037301664,0.0,-0.3088280093086759,1.5270370583093427,0.0,-0.24196932320503473,1.582158173071065,0.0,-0.3467608260418014,1.5895391722870076,0.0,-0.27592877352340406,1.6472705867601594,0.0,-0.3715846766533795,1.6459384327940845,0.0,-0.3002593724269153,1.7007962916230865,0.0,-0.38141458050246035,1.664349413406905,0.0,-0.30828973512046204,1.7152268364388037,0.0,-0.37302764746382605,1.6678779741083591,0.0,-0.3080470854392627,1.7141041027251886,0.0,-0.3676517543096813,1.6618358995273568,0.0,-0.30680580291160936,1.7095818857448342,0.0,-0.3606958369146146,1.663017610598009,0.0,-0.31800580187979977,1.6844814784849174,0.0,-0.417384225796722,1.736958797505912,0.0,-0.3501730614987888,1.768709967502741,0.0,-0.49301858784008434,1.8041099052338825,0.0,-0.39618685359538236,1.8576202037006142,0.0,-0.5068389296646664,1.8147549592378034,0.0,-0.4041216596276988,1.8730671534251722,0.0,-0.5088253420160692,1.842310655970128,0.0,-0.3932731564155163,1.8969598124051494,0.0,-0.23989099696732172,1.5173921018672087,0.0,-0.275398661853022,1.554597621072826,0.0,-0.30737472455528825,1.614173604820563,0.0,-0.33935080645185234,1.6737495626573358,0.0,-0.30945165810517805,1.7169157233155086,0.0,-0.37706350389016646,1.665549588935858,0.0
-0.23794362613649933,1.5247584471731184,0.0,-0.2386236183344906,1.5116332512769746,0.0,-0.2417854298419854,1.5091239054234036,0.0,-0.24481808744234743,1.5067556038734817,0.0,-0.23199596605056308,1.5165451449772878,0.0,-0.23037570438145114,1.5176307932025055,0.0,-0.22870387034397946,1.5187065411579521,0.0,-0.25283896842431985,1.504328350022198,0.0,-0.23081066194345232,1.520284790100129,0.0,-0.24913930721456826,1.5246247887021012,0.0,-0.24252201698643558,1.5300988274844252,0.0,-0.31043348451125197,1.5204107214716476,0.0,-0.24530883186415586,1.5775701547934995,0.0,-0.3466665537702459,1.5839133003882464,0.0,-0.2866402740173701,1.6382709173247978,0.0,-0.37095661204779634,1.6405445039230846,0.0,-0.30742655774291644,1.6932700948909924,0.0,-0.3817775843453955,1.659156427260915,0.0,-0.31552420617512184,1.7067796328308023,0.0,-0.3733898158641489,1.6629528190332696,0.0,-0.3140274892016086,1.7067161587532358,0.0,-0.36767391990600257,1.6568437298513545,0.0,-0.31334094386650724,1.703080803689016,0.0,-0.36551577561049015,1.6562227459887124,0.0,-0.3227458004457581,1.6775268756435204,0.0,-0.4202724335062471,1.731605641737586,0.0,-0.35388970828201255,1.7621390967366224,0.0,-0.4936028724632261,1.8012653482627838,0.0,-0.39420875988667214,1.8537724598833003,0.0,-0.5085777147883515,1.8102137067844524,0.0,-0.4035220230323646,1.8684296264629157,0.0,-0.5079861500562148,1.8400245040853223,0.0,-0.3901635941631511,1.8930118670978744,0.0,-0.24182480829329486,1.512306575456194,0.0,-0.27787115205138585,1.5489904414829403,0.0,-0.3110009763791661,1.6079326264225937,0.0,-0.34413076767672923,1.6668748141509484,0.0,-0.31631016813771334,1.7095616773933435,0.0,-0.37721718471613647,1.6599202677266618,0.0
-0.236433951773861,1.5189225537463396,0.0,-0.23652660418940635,1.5071485171661445,0.0,-0.2393400682992612,1.504908421326253,0.0,-0.2421186916126053,1.5027622694044005,0.0,-0.23081762736585582,1.5113999735799888,0.0,-0.229425341526805,1.5123217060148093,0.0,-0.22796974309842644,1.5132150188083,0.0,-0.2512890416908704,1.49980296429525,0.0,-0.23148525405030662,1.5139109613871153,0.0,-0.24771800790663784,1.5198770065201033,0.0,-0.24165441060584403,1.5249456154525598,0.0,-0.30987745331497224,1.5125261178290308,0.0,-0.24717951889878254,1.5723374062286573,0.0,-0.3464808153638306,1.575815980553689,0.0,-0.29161661747679507,1.6308029084698383,0.0,-0.3695208048396483,1.6329671750283916,0.0,-0.3094990241055834,1.6868136097441429,0.0,-0.38200582313772774,1.6508187578689635,0.0,-0.3165910557471999,1.6997164108276985,0.0,-0.37338603009259924,1.6548603494703533,0.0,-0.3140216228212881,1.7008011702279584,0.0,-0.3674762320056853,1.6487987278280156,0.0,-0.3145881624049713,1.6967622810046947,0.0,-0.36841439199911846,1.6478839117447899,0.0,-0.32602998428426494,1.6699451605444806,0.0,-0.4200216879095502,1.7254568423598673,0.0,-0.3566161054250743,1.7547606081184974,0.0,-0.49422366309188875,1.794187438675042,0.0,-0.39362509336162144,1.8477801435709102,0.0,-0.5104893711210539,1.8004918629314384,0.0,-0.40574789657883614,1.86021425169012,0.0,-0.5051695823537073,1.8340539369650415,0.0,-0.3861356320695737,1.8865100081954713,0.0,-0.24138714969537617,1.5068569615710972,0.0,-0.2785284788773199,1.5424317643336318,0.0,-0.3128753286588209,1.6006731614282834,0.0,-0.3472221714209473,1.6589145466959645,0.0,-0.3168569106130748,1.7038487410973298,0.0,-0.37726748064225063,1.6517981072176635,0.0
-0.23586868289273485,1.515243851042739,0.0,-0.23503907018572542,1.504515681328198,0.0,-0.23752353283480368,1.5024283987970202,0.0,-0.23999625239102199,1.5004206796768937,0.0,-0.22997910753809817,1.5083726686667023,0.0,-0.2287604170012075,1.5091776265093746,0.0,-0.22748704626670077,1.5099452302724143,0.0,-0.2498337358004583,1.4969632871342855,0.0,-0.23258338227556355,1.5097253790010456,0.0,-0.24697149306782426,1.5169358360143854,0.0,-0.24141782657582292,1.5219102251147851,0.0,-0.3098512276121879,1.5063977969495612,0.0,-0.2494945467191843,1.5685708801259672,0.0,-0.3474168820725424,1.5691212729529778,0.0,-0.2950693027588571,1.6261539704760852,0.0,-0.3691829934935789,1.6267696600816572,0.0,-0.3134046051480643,1.6820180538425298,0.0,-0.38290958031792877,1.643611679817857,0.0,-0.3185724052719861,1.695285793807329,0.0,-0.3743158351263216,1.6474593471566301,0.0,-0.3156131725660195,1.6968747438086194,0.0,-0.3685596421909201,1.641578985079721,0.0,-0.3169763089977483,1.6917911052593053,0.0,-0.37150597384626344,1.6412675587357852,0.0,-0.3295212991239795,1.6640803578714558,0.0,-0.4196662978731155,1.7210262933359974,0.0,-0.36065309967681797,1.7486970344072272,0.0,-0.49819346785009666,1.7847704033870933,0.0,-0.40288712883958344,1.839463690975313,0.0,-0.5150884041080409,1.7891155330439257,0.0,-0.417046304227558,1.8495179017795522,0.0,-0.5028411852001089,1.8258501983942157,0.0,-0.3917383257514698,1.8773028061074666,0.0,-0.24120855217306328,1.503344335075357,0.0,-0.27967288278735714,1.537484343795172,0.0,-0.3150932704631307,1.5950791574709517,0.0,-0.3505136237558664,1.6526739761462672,0.0,-0.31811223703584157,1.6999672152738234,0.0,-0.37832546202372314,1.6449638971440599,0.0
-0.23706791370607175,1.51485762862517,0.0,-0.23573362822458954,1.5045702606739402,0.0,-0.23809652337109177,1.5024925408690328,0.0,-0.24040878897198753,1.500522217887046,0.0,-0.2308402989357068,1.5084108051865868,0.0,-0.22968796097654542,1.5091751262527644,0.0,-0.22848935054315944,1.5098880330467819,0.0,-0.2503152728231971,1.4970022210028513,0.0,-0.23472648981992106,1.509016839454634,0.0,-0.24788808870312828,1.5169121304686972,0.0,-0.2424714926652365,1.5220751196478144,0.0,-0.3114466001632084,1.5035406296967049,0.0,-0.2531642454214523,1.5676622978427808,0.0,-0.34965678405991607,1.5658735638773265,0.0,-0.3014595392253272,1.6229834988306748,0.0,-0.3710528743485902,1.6236603051359402,0.0,-0.32172670037789847,1.6781760825978118,0.0,-0.38517754534011767,1.6398353179337262,0.0,-0.32501193615992546,1.6926153864571927,0.0,-0.37720779705081525,1.6429247762943318,0.0,-0.32235189414624166,1.6936237860036065,0.0,-0.3719093616608434,1.6373882047204702,0.0,-0.32330987176129333,1.688087029452797,0.0,-0.37633374862776053,1.6381444041003461,0.0,-0.3342376038621939,1.6607508481333482,0.0,-0.42309264365448024,1.7187327301239006,0.0,-0.3698078204356886,1.743599690289022,0.0,-0.5070704594907931,1.7751025308878046,0.0,-0.4271629447800786,1.825652654131346,0.0,-0.5242863101243117,1.7779191795806772,0.0,-0.4425847036635115,1.8336363096540227,0.0,-0.5051017137238963,1.8163975048495122,0.0,-0.4149102658971959,1.8631488713335502,0.0,-0.2425208944508917,1.5030095196965014,0.0,-0.2823054286291365,1.5356014782939043,0.0,-0.3187955347392622,1.5925245718634007,0.0,-0.3552856597233007,1.6494476369976145,0.0,-0.324134071309859,1.696575505395101,0.0,-0.3811660019042582,1.641333438535266,0.0
-0.23873817793393146,1.5166545947518366,0.0,-0.2372886708831544,1.5068174444393487,0.0,-0.23969303403029354,1.504656514711937,0.0,-0.24203572269590498,1.5026311370931267,0.0,-0.2325146635287483,1.5106948541240799,0.0,-0.23152493612636357,1.511349162688264,0.0,-0.23049699540586763,1.511935478090781,0.0,-0.2520400206505144,1.4991871219663593,0.0,-0.2371076221897698,1.5107932913104534,0.0,-0.2491409651737125,1.5193208961221047,0.0,-0.24382309213324863,1.5244857496278807,0.0,-0.3133940625836868,1.5033035408182094,0.0,-0.2573099730696612,1.569356520338158,0.0,-0.35227303526566117,1.565221537557285,0.0,-0.310030317957033,1.6204782957113015,0.0,-0.3741477811296424,1.6228287909054295,0.0,-0.32973875907379757,1.675872848447322,0.0,-0.3883876482312854,1.638500059805718,0.0,-0.3321464823088212,1.691208931422471,0.0,-0.3814929647021264,1.6405233932935208,0.0,-0.33006844013794,1.691323563849605,0.0,-0.3768562937074396,1.63549187740898,0.0,-0.32997927781441483,1.6862215869798391,0.0,-0.38246888909739146,1.6389905978819328,0.0,-0.33878566373298347,1.6583532562144543,0.0,-0.42996621134731594,1.7191459279260748,0.0,-0.381500326510566,1.737754947238125,0.0,-0.5185248076230747,1.7680049395459088,0.0,-0.4545127185082358,1.8062493979523893,0.0,-0.5359302678724849,1.7691749721954055,0.0,-0.4707564986744099,1.812390164067176,0.0,-0.5118293836728657,1.8088010439251232,0.0,-0.44463093512185814,1.8444389881752055,0.0,-0.24457382342578868,1.5049902076748256,0.0,-0.28535200837280467,1.5363300315004584,0.0,-0.3229896335345617,1.5925009812666227,0.0,-0.36062725144474467,1.6486719193366939,0.0,-0.331382187027434,1.6943561744098932,0.0,-0.38520784055067847,1.6399252840753966,0.0
-0.23924609898329854,1.5193972088774432,0.0,-0.23728327476489014,1.5109120042422375,0.0,-0.2396688156408862,1.5086799842862308,0.0,-0.24207082149625342,1.50657449491484,0.0,-0.2332178934377213,1.5143981528905879,0.0,-0.2327105502325169,1.5146947509355135,0.0,-0.23221059992794008,1.5149111327838627,0.0,-0.2528140873880565,1.5026996478302908,0.0,-0.23886975226771173,1.513590759314167,0.0,-0.24898000908597728,1.5235944597348767,0.0,-0.2443213570727139,1.5280691596413138,0.0,-0.31430402720771267,1.5051162713309953,0.0,-0.2599091020811147,1.5725670928274889,0.0,-0.3545598770887016,1.5661480613042968,0.0,-0.31615865061904597,1.6197778857844438,0.0,-0.37689035618481903,1.623580193845836,0.0,-0.3321863155265302,1.6763472510070634,0.0,-0.3910650148923397,1.6386676425577078,0.0,-0.33498434806865246,1.6914503457251333,0.0,-0.3852073042655747,1.639380985240639,0.0,-0.33289049989622016,1.6917791768545696,0.0,-0.3816346780656805,1.634966489346862,0.0,-0.3321520202048318,1.6872374865750828,0.0,-0.38871039159923515,1.6464106444486983,0.0,-0.3412989687689897,1.6523514946529902,0.0,-0.43724741359732333,1.7259407019801474,0.0,-0.3888232472896263,1.7289714261637534,0.0,-0.5286666449283125,1.7692113864403103,0.0,-0.4706426494834176,1.786659246269221,0.0,-0.5460997706006994,1.7685748707802915,0.0,-0.4873606880247081,1.7913578194457747,0.0,-0.5205741594335938,1.8097534943395124,0.0,-0.46563617185395784,1.8257876199388183,0.0,-0.24584192738214727,1.5081451987493855,0.0,-0.28710656471823826,1.5388416909026532,0.0,-0.3260556274905017,1.59411136554085,0.0,-0.3650046574365687,1.6493810464869625,0.0,-0.33430075788187885,1.6947826334984402,0.0,-0.3888763255337924,1.6400407992986452,0.0
-0.2380807646971576,1.5236753577504103,0.0,-0.23458301187342506,1.5174281502640945,0.0,-0.2366686758320471,1.515262434173522,0.0,-0.23888522566428916,1.5131922716595392,0.0,-0.23195518638765533,1.519966200091909,0.0,-0.23214489611384703,1.5196839938838687,0.0,-0.23241970075761142,1.5193186653123063,0.0,-0.25063234962762426,1.5082300952890515,0.0,-0.23976621943122167,1.5172629252819074,0.0,-0.24681250651973535,1.5299967889738384,0.0,-0.24350143726007428,1.533131628301835,0.0,-0.3152445053144278,1.509749508575517,0.0,-0.2588493612348071,1.5755371132158973,0.0,-0.3575433658791489,1.5693835528112738,0.0,-0.3166590973240821,1.6208240329128023,0.0,-0.3793591915571475,1.6270131449920124,0.0,-0.32825026817226455,1.6784662386516962,0.0,-0.392204316423172,1.6416878955356369,0.0,-0.3318830674327909,1.6924424235002435,0.0,-0.3869413218888429,1.6403768372319363,0.0,-0.328583719689765,1.6942931404336514,0.0,-0.3850470975851736,1.6366943991097511,0.0,-0.3279242427529294,1.6898957375231953,0.0,-0.39084428421185236,1.6583005199045555,0.0,-0.3454388464695089,1.643418217013392,0.0,-0.43977065330582343,1.7375916477984064,0.0,-0.39304109543739424,1.719989731604789,0.0,-0.5317852719787625,1.7795813839403916,0.0,-0.4774235898321963,1.7738589603312276,0.0,-0.549128986927022,1.7777066640444594,0.0,-0.4943592606560307,1.7776998529762036,0.0,-0.5255723140934159,1.820453746102465,0.0,-0.4763677347837931,1.8132921901558143,0.0,-0.24519926999967606,1.5127465167118102,0.0,-0.2870469270774295,1.5426433145687295,0.0,-0.3275942302925773,1.5967513789161882,0.0,-0.3681415231851101,1.6508594338129579,0.0,-0.3306982009509933,1.696860308869793,0.0,-0.39134928315250994,1.6434707479961683,0.0
-0.23524824007515258,1.5305096895661097,0.0,-0.2300583953183118,1.5263939925197962,0.0,-0.23156163980709077,1.5244859727739462,0.0,-0.23322964150522468,1.5226637563552015,0.0,-0.22901830017352143,1.5278354640254554,0.0,-0.2297249697979567,1.5270283301496341,0.0,-0.23053703813007614,1.5261668498731649,0.0,-0.24514433208578817,1.516452096594553,0.0,-0.2393455478870345,1.522552813703057,0.0,-0.2432144133921053,1.5382783998104224,0.0,-0.24141338726069683,1.5400632648364352,0.0,-0.31847524377851916,1.5183173218102433,0.0,-0.25318612780351624,1.5752888281557653,0.0,-0.36277284126044174,1.5764820507644426,0.0,-0.31121595823568005,1.6202933775075794,0.0,-0.3824594536321427,1.634873295298683,0.0,-0.3186104520033856,1.6786226204822323,0.0,-0.3920697738201751,1.6494964967745316,0.0,-0.322268403875173,1.691356715337702,0.0,-0.3870462221197006,1.6451426079433642,0.0,-0.31738127686230627,1.6945906653501424,0.0,-0.38692447465737273,1.6422288173708603,0.0,-0.3170924010554633,1.6903421642772167,0.0,-0.39164334920722654,1.6632614473154803,0.0,-0.3491629438227671,1.6413856187759588,0.0,-0.4406349682870474,1.7425122757990754,0.0,-0.39364742992706964,1.719809476432014,0.0,-0.5307535490550003,1.7884303483976707,0.0,-0.4765891955235458,1.7758716087818396,0.0,-0.5481213564350665,1.7867938002915638,0.0,-0.4935873312056971,1.779425871841136,0.0,-0.5264837918027543,1.8295511461452787,0.0,-0.4764585391570693,1.8153187553604682,0.0,-0.24224492828081162,1.519502462924409,0.0,-0.2858307037011771,1.5468031058838745,0.0,-0.3281169040064153,1.5995633531273734,0.0,-0.37040309485633127,1.6523235903238567,0.0,-0.3201751064688282,1.697112781392328,0.0,-0.39254730115608666,1.6525608707526915,0.0
-0.23122830542716258,1.5397152130445921,0.0,-0.22543385549025421,1.5365545003957102,0.0,-0.2263403548156844,1.5349713536268987,0.0,-0.22732350439712987,1.533515091888416,0.0,-0.22536435534580115,1.5373281328321025,0.0,-0.22615331826209709,1.5363293990390792,0.0,-0.2269430954684538,1.535370560679119,0.0,-0.23801781422010507,1.526451457185854,0.0,-0.23677992906755055,1.5299975419534158,0.0,-0.239194449895231,1.5470882159140116,0.0,-0.23841896871899762,1.5481323179590158,0.0,-0.32210283963413244,1.529415922720319,0.0,-0.24586886548048256,1.5706081839452062,0.0,-0.36780242631928006,1.5864857099443186,0.0,-0.3035628961225993,1.6160424167505707,0.0,-0.38392552661876833,1.6459596183551815,0.0,-0.30686751343415786,1.6747455566027187,0.0,-0.3897809484307184,1.660745777155887,0.0,-0.30941542737029165,1.6865738000996942,0.0,-0.38518964453752,1.6532900475803838,0.0,-0.30409958077300053,1.6900639242280246,0.0,-0.38580849788767446,1.6506592978810455,0.0,-0.304049368586198,1.686420489917675,0.0,-0.3917218083624017,1.6658958565616004,0.0,-0.35146361654075814,1.640158438136426,0.0,-0.4409333755692471,1.7450102939826213,0.0,-0.3930503958336311,1.7201566302514166,0.0,-0.52795300270009,1.7965603908283982,0.0,-0.47364898682949913,1.779538161836169,0.0,-0.5453947219548292,1.7962356565777484,0.0,-0.49067785526111574,1.7829421363516724,0.0,-0.5230372135522973,1.8376089699931784,0.0,-0.473357894642343,1.8189844507569342,0.0,-0.23739888110315613,1.5282244915696015,0.0,-0.28398585568020246,1.5500120734627898,0.0,-0.32778927928083873,1.6015196118073185,0.0,-0.3715926939717113,1.6530271396750404,0.0,-0.30671713477615364,1.6933011913355076,0.0,-0.3901649934882825,1.6653421890384479,0.0
-0.22753430015556445,1.5504004280822423,0.0,-0.2219555212693483,1.5469820047871787,0.0,-0.22252133590183515,1.5455664136636096,0.0,-0.22303660593403335,1.5443782117654274,0.0,-0.22200170092670096,1.5476266556208875,0.0,-0.22256619304817155,1.5467276300283364,0.0,-0.2229781074801756,1.5460069128241394,0.0,-0.23171408004240612,1.536959631946223,0.0,-0.23245422450136166,1.5393944108462803,0.0,-0.23583294749444322,1.5557305734406703,0.0,-0.23545119637851225,1.556646343761559,0.0,-0.323151342051204,1.5396965288981048,0.0,-0.24008020572473335,1.564346224829245,0.0,-0.3699508827109203,1.5958678367965815,0.0,-0.29728542642011513,1.6103943888267185,0.0,-0.38265032087263023,1.6561656345615743,0.0,-0.2988307385124468,1.669170158788617,0.0,-0.38648751457605035,1.6713033068607133,0.0,-0.30006714197492207,1.680596007872296,0.0,-0.38283762027628565,1.6628377841338682,0.0,-0.29578347184433,1.6841390546714725,0.0,-0.3826237290106532,1.659369006178844,0.0,-0.29589412902926443,1.6809882319606242,0.0,-0.3905596495299004,1.6675279396630966,0.0,-0.3527625606939433,1.6382958204880982,0.0,-0.43950159075526557,1.7468094567051626,0.0,-0.3932960688245953,1.718832803745751,0.0,-0.5256067326816444,1.799872933076751,0.0,-0.47492266745041695,1.7767931139644617,0.0,-0.5430498363801926,1.8001120068234895,0.0,-0.4921293919925441,1.7791379024612917,0.0,-0.5191323791936152,1.8407047047907585,0.0,-0.47592029991555873,1.8162278597319497,0.0,-0.2320841441716302,1.538177024152958,0.0,-0.2816157521422628,1.552021327560436,0.0,-0.32663843752071414,1.6024665872660104,0.0,-0.3716611137413998,1.652911836710849,0.0,-0.29756062338644473,1.6876828841861415,0.0,-0.38634527355237414,1.6761896780543866,0.0
-0.22575532102869222,1.5617340200382608,0.0,-0.22003049491489696,1.5583126331177968,0.0,-0.22050374335625017,1.5568537687138087,0.0,-0.2208531200163401,1.5557486892967742,0.0,-0.21977228945312782,1.558829802102037,0.0,-0.2200971318073886,1.5579341966851394,0.0,-0.22022870012664958,1.5572900690721199,0.0,-0.22781594454094384,1.5480595690608576,0.0,-0.228593775407348,1.549787187169154,0.0,-0.234065280681733,1.5653775815878144,0.0,-0.23383171281632026,1.5662386161738613,0.0,-0.3225742765400961,1.5519148711924098,0.0,-0.23608157380912806,1.557152578164959,0.0,-0.3708808281193368,1.6067955591573768,0.0,-0.2928533497687199,1.6037340781058094,0.0,-0.38175089657384426,1.6674498397707465,0.0,-0.2968398350826757,1.6623948576686343,0.0,-0.3859633236746754,1.6831164872809188,0.0,-0.2975770803227704,1.6741010748154592,0.0,-0.38319871400484146,1.6770265312823607,0.0,-0.2945633615986462,1.6786785654644136,0.0,-0.3813972555906241,1.671902779223703,0.0,-0.29498730362524056,1.6750444971939333,0.0,-0.3919262596862061,1.6661834079538267,0.0,-0.3520238629314361,1.6398977569416346,0.0,-0.4389158041726965,1.7466374648083485,0.0,-0.39231319243346574,1.7205571697952995,0.0,-0.5281591515934323,1.7942342391942432,0.0,-0.4782363076757664,1.7719334039014354,0.0,-0.5455871847059984,1.7934709013123178,0.0,-0.4956000176596124,1.7721998211688763,0.0,-0.5217360112209725,1.8350740984269642,0.0,-0.481421210783826,1.8112519852145268,0.0,-0.22820485910148164,1.5489233819815937,0.0,-0.2793279245789167,1.5545338277022684,0.0,-0.3256514922643707,1.6037871880174899,0.0,-0.3719750932671167,1.6530404981170463,0.0,-0.2958209254390275,1.6809231068362036,0.0,-0.386206027242832,1.6873185791326142,0.0
-0.22604590865357402,1.5737613291897414,0.0,-0.2197543815583176,1.5718161589232236,0.0,-0.2201899368591409,1.5703253025241513,0.0,-0.22047623024516794,1.569244555161707,0.0,-0.21940131096045723,1.5717025140885237,0.0,-0.21964474733319983,1.570415468953257,0.0,-0.21979484119194592,1.5693083880092888,0.0,-0.22672789534721005,1.560912839053715,0.0,-0.22751715221643587,1.5606133838268366,0.0,-0.23441410600378665,1.577825532933128,0.0,-0.23448474788720974,1.578241193787674,0.0,-0.31927894657760925,1.5748625602999846,0.0,-0.23781733606834154,1.5453256814316598,0.0,-0.369268285905589,1.6282149622190922,0.0,-0.29448584090471297,1.5920327605734312,0.0,-0.3802346455566796,1.6888519072355919,0.0,-0.3030171719116706,1.6502065993270019,0.0,-0.38584394773328945,1.704856958150059,0.0,-0.30412113489644726,1.6627751013838468,0.0,-0.3828270075824083,1.7029056602594719,0.0,-0.30162138861999843,1.6688758607652565,0.0,-0.38020931733469515,1.6965466995459777,0.0,-0.3024107478291192,1.6640315604613014,0.0,-0.3967400906409355,1.6643843121854929,0.0,-0.35263222219812623,1.6460095289933048,0.0,-0.44074489832823976,1.7465089093278952,0.0,-0.39340763324338696,1.7264243087773166,0.0,-0.5336114514229782,1.7865792388386699,0.0,-0.4823858304944954,1.772306544749564,0.0,-0.5509286055708426,1.7844732485457697,0.0,-0.49972562960751993,1.7713574560901335,0.0,-0.5288548790256297,1.8276465720053312,0.0,-0.4865920890880123,1.8115290106705944,0.0,-0.22712251872554978,1.5607631141222065,0.0,-0.27854816654039855,1.5600940313038016,0.0,-0.32661716811038777,1.6076454509830735,0.0,-0.37468615990298004,1.6551968609902268,0.0,-0.3028438480841156,1.6687620339198175,0.0,-0.3855946091625952,1.708495882985191,0.0
-0.22861062727591755,1.5871517071461243,0.0,-0.2216484993637018,1.5874370183973425,0.0,-0.2219915903574986,1.5861240737086006,0.0,-0.2221699899039543,1.585155873432624,0.0,-0.22167778432513552,1.5864036397062533,0.0,-0.22202308643259916,1.5845183468659356,0.0,-0.2223300366788048,1.5826887879829958,0.0,-0.22854480443172076,1.5758214157610653,0.0,-0.2300027838055978,1.5724302963284316,0.0,-0.23720584438771986,1.5930327320571036,0.0,-0.2377335262954594,1.5926338016143589,0.0,-0.297119664708687,1.609566077244547,0.0,-0.2638809649262736,1.5295435176950931,0.0,-0.3475255209936575,1.6625251415222022,0.0,-0.32099825400492266,1.5757007053331153,0.0,-0.3604224496351527,1.722781007432064,0.0,-0.33272870450010084,1.6333147284113287,0.0,-0.36693238189308086,1.7388205948378717,0.0,-0.334401711498103,1.646804024005346,0.0,-0.3620550847833067,1.7395587185261983,0.0,-0.33190062867552506,1.6536834396512632,0.0,-0.36017745738007645,1.7329711477648253,0.0,-0.33277059540906273,1.6480245297501774,0.0,-0.4031484130889609,1.6684268251162782,0.0,-0.35811141963755977,1.6524641832046898,0.0,-0.4455966330817125,1.7513666899271485,0.0,-0.401506151613078,1.7314962538494225,0.0,-0.5393619922173216,1.7892861495352463,0.0,-0.49046137256433997,1.7774230197858818,0.0,-0.556665548144688,1.7870712059325367,0.0,-0.5078250712513097,1.7771558672608494,0.0,-0.5363826521822811,1.8305205328500043,0.0,-0.49487655039876693,1.8166225178562947,0.0,-0.22927380595187064,1.574125852923359,0.0,-0.2805002686900212,1.5695548092425766,0.0,-0.33056508570767495,1.615000166788081,0.0,-0.3806298909720655,1.6604455168193364,0.0,-0.3331916323564639,1.6518651971891591,0.0,-0.36532595249778527,1.7425438678723884,0.0
-0.233712199494843,1.6017540869522455,0.0,-0.22632483509821258,1.603845527092017,0.0,-0.22651629115207042,1.6027469732946584,0.0,-0.22658419821407053,1.6019391081308585,0.0,-0.22691822078119264,1.6021664197315477,0.0,-0.22745756100199901,1.5998914457339726,0.0,-0.22785526420923566,1.5976659362306207,0.0,-0.2329819557108145,1.5914732659423667,0.0,-0.23509567065099293,1.5859576333153118,0.0,-0.242611201827217,1.6089679227106983,0.0,-0.2434221837339319,1.607659487684865,0.0,-0.2706928618905653,1.621841956631162,0.0,-0.29905082834354313,1.5399624907149025,0.0,-0.31940515757084714,1.6763628249894584,0.0,-0.3567485493970957,1.5853920369108752,0.0,-0.3347712223480097,1.736036807579823,0.0,-0.36863013262176375,1.642975082194639,0.0,-0.3413296205875022,1.752420003488318,0.0,-0.3704537761994853,1.657057831465906,0.0,-0.3337975217922321,1.7532481120687533,0.0,-0.36807093551350545,1.663782110057209,0.0,-0.33350281479265115,1.7466637508657776,0.0,-0.36874911278313083,1.6582654681845042,0.0,-0.40815948792722556,1.6813309278504118,0.0,-0.36863644507403437,1.6544782594628145,0.0,-0.45095099684580114,1.7640942006220341,0.0,-0.41568846931982717,1.7313891037436726,0.0,-0.5436951203614547,1.8044470883020145,0.0,-0.502352119902131,1.7815060752365564,0.0,-0.5610845074592262,1.8030584777523841,0.0,-0.5196931340939827,1.7824326977926734,0.0,-0.5431599941054887,1.8457855023291994,0.0,-0.5083543361433346,1.8204941226931262,0.0,-0.23403880802100765,1.5887154516302646,0.0,-0.284871851565193,1.580902218686745,0.0,-0.336634910899626,1.624403392392633,0.0,-0.3883979999550796,1.6679045093560154,0.0,-0.3693021934841956,1.661519152089747,0.0,-0.3381103688448767,1.7561232481251272,0.0
-0.240956231510732,1.6165693270919776,0.0,-0.23374097914114148,1.620036357508686,0.0,-0.23371704063951695,1.618836888659278,0.0,-0.23369704950207384,1.618029661034177,0.0,-0.23454132289839616,1.6181361426558674,0.0,-0.23514358990385978,1.6157590559996855,0.0,-0.23557736334815374,1.6135455031501362,0.0,-0.23915893112377942,1.6062807805881514,0.0,-0.24132810322703804,1.6008114034251304,0.0,-0.2504419876394842,1.6237759246001486,0.0,-0.25112400368394705,1.621711381980567,0.0,-0.2677075897133341,1.6283912362752202,0.0,-0.31271434269084974,1.5543452141909808,0.0,-0.3135535188440687,1.6853435287587153,0.0,-0.3694747510184481,1.6009405651267754,0.0,-0.32922937340277086,1.7449368818174709,0.0,-0.3802281884433674,1.6587449136450751,0.0,-0.3352538701454401,1.7622926440980362,0.0,-0.3816947985072153,1.6732233246665693,0.0,-0.32593368730478106,1.7622331703643972,0.0,-0.37972346136497576,1.679403383702714,0.0,-0.3266687017292746,1.7551991107599718,0.0,-0.3803580495651185,1.674443273892356,0.0,-0.4064488664330491,1.697114008294298,0.0,-0.3854872358482293,1.6541751359387622,0.0,-0.4474207185624026,1.7807930372590803,0.0,-0.4322153073897709,1.7312832307383983,0.0,-0.5404897347522908,1.8203908429589708,0.0,-0.5175365238658375,1.7836529661102174,0.0,-0.5578314827381432,1.8184980144696803,0.0,-0.5348968788815969,1.7832199807867928,0.0,-0.5456101179826186,1.8614144033842601,0.0,-0.5275764756072814,1.821801279484617,0.0,-0.24024352252913597,1.6035460890116642,0.0,-0.29021095371704836,1.5913682096611375,0.0,-0.3430895057036847,1.6335063772203287,0.0,-0.3959680260201171,1.6756445624537881,0.0,-0.3807359746732452,1.6772942087050553,0.0,-0.33082790386115024,1.7652361353377661,0.0
-0.24937268933473733,1.6297243317888754,0.0,-0.2426222895795245,1.6343062643390938,0.0,-0.2424257952795126,1.6328109588684492,0.0,-0.24225148302389934,1.6317405622048355,0.0,-0.24317497801790192,1.6324959899177596,0.0,-0.24355637726020954,1.6301081836257894,0.0,-0.24402910327167818,1.6279288749242935,0.0,-0.2461229660895852,1.6188975349241295,0.0,-0.2479254056423034,1.6148920443641919,0.0,-0.2595327337785838,1.6356763064038302,0.0,-0.25991305713171736,1.633488636594944,0.0,-0.27248313569679045,1.636914964487479,0.0,-0.31895582822326607,1.563780088748069,0.0,-0.31522485196311206,1.6962324031340958,0.0,-0.37109860589470256,1.615490836364524,0.0,-0.3285481648636921,1.7563954273124422,0.0,-0.3835388706428007,1.6729557729526203,0.0,-0.3336170177107726,1.7745727961836337,0.0,-0.38478726708592287,1.68798015914218,0.0,-0.3247891050557433,1.7742139129707408,0.0,-0.3835623255795387,1.6933896237412533,0.0,-0.3254720977220747,1.7667716307691486,0.0,-0.38442568078794687,1.6884162262837683,0.0,-0.40844155795262405,1.7060293892146787,0.0,-0.39738893602481107,1.659543087313364,0.0,-0.44253940956211635,1.792736995980265,0.0,-0.43678153677853765,1.740644221457583,0.0,-0.5383600141733581,1.8251135264110567,0.0,-0.5250578314388004,1.78786280852798,0.0,-0.554987008062301,1.8198350704709412,0.0,-0.5416295129128691,1.7826715875073034,0.0,-0.5511713358429688,1.8644202799207343,0.0,-0.5393502932213887,1.8246299131253665,0.0,-0.2470241885117125,1.6168947866654806,0.0,-0.2957194981776629,1.600347528840332,0.0,-0.34931738520713845,1.6415668559991472,0.0,-0.40291522385245315,1.6827862235121926,0.0,-0.38420404118533613,1.6915000912799893,0.0,-0.3292885862032554,1.7767440579628693,0.0
-0.2567509923271933,1.639618910107886,0.0,-0.2499421456612329,1.6434221108640599,0.0,-0.24989140031180973,1.642108833294949,0.0,-0.2495081506135413,1.6407492611220862,0.0,-0.2503913814134939,1.6421002377372722,0.0,-0.25053409333791093,1.639859238960284,0.0,-0.25084875488853636,1.6377118045980914,0.0,-0.25250120218722066,1.6282929473209253,0.0,-0.25395897497786063,1.6258278703266191,0.0,-0.2668681706219143,1.642280235668951,0.0,-0.26738376357712307,1.6412323135346805,0.0,-0.2775135298182645,1.6453135600374675,0.0,-0.32541145815539196,1.5731040754728238,0.0,-0.3162113202848589,1.7073449541052255,0.0,-0.36790441408919183,1.6329974755963241,0.0,-0.3268369716637771,1.7680425296556934,0.0,-0.3854057360967199,1.6891284193979879,0.0,-0.3306325069285929,1.7860612398857176,0.0,-0.38734714828820427,1.7050288103609015,0.0,-0.3247616296874323,1.7861117449103723,0.0,-0.3874570532315528,1.7093798922902652,0.0,-0.3250415159160741,1.7788864398251587,0.0,-0.3883637809552588,1.703444481330621,0.0,-0.419029907110068,1.7118661638100348,0.0,-0.40123619686398626,1.667520695139403,0.0,-0.45057110316762244,1.7995361444571034,0.0,-0.4333246425336257,1.7517792413417181,0.0,-0.547314881592493,1.8290398616276478,0.0,-0.5253815130327765,1.7911217343711736,0.0,-0.5620896470428303,1.8197648775962758,0.0,-0.5407481910497919,1.7830325682037074,0.0,-0.5652544393355983,1.8662866480980882,0.0,-0.5429723528505436,1.8264297617698768,0.0,-0.253230085862777,1.6270604109197742,0.0,-0.30146249482159515,1.6092088101225328,0.0,-0.3557977937140872,1.649451097827302,0.0,-0.41013306149712353,1.6896934044283212,0.0,-0.38744276722680954,1.7075725159671478,0.0,-0.32780646717231066,1.788381533357117,0.0
-0.2614888842804477,1.6467296901167703,0.0,-0.25372764279855725,1.6464628407320905,0.0,-0.25418796762097745,1.6460636090202267,0.0,-0.2537235522739179,1.6447627528963542,0.0,-0.2547002875069911,1.645867991061033,0.0,-0.25509417332029033,1.644182980719582,0.0,-0.25478256690853535,1.6425374482022967,0.0,-0.2573141873667549,1.6349171538838985,0.0,-0.2584852200555721,1.6334639195255711,0.0,-0.2703277640443051,1.6434703998404268,0.0,-0.27158887820184435,1.644468803307719,0.0,-0.27683864790500107,1.649631580901525,0.0,-0.3368335680825958,1.5871093388355513,0.0,-0.3102789529969295,1.7146481851833901,0.0,-0.3667309064692885,1.6541840720794274,0.0,-0.31901382239239673,1.7756465638632797,0.0,-0.38682136588857896,1.709441221520912,0.0,-0.3217168466692215,1.793004414926159,0.0,-0.39001548977922157,1.726399313231569,0.0,-0.3197198828113994,1.7939761978788769,0.0,-0.3917996558877808,1.7296326752990967,0.0,-0.3199638977204786,1.7872241396634672,0.0,-0.3922907663892892,1.722728020455971,0.0,-0.4379183332114022,1.7084696225395894,0.0,-0.3968613890165751,1.68402654480142,0.0,-0.4861114555857541,1.788208543470395,0.0,-0.4338073328350092,1.766271108080619,0.0,-0.5755614503892638,1.8354158143134758,0.0,-0.5257744874565949,1.8058228670134342,0.0,-0.5884912836838373,1.8237052022940627,0.0,-0.5412016803524851,1.7978497169510999,0.0,-0.5949244423651059,1.8719428642372824,0.0,-0.5474919134532494,1.838753822850788,0.0,-0.2578997026276348,1.6341905330776354,0.0,-0.30683608043323674,1.618370423967325,0.0,-0.3621129785728001,1.657309234394946,0.0,-0.4173898690686665,1.6962480317920496,0.0,-0.3908081807651985,1.7275641214328197,0.0,-0.3209501074806894,1.7959163885582403,0.0
-0.2626833306724166,1.6525968247924059,0.0,-0.25483342460871794,1.6469690748881454,0.0,-0.25571823898470836,1.6474653012217007,0.0,-0.25538173815808274,1.646632485232925,0.0,-0.2564672172213628,1.6465615464760113,0.0,-0.25761035004941046,1.645655620193322,0.0,-0.25642369706399015,1.6450759959709291,0.0,-0.2601739223951578,1.6402511194795764,0.0,-0.2608290673850747,1.6392246524188454,0.0,-0.2707216586737913,1.6427087526606972,0.0,-0.2725735176889672,1.6449259634172904,0.0,-0.26676359194847066,1.6266310082505206,0.0,-0.35340781252007175,1.6255354528578227,0.0,-0.2963820887415855,1.6934752861260587,0.0,-0.3749340882363583,1.6957457807030334,0.0,-0.3029230886645872,1.7547477551879331,0.0,-0.3906743281585278,1.7523957936886387,0.0,-0.3060771960730185,1.7723330143090807,0.0,-0.3945627162936724,1.7701274600002264,0.0,-0.3061437476402398,1.7743160531577438,0.0,-0.3972501988808616,1.7724269159846764,0.0,-0.3063296295988516,1.7677935361809851,0.0,-0.3973236115776259,1.7659400729610553,0.0,-0.4443563568917467,1.6917632417091741,0.0,-0.40055839480426386,1.7108649493006953,0.0,-0.5179091494886621,1.7489546681347639,0.0,-0.4558265233107603,1.7821012106077747,0.0,-0.5640824123891343,1.8389427661473554,0.0,-0.5421058446668907,1.832876971263778,0.0,-0.5731103514138843,1.8240157657835825,0.0,-0.5582269550472229,1.8264210280585869,0.0,-0.583060761271392,1.8756711354018716,0.0,-0.5690674527868186,1.861672216216189,0.0,-0.260501490195405,1.6397378879653643,0.0,-0.31008570881613085,1.6260832115222255,0.0,-0.3662715168760684,1.6636986524753996,0.0,-0.4224573356712603,1.7013140526718424,0.0,-0.39562961537334623,1.7702781683267037,0.0,-0.3063664916997895,1.7748165859621647,0.0
-0.2582460377969474,1.657800239201083,0.0,-0.25438862930415607,1.6490865082965482,0.0,-0.2552028931133279,1.6497090099472287,0.0,-0.255110275877221,1.649500846181443,0.0,-0.25597312552804863,1.6479863550660834,0.0,-0.2576746328911822,1.6475484863077572,0.0,-0.256066547940088,1.6479214074687678,0.0,-0.2605624822623712,1.645521799603055,0.0,-0.2605347764765509,1.6444029746671454,0.0,-0.26938889014286427,1.6435848380789104,0.0,-0.27083656781948484,1.6450040296933388,0.0,-0.30470985279965956,1.5878728008331724,0.0,-0.3153116337322343,1.6738729371165928,0.0,-0.33438140020082713,1.6546935469514714,0.0,-0.3360262143339796,1.7443270131721296,0.0,-0.33884887377241063,1.716152003040266,0.0,-0.34663648676796693,1.8021578115666985,0.0,-0.3452865116668113,1.7353190285132056,0.0,-0.350930439394653,1.8198963066935738,0.0,-0.34399169981600036,1.7370053693560923,0.0,-0.353272249065305,1.8214033484145045,0.0,-0.34328227162954644,1.7306261217376515,0.0,-0.35331712273358923,1.8164670828286926,0.0,-0.44171488412117127,1.6886125563414285,0.0,-0.4055319314695304,1.7198204183852948,0.0,-0.526895103392541,1.7263644145775454,0.0,-0.4768957805947595,1.7749237031481164,0.0,-0.5188267041026272,1.827184694897025,0.0,-0.5531652672220022,1.839771714478357,0.0,-0.5032610215452041,1.8350605154521304,0.0,-0.5695013778558708,1.8338809681825545,0.0,-0.5383577619725837,1.8636221565659337,0.0,-0.5838501980729609,1.8645614192558204,0.0,-0.2605486379849089,1.6449623765844568,0.0,-0.3100110463487773,1.6308728384855458,0.0,-0.3668172303986954,1.6675446788966393,0.0,-0.4236234028940442,1.704216511848557,0.0,-0.35189547378422537,1.8199532393401543,0.0,-0.3445087440211437,1.7357116774208656,0.0
-0.24725813640071448,1.6554666195740124,0.0,-0.25299887496915685,1.6532460299117782,0.0,-0.2534385770842702,1.6534704289932058,0.0,-0.25367421584014493,1.6537902182604536,0.0,-0.2538738333652981,1.6514800667639469,0.0,-0.25538501188923624,1.6510628255079633,0.0,-0.254169013757482,1.6516235839409477,0.0,-0.2593848511101656,1.6509067164917004,0.0,-0.2590227612800169,1.6495549725443492,0.0,-0.26714652513130477,1.6463736974520937,0.0,-0.2674260347702111,1.6460002072056108,0.0,-0.345128276125728,1.6115487254157215,0.0,-0.2707105510159429,1.655938176747278,0.0,-0.3776404991912771,1.6770343588655239,0.0,-0.29441166029400395,1.7254444937359876,0.0,-0.38382803294815404,1.7383435308623676,0.0,-0.3091594205515657,1.7823609473453104,0.0,-0.3949879622647927,1.7590059162772242,0.0,-0.3151670441616495,1.7993951600324833,0.0,-0.39067132702158347,1.758191440126285,0.0,-0.3171680188477655,1.8001298988961505,0.0,-0.388367870074422,1.75206427596964,0.0,-0.3171113649597466,1.7959354968290588,0.0,-0.4419001900848402,1.6920862423848375,0.0,-0.4027901660532813,1.7195369752744682,0.0,-0.5303262629297081,1.7214410068470607,0.0,-0.481522698477711,1.7634728295583808,0.0,-0.5112905594032439,1.8207761465613252,0.0,-0.5473964311824462,1.8388581763004053,0.0,-0.4954081647770387,1.8279920015925861,0.0,-0.5579553585838594,1.8250712819911277,0.0,-0.5324565784723932,1.8562888269889863,0.0,-0.5786828278530453,1.8628843251314569,0.0,-0.25920381972502193,1.650230845122765,0.0,-0.30791946382210666,1.633743548643326,0.0,-0.3651323393102947,1.6697776061975755,0.0,-0.4223451957075991,1.7058116682567732,0.0,-0.3160914867246622,1.7995737522489068,0.0,-0.39209733391849255,1.756950885713865,0.0
-0.24617500194079356,1.65366362974445,0.0,-0.2521987401094886,1.658832448443059,0.0,-0.25237361372900025,1.658715899301501,0.0,-0.252996473621502,1.6592126877713447,0.0,-0.25253180562741706,1.657309600321439,0.0,-0.25335984018176794,1.6567759558596926,0.0,-0.2528840497393594,1.6569030249005525,0.0,-0.25907305943062364,1.6565868914761939,0.0,-0.25894116610109974,1.6554093124968645,0.0,-0.26545534634462775,1.6508146506493773,0.0,-0.26476027874773755,1.649432495574994,0.0,-0.34944080511986075,1.6295187724080706,0.0,-0.26403975359362625,1.6441844329209514,0.0,-0.38443623648446695,1.693711705201261,0.0,-0.2911534027962969,1.7124319289135523,0.0,-0.39761712843006225,1.7539060922522942,0.0,-0.31747364856563703,1.7650078148948485,0.0,-0.41088351151050456,1.77432636001696,0.0,-0.32625636410937003,1.7813979805835,0.0,-0.40567863811021526,1.7704848448185266,0.0,-0.3290212971678677,1.7814801852871618,0.0,-0.40221863282294823,1.7645275218206478,0.0,-0.3283278439130255,1.7763706689295458,0.0,-0.4449249377408625,1.7008561266361237,0.0,-0.3990737249744958,1.7143024273836958,0.0,-0.5351530531260097,1.7240888567693444,0.0,-0.4823845508154422,1.7487767258003508,0.0,-0.5151003644446643,1.8232237026483236,0.0,-0.5347240346045328,1.834116503164495,0.0,-0.4981523404824773,1.8273569225398631,0.0,-0.5200920828984602,1.8247636751518208,0.0,-0.5364554027500951,1.8586230412490146,0.0,-0.5636954992999091,1.8608886655292813,0.0,-0.25900710666335336,1.6559981045415364,0.0,-0.3067402624265039,1.6368515443834935,0.0,-0.3643697866055676,1.6722154294690519,0.0,-0.42199931304372656,1.707579284577598,0.0,-0.3272362603149432,1.7807883600663488,0.0,-0.40778620537230115,1.7715470918625886,0.0
-0.24857517105526616,1.6648618744388477,0.0,-0.254344469002161,1.6670811573003808,0.0,-0.25448184712586674,1.6667717735324858,0.0,-0.25531811744468114,1.6668834905606706,0.0,-0.2547452885452297,1.6662765101424692,0.0,-0.2550572623109302,1.6656641488269728,0.0,-0.2550247623300361,1.665415154232203,0.0,-0.26139876263309825,1.6633889248424822,0.0,-0.2615990261575347,1.6628190947350026,0.0,-0.26659461240855087,1.6585706695253073,0.0,-0.26560089435389866,1.6572854039052278,0.0,-0.34705277503337323,1.6223744610330564,0.0,-0.26859950683573386,1.6591644856208783,0.0,-0.38220547008307026,1.6864814097026735,0.0,-0.2981151823986621,1.7264080397982826,0.0,-0.40112759546654647,1.7451248519268734,0.0,-0.329784616959969,1.775946166919156,0.0,-0.4118658030700985,1.7642034913895992,0.0,-0.3397063346863279,1.7923284149029928,0.0,-0.409358348166174,1.7596111265332601,0.0,-0.34338747218945337,1.7922876167790482,0.0,-0.40609860129034475,1.7535831609870427,0.0,-0.34205594759997865,1.7861569020585244,0.0,-0.44773720487274005,1.7071328149940463,0.0,-0.400290976146264,1.7127889705393826,0.0,-0.5398228944601797,1.721313729231295,0.0,-0.4876564562393663,1.7350699903033617,0.0,-0.5058887599386581,1.8165938557271974,0.0,-0.5183939969845601,1.8303459198596128,0.0,-0.4886088858660477,1.8189865477110128,0.0,-0.5010477989202087,1.8295220173922073,0.0,-0.5252072186942397,1.853144477961322,0.0,-0.5437340401507694,1.8605779667075615,0.0,-0.26149889456609254,1.6631040192671438,0.0,-0.3078261623599818,1.6407695350835316,0.0,-0.36592012110035776,1.6753651761864419,0.0,-0.42401406202982933,1.7099608203184387,0.0,-0.34061604216358654,1.7910131647002634,0.0,-0.4111459113207505,1.7628519030226701,0.0
-0.2611144047504011,1.6827823593011626,0.0,-0.2588595689894357,1.6766079938621012,0.0,-0.25918356653041946,1.6762645435432257,0.0,-0.2598931246343463,1.6756986983345594,0.0,-0.25964191686221677,1.6761490744718401,0.0,-0.2598873695771186,1.6754765428057157,0.0,-0.2599509814938021,1.675346682630591,0.0,-0.2651970121037072,1.6704601664189394,0.0,-0.2653017735414332,1.6703647493388787,0.0,-0.2703512662351513,1.6683924760259865,0.0,-0.26952313398315947,1.6676009154410179,0.0,-0.33390543868136213,1.608350809208251,0.0,-0.2849857072205877,1.6798720023881657,0.0,-0.36747803390768574,1.6732992016960975,0.0,-0.31541544833488405,1.7467068850323542,0.0,-0.3852159848678008,1.7323116176834779,0.0,-0.3414861142500744,1.7994069751918145,0.0,-0.3916808330866775,1.7511906789559837,0.0,-0.3497110065702513,1.8158007454319511,0.0,-0.39287619954005065,1.7485159628112135,0.0,-0.35323325892160046,1.816339377042801,0.0,-0.39098032814642814,1.742090480890234,0.0,-0.35196676572810187,1.8107077422724904,0.0,-0.4498979045678213,1.707438239632023,0.0,-0.40297136394081645,1.716440267221502,0.0,-0.5428641142949522,1.7136153266776772,0.0,-0.49271011578779866,1.7251653672534115,0.0,-0.4926219809456062,1.8013966232465162,0.0,-0.4961238011757424,1.8252185826737182,0.0,-0.4753398700801373,1.8037731052953279,0.0,-0.47883417875957135,1.8268428853763392,0.0,-0.5088516758363256,1.839419614161842,0.0,-0.5192750864820799,1.8571577816766125,0.0,-0.26524939384984164,1.670412454316221,0.0,-0.30944553401926234,1.6441113874344448,0.0,-0.3679400769860124,1.6780253206855573,0.0,-0.42643461174509056,1.711939240673428,0.0,-0.3510249081185033,1.815323809224155,0.0,-0.39282081087548854,1.7512002813339425,0.0
-0.26642859157547516,1.6875883252568897,0.0,-0.26099012407458405,1.6818089228526074,0.0,-0.26173243276769037,1.6817772164659648,0.0,-0.262198597554755,1.680902738951053,0.0,-0.26200385723760494,1.6812820455983548,0.0,-0.262403349260146,1.6806210572469766,0.0,-0.26252744336352024,1.680894259501227,0.0,-0.2667787380372116,1.674632960691204,0.0,-0.2663901621275621,1.6744601132675005,0.0,-0.2724484410974544,1.6742750747665402,0.0,-0.2720106829204079,1.674109455002718,0.0,-0.3266069021323543,1.6058474433376315,0.0,-0.2913397824995359,1.6849969946495587,0.0,-0.3584071525035874,1.6716817574398746,0.0,-0.32179154158350454,1.7518218481925145,0.0,-0.3718487428502688,1.7318184666438463,0.0,-0.3393722225563292,1.8079279867212752,0.0,-0.3763198965344875,1.7521860988319906,0.0,-0.34517921981577454,1.8234925695502018,0.0,-0.379066664029325,1.7516959930755243,0.0,-0.3482141003052462,1.824589424933132,0.0,-0.3785037434284886,1.7444750167817888,0.0,-0.3475456134274139,1.8203377606740292,0.0,-0.4491491163541308,1.7045792847981773,0.0,-0.4039069557317732,1.7199508045069751,0.0,-0.5422464910857249,1.708287569237595,0.0,-0.49406860036970773,1.7197299203656324,0.0,-0.48626243430755367,1.79252303313172,0.0,-0.4751530298814798,1.8180381110568207,0.0,-0.4689867711359696,1.7949459414825784,0.0,-0.4578701047204138,1.819732189107117,0.0,-0.5001121531415991,1.831476032022828,0.0,-0.49936956924258624,1.8491773735023875,0.0,-0.26658445211311205,1.6745465312207235,0.0,-0.30897337265569946,1.6454222399807816,0.0,-0.367750702145442,1.6788436696854505,0.0,-0.4265280270921168,1.7122650795560364,0.0,-0.34705113997051484,1.824820837914119,0.0,-0.37752815118777017,1.751372476821902,0.0
-0.26179027183780945,1.686546026805881,0.0,-0.25770340149540605,1.6798689010324757,0.0,-0.25883357782870975,1.680279635579611,0.0,-0.25923787868309833,1.6796836352238718,0.0,-0.25858084354322697,1.6791828600612084,0.0,-0.2590450052521547,1.678595057104347,0.0,-0.2592367643688348,1.6790278528098224,0.0,-0.26398926874697637,1.67393278466563,0.0,-0.26315527387237214,1.6733184153158895,0.0,-0.26976913209496545,1.6726739102442858,0.0,-0.2698889610743965,1.673233438272723,0.0,-0.3294754852737998,1.6081885171849135,0.0,-0.2826345530226414,1.6810880937673787,0.0,-0.3607290205423576,1.6742841249830336,0.0,-0.3118195070505692,1.7484758459240821,0.0,-0.37213599596702013,1.7348397279987102,0.0,-0.32789594941357436,1.8050313684221166,0.0,-0.37737917463381915,1.7565028964752347,0.0,-0.332430776959746,1.819534923303821,0.0,-0.3793936633154255,1.7564142056577692,0.0,-0.33590798708077185,1.8207030976456802,0.0,-0.3789378904868265,1.7484783572885716,0.0,-0.33588693314041695,1.816678307401422,0.0,-0.4457204914892246,1.701208351982298,0.0,-0.4020948128545859,1.7207003216004129,0.0,-0.5384271608214923,1.7105006077211413,0.0,-0.4922417494146074,1.7223437273520565,0.0,-0.4893388651682244,1.7989323170829832,0.0,-0.4702570911386364,1.8200113983817219,0.0,-0.47198456684688755,1.8007063950600557,0.0,-0.4529520252647366,1.8185608475678954,0.0,-0.5030637112141817,1.8379294892292755,0.0,-0.4995971039728342,1.8463791455583582,0.0,-0.26357226231495556,1.6736256090832091,0.0,-0.30605495620158135,1.6446382731392146,0.0,-0.3649812723366646,1.6777963142785537,0.0,-0.42390760960371987,1.7109542898185945,0.0,-0.33502031358532214,1.822165475612915,0.0,-0.3777914532295895,1.7544006788002136,0.0
-0.2542515988683123,1.6819699117865061,0.0,-0.25246678195950495,1.6747285531410845,0.0,-0.25358623240744876,1.675190903705061,0.0,-0.2540957814937633,1.6750139062059206,0.0,-0.2529334864427389,1.6738117758615831,0.0,-0.253319652373513,1.6732087838822003,0.0,-0.253432176810199,1.6734276164784652,0.0,-0.25938965284389476,1.6702953930962379,0.0,-0.25844935722432877,1.66928680060022,0.0,-0.26527131174887003,1.6672589666570525,0.0,-0.2659136069253118,1.6681552864508549,0.0,-0.3318225347641279,1.6108378965685606,0.0,-0.2738841240324198,1.6752705106854573,0.0,-0.3651575946783192,1.6759085244854877,0.0,-0.3000124158776461,1.743901284013435,0.0,-0.37714134117590387,1.7363526306068682,0.0,-0.3193971915720931,1.7994099283434193,0.0,-0.38350108038221004,1.7578590786194974,0.0,-0.3229548504706644,1.8139302592556332,0.0,-0.3844240447550678,1.7567616083841675,0.0,-0.327246587176681,1.8162033312656376,0.0,-0.38302689958199526,1.7488410149957767,0.0,-0.3277724136517103,1.810472122618777,0.0,-0.4430489366756299,1.7007241238879032,0.0,-0.3984475581544678,1.7178662868188395,0.0,-0.5325745198062085,1.726531923494385,0.0,-0.48568138366445396,1.7406573078691208,0.0,-0.5160649159941559,1.8263179995409407,0.0,-0.5284652915980872,1.8311660720071674,0.0,-0.4986330150455639,1.8269872171536503,0.0,-0.530517629529773,1.8139220205233175,0.0,-0.5328231516825753,1.8641110196769946,0.0,-0.563688766607277,1.848925611769191,0.0,-0.2589194999262256,1.6697911029817623,0.0,-0.30285338611504725,1.6430542638016645,0.0,-0.3618008130772431,1.676174760174552,0.0,-0.4207482371606301,1.7092952335944478,0.0,-0.32574861059471166,1.8168453426051043,0.0,-0.38344331787129593,1.7557149673160135,0.0
-0.253224856754093,1.6797169461779884,0.0,-0.2503581053988908,1.672110440193079,0.0,-0.25112922945781946,1.672206783548321,0.0,-0.2517335888086676,1.6721728906743958,0.0,-0.2504448266324296,1.6709574499664048,0.0,-0.25073969000153773,1.670244272001979,0.0,-0.2507002091726428,1.6702588856655058,0.0,-0.2569312396289115,1.6677304775233792,0.0,-0.2560525607964369,1.6664495746544747,0.0,-0.2637531354288404,1.6642976801205052,0.0,-0.2645794099959913,1.664833100743276,0.0,-0.27985822147446376,1.6795082855902088,0.0,-0.3227664844828932,1.6042267993822978,0.0,-0.31868861336498583,1.7414567601688002,0.0,-0.3485104478363288,1.6730026602144425,0.0,-0.330960686872968,1.8018429867171262,0.0,-0.3689346673597278,1.7281373170188221,0.0,-0.33687611341793433,1.8228102584417902,0.0,-0.3708822419845511,1.7435778267899287,0.0,-0.33722800178604984,1.821182285807428,0.0,-0.37482543571277416,1.7495011815013406,0.0,-0.33541170489012206,1.8133034288461818,0.0,-0.37557474920729017,1.7416780971779204,0.0,-0.4428808873569439,1.711669191932341,0.0,-0.3956695601425817,1.704305273234006,0.0,-0.5216632025107377,1.7614107175865346,0.0,-0.45386763667457514,1.7731685787137557,0.0,-0.5798438438639435,1.8441442716171064,0.0,-0.5536782049403449,1.7809241977305899,0.0,-0.5624480332414591,1.8428385933713876,0.0,-0.5670196780322481,1.7698077910134205,0.0,-0.6019728607527838,1.879065002507599,0.0,-0.590765138637426,1.7943649489458393,0.0,-0.25649190042804004,1.667090026133041,0.0,-0.30131231817304116,1.6418675147957786,0.0,-0.3602937668244255,1.6749273868529113,0.0,-0.4192751996985782,1.7079872589297436,0.0,-0.3727999529749021,1.7462865252988156,0.0,-0.3368519540954552,1.821334214580471,0.0
-0.2578581083873682,1.6788680899340784,0.0,-0.2514372562201783,1.672510728669079,0.0,-0.25188686256921433,1.672197039626669,0.0,-0.2524476695294594,1.6719961316127026,0.0,-0.25138081469387485,1.6714086373014918,0.0,-0.2516133474769263,1.6705999795731183,0.0,-0.25154272233276154,1.6705984324906045,0.0,-0.25674999441575386,1.6667224541016177,0.0,-0.2558250445432244,1.6651180892286017,0.0,-0.26530405866425055,1.6650099320344722,0.0,-0.2660396590634533,1.6650235488951992,0.0,-0.2764271601710173,1.675939664032807,0.0,-0.32509909459476183,1.6042496089377598,0.0,-0.32286039172138403,1.7324141524747216,0.0,-0.3605175462515609,1.6685800369215726,0.0,-0.33474439472253514,1.7928779483992225,0.0,-0.3792864142518732,1.7242999500412426,0.0,-0.3389328207216764,1.813918246400303,0.0,-0.38039195194782943,1.7400249460861403,0.0,-0.33843860208357546,1.813717606029947,0.0,-0.38251262925120816,1.7499411559062723,0.0,-0.33761229026970674,1.8043805795930603,0.0,-0.38276123242764953,1.7417750470944855,0.0,-0.42644403714919293,1.72817389393142,0.0,-0.4118945144269381,1.6826607298522762,0.0,-0.492317913560838,1.7940639915326666,0.0,-0.43054652661110115,1.7708722562822328,0.0,-0.5833524785889808,1.838138201235584,0.0,-0.5297548575950412,1.7574556163432922,0.0,-0.5724074690974382,1.824554174213941,0.0,-0.5435726256634825,1.74693712366752,0.0,-0.6102403231856337,1.8695419374359,0.0,-0.5658807131376575,1.773299132543806,0.0,-0.25628750888760454,1.665920275392608,0.0,-0.3007631317178821,1.6400946311827602,0.0,-0.3599662023811163,1.6727559668794822,0.0,-0.4191692610022464,1.705417295932779,0.0,-0.381219004194221,1.742755282338229,0.0,-0.3385108138411171,1.8128886725273186,0.0
-0.2585614829572001,1.6735434134695801,0.0,-0.25103116969036704,1.6704010581637738,0.0,-0.2512936446493787,1.6697184384381665,0.0,-0.2515601049069826,1.6691350150640847,0.0,-0.25098156109862774,1.6696053395284371,0.0,-0.251090887444492,1.6686280708878602,0.0,-0.25106138797879735,1.668430910399282,0.0,-0.2547899046398249,1.6621949527738256,0.0,-0.2538890631895357,1.6602109267518184,0.0,-0.26524731204123925,1.6641580834138339,0.0,-0.26605694680044084,1.6641445463615334,0.0,-0.2726861971898636,1.6695977346613002,0.0,-0.3242273753665071,1.5999419513246462,0.0,-0.3257094144825248,1.7199361023833584,0.0,-0.3775014318853947,1.6504864424623353,0.0,-0.3393121103088734,1.7800365750203262,0.0,-0.3974285753701833,1.705802697547196,0.0,-0.342365140797687,1.8005873971295694,0.0,-0.4000484314055194,1.720316661598839,0.0,-0.3399506294888741,1.803261598953452,0.0,-0.4000216603114947,1.7305423778362243,0.0,-0.3403348010122399,1.791590669293277,0.0,-0.3990997874021404,1.724071192095205,0.0,-0.416077007199313,1.722495838162119,0.0,-0.41921091985378667,1.6748165417389849,0.0,-0.4746445735786351,1.7949576399876477,0.0,-0.4334248880221735,1.7638509960953135,0.0,-0.572964096335117,1.8186873562888919,0.0,-0.531852675774793,1.7455679503426091,0.0,-0.5828817200703303,1.804336058008199,0.0,-0.544749707189101,1.733938849635252,0.0,-0.6017668015684109,1.8483446489103834,0.0,-0.5651764299609843,1.766677707594179,0.0,-0.25433948299765724,1.6612029353374091,0.0,-0.298456779288969,1.63476982933491,0.0,-0.35805040288857665,1.6667130046892507,0.0,-0.4176440143666404,1.6986561735462422,0.0,-0.399871414345096,1.7241974449447577,0.0,-0.3410231478319153,1.8003266549536907,0.0
-0.25140472960448484,1.6609980530737267,0.0,-0.24456081742114635,1.6606637630394077,0.0,-0.2446318507023252,1.6595615830436194,0.0,-0.24437095203005135,1.6585378374521325,0.0,-0.24450630696532608,1.6599793536807508,0.0,-0.24441905532390332,1.6586289333292137,0.0,-0.24432154025636435,1.6578239064022862,0.0,-0.24702195173491928,1.6499482284393685,0.0,-0.246632406954052,1.6476217447360308,0.0,-0.2589962565500507,1.6565267922545606,0.0,-0.2601902595381232,1.6568256211241081,0.0,-0.26441948924999664,1.6578946986101046,0.0,-0.32012923763335277,1.5915256912712779,0.0,-0.32138327537501477,1.7037263460525554,0.0,-0.3847711168229704,1.626372472143841,0.0,-0.3396799408991707,1.7625679314801102,0.0,-0.41165970355191994,1.6786599756967597,0.0,-0.3437624750440603,1.7807703069651495,0.0,-0.4171145477763732,1.6912176357931972,0.0,-0.3386963726892838,1.7852546727386944,0.0,-0.4157875290413884,1.6979566293806234,0.0,-0.3388908169101634,1.7733433995908,0.0,-0.4137037739703409,1.6935113972281535,0.0,-0.4085544461696611,1.7102952964026208,0.0,-0.416339383373721,1.6631515643838384,0.0,-0.4594379591068532,1.7883449002873881,0.0,-0.4382291187409654,1.7506159024832781,0.0,-0.5602019283577329,1.7970884974651902,0.0,-0.5369136222213187,1.7337734579841475,0.0,-0.5728362883574165,1.7850596999237447,0.0,-0.5492678227559574,1.721569232006502,0.0,-0.5874559551329551,1.8281749713554252,0.0,-0.5654955270938044,1.760961123535682,0.0,-0.24682717277407532,1.648785000316396,0.0,-0.2922743852865581,1.6247102043704285,0.0,-0.35236063201351164,1.6557168065660501,0.0,-0.41244686651872037,1.6867234024548243,0.0,-0.4170052872232536,1.6964295825942188,0.0,-0.34121877239814746,1.7828717978785413,0.0
-0.238832580749905,1.6435071398456265,0.0,-0.2324925707809755,1.6442869337365897,0.0,-0.23237512100569743,1.6428883741837657,0.0,-0.23168130519959892,1.6416366191681313,0.0,-0.23241068187016709,1.6433375566515742,0.0,-0.23218037545516643,1.641600966913357,0.0,-0.23193452077587537,1.6401744014967454,0.0,-0.23447335745296735,1.6324402753192182,0.0,-0.23500953396519006,1.6298050280073835,0.0,-0.24721594356242335,1.6426635390066455,0.0,-0.24864710432133494,1.643013047720195,0.0,-0.25326403268291753,1.6445879716056204,0.0,-0.3124327394491019,1.5812832692550625,0.0,-0.31263120213944495,1.6872605860990622,0.0,-0.37988987452722667,1.6103074937821225,0.0,-0.33516286789384414,1.744614088025824,0.0,-0.41327478409303076,1.65870611914855,0.0,-0.34199566947586674,1.7598466775343848,0.0,-0.42037742327178873,1.6700456944616564,0.0,-0.33478515421911614,1.7633478958131803,0.0,-0.4187907794698762,1.6734250088414042,0.0,-0.3335505040506457,1.7544016464721823,0.0,-0.41620508779546184,1.6697100497372588,0.0,-0.3996502394795349,1.695827206935796,0.0,-0.4089600294213221,1.6489607527583767,0.0,-0.4407485135365369,1.7794442173160652,0.0,-0.43359025147817104,1.735693232920375,0.0,-0.5418329016678299,1.7828756116277114,0.0,-0.5334814494419627,1.7290563862874668,0.0,-0.5560757954684784,1.7728029258350275,0.0,-0.5470362723379952,1.7182011488962026,0.0,-0.563852679028913,1.8178653278220607,0.0,-0.5558735051701502,1.7615323818002706,0.0,-0.23474144871317335,1.6311226607347795,0.0,-0.28284836563458005,1.6129355919959307,0.0,-0.3435767895987344,1.642664785531575,0.0,-0.40430520121052277,1.6723939730202013,0.0,-0.42136220031730176,1.675407253627766,0.0,-0.3389644917542566,1.7646181538408412,0.0
-0.2262106764400453,1.626945628605613,0.0,-0.21966952815876972,1.6270667134366381,0.0,-0.21952081474903906,1.6256958469663185,0.0,-0.21884707953910953,1.6245423425023349,0.0,-0.2195836587656974,1.625832898999756,0.0,-0.21934251507827496,1.624004076282882,0.0,-0.2190657014159335,1.6224076384043271,0.0,-0.22223093646555414,1.6157236120634246,0.0,-0.22352069382475548,1.612949290283939,0.0,-0.2349434331559067,1.6275752069825657,0.0,-0.23605507605471598,1.6275877397346554,0.0,-0.24219968146932147,1.6336104681177697,0.0,-0.3039868311454439,1.5728587657961792,0.0,-0.303496178431001,1.6734620966567983,0.0,-0.3711746253489323,1.6025011508624192,0.0,-0.3268730875339604,1.7304763077424834,0.0,-0.4033684376617428,1.651700109925028,0.0,-0.33631866208031735,1.7446331106871993,0.0,-0.4100775380500354,1.6633495802444942,0.0,-0.32855483708427263,1.745834871288924,0.0,-0.40878374086225927,1.6660011010925868,0.0,-0.3261015491445339,1.7402856642038955,0.0,-0.4063523027383146,1.661654931850439,0.0,-0.39029149017291687,1.6833521375332485,0.0,-0.4012788229102857,1.6368503608449654,0.0,-0.42462839753652853,1.769965354469818,0.0,-0.4247208471106568,1.7239115028947358,0.0,-0.5257674240832708,1.7708169999226113,0.0,-0.524804717123492,1.7262605723113509,0.0,-0.5407596457282475,1.7618977895852228,0.0,-0.5396844592205182,1.7173072110604302,0.0,-0.5417169259943109,1.808958371465629,0.0,-0.5436444774279473,1.7609182969330364,0.0,-0.22287581909786192,1.614336448985342,0.0,-0.27309329528693677,1.60323464687062,0.0,-0.3344391660207709,1.631667912060492,0.0,-0.3957850133213673,1.6601011951033733,0.0,-0.41122314057795634,1.6685119461178857,0.0,-0.3340561060031795,1.7495293715060476,0.0
-0.2170856090415193,1.6143808904906034,0.0,-0.21011234862109007,1.613422457976301,0.0,-0.2101157475676111,1.6122635812310049,0.0,-0.20985355260279048,1.6113294916581484,0.0,-0.21001622284472254,1.6122298596589677,0.0,-0.20984584343126944,1.610587883320518,0.0,-0.20972058037833896,1.6091933927030917,0.0,-0.21395886200545922,1.6027664773319927,0.0,-0.21538346452525503,1.6003606957830119,0.0,-0.2260178854984234,1.6151679235016858,0.0,-0.22649198863584075,1.6148506579379087,0.0,-0.2262106925055755,1.6132140197962843,0.0,-0.3052690193832135,1.5777428744614619,0.0,-0.28843285945554653,1.6516043151459667,0.0,-0.3716261657204553,1.6092007798641335,0.0,-0.30999092907743914,1.7093308236070603,0.0,-0.39769603085073885,1.6619012661632706,0.0,-0.32075850037030795,1.7249948962778199,0.0,-0.4033218139982984,1.6747838026607544,0.0,-0.3138598300965318,1.7252017949500869,0.0,-0.4024724515856416,1.6782391618232253,0.0,-0.3111426599410997,1.7205663588089306,0.0,-0.4003223992994333,1.6728411440017323,0.0,-0.3758966583994505,1.6723779825209213,0.0,-0.40118479303323823,1.631836066436856,0.0,-0.4092429522095816,1.759377391970221,0.0,-0.425655249033617,1.7186137579062344,0.0,-0.5096277487240254,1.7470193735387076,0.0,-0.5257244057075555,1.7157046263456286,0.0,-0.5236403840290365,1.7366287491732788,0.0,-0.5400409135007955,1.7058757399809583,0.0,-0.5240083644419651,1.7857795170622517,0.0,-0.5481732582511339,1.7481413873392695,0.0,-0.21467114906045615,1.6015635948636462,0.0,-0.2657398942904026,1.5954785159296003,0.0,-0.32714068373408356,1.6237929906932727,0.0,-0.38854146068863704,1.6521074596976857,0.0,-0.40391929009524474,1.6793828346985344,0.0,-0.31856332498759393,1.7278005020413791,0.0
-0.21164153501249255,1.6037066879577326,0.0,-0.20451557557166686,1.6022499457427068,0.0,-0.20471948209830934,1.6012088047672697,0.0,-0.20487621757233707,1.60036800406854,0.0,-0.2043519816492578,1.6014078385464816,0.0,-0.20428000502977692,1.5999974765711167,0.0,-0.20435381954248397,1.5988349534061708,0.0,-0.20979444221230034,1.5914320010416836,0.0,-0.21076273778278196,1.5900387426537206,0.0,-0.2207026150153065,1.604772363837263,0.0,-0.22072212403371214,1.604439581053682,0.0,-0.241673864076507,1.5484060867642335,0.0,-0.28145617407428575,1.6253852333645409,0.0,-0.3033835178287833,1.5876149055523592,0.0,-0.3466076000348341,1.6592697781844545,0.0,-0.32246988321268505,1.6462050992827375,0.0,-0.3693788300187471,1.713477251922828,0.0,-0.33335511677486895,1.6642985964846109,0.0,-0.3746973790144495,1.7272459085983622,0.0,-0.3274041768138037,1.6650753201824873,0.0,-0.3742396396929597,1.7311620088515642,0.0,-0.3249647363034618,1.6593702376508892,0.0,-0.3721217136403192,1.7250455995134233,0.0,-0.3885614308643222,1.6240896177055402,0.0,-0.3766236952744381,1.6703565301260186,0.0,-0.42398129012573443,1.7102656359780284,0.0,-0.4060491147590508,1.7555816182267396,0.0,-0.5197800199427582,1.6778244375376996,0.0,-0.5045807346284588,1.7378666796216906,0.0,-0.532421920665313,1.6658035653141148,0.0,-0.5168958202751025,1.7256229845879463,0.0,-0.5376982683226532,1.7150814799510363,0.0,-0.5339574279483736,1.764193554367273,0.0,-0.21027860040250076,1.5907353698505449,0.0,-0.2615650648080876,1.5868956441091382,0.0,-0.32207882595940135,1.617059382882235,0.0,-0.38259258285261877,1.647223099368989,0.0,-0.37509247365338183,1.7311319530104663,0.0,-0.33048146302245907,1.664924863759333,0.0
-0.20876521827178285,1.5915133682597946,0.0,-0.2018863117257289,1.5897574649830137,0.0,-0.20222981104408633,1.5886577829508448,0.0,-0.20258750634166522,1.5877516738051978,0.0,-0.20160787672531244,1.5894164000816111,0.0,-0.20166002399193794,1.5881811871896585,0.0,-0.20184091516413938,1.587165202607642,0.0,-0.2084245209321477,1.5785016395517122,0.0,-0.20865860901897093,1.5784434803780547,0.0,-0.21783862981450863,1.5934718718911849,0.0,-0.21768712280399705,1.5934081624541756,0.0,-0.25559555261830275,1.5334847408462986,0.0,-0.26427896796335154,1.6196997018333497,0.0,-0.316132319770668,1.5744812365468608,0.0,-0.3277158867314695,1.6566946747290385,0.0,-0.33253653298979846,1.633878222443389,0.0,-0.35150913770134373,1.7104613961500188,0.0,-0.342684193453184,1.6533763131685808,0.0,-0.3574958645184482,1.724157323176578,0.0,-0.3367501353704727,1.6546443950797958,0.0,-0.3570407287468674,1.727714179731305,0.0,-0.33457785543026963,1.6482267712695657,0.0,-0.35479449545206343,1.7214152129486018,0.0,-0.3839606085325365,1.6203216926028075,0.0,-0.3711356215704852,1.666350557734862,0.0,-0.4212266652208581,1.7057155657688683,0.0,-0.40613463666732935,1.749442313618776,0.0,-0.5146323578965349,1.6669185998233602,0.0,-0.5042446517158508,1.7295243792115875,0.0,-0.5274581826321479,1.6550941656827334,0.0,-0.516811858482183,1.717539609015386,0.0,-0.5344038311606593,1.7032261703749518,0.0,-0.5349341981848532,1.7543083696451085,0.0,-0.20854156391467493,1.5784725606575976,0.0,-0.2599371795391207,1.5765922363294644,0.0,-0.3187426093877929,1.6099641982999984,0.0,-0.377548043110963,1.6433361255780945,0.0,-0.35798156635287826,1.7278522518342068,0.0,-0.3393770898059343,1.6530569026782957,0.0
-0.20776464208664916,1.577822304800752,0.0,-0.2013574374834004,1.5754147826898732,0.0,-0.20178372795806654,1.5741979194401228,0.0,-0.20220680211479225,1.5731916721659098,0.0,-0.20097492084945878,1.5755295978556714,0.0,-0.20115545051618644,1.5744201453547924,0.0,-0.20134460836764112,1.5734976768457065,0.0,-0.20892626433379335,1.5643457119144883,0.0,-0.20847453442285346,1.565280654152253,0.0,-0.21680802835172308,1.5809207180161937,0.0,-0.2165322110973794,1.5812130121487442,0.0,-0.2602418492641257,1.5233281575161728,0.0,-0.2599529701748897,1.609978822539277,0.0,-0.32024549306305883,1.565101062225286,0.0,-0.32186722628230013,1.6494692716758916,0.0,-0.3336381177556726,1.62524869516935,0.0,-0.3475109198845711,1.7023784400922406,0.0,-0.3425953029632164,1.6445961586889695,0.0,-0.35466921587638545,1.7152879568567556,0.0,-0.3360061146140107,1.6455926340050058,0.0,-0.35359873579002465,1.7181566999683484,0.0,-0.3339115691872375,1.639710310847082,0.0,-0.3512540265481893,1.7121209836830118,0.0,-0.3801749245299225,1.6174103755754694,0.0,-0.36679361728487186,1.6632805982948868,0.0,-0.4190095995389148,1.7021024092760746,0.0,-0.40614863487737624,1.7443999766450367,0.0,-0.5169201196443355,1.6767379056640204,0.0,-0.5062487511083789,1.7428946878322438,0.0,-0.5318589381960381,1.667729536046049,0.0,-0.5218762983703036,1.735321764411278,0.0,-0.532021747966808,1.715222859300509,0.0,-0.5310795690520991,1.773546358659912,0.0,-0.20870038355180043,1.5648131898385662,0.0,-0.26009744761809117,1.5666534969760704,0.0,-0.3167908299844044,1.6034994848352238,0.0,-0.37348418890139073,1.6403454835370428,0.0,-0.35528978732638233,1.7192254996398348,0.0,-0.3392250658916562,1.6448293234440867,0.0
-0.2088614291348398,1.5656499210702635,0.0,-0.20290621037308262,1.5624794258967842,0.0,-0.20340299446911322,1.5612153050445836,0.0,-0.20389286585979047,1.5601808054418056,0.0,-0.20247801663353568,1.562786488598044,0.0,-0.20274194199561665,1.5617211371924775,0.0,-0.2029078986595739,1.5608192736686988,0.0,-0.21130364488405637,1.5521835830243933,0.0,-0.21037501134682232,1.5533325072414168,0.0,-0.21780791178096634,1.5697576628098682,0.0,-0.21736069895362195,1.570324124893922,0.0,-0.26462760393477436,1.516362575980636,0.0,-0.25899767947945607,1.6028306345381589,0.0,-0.32422913232001244,1.5587072409471885,0.0,-0.3201504165379498,1.643490361942561,0.0,-0.3353518331134117,1.6193157029965721,0.0,-0.3474154799477958,1.6955825440943368,0.0,-0.3432458139463915,1.637805686634823,0.0,-0.35589951966631295,1.7073523971555817,0.0,-0.3361129283866501,1.638608235603895,0.0,-0.3540072349054533,1.7098936853859072,0.0,-0.33397155505861925,1.633445375660137,0.0,-0.35159594240658715,1.7043431482315676,0.0,-0.37912570249391986,1.617356976697452,0.0,-0.3623603951956154,1.6621013750857883,0.0,-0.4199660701271337,1.70110025658893,0.0,-0.4052939375639803,1.7413849288237793,0.0,-0.521093216050605,1.6993315428831939,0.0,-0.5028259273684813,1.7639639041912505,0.0,-0.5378149873023884,1.6943614936784361,0.0,-0.5200712704219631,1.7619224474733084,0.0,-0.5281591035798401,1.74006511709191,0.0,-0.5193140917047818,1.7998001272218807,0.0,-0.21083933577053024,1.5527580410859685,0.0,-0.2618126509784109,1.5595966126994552,0.0,-0.31627785427579963,1.5996629084506722,0.0,-0.3707430464947827,1.6397291960522695,0.0,-0.35670188511361955,1.711647937745711,0.0,-0.33989855612907655,1.6391636828163525,0.0
-0.21202966523324435,1.5569754270493907,0.0,-0.20654041077919766,1.553161911716991,0.0,-0.20712741623469316,1.5518858309969594,0.0,-0.20772059070054055,1.5508505301483624,0.0,-0.20607556213305794,1.5535726545046107,0.0,-0.2063562584252539,1.5525546127714365,0.0,-0.206497332816935,1.5516878165599295,0.0,-0.21557538571113327,1.543579910764765,0.0,-0.21420396346356158,1.5449203533925246,0.0,-0.22073599396824656,1.5617375720840052,0.0,-0.22016271972472284,1.562562847547053,0.0,-0.2695775464541813,1.512906543179768,0.0,-0.26034815343672096,1.5990647668418705,0.0,-0.3268431216173279,1.5583605500242685,0.0,-0.32076362070018266,1.64081212601204,0.0,-0.3369752370641631,1.6191424583646874,0.0,-0.3499214569058364,1.6918689542711574,0.0,-0.34396147272770045,1.637212199015519,0.0,-0.35926252594179187,1.702756126467336,0.0,-0.3367023634273772,1.6385358664728145,0.0,-0.3570274957605935,1.705730592740879,0.0,-0.33474861266733436,1.6330010617257564,0.0,-0.3546666553191234,1.7004627690293208,0.0,-0.3841937507107108,1.6230719785227812,0.0,-0.3546664476269616,1.6606389199538183,0.0,-0.42667411152124674,1.7059953859588313,0.0,-0.40015162468529153,1.738486653521299,0.0,-0.5266622164336461,1.721233721393744,0.0,-0.4933783072621143,1.774970688654361,0.0,-0.5433483378567374,1.7161452663483951,0.0,-0.5107411806319101,1.7746544120223728,0.0,-0.5268117593715295,1.76257532841745,0.0,-0.5049171042697402,1.8126927062024552,0.0,-0.21488966808726045,1.5442501346022997,0.0,-0.26496283809375715,1.555985660602238,0.0,-0.31719650642371205,1.5989206151060702,0.0,-0.369430181865864,1.6418555392987204,0.0,-0.3601920826473198,1.7073236765577542,0.0,-0.340566888732067,1.639185288289726,0.0
-0.21613835756882857,1.5510542005439474,0.0,-0.2114617150151374,1.5461471016259296,0.0,-0.21221796426971581,1.544696401624771,0.0,-0.2129860070068997,1.5435057101126413,0.0,-0.21076934523500399,1.5472767945208628,0.0,-0.21100077573070372,1.5465930039011222,0.0,-0.21109052513431045,1.5460447884544934,0.0,-0.22108191305646605,1.5369132290280887,0.0,-0.21873729402767236,1.5402239499696044,0.0,-0.22471748773983122,1.5557942035679657,0.0,-0.2239789464917968,1.5571920636956091,0.0,-0.2753001591001882,1.5116817525953192,0.0,-0.2623081068829511,1.5973533802165143,0.0,-0.32789667127043975,1.5624658026948386,0.0,-0.3204801118995066,1.6421740062128052,0.0,-0.33645780276203274,1.6234888079675611,0.0,-0.34858794081116756,1.6938163248860554,0.0,-0.3421132418304578,1.6418941691460898,0.0,-0.3570643306745929,1.7053988637741748,0.0,-0.33501374278218415,1.6439332478388262,0.0,-0.354920175986114,1.709101422558535,0.0,-0.33383903976206825,1.6369470990109893,0.0,-0.35308409229465315,1.7034217084669567,0.0,-0.3900343832110909,1.6334745779322846,0.0,-0.3483290267417614,1.6567940967459958,0.0,-0.43269614905839954,1.7163048036363588,0.0,-0.3946479834422177,1.7341486389772205,0.0,-0.5315947105615201,1.7374921235096552,0.0,-0.486510955822518,1.7739417724216522,0.0,-0.5475894381154593,1.7305288115555677,0.0,-0.503802031010482,1.7723330084838163,0.0,-0.528179435887622,1.7786926906573852,0.0,-0.4951659408796393,1.8124279475751137,0.0,-0.21990960071161633,1.5385685924551538,0.0,-0.2688041295610934,1.5545175727856453,0.0,-0.3189929318315687,1.5998259666228254,0.0,-0.3691817030728186,1.6451343743074722,0.0,-0.3575451322647978,1.7100675683874145,0.0,-0.3386522242745647,1.643732313279955,0.0
-0.21978926438916052,1.5462243477590045,0.0,-0.21644064091256476,1.5392300395984762,0.0,-0.2175081549976825,1.5373553324111666,0.0,-0.21859337481129448,1.5357785402176687,0.0,-0.21513889768240257,1.5420135109690032,0.0,-0.21524433980346047,1.542061306887844,0.0,-0.2152264042812414,1.542204697354617,0.0,-0.226835756117929,1.5302807240261114,0.0,-0.22248990666987123,1.5379719945824952,0.0,-0.2288545645883976,1.5500805579071277,0.0,-0.22762796554929177,1.5524950026802788,0.0,-0.28149592027408477,1.5114125295770402,0.0,-0.26292330995875873,1.5960498697180932,0.0,-0.3298522214773277,1.5662493873546988,0.0,-0.3163680884296956,1.6464138085686044,0.0,-0.3345755687372783,1.627688708115861,0.0,-0.33539555202828497,1.702045946340589,0.0,-0.3385724119681108,1.6463907061140541,0.0,-0.3407758776366352,1.7164377549555607,0.0,-0.3317279417617907,1.6484060921742487,0.0,-0.33837725126466317,1.7201670304148984,0.0,-0.331509656695787,1.6402835445854065,0.0,-0.33767097377204647,1.7134282787418291,0.0,-0.38962527339301417,1.63507826767444,0.0,-0.34914645722306054,1.6604672841462225,0.0,-0.43145463369625064,1.7183319593164357,0.0,-0.3949540628636526,1.7381257300429636,0.0,-0.5302503482586469,1.7399937869148965,0.0,-0.4876651407896638,1.7759007905150164,0.0,-0.5459887181935947,1.7324689789648278,0.0,-0.5047663368991423,1.77288110606318,0.0,-0.5270091394453512,1.7812084129573755,0.0,-0.49418192910650083,1.8148061360900842,0.0,-0.22466281680232708,1.5341263656518476,0.0,-0.2722095872008656,1.5537312005061228,0.0,-0.32079774012992274,1.6007520237697836,0.0,-0.36938588164966235,1.6477728390464508,0.0,-0.34001762416898107,1.7200173303497202,0.0,-0.33516894381579626,1.648042157433453,0.0
-0.22264206328450775,1.5419432779864937,0.0,-0.2208402473872865,1.5324344939390018,0.0,-0.22229179125877893,1.5301361696483549,0.0,-0.22378325515384276,1.5281585009974317,0.0,-0.2186643550854878,1.5369667555250077,0.0,-0.21856494073693902,1.5378008319823753,0.0,-0.21837324331456168,1.5386805918316773,0.0,-0.23206014793923294,1.5240951305045527,0.0,-0.22501779128240337,1.53652435100698,0.0,-0.2329265544083595,1.544396236835111,0.0,-0.23087626992937252,1.5477964530246042,0.0,-0.28710053906659905,1.5115964811182716,0.0,-0.2621932123258443,1.5945907355863282,0.0,-0.3345279541901468,1.5672386695339384,0.0,-0.30840102166339106,1.651667079535205,0.0,-0.3341472492001579,1.6288581080954967,0.0,-0.31095391967249786,1.7104077114336773,0.0,-0.3371021860733445,1.6469721190368147,0.0,-0.312666241142137,1.727754263806427,0.0,-0.33036209365266406,1.6478964834360914,0.0,-0.3093460546735657,1.7305866817218252,0.0,-0.3303047126572234,1.6403602393029388,0.0,-0.30983298014023924,1.7230352425313928,0.0,-0.3872492427950074,1.6329401684756544,0.0,-0.3522758137224056,1.6654977478519495,0.0,-0.4283135408864823,1.7165738696830801,0.0,-0.39731466367008983,1.7436045526067918,0.0,-0.5271172175168147,1.738199351761605,0.0,-0.4913523935014367,1.7779441002455825,0.0,-0.5430778157393533,1.731158163845253,0.0,-0.508362219755726,1.7744462132602163,0.0,-0.5258344559887933,1.7795213236077672,0.0,-0.4976267513161521,1.8168892781023445,0.0,-0.22853897233797874,1.5303097425047898,0.0,-0.2746468880238461,1.5530936191744806,0.0,-0.3222047115949245,1.6011562849623044,0.0,-0.3697625045904868,1.6492189616565538,0.0,-0.31100557503910137,1.728963883609009,0.0,-0.33369233152001276,1.649215122685359,0.0
-0.22572331018065156,1.5386937512799912,0.0,-0.22505550492113344,1.5271978967588324,0.0,-0.22675845232829342,1.5248173651060852,0.0,-0.2285344997027273,1.522715353306593,0.0,-0.2221608398648495,1.5324087562263162,0.0,-0.22181719488776522,1.5336483183200296,0.0,-0.22139868676377475,1.5349191275306855,0.0,-0.23651095217193494,1.5197562286500856,0.0,-0.22719486041207224,1.5346060182360732,0.0,-0.23726669526175329,1.539638497813282,0.0,-0.23450158148071584,1.5433951792738096,0.0,-0.2922382006191811,1.5121328810987364,0.0,-0.2609578555746434,1.5929410565141908,0.0,-0.3416067011836413,1.5660602766320162,0.0,-0.29930155188839486,1.6555719724850144,0.0,-0.3379474565230278,1.6275721460024462,0.0,-0.2884581037590226,1.7133595036378706,0.0,-0.3408476653519414,1.6446307628190713,0.0,-0.2882203731432803,1.7312594335258347,0.0,-0.3338327632911781,1.643966040348537,0.0,-0.2839744487775854,1.7331337144789651,0.0,-0.33286841268480255,1.638489746212927,0.0,-0.28507025070412784,1.725843701727468,0.0,-0.38708915152956735,1.632539013812417,0.0,-0.3540318596550458,1.6670404945032025,0.0,-0.427375539348656,1.7165502006382705,0.0,-0.39871165022644833,1.7453532474117595,0.0,-0.5259380724481768,1.7392494310174218,0.0,-0.49365842388281284,1.7770929596996372,0.0,-0.5422125059980485,1.7329675654087433,0.0,-0.5106059117667927,1.7733045488209362,0.0,-0.5259539915957098,1.7805913054424345,0.0,-0.5010016308472924,1.8158508202669947,0.0,-0.23185290905524833,1.5271811190081988,0.0,-0.2765980258698492,1.5525369752596145,0.0,-0.3235792786251787,1.6011633910743723,0.0,-0.37056052182436333,1.6497897969983533,0.0,-0.28615064935998624,1.731771723717856,0.0,-0.3372087203934543,1.6479208379023802,0.0
-0.2301959706773215,1.5364233035805228,0.0,-0.2296520723010203,1.523667306349457,0.0,-0.23136047752808242,1.5215396156210634,0.0,-0.23317288470504194,1.5195952132923012,0.0,-0.22649125133651665,1.5283973820725612,0.0,-0.2259307963361475,1.5296228175469464,0.0,-0.2252803194559237,1.530918752681729,0.0,-0.24041266116864463,1.5170335086742277,0.0,-0.23004315826187305,1.531747191636009,0.0,-0.24194272887484358,1.5358010372689952,0.0,-0.23896593352341872,1.5393773025314406,0.0,-0.2975976805678542,1.512653432473476,0.0,-0.26002557940451326,1.5907351743485862,0.0,-0.34864071747803904,1.564998644479651,0.0,-0.2937761001253476,1.65595612982624,0.0,-0.3461122275244077,1.6265673612397513,0.0,-0.27808905294028247,1.7126208955514264,0.0,-0.3494479265242371,1.6433662144229972,0.0,-0.27770746607143143,1.7289675971751917,0.0,-0.3419216857915423,1.6417114375573503,0.0,-0.2732064675434073,1.7305385577302987,0.0,-0.33976645395242777,1.6380003786297175,0.0,-0.2744132912131005,1.7242352032815176,0.0,-0.3885960814135079,1.6327199165641055,0.0,-0.3551784808358655,1.666872525360116,0.0,-0.4274160560453882,1.7174186894299426,0.0,-0.3998917650577103,1.7451661596333927,0.0,-0.5253851534046278,1.742555991461301,0.0,-0.49486498003884377,1.7768266649991882,0.0,-0.5419934781812528,1.7372190849595128,0.0,-0.5117047612085163,1.7725850647444434,0.0,-0.5257223231971858,1.783896494009332,0.0,-0.502447200010695,1.8155384769508442,0.0,-0.23522792128008468,1.5243903422941094,0.0,-0.27881161724268033,1.5516943048496574,0.0,-0.3253494432511299,1.6007452699355469,0.0,-0.37188725843806114,1.6497962263304198,0.0,-0.2752712300854989,1.730961944279253,0.0,-0.3455675127583368,1.6469221709645119,0.0
-0.2356876089094085,1.5338513542568804,0.0,-0.23432250909570915,1.5204567642831561,0.0,-0.23590460173542363,1.5185803283292438,0.0,-0.2376171255761836,1.5168150769569544,0.0,-0.23123886369930205,1.5244723522799657,0.0,-0.23054203428477474,1.5255366531461643,0.0,-0.2297272774870591,1.52672978417331,0.0,-0.24399591939176254,1.5142350653295717,0.0,-0.23355521875633004,1.5281238383308933,0.0,-0.24631597296904287,1.5318766162824988,0.0,-0.2435164786770492,1.5353559941542756,0.0,-0.30245287244393226,1.5121793413655593,0.0,-0.2602606741098849,1.5878644759682021,0.0,-0.3525954651534841,1.5653877357535684,0.0,-0.29413963288018025,1.6530188068678913,0.0,-0.35575079088885775,1.6269275120322872,0.0,-0.27944277788792543,1.7099484263766616,0.0,-0.3598288440110233,1.6445382012701646,0.0,-0.2789170588700402,1.725208451603198,0.0,-0.35208223495153357,1.6432147944135995,0.0,-0.274634003854023,1.7268930129941358,0.0,-0.34927170277252606,1.6398087573211981,0.0,-0.2760398283102035,1.7211902618936492,0.0,-0.38999374850772733,1.6323210651337605,0.0,-0.35636941280505224,1.6662701559094193,0.0,-0.4274641704764687,1.7176254614617514,0.0,-0.4014244429944842,1.7443676283925313,0.0,-0.5242413278698463,1.7470195050362123,0.0,-0.4956859545697138,1.7780880465308495,0.0,-0.5412564307489472,1.7431717398525897,0.0,-0.5125120546197799,1.7737924953824318,0.0,-0.5250344512110677,1.7883537739877542,0.0,-0.502281272525657,1.8169801565962846,0.0,-0.23877557401422375,1.5211794500708309,0.0,-0.2813567607124658,1.5500219094729728,0.0,-0.3272691624852305,1.5996587686494568,0.0,-0.3731815575124671,1.6492956153310065,0.0,-0.2764103670101368,1.7282552196061085,0.0,-0.355996767509131,1.6472881232365184,0.0
-0.24045049337828128,1.5301541835491215,0.0,-0.23831870193219187,1.5166570646898274,0.0,-0.23979975893260727,1.5148033171160453,0.0,-0.24143442557350944,1.5130625411891458,0.0,-0.23538950654378862,1.5204104028363312,0.0,-0.2346463967174501,1.5213448688602127,0.0,-0.2337753944508905,1.5224387295081017,0.0,-0.2472853031751367,1.5104180992954963,0.0,-0.23707908787637752,1.524035782006562,0.0,-0.24981916468351112,1.5274752019774638,0.0,-0.24724508940343676,1.5311714114102786,0.0,-0.30581116605255926,1.5099328698241705,0.0,-0.2619840230293537,1.5846831389508003,0.0,-0.35314814793407584,1.565652013602004,0.0,-0.29746802817335705,1.6489774315535337,0.0,-0.36406921446189694,1.626297132538535,0.0,-0.28571915599559583,1.7065877008345165,0.0,-0.3695382508458276,1.6445220617609515,0.0,-0.2842999140091317,1.7224963705541958,0.0,-0.3621669038942377,1.6444548862995894,0.0,-0.28017782208783804,1.724133043351299,0.0,-0.35927228004081463,1.6405955421730012,0.0,-0.28207294957154894,1.71813739017495,0.0,-0.3905726323828024,1.6311375949012772,0.0,-0.35721407451594467,1.665347876001873,0.0,-0.42871887312003876,1.7161419293379123,0.0,-0.40302028552787084,1.743007144517305,0.0,-0.5234452214655941,1.751592555847417,0.0,-0.49657113131006875,1.778651757256197,0.0,-0.5407546321094245,1.7494238405461535,0.0,-0.5135641701035006,1.7750732051567544,0.0,-0.5255646986350754,1.7928800678930807,0.0,-0.5028085980556263,1.8176028606151517,0.0,-0.24218220840343083,1.5172269314335076,0.0,-0.28389759503430334,1.5473080125848155,0.0,-0.3288954922509376,1.5977753849310263,0.0,-0.373893357731785,1.6482427671475852,0.0,-0.2819392271216499,1.7247548781547652,0.0,-0.3660558673382181,1.6465620826607679,0.0
-0.24430193882008,1.5260012668696352,0.0,-0.24169222170591487,1.5127242483954917,0.0,-0.24309877375978978,1.5107645293208907,0.0,-0.24466726938133793,1.5089689560721213,0.0,-0.23889752859758395,1.51654521379284,0.0,-0.23815293415077954,1.5173727092525857,0.0,-0.2372917508106011,1.5183514093386534,0.0,-0.2504504000872013,1.5062136226964038,0.0,-0.24044663480425038,1.5198044492145892,0.0,-0.25283291453868995,1.5233256833737518,0.0,-0.25042591341831033,1.527198426271552,0.0,-0.30825767674659976,1.506217594641819,0.0,-0.2650630209984674,1.5813351219898317,0.0,-0.35283734043903625,1.5641664205320402,0.0,-0.300551986655375,1.645626676636989,0.0,-0.3697055155592156,1.6234333152798337,0.0,-0.2913240709022698,1.7036940917243708,0.0,-0.37714538485019033,1.6409207489188193,0.0,-0.2895115287499273,1.7208191973052926,0.0,-0.3703629722354824,1.6420794479389964,0.0,-0.2856247918097388,1.7220903897595097,0.0,-0.3674225669899561,1.6382406918450867,0.0,-0.2879692092588148,1.7154253001664337,0.0,-0.39101311467815625,1.629648518576206,0.0,-0.3576338670461936,1.663838612806304,0.0,-0.43198873733209947,1.7133257012696985,0.0,-0.4044233695497839,1.7409094465184654,0.0,-0.5240631872625334,1.755184077502036,0.0,-0.4974768907264238,1.777832899234846,0.0,-0.5414606256179321,1.753900270053549,0.0,-0.5145782395214277,1.7748140796054006,0.0,-0.5276563716895109,1.7963695101216712,0.0,-0.504771259842957,1.8165999809340618,0.0,-0.2454485171695593,1.5130090367963385,0.0,-0.2866603598646365,1.543776372505999,0.0,-0.33049192670900907,1.595259963808638,0.0,-0.3743234613776236,1.6467435644424198,0.0,-0.287484831212167,1.7218488275439687,0.0,-0.3741581145558705,1.6433026221445075,0.0
-0.24847825764557746,1.5221423093862059,0.0,-0.24535177628027122,1.509181273575737,0.0,-0.24667802237259007,1.507171266947056,0.0,-0.24814428855957138,1.5053764927036095,0.0,-0.2426227862175302,1.5130741837485315,0.0,-0.2418417662326383,1.51382691508643,0.0,-0.24096074938110712,1.5147092415810752,0.0,-0.2540863001232832,1.5024122255728893,0.0,-0.24403405964850855,1.5158129267727087,0.0,-0.25625323060117167,1.519884831313059,0.0,-0.2539322859128783,1.5237121329290597,0.0,-0.31132201105392937,1.5020774563225043,0.0,-0.2691526138500813,1.5777752973719261,0.0,-0.3538872708394334,1.5615216444015627,0.0,-0.303186759993531,1.642848698840052,0.0,-0.3729103243291247,1.6201324248165974,0.0,-0.2958164560554007,1.7011810033028134,0.0,-0.3821745689998048,1.6359957806007255,0.0,-0.29517853478349504,1.7186649824826725,0.0,-0.37554747262553756,1.6380420694041935,0.0,-0.29219799813447495,1.7194999401879434,0.0,-0.37219243497180615,1.6347445333471995,0.0,-0.2946163038323906,1.7125101232714124,0.0,-0.3920681236250645,1.6284339080805972,0.0,-0.35808890454672365,1.662027797208924,0.0,-0.43587838277054247,1.710662453908701,0.0,-0.4055658229955604,1.7386770840172405,0.0,-0.525696504971671,1.7571654959066505,0.0,-0.4977231802081957,1.777783613848624,0.0,-0.5430927914023732,1.755866172499776,0.0,-0.514752273081331,1.7743807623264973,0.0,-0.529792277595525,1.7983039873836903,0.0,-0.5060806953594045,1.8163354800133018,0.0,-0.24906018707829927,1.5091125725383525,0.0,-0.2902372974862402,1.5399263763192392,0.0,-0.33265792421696644,1.5925786018488621,0.0,-0.3750784913831323,1.6452308577067596,0.0,-0.29362586524265344,1.7196074925497795,0.0,-0.37967790417497005,1.6393369778220097,0.0
-0.25301048806980553,1.518442054223723,0.0,-0.24978739839578612,1.50548248495483,0.0,-0.25115348325702,1.5034767327653,0.0,-0.25262115848001065,1.5017167249279115,0.0,-0.2468538689769699,1.5094911586474833,0.0,-0.24596059732620193,1.5102913180758009,0.0,-0.2449817028456566,1.5112086030951262,0.0,-0.2587254577559303,1.498678584186872,0.0,-0.2478978395390912,1.5121270199211931,0.0,-0.26035905579692087,1.5164383141675506,0.0,-0.25781131697519905,1.5203474678901963,0.0,-0.3156847057864132,1.4985614493494663,0.0,-0.27315397184250423,1.574056865569741,0.0,-0.35675953617191414,1.5590450929714261,0.0,-0.3059771042687383,1.6397494272497017,0.0,-0.37570357657234843,1.6176814594877595,0.0,-0.30127755769411774,1.698357390753561,0.0,-0.38592610370318103,1.6324971041238052,0.0,-0.30274053967913056,1.7154655444824367,0.0,-0.37888012169533236,1.6353994600530875,0.0,-0.3012705908592331,1.716104018201772,0.0,-0.37490058356126466,1.63238259549429,0.0,-0.3032150686347573,1.7092086910119189,0.0,-0.39338104548452907,1.6277462810030545,0.0,-0.3586425999077321,1.6605544677077275,0.0,-0.43849161694500594,1.7092687251390573,0.0,-0.40633911715631815,1.7370672979780581,0.0,-0.5275001066001745,1.7573032622983311,0.0,-0.49704773435040667,1.7794258382103003,0.0,-0.5449056853378926,1.7561349936221353,0.0,-0.5140044797938157,1.7756790814086205,0.0,-0.531680555012032,1.7984332353772012,0.0,-0.5055898865821221,1.8179372141858756,0.0,-0.2533116408603343,1.505402806117113,0.0,-0.2944193307538815,1.536309160748656,0.0,-0.33521557360183085,1.5902297782798103,0.0,-0.37601180660482486,1.6441503860136824,0.0,-0.302052055459876,1.7168974648442514,0.0,-0.38345785201608135,1.6365092635405507,0.0
-0.2566957823492555,1.5142493356362898,0.0,-0.25436756920666687,1.5008886782395807,0.0,-0.25602353867277283,1.4988217088140614,0.0,-0.25777437496053224,1.4970078934729834,0.0,-0.25087681602157097,1.5052200149218207,0.0,-0.24985585065849547,1.5061969972489158,0.0,-0.24876355972598102,1.5072803131346342,0.0,-0.26408962349522747,1.4942116589030146,0.0,-0.25163944034275443,1.5083065140206635,0.0,-0.2645963943472884,1.5122195329235895,0.0,-0.26141989006850563,1.5165865723993421,0.0,-0.32081684406711736,1.4961879561383788,0.0,-0.2756097425142061,1.570111830287836,0.0,-0.36089024740546644,1.557339695131378,0.0,-0.30842514451327996,1.6358082538890089,0.0,-0.3797646879781112,1.6159985021257313,0.0,-0.3091483124505713,1.694599887241138,0.0,-0.3899665283306943,1.63122034743846,0.0,-0.3126438701443395,1.711727714897303,0.0,-0.3823794823473202,1.6348973841603185,0.0,-0.31236039859744047,1.7125225085247335,0.0,-0.37806809565910415,1.6316342601570095,0.0,-0.313156973861225,1.7056213215384592,0.0,-0.3940187830261447,1.6272066828605187,0.0,-0.3589403167568143,1.6596510648107463,0.0,-0.4392813839691261,1.7086448158896772,0.0,-0.4069106200490941,1.7359925407963976,0.0,-0.5291849437347221,1.7549824672357888,0.0,-0.49634329698720697,1.7809824892243886,0.0,-0.5466200536638183,1.7544028426546858,0.0,-0.5135102584374254,1.7783624058039187,0.0,-0.53510151850877,1.7958987839973923,0.0,-0.5050789184500611,1.819450441625571,0.0,-0.25786454262567415,1.5012590822282443,0.0,-0.2982132841802959,1.53314989563827,0.0,-0.3373464136756723,1.5882893969177339,0.0,-0.37647953521123834,1.6434288869816374,0.0,-0.31263615097113173,1.712825396192384,0.0,-0.38692476961865524,1.635060197328633,0.0
-0.2593355764519172,1.509403075502438,0.0,-0.2583208177568197,1.4959787507833195,0.0,-0.26037205164237937,1.4937677803595084,0.0,-0.26256914234285084,1.4917900678771419,0.0,-0.2542366377957847,1.5007026159735357,0.0,-0.25315811714360625,1.5018411456772527,0.0,-0.25201984694575336,1.5030595638289643,0.0,-0.2693324323208891,1.4892516102759796,0.0,-0.25518175385288244,1.5041319153266999,0.0,-0.26854800095703774,1.5077846467291154,0.0,-0.26475037098224924,1.5126357866600555,0.0,-0.32617162909768405,1.494727902189398,0.0,-0.27639113840683016,1.5656526788662184,0.0,-0.365375209096083,1.556440884229606,0.0,-0.3099022240846354,1.63099698098232,0.0,-0.3844579541163063,1.6150322572074107,0.0,-0.31899450795126194,1.6890857879778627,0.0,-0.39422763038385394,1.6318494567798427,0.0,-0.3245965919097253,1.7070900902323065,0.0,-0.3863963467375597,1.6357459227940463,0.0,-0.3245499070877164,1.708159906692196,0.0,-0.382259889292867,1.6321118794395273,0.0,-0.32379754271375244,1.700849303810211,0.0,-0.393980845228035,1.626375757638458,0.0,-0.3589151638629935,1.658833957008509,0.0,-0.4389230725285903,1.7079911284987543,0.0,-0.4076687229207446,1.7346776214296291,0.0,-0.5305309897987526,1.750860902048693,0.0,-0.4959796450902953,1.7818314143781686,0.0,-0.5479732913776161,1.7505691169794038,0.0,-0.5133343909560266,1.7812131923311776,0.0,-0.540239641298981,1.7910466323573473,0.0,-0.5054559182321802,1.8201236419396765,0.0,-0.262257092302894,1.4966917644244466,0.0,-0.3012813661014846,1.5301902864737458,0.0,-0.33886469804360947,1.5863975776874124,0.0,-0.3764479948474828,1.6426048758521228,0.0,-0.32434152687069234,1.7068549630502374,0.0,-0.39052185702300507,1.6344704689216016,0.0
-0.26252484599144993,1.5050736420346318,0.0,-0.2618191106671028,1.4921851682421006,0.0,-0.2640801861633752,1.4898625421473053,0.0,-0.2665434418461234,1.4877398359505787,0.0,-0.25742640010891826,1.497085972191453,0.0,-0.25632272693326685,1.4982507841035033,0.0,-0.2551677165569338,1.4994602597794466,0.0,-0.27398126426431174,1.4850499944787543,0.0,-0.2588056417363927,1.5001857329621353,0.0,-0.27252167451164866,1.5043282891942011,0.0,-0.2684548737402048,1.5092599923937084,0.0,-0.33183421089509857,1.4936695205226302,0.0,-0.2770327765654616,1.5607904859171673,0.0,-0.36941538248272143,1.5563837005705872,0.0,-0.3109583960090924,1.6259205329593083,0.0,-0.3878119502210541,1.6151941285606979,0.0,-0.32792464664982507,1.6822155190883816,0.0,-0.3974198788752724,1.633952537671348,0.0,-0.3358858106261865,1.7009441139525294,0.0,-0.3895248098474591,1.6374099229797952,0.0,-0.3355037919944549,1.7020377632730403,0.0,-0.38576957768666015,1.6335544507667257,0.0,-0.3337517265361015,1.6943149051923236,0.0,-0.39452283051269815,1.6257044202183202,0.0,-0.35878151583002593,1.6574171170556276,0.0,-0.43891613043062533,1.707619665916514,0.0,-0.4080706371240881,1.7329138287434906,0.0,-0.5314042348851835,1.7485559398700952,0.0,-0.49393120839055,1.7843945189648442,0.0,-0.5488462110558431,1.7482453112223033,0.0,-0.5112756773201742,1.785254053788343,0.0,-0.5437105729246289,1.7880237099927114,0.0,-0.5032714283819447,1.8227201596613056,0.0,-0.26639346026345734,1.4926178599313917,0.0,-0.3044334915142646,1.5272300102175607,0.0,-0.3405428158527626,1.5843954116529309,0.0,-0.37665216047123784,1.6415607840111066,0.0,-0.3348624005255093,1.6994260323066992,0.0,-0.3932346543224345,1.634820877484971,0.0
-0.26665036780159584,1.5025447409828652,0.0,-0.26549969143171537,1.4901633740834987,0.0,-0.2677346976529199,1.487852068132761,0.0,-0.27014474630646607,1.4857328764598257,0.0,-0.26094136551699737,1.4949968274967884,0.0,-0.2597337808568635,1.4961081687905433,0.0,-0.2584934954088953,1.497240593144317,0.0,-0.2781827098494216,1.4826123911202949,0.0,-0.262441496443336,1.4974407611699498,0.0,-0.2768242907699361,1.502310985534872,0.0,-0.2725222351511469,1.5070754221170137,0.0,-0.33758449499151416,1.4929767077714389,0.0,-0.27880607048947803,1.5566439522000977,0.0,-0.37287643403010073,1.5570071058326926,0.0,-0.3124477475893951,1.6219211169995165,0.0,-0.38908456692436505,1.6164578970218175,0.0,-0.33272662213546056,1.677109398103585,0.0,-0.3988203295699065,1.6366678708189981,0.0,-0.34202635496545564,1.6950574181182585,0.0,-0.39059586076396385,1.6394783124393146,0.0,-0.34141144533802464,1.6959007401089439,0.0,-0.38705580475056545,1.6354500705205177,0.0,-0.3400043378982439,1.688267170616712,0.0,-0.39643451154476483,1.626144365589465,0.0,-0.3587953095898785,1.6555795009236176,0.0,-0.4404964844037018,1.7082383063109141,0.0,-0.40661915935762954,1.7320128074529877,0.0,-0.5317930786101965,1.7517671459128896,0.0,-0.48766147264117454,1.7907873140142674,0.0,-0.5492344408906562,1.752110518445926,0.0,-0.5049274919720089,1.7926458023867784,0.0,-0.541975762120987,1.7918353850919684,0.0,-0.4943093784838631,1.8296704696499493,0.0,-0.27031209775666015,1.4900265774623977,0.0,-0.3081952765612521,1.5248103335657008,0.0,-0.3429050915645188,1.5828361482337334,0.0,-0.37761489950769217,1.64086195109912,0.0,-0.3408851732578948,1.693775898565892,0.0,-0.39421142317407926,1.6361639960295447,0.0
-0.2702330908438431,1.501725142997757,0.0,-0.26914096996960607,1.4894489781298046,0.0,-0.2713291140076746,1.4872451263599258,0.0,-0.27356825820638664,1.4852696661531093,0.0,-0.2642736482270672,1.4941724153809635,0.0,-0.2629135226530794,1.4952707367966933,0.0,-0.2615550335021157,1.496377057608369,0.0,-0.2818958787301032,1.4819728909351835,0.0,-0.26555840408664344,1.4963453909034414,0.0,-0.2806917185783524,1.5015115217354273,0.0,-0.2757731243523736,1.506308472286176,0.0,-0.3421376956004993,1.493087744981287,0.0,-0.2811898604012841,1.5546814344681932,0.0,-0.3759792658752894,1.5578963937738852,0.0,-0.314277009603705,1.6202414164694285,0.0,-0.38911095799914663,1.6181015331466604,0.0,-0.3333831026153903,1.675846599086749,0.0,-0.398640255956317,1.6386063682834762,0.0,-0.34156486259694147,1.6916550176363068,0.0,-0.3897195008768023,1.6409635990636355,0.0,-0.341001916903604,1.69238916951129,0.0,-0.38623731179178655,1.6367670358703827,0.0,-0.340850523478074,1.685173349767116,0.0,-0.3988532985508735,1.628084984747332,0.0,-0.3589371987956075,1.6543498223875757,0.0,-0.4431144526998952,1.7100717079944225,0.0,-0.4024288391749684,1.7333286054291839,0.0,-0.5308040554656727,1.7604737075339254,0.0,-0.4779681626867657,1.7990257116611192,0.0,-0.5481242371183105,1.7625546521305722,0.0,-0.49505530729632896,1.8021239194745782,0.0,-0.534827030394836,1.8016193817550645,0.0,-0.4798478236508585,1.8384282663872025,0.0,-0.2737271365373684,1.4891591440768381,0.0,-0.31166377051436794,1.5238845919139778,0.0,-0.34527952002321605,1.582551003176371,0.0,-0.37889523487662063,1.6412174184454096,0.0,-0.3415267693223424,1.6925203775020794,0.0,-0.3937460304388834,1.6379290669465554,0.0
-0.27158693093340075,1.501698893932136,0.0,-0.2715367706231538,1.48944209798505,0.0,-0.27379809179598147,1.4873496963187993,0.0,-0.2759790864685111,1.4855323973886911,0.0,-0.2663018149180478,1.494106752637176,0.0,-0.26489907811930563,1.495226988366244,0.0,-0.2635288972198322,1.4963405403009875,0.0,-0.28440174231296794,1.4824466851595528,0.0,-0.26767544511295516,1.4964320825516728,0.0,-0.28262915558786356,1.5017354863671881,0.0,-0.2769820702280161,1.5067820154893294,0.0,-0.34432046816579864,1.4941040399035008,0.0,-0.28279799047385445,1.555123757525958,0.0,-0.37816572564575546,1.5589107631897567,0.0,-0.3158681498485927,1.6206923112790719,0.0,-0.3880412539682724,1.6197348873945674,0.0,-0.33276380257431404,1.6770085260226832,0.0,-0.3967731776432297,1.6392970694010922,0.0,-0.33806611289916894,1.6908700172214832,0.0,-0.3872981810500385,1.641459492784956,0.0,-0.33764771231102897,1.6919913627350829,0.0,-0.38395154075104565,1.6372091952646046,0.0,-0.33841601441656116,1.6850331733898805,0.0,-0.4002416040984643,1.6308030771351554,0.0,-0.3587736694861594,1.6545422244435644,0.0,-0.44487502179193417,1.7125877369461415,0.0,-0.3963909049735814,1.7364819251258643,0.0,-0.5278779294064422,1.7703834575345843,0.0,-0.4684210305126211,1.8060086119353216,0.0,-0.5448769765470394,1.7743015462531355,0.0,-0.4852187346550653,1.810413897182206,0.0,-0.5266279368512273,1.811706433625431,0.0,-0.46580632781120607,1.845369223897855,0.0,-0.2760385845015598,1.4894393888565602,0.0,-0.31355922460752156,1.5246139036511333,0.0,-0.34653341253428716,1.5836432976512433,0.0,-0.3795076216777675,1.6426726640461717,0.0,-0.33894285252526557,1.6945057696850747,0.0,-0.3919095133418879,1.6397261745598806,0.0
-0.27109314815865154,1.5017565955573196,0.0,-0.27205970610661373,1.490101894500945,0.0,-0.2744379680734066,1.4880516791887173,0.0,-0.27668055172352674,1.4862894212968942,0.0,-0.26667084640862715,1.494647797796824,0.0,-0.26536902439295174,1.4957026653394045,0.0,-0.2641173133021576,1.4967520038011397,0.0,-0.2852536313060917,1.4833826636942102,0.0,-0.26884020303411205,1.4969214559580613,0.0,-0.2823115603893492,1.5028480627401033,0.0,-0.27637734254032786,1.507962253493979,0.0,-0.34462711979384686,1.4954449842506938,0.0,-0.2832084711521327,1.5565692085738363,0.0,-0.378846631124852,1.560054874215413,0.0,-0.3170145791284326,1.621761368730103,0.0,-0.3864650498981753,1.6212027265106927,0.0,-0.333612292354353,1.6781661117908317,0.0,-0.39466073358511583,1.6399247315264485,0.0,-0.33655025801654603,1.6911736218659996,0.0,-0.3852554858093374,1.6422562517903592,0.0,-0.33627339361810155,1.6929991699210738,0.0,-0.3820226602199103,1.6378580353134558,0.0,-0.3370295189552696,1.6862151600865598,0.0,-0.3999507556068155,1.6331134563795782,0.0,-0.3580067776881272,1.6560009951790506,0.0,-0.44495774002980665,1.714693134661287,0.0,-0.39040777148685196,1.7401398480026784,0.0,-0.5252851088048046,1.776153217776146,0.0,-0.45860030193717577,1.8134343086027254,0.0,-0.5421718737416291,1.7805299965988786,0.0,-0.47507686081132555,1.8189199635527,0.0,-0.5223309273880795,1.8173894111813316,0.0,-0.4528399632460886,1.8524588257995578,0.0,-0.27704692235084605,1.490152059502081,0.0,-0.31391779049942986,1.5260071010857201,0.0,-0.3464482590361844,1.585282180522437,0.0,-0.3789787481343929,1.6445572329868257,0.0,-0.3372709160199411,1.6963581063750177,0.0,-0.3899874887270736,1.641257836029323,0.0
-0.27060290796524955,1.5020768625644074,0.0,-0.2716481270227193,1.4913087519576043,0.0,-0.2740915155673166,1.4892173810129887,0.0,-0.2764011909330584,1.487393536289909,0.0,-0.2662984983742142,1.4956049353685557,0.0,-0.2650841739689524,1.4964613885946114,0.0,-0.2639441977056088,1.497359922871726,0.0,-0.28518466710187423,1.4844095691876504,0.0,-0.26942218652711064,1.4973641529370978,0.0,-0.2813213454139583,1.5042154849241105,0.0,-0.2755134222136998,1.509042791437385,0.0,-0.344620152113294,1.496546832356733,0.0,-0.2831043005524333,1.557573229979584,0.0,-0.37870648447019245,1.5612270826920631,0.0,-0.31786008878123834,1.622264078381348,0.0,-0.38707351320943395,1.622277004682249,0.0,-0.3353538264159083,1.678397386386899,0.0,-0.39594692512032764,1.6420866726011918,0.0,-0.33754944602946374,1.691069217994804,0.0,-0.3869861272082346,1.6450967760112025,0.0,-0.3375526263829031,1.6933342873621045,0.0,-0.38337518235097007,1.6399614536550364,0.0,-0.337872825286083,1.6871186837874192,0.0,-0.3985428875983017,1.6347120484662399,0.0,-0.356757493549531,1.6578878453269668,0.0,-0.4445923625030244,1.7157078410507798,0.0,-0.38498199230728786,1.7435181473438022,0.0,-0.5254063046403985,1.7765267093978403,0.0,-0.4444795407567137,1.8240311332055772,0.0,-0.5424923744874598,1.7800459763777705,0.0,-0.4605189476278414,1.83068747077108,0.0,-0.5221294085378688,1.8177385133661939,0.0,-0.4351572174598988,1.862361131022321,0.0,-0.2773034105518698,1.4908868692991875,0.0,-0.3138622234111895,1.527060037909526,0.0,-0.3457562028693679,1.5866800052004528,0.0,-0.37765017558751285,1.6462999604996553,0.0,-0.3382706688297239,1.6967229484358628,0.0,-0.3911837906331266,1.6422199385839562,0.0
-0.27056335385247715,1.5030690569895517,0.0,-0.27149249831341393,1.4924725903280653,0.0,-0.2739814204886937,1.4902929343702447,0.0,-0.2763249376253975,1.4883625129258606,0.0,-0.26605760977601856,1.496596798560332,0.0,-0.26477025634568274,1.497282360691619,0.0,-0.26359474089998414,1.4980834879681,0.0,-0.2850735950640507,1.4854359237765355,0.0,-0.2690889081088664,1.4981074955596967,0.0,-0.2810372722719948,1.5051125026220566,0.0,-0.27525546972093995,1.5096149629422706,0.0,-0.34463585612248926,1.497616913230226,0.0,-0.2826997211450592,1.5582167183795599,0.0,-0.37849628429983145,1.5624157113721124,0.0,-0.31828392167820135,1.6224556112308746,0.0,-0.3892278776166944,1.6230946455240283,0.0,-0.33483804958076285,1.6788731614565122,0.0,-0.39897025492127336,1.64466226861979,0.0,-0.3369514020761532,1.691155515008033,0.0,-0.39028055685394597,1.6482286831122626,0.0,-0.33740428670595496,1.6932789448669938,0.0,-0.3859267748216827,1.6421120102434603,0.0,-0.33755257763401947,1.687968588061732,0.0,-0.39661619479843463,1.6363248632608687,0.0,-0.35496478209146143,1.6597405959091078,0.0,-0.444662701757418,1.716152212737341,0.0,-0.37915015155903836,1.7465981739166592,0.0,-0.5268794743968023,1.7750608732853768,0.0,-0.4271434037621472,1.8344557114808258,0.0,-0.5441034567816248,1.7778273608964121,0.0,-0.44268610529025093,1.842201280005588,0.0,-0.5220800959749328,1.8161232258867133,0.0,-0.4131015565502751,1.8713192567682821,0.0,-0.2770812380118457,1.4917717179101921,0.0,-0.31366779156867997,1.5279168285591809,0.0,-0.34472912311334303,1.587974801453064,0.0,-0.37579047607422433,1.648032747787119,0.0,-0.33804288340948474,1.6971505582680861,0.0,-0.39381364952478803,1.6429336396798448,0.0
-0.2694762258392268,1.5052422111338313,0.0,-0.2708235209503404,1.4934512452807622,0.0,-0.2733906303917902,1.4911845347658286,0.0,-0.2757751019855886,1.489169294399701,0.0,-0.2650112340343397,1.4978010305983886,0.0,-0.26351335024941175,1.4985610336921753,0.0,-0.26214393071288433,1.4994662684637645,0.0,-0.28396131943677744,1.486833667798395,0.0,-0.2663294816646966,1.500158342377628,0.0,-0.28021954911244235,1.5058487677910346,0.0,-0.27418432954410726,1.510354691699115,0.0,-0.3427114050836274,1.49932621625395,0.0,-0.2807786799456616,1.5599295062394398,0.0,-0.37691109450604826,1.563946600656984,0.0,-0.31719468376226106,1.623700544715969,0.0,-0.387830778826595,1.6245919684872698,0.0,-0.32962478955517693,1.6811676796197872,0.0,-0.3961129625371298,1.6437904863107755,0.0,-0.3312360654187192,1.693397209648731,0.0,-0.38771886038430997,1.6465891692254913,0.0,-0.33183414320902843,1.6952016331409332,0.0,-0.38351586987893466,1.6408722893862595,0.0,-0.33222294069599173,1.690418193250143,0.0,-0.3937039504678345,1.638871577434747,0.0,-0.35176774211104506,1.6617733490822917,0.0,-0.4437491512688852,1.717461337786723,0.0,-0.37317513846690065,1.7493569910189248,0.0,-0.5271399329965744,1.774695990870714,0.0,-0.41623357956167756,1.839735471944186,0.0,-0.5443859147943436,1.7773218497255832,0.0,-0.4316859261158292,1.8476597629871692,0.0,-0.5206969327220257,1.8155327216636528,0.0,-0.3989231500079943,1.8751818183419304,0.0,-0.27514539269008664,1.4934960104116366,0.0,-0.3117450371292007,1.529627865497214,0.0,-0.3422404200477081,1.589975177335468,0.0,-0.3727358238213238,1.650322463225629,0.0,-0.33229611836940215,1.6995306368011276,0.0,-0.391791998197511,1.6445650437187673,0.0
-0.2651012328114828,1.5090524288811065,0.0,-0.2669033974780774,1.4953279806666278,0.0,-0.2695256833050013,1.4930145991651933,0.0,-0.27196103662758003,1.4909594427207375,0.0,-0.2607284873435187,1.5002440549667844,0.0,-0.25906281257873814,1.5013019665670218,0.0,-0.25749180619842027,1.502460419136378,0.0,-0.27926066863298027,1.4894919210529338,0.0,-0.25990998415554284,1.5041175681560803,0.0,-0.27586603591494596,1.5078361804197111,0.0,-0.26972417816062416,1.5126123048781135,0.0,-0.33636362526933944,1.5019530867440298,0.0,-0.27590275967674005,1.5640248591681662,0.0,-0.37156817491773836,1.5660315739377777,0.0,-0.31288380320756104,1.6274698991769572,0.0,-0.37713208608318116,1.6274004833094957,0.0,-0.3199837963744612,1.6858357215485018,0.0,-0.38176085845848456,1.6387304322317586,0.0,-0.3210163109072266,1.6987117246663734,0.0,-0.3744293268809871,1.6397710955831957,0.0,-0.3209004527358689,1.7006519721204325,0.0,-0.37203770326878255,1.6366831595837195,0.0,-0.3217161691713986,1.695570386815957,0.0,-0.3885354382454693,1.6426100964576595,0.0,-0.3460950145901909,1.6645633913333975,0.0,-0.44004265119812425,1.7202495166593093,0.0,-0.3683974654802384,1.7519234029973052,0.0,-0.5261974202014329,1.7732323796320333,0.0,-0.4157074222614742,1.8401507635677528,0.0,-0.543509473675938,1.775379896195545,0.0,-0.4312777266523487,1.8478406935894773,0.0,-0.5205639086250041,1.8141886292370817,0.0,-0.39836564197776053,1.875581782475954,0.0,-0.269585317958521,1.4968047489137377,0.0,-0.30613318575044146,1.5329889759313078,0.0,-0.3367241987126596,1.5932878677237385,0.0,-0.36731520586258126,1.6535867470431598,0.0,-0.32128668505033775,1.7043461692787898,0.0,-0.3787813749663285,1.6476956758261365,0.0
-0.25617137781145266,1.514152644238498,0.0,-0.2580297576214929,1.4993301269203638,0.0,-0.2605887461255485,1.4970405809595764,0.0,-0.26302118194451785,1.4950061721555201,0.0,-0.25200140004608684,1.5046482927522875,0.0,-0.2503925507261322,1.5059532167028078,0.0,-0.24880816617595605,1.5072922679740308,0.0,-0.2697479784395814,1.494103115422546,0.0,-0.25060754467437707,1.5093778623443634,0.0,-0.2666821088633869,1.5120989115315269,0.0,-0.2610018637681201,1.5170259344007733,0.0,-0.3251967743539815,1.50507367260038,0.0,-0.26846037905309383,1.5705672039476937,0.0,-0.3622751045675106,1.5680864511898247,0.0,-0.30500033439712154,1.6342673008534443,0.0,-0.3598122859214061,1.6296578298429576,0.0,-0.30900131070159287,1.692927093835416,0.0,-0.36290795450364316,1.634394374181601,0.0,-0.31010933023736864,1.7067030830582965,0.0,-0.35727730996205825,1.6350231009764966,0.0,-0.3087475267401061,1.7091701618601862,0.0,-0.3567837548560508,1.6348439082819308,0.0,-0.3098569606074405,1.7033942696831343,0.0,-0.3804631349036734,1.6465542038370977,0.0,-0.3382317584734879,1.6689070014416707,0.0,-0.4337672368660475,1.7229711212663117,0.0,-0.3645756089291478,1.7551344477496236,0.0,-0.5242108929219664,1.7682455408654467,0.0,-0.41800504082367423,1.8397960976939658,0.0,-0.5416383065033074,1.7690228945555893,0.0,-0.43346835112783955,1.8476989729302706,0.0,-0.5210219742121774,1.8094642457438772,0.0,-0.4024496017165165,1.8760469288356847,0.0,-0.260177760643275,1.501740489679605,0.0,-0.2968285712934148,1.537820442613088,0.0,-0.32808799407503425,1.5977755500920163,0.0,-0.359347439117622,1.657730630454352,0.0,-0.3095291519624209,1.7114758290397587,0.0,-0.36094078570889576,1.6499886311389524,0.0
-0.24419253810224933,1.519666864844045,0.0,-0.24599571109185578,1.505237034835032,0.0,-0.24835927804980742,1.503050533750856,0.0,-0.2506724968944811,1.50112138407048,0.0,-0.2407070366950104,1.5104190157394903,0.0,-0.23937383468023835,1.5117237294465018,0.0,-0.23799100058829378,1.5130425893718475,0.0,-0.25748338160952594,1.5003159248077222,0.0,-0.240663418340092,1.5148277399612013,0.0,-0.25478357127368284,1.5181201915100018,0.0,-0.25000647838180107,1.5228251791168903,0.0,-0.3113980534770266,1.5079945817744405,0.0,-0.26091441840399165,1.5784205982022672,0.0,-0.35143280878145666,1.5691716297965568,0.0,-0.29613930364595115,1.6428572193274964,0.0,-0.3660002383231119,1.6290455819083054,0.0,-0.3001172389196336,1.701518579310326,0.0,-0.3725722744499023,1.6353569074263878,0.0,-0.3016103230254167,1.7159474006519568,0.0,-0.3681004047951721,1.637936460573532,0.0,-0.2995109000403654,1.7186543568689294,0.0,-0.36724726596152446,1.6381300400347922,0.0,-0.30055774044577543,1.7125116712065724,0.0,-0.3707261160571089,1.6492538694426928,0.0,-0.3304426986037978,1.6749517875339057,0.0,-0.42565691775031816,1.724509962755725,0.0,-0.3614357907928881,1.7596193680484074,0.0,-0.5180424829824197,1.7656771259752744,0.0,-0.41958459402334397,1.8411117962042545,0.0,-0.5354867602670271,1.7655497960399997,0.0,-0.4349141553831967,1.849271082391049,0.0,-0.5148457715700798,1.806895227223864,0.0,-0.4042569068458386,1.877459512089444,0.0,-0.24907340111261575,1.5075718303065577,0.0,-0.2861562384936575,1.543207600212173,0.0,-0.3183703010248424,1.6026552292707552,0.0,-0.35058438544876747,1.6621028308233234,0.0,-0.3006383282621655,1.7200675054241084,0.0,-0.3760897169102475,1.6467322270098308,0.0
-0.23299893855898182,1.5251621490020844,0.0,-0.23447904017177584,1.5117248493649567,0.0,-0.23657960253853721,1.5096884609370615,0.0,-0.23866651869889566,1.5079308153798996,0.0,-0.23013031200566203,1.5163825004354157,0.0,-0.22911463873038468,1.5175098140905243,0.0,-0.22799000266160424,1.5186834893828403,0.0,-0.245900881138192,1.5070115475138564,0.0,-0.2318197149187884,1.5200097757463769,0.0,-0.2435522605596433,1.5245722764496448,0.0,-0.23965243053390517,1.5287774132663448,0.0,-0.2986158189460863,1.5109597170885476,0.0,-0.2547939704358697,1.585713090211287,0.0,-0.34140940563362887,1.570239745558528,0.0,-0.28949635267337903,1.6504326031064513,0.0,-0.3656347898653628,1.6268986451574077,0.0,-0.2935126470912398,1.709091349284884,0.0,-0.37733045012622873,1.6400892483123573,0.0,-0.29498428047236347,1.7240328167456254,0.0,-0.37291841636218487,1.644738864403876,0.0,-0.2929947294976598,1.7265110365759395,0.0,-0.36966830824137237,1.6427143814084124,0.0,-0.2938370306114988,1.7204181554492282,0.0,-0.3617391957787469,1.650633959037563,0.0,-0.325093636183281,1.6812972869371232,0.0,-0.4145973699451024,1.7273600040235892,0.0,-0.36177954055613276,1.7636581719127418,0.0,-0.5028657961954052,1.7767413053237247,0.0,-0.4279603884546277,1.8387740459694712,0.0,-0.5202864882944207,1.7776570070688265,0.0,-0.4437357111396628,1.8460341146156014,0.0,-0.4954073164546284,1.8174048260068776,0.0,-0.4114096441781765,1.874581409851464,0.0,-0.2388602992215192,1.5135106626002284,0.0,-0.2767048837770045,1.548336405159684,0.0,-0.31006063100864395,1.6071510338847625,0.0,-0.3434163999240378,1.6659656345013403,0.0,-0.294059283262003,1.7276395401124087,0.0,-0.3762591189911539,1.6442692704695387,0.0
-0.22436074449075635,1.5302991194255533,0.0,-0.22551893885852764,1.5175247909259235,0.0,-0.22740533080666264,1.515604704849838,0.0,-0.22928860720771632,1.5139837531398166,0.0,-0.22186233540863431,1.521695766137352,0.0,-0.22106383007871128,1.5226431850451743,0.0,-0.22012220585596087,1.5236742909269898,0.0,-0.23687384310318743,1.512903059067227,0.0,-0.22437901725143056,1.5248168904623132,0.0,-0.23468340799235832,1.5302891876935452,0.0,-0.2312492863582602,1.5340456440547636,0.0,-0.29032094751773035,1.5150918388980588,0.0,-0.24802702797281737,1.5907201773011117,0.0,-0.3336631554904191,1.5739719360875004,0.0,-0.28410516160102334,1.6546829708318114,0.0,-0.3601371761544488,1.6296156812419345,0.0,-0.28498024957466955,1.713472539167657,0.0,-0.3733051802151806,1.6469181755586286,0.0,-0.28636043078244416,1.7289480135659971,0.0,-0.3686491466205979,1.6515835040447513,0.0,-0.2845610177289886,1.73136382657662,0.0,-0.3635207080567242,1.6472059304760156,0.0,-0.28554909551306745,1.7252709670593251,0.0,-0.35527490459873035,1.6523718388009785,0.0,-0.3212616995059601,1.6859313172721637,0.0,-0.39971007354159105,1.7342643800756141,0.0,-0.3676607428182768,1.7632378482596738,0.0,-0.473608169007774,1.8033215989399067,0.0,-0.4464194626318322,1.8250388451545463,0.0,-0.4905418249512737,1.8075132954081476,0.0,-0.46296010929750786,1.8303281183035507,0.0,-0.46084051267474047,1.8426425575517504,0.0,-0.4314945680931883,1.8615538005467178,0.0,-0.23062642259620136,1.5188599777589806,0.0,-0.2691739654477506,1.5529060034463162,0.0,-0.3037211158754163,1.6110288115579183,0.0,-0.33826828733205677,1.669151591171166,0.0,-0.28551443345818894,1.7320210927947204,0.0,-0.3699783730865415,1.647441668901847,0.0
-0.2176051344479361,1.5341844800729547,0.0,-0.2186914258395945,1.5217037927426265,0.0,-0.22056508661588453,1.5197727861735941,0.0,-0.222455316266652,1.5181392883889802,0.0,-0.2152049496761403,1.5257477820075125,0.0,-0.2144948783270872,1.5266124715490734,0.0,-0.21364099752008076,1.5275657968197873,0.0,-0.23027249249149429,1.5168553270848726,0.0,-0.21769087701387907,1.5287581980547233,0.0,-0.22781866664081818,1.5343486822186392,0.0,-0.22425618917882434,1.538033927610767,0.0,-0.28550972726284907,1.5200543599926861,0.0,-0.2396279169016249,1.5935613710736314,0.0,-0.3265803084674664,1.5805408890425567,0.0,-0.2776502086799529,1.6563879260505616,0.0,-0.3515368311243082,1.6368815681457554,0.0,-0.2736339580832375,1.7150466752293594,0.0,-0.3621587208481343,1.6533825029780664,0.0,-0.2756442488983141,1.7307828188795769,0.0,-0.357603739110445,1.6569193913051028,0.0,-0.27358862526834166,1.7336477754312962,0.0,-0.3525505935021098,1.651605017036301,0.0,-0.2750077958600116,1.7273677709560464,0.0,-0.3504469400466257,1.6554816950555677,0.0,-0.3160885340641371,1.6886876682271752,0.0,-0.3840266628942132,1.742391273174885,0.0,-0.3738273681538759,1.757936480430553,0.0,-0.4395831533782591,1.8269093443543436,0.0,-0.46142812436481284,1.806396842327078,0.0,-0.4551527788229142,1.8347773673848027,0.0,-0.478425495718732,1.8099547587989016,0.0,-0.42370971790048434,1.8650824354071482,0.0,-0.45440392540331664,1.8452137854477209,0.0,-0.2239816801353976,1.5228067672410763,0.0,-0.26256884021831167,1.556807884895211,0.0,-0.29791826797015475,1.6144462782026852,0.0,-0.3332676885318052,1.6720846597863162,0.0,-0.27469410386199306,1.733572610698459,0.0,-0.35999644203794295,1.6554031765072745,0.0
-0.21178742796844482,1.5365336712251099,0.0,-0.21305791332845883,1.524122860572323,0.0,-0.21515135051985526,1.5220558639533206,0.0,-0.2172827199454985,1.5202768027957267,0.0,-0.2092377759057711,1.5284093447341118,0.0,-0.20850826924983404,1.5292939482608203,0.0,-0.20765744077097173,1.5302465295285546,0.0,-0.22525154259970812,1.5188674169108818,0.0,-0.21136262485906068,1.531607283868449,0.0,-0.2221308066299528,1.5366368631460263,0.0,-0.21799716358324686,1.5406504416228115,0.0,-0.28045639605129163,1.5241846896742195,0.0,-0.23186073128697282,1.59592646666778,0.0,-0.3177002423462442,1.5870997812671264,0.0,-0.270328930739613,1.6584809893917,0.0,-0.33565384847670454,1.6460469455063276,0.0,-0.2637435279014797,1.7169071102071045,0.0,-0.3434931412719685,1.6609290949990885,0.0,-0.2667378906863037,1.7324660535215413,0.0,-0.33886966348695163,1.6639259083384554,0.0,-0.26447207103935233,1.7356885668518793,0.0,-0.33484221072717724,1.6585455928598298,0.0,-0.265942757574258,1.7293556075938354,0.0,-0.3444686171894355,1.6588841868791506,0.0,-0.30960551860697677,1.6915598823294946,0.0,-0.3743214404007117,1.7471433592167314,0.0,-0.37261041756652385,1.7560544841246708,0.0,-0.4230722770132536,1.835761551030699,0.0,-0.4604967364031663,1.8039950110847929,0.0,-0.4378263262926435,1.8450694537351766,0.0,-0.4775509047536508,1.8072698766449093,0.0,-0.4057784879572575,1.8733125256449417,0.0,-0.4603948557304767,1.843442242478269,0.0,-0.21830707839338384,1.5252373513586417,0.0,-0.2561585676999281,1.5600555891410355,0.0,-0.2915977999775162,1.6176388092752467,0.0,-0.32703702504664517,1.675222017696837,0.0,-0.26574352557692643,1.7353552592572303,0.0,-0.3421642613051554,1.6653401960854997,0.0
-0.20660059965870792,1.5384407423718802,0.0,-0.2081842437050224,1.5258766633576852,0.0,-0.21051644499084385,1.5236932814572215,0.0,-0.21289117002057875,1.5217982121310174,0.0,-0.20395328778447705,1.5304437149270014,0.0,-0.203157962211271,1.5313872183546333,0.0,-0.2022582351970766,1.5323848176307955,0.0,-0.22082551573090822,1.5205046121457473,0.0,-0.20576682271802568,1.533990959270407,0.0,-0.2171040287327168,1.538336233821871,0.0,-0.21249658063225405,1.5426993694436966,0.0,-0.2744419518430223,1.5271481067583368,0.0,-0.2259722499890512,1.5989750460100363,0.0,-0.30897072276487964,1.5915932525461447,0.0,-0.26263214591176803,1.6626061917900796,0.0,-0.31789517402618955,1.6525641826244661,0.0,-0.2556215677344664,1.7209828216833567,0.0,-0.3251843654052123,1.667490653733843,0.0,-0.2586194389777382,1.7365526327900862,0.0,-0.31973253502718774,1.6702201808787407,0.0,-0.2566616195207254,1.7394929320073886,0.0,-0.31621175282680586,1.6648996842985493,0.0,-0.2577765160355526,1.7331513319780856,0.0,-0.33802326580817343,1.6623481002343548,0.0,-0.30297528643488847,1.6948254132049392,0.0,-0.372564391960929,1.7488800779044502,0.0,-0.3614739373515944,1.7634335671995371,0.0,-0.4246403369934548,1.8355860404431894,0.0,-0.43919390740402237,1.8265359080350392,0.0,-0.43967342631219763,1.8444361957203235,0.0,-0.4558381926921772,1.8314894087981377,0.0,-0.4058573639339459,1.8724147080465463,0.0,-0.43566087522856284,1.8658247375916583,0.0,-0.21329616070633925,1.5272477916239133,0.0,-0.2502070980466632,1.5630615826778276,0.0,-0.2853531896325141,1.620824188849025,0.0,-0.32049927393751654,1.6785867833514394,0.0,-0.25780491197705485,1.7394101709771594,0.0,-0.3233873391727692,1.6721716076239472,0.0
-0.2016806089618882,1.5408364334116327,0.0,-0.20345047632471763,1.5280163512693106,0.0,-0.20581282488978897,1.5258665616283695,0.0,-0.20821669859280695,1.5240065836180536,0.0,-0.19917467160507535,1.5325665953076968,0.0,-0.19835058784864484,1.5335308304924915,0.0,-0.19741721637859028,1.5345588396036927,0.0,-0.2159280156383247,1.5230015165676445,0.0,-0.20097682775381637,1.536377356925974,0.0,-0.21216093300032873,1.5404979884565442,0.0,-0.20758651176512283,1.5448632842792611,0.0,-0.268542788169948,1.529966240413798,0.0,-0.22089747870333193,1.6023426570556192,0.0,-0.3031028493420587,1.5943946115616539,0.0,-0.2543417362069832,1.6677211881065308,0.0,-0.3093295600991959,1.6556998170345827,0.0,-0.24471269846935362,1.7257234359623168,0.0,-0.31771444779496927,1.6706839092761505,0.0,-0.2461885012186763,1.7422641605724596,0.0,-0.3110125106557139,1.6723248798554522,0.0,-0.24457786192000697,1.7447975021412665,0.0,-0.30731715186643416,1.667448352824549,0.0,-0.24596212486226043,1.737822962834272,0.0,-0.3331012129545829,1.6658660419804086,0.0,-0.29715832019922606,1.6973500883581134,0.0,-0.3712202957479027,1.7508825585074606,0.0,-0.34432390070059227,1.7741913466090702,0.0,-0.4270442683479869,1.8352241975355525,0.0,-0.4043026032547251,1.8543465361091458,0.0,-0.4424093890216073,1.8434844692974117,0.0,-0.42003536581656403,1.861698378377333,0.0,-0.4068859862094928,1.8713184421684252,0.0,-0.3937485601885673,1.8923558325935534,0.0,-0.20845240964951167,1.5296894428026802,0.0,-0.24472013246621785,1.5661544562633292,0.0,-0.27992494239878396,1.6238812938959395,0.0,-0.3151297732338909,1.6816081026722454,0.0,-0.24541089934911714,1.7442665400608477,0.0,-0.3155092139397367,1.6751015404507814,0.0
-0.1964207281035011,1.5430448304731403,0.0,-0.1981175946473659,1.5301713605527447,0.0,-0.20036071937109123,1.5281543774203339,0.0,-0.20265238973143218,1.526418398825532,0.0,-0.19407961956532171,1.5344480793879796,0.0,-0.19328830059581315,1.5353777091573204,0.0,-0.1923726868695742,1.5363902252647033,0.0,-0.2102154672442682,1.5255891508036405,0.0,-0.19621790358576785,1.5382359211680083,0.0,-0.20679629032359126,1.5426193526640368,0.0,-0.2025487633891212,1.5467061158770692,0.0,-0.2635814870831833,1.532913928493649,0.0,-0.2147344299202244,1.6044847759568353,0.0,-0.29916056134004765,1.5967852233921436,0.0,-0.24566992211787014,1.6710870732508096,0.0,-0.3111878829108651,1.6572206739221365,0.0,-0.23070861634641418,1.7279477666487073,0.0,-0.3205390378940932,1.670728711108372,0.0,-0.23030002336089975,1.7458775879840558,0.0,-0.31286735494290163,1.6707837887279617,0.0,-0.22829872706444257,1.7486735174233525,0.0,-0.30937664662153397,1.666933652442285,0.0,-0.23099886976913622,1.7404470958568359,0.0,-0.3293970634356367,1.6686070634380503,0.0,-0.291976052444501,1.6983190921863356,0.0,-0.36445923932027596,1.7549292296390506,0.0,-0.33154906752867747,1.7793323468473392,0.0,-0.4195531930488244,1.8397495353055389,0.0,-0.3817443196160824,1.865950681117585,0.0,-0.4348883644115491,1.8480652759322391,0.0,-0.3967734636842616,1.8746509242832339,0.0,-0.3988923756262724,1.875558493093008,0.0,-0.36794808412546265,1.9029068488108034,0.0,-0.20321667293292855,1.5319125432838718,0.0,-0.23915795028604983,1.568699354877441,0.0,-0.2749222451002304,1.626081247856797,0.0,-0.31068656000984307,1.6834631121056234,0.0,-0.22935921466098755,1.7464548817444974,0.0,-0.31887140426131705,1.6760774629585746,0.0
-0.1905288260161916,1.543905283529237,0.0,-0.19198786070713839,1.5315335744628078,0.0,-0.1941790653318042,1.5296092716304432,0.0,-0.19642949511392963,1.5279496036224303,0.0,-0.1881278715941053,1.5355115603378167,0.0,-0.18741287033878276,1.5363680272325853,0.0,-0.18656581794371965,1.5373169156949658,0.0,-0.20419385670495108,1.526937158093555,0.0,-0.19091052153530055,1.5388929340392337,0.0,-0.20081693444994633,1.5437906078446246,0.0,-0.19678377057237675,1.5476151635386421,0.0,-0.25889156929920415,1.534128970370997,0.0,-0.20865047868550884,1.6047282197581263,0.0,-0.292622810946333,1.5989951107982563,0.0,-0.24030415336366262,1.6709922036537175,0.0,-0.31090502513112206,1.6578411878929324,0.0,-0.22377724612917774,1.727417733880198,0.0,-0.319315141073815,1.6698480329181102,0.0,-0.22316154548647052,1.7450775436201351,0.0,-0.3113063512780996,1.6689633264787413,0.0,-0.21998471106606257,1.7484251550461019,0.0,-0.30953313853597353,1.6658102090454665,0.0,-0.22347611007683968,1.7397879770811988,0.0,-0.3248248284870532,1.669716490593144,0.0,-0.2864802994764234,1.698226731049708,0.0,-0.3528703222602917,1.7585664924750446,0.0,-0.3280876566424538,1.7782142224673005,0.0,-0.4029197026359742,1.8464578317230624,0.0,-0.3801022659551867,1.8637523986339335,0.0,-0.4180706597496649,1.8551046531872648,0.0,-0.39502654813546184,1.872631317710433,0.0,-0.3820864622428845,1.8821667511846834,0.0,-0.36580550953016194,1.9005178334879567,0.0,-0.19755217885456058,1.5329150515436625,0.0,-0.23377102969918975,1.569428607498804,0.0,-0.2697117862224022,1.6267001400956276,0.0,-0.3056525636192786,1.6839716433562621,0.0,-0.22167537399689888,1.7458545537691321,0.0,-0.31815412964835765,1.6768692060978265,0.0
-0.1846509610406719,1.5435979991084459,0.0,-0.18570155910699296,1.532370311165923,0.0,-0.18793073161435994,1.5304765316495157,0.0,-0.19023063357216322,1.5288246619936712,0.0,-0.18199524568585326,1.536036986405377,0.0,-0.18141999802439437,1.5367645385228434,0.0,-0.18071188278841735,1.537587064238332,0.0,-0.19849833436599598,1.5272752306225743,0.0,-0.1857986873167127,1.5385760641202546,0.0,-0.19452441169033077,1.5443384507010611,0.0,-0.19066337504408706,1.5479886969273082,0.0,-0.25319171106499655,1.5315963513279705,0.0,-0.20628638539679947,1.6044545123261693,0.0,-0.28022692512583935,1.5995265363539979,0.0,-0.24290814108615538,1.6681076166697493,0.0,-0.29338511359454034,1.6597258903468208,0.0,-0.23545315893067334,1.7264291595603327,0.0,-0.29807949811623835,1.6727462069383998,0.0,-0.23731024525461933,1.7407369672106972,0.0,-0.29039457383282874,1.6719203082513314,0.0,-0.23284646981959425,1.7436845144506374,0.0,-0.2916865337246295,1.6680318953267135,0.0,-0.23473718379325473,1.7368524400887144,0.0,-0.31812856108458853,1.6694940262240452,0.0,-0.28025159969419855,1.6986225777117057,0.0,-0.34074131765551635,1.7598795106541374,0.0,-0.32772739504411763,1.7752725601612385,0.0,-0.38426853210469636,1.8511768796912296,0.0,-0.38549838798567043,1.857033256944089,0.0,-0.3991700884201761,1.8602467552290345,0.0,-0.40073356576540065,1.8653674492015018,0.0,-0.36254636867217155,1.8863521330691864,0.0,-0.368796574483187,1.8927704066626967,0.0,-0.19214852181931333,1.5329256391745067,0.0,-0.22973905849285364,1.5680254465470547,0.0,-0.2644645724851053,1.6260418675278754,0.0,-0.29919004975821695,1.6840582944583518,0.0,-0.23501258876351558,1.7449801727942578,0.0,-0.29475791486189323,1.680041657863406,0.0
-0.17971563607022045,1.5435681291256977,0.0,-0.18013167749606449,1.5337143514670537,0.0,-0.18233302582439234,1.5318757279437247,0.0,-0.1846169562455827,1.5302511687189244,0.0,-0.17682579420333497,1.5369383485556614,0.0,-0.17647137054817483,1.5374670366035401,0.0,-0.17597664057323878,1.5380988960265385,0.0,-0.19338517791952467,1.5280738229273136,0.0,-0.1819224413810737,1.5383647624726993,0.0,-0.1885662982921623,1.545483656575828,0.0,-0.18515587477925585,1.5489053304952567,0.0,-0.24135505233321908,1.5254290720552415,0.0,-0.21268603555049032,1.607200146872581,0.0,-0.26012648207416633,1.5960905627164679,0.0,-0.25602424751791203,1.6664847997417036,0.0,-0.25955886856098714,1.6577085630072168,0.0,-0.27377394547387257,1.722537697495066,0.0,-0.2593462872777415,1.674092822359398,0.0,-0.2791199043846625,1.732187673794263,0.0,-0.2524371889710268,1.673767740894003,0.0,-0.27390278836478676,1.7336398811426372,0.0,-0.256385782787705,1.6680451300092867,0.0,-0.2725985416999389,1.7298183463382557,0.0,-0.3058891435218579,1.6656297167428669,0.0,-0.27785934412136987,1.7043268362934085,0.0,-0.32795775587105075,1.7561495980086945,0.0,-0.3280532043464271,1.7792250829306195,0.0,-0.36884862545968694,1.8486577856197652,0.0,-0.3907953057322543,1.8572361582825254,0.0,-0.3835381219181563,1.858067233886869,0.0,-0.406394406337223,1.8648675056654958,0.0,-0.3456750388714941,1.8828942532972626,0.0,-0.36995123363511045,1.8907267405810013,0.0,-0.18765379842763039,1.5332193000819667,0.0,-0.22702058603550487,1.5663146314510774,0.0,-0.25944741572353214,1.6256464706424723,0.0,-0.29187423924388445,1.684978297531627,0.0,-0.2785074858126753,1.740480043772473,0.0,-0.2550690462898957,1.6775694917136392,0.0
-0.17524170180354356,1.5445654076031365,0.0,-0.17505749711374397,1.5357769356060638,0.0,-0.17715937210159882,1.5340336471141414,0.0,-0.17933986218658948,1.5324880688504976,0.0,-0.17227371380823775,1.538517872995377,0.0,-0.17214700411621153,1.5388311966283392,0.0,-0.17185998978583894,1.5392577908536778,0.0,-0.1884557313081915,1.529884137154342,0.0,-0.17846287287159845,1.5389899474712452,0.0,-0.1829265832592306,1.5476260185855768,0.0,-0.18012510666079873,1.5507350685624637,0.0,-0.22441229137640845,1.5235479145134636,0.0,-0.2223490315915107,1.6101744933396718,0.0,-0.23849203540427288,1.5952917201352435,0.0,-0.26956093593095987,1.6664231090647565,0.0,-0.22848203557489868,1.6560938586531195,0.0,-0.30329006995512625,1.714582476191584,0.0,-0.22525043377519063,1.6748731315080025,0.0,-0.3097168580210177,1.7221992448195869,0.0,-0.2192016922420942,1.6748654103257492,0.0,-0.3043629021438899,1.7226435956826256,0.0,-0.22370024463292096,1.6677952131945584,0.0,-0.30135560863951044,1.7202182437442914,0.0,-0.2667073701112173,1.6717891369086066,0.0,-0.3030554233718126,1.702804548238527,0.0,-0.2923429764932621,1.761364179419472,0.0,-0.3521725100247207,1.7784132960945245,0.0,-0.33868395687264513,1.8512660232730747,0.0,-0.4190297651133557,1.852927768553795,0.0,-0.35419765323585434,1.8592437577913972,0.0,-0.43471914606804235,1.860371741137182,0.0,-0.31482441531463057,1.8850280301896394,0.0,-0.39641279492617076,1.8852475319166955,0.0,-0.18345930144535383,1.5344370444423938,0.0,-0.22338070297555646,1.5668612117387035,0.0,-0.2541311058910783,1.6270789761108797,0.0,-0.2848815338413805,1.6872967122564537,0.0,-0.3112975808751389,1.731322068867134,0.0,-0.22204528737199694,1.6754118105549134,0.0
-0.170650706777817,1.5464320684904518,0.0,-0.17015991779256498,1.5382053718909052,0.0,-0.17224585210502927,1.5365238408008859,0.0,-0.17436937100513647,1.5350545264849174,0.0,-0.16759868408628217,1.540635655084966,0.0,-0.16759725131214195,1.5407880634356528,0.0,-0.16741500973391285,1.5410489047756033,0.0,-0.18377243357860992,1.5323357839626393,0.0,-0.17432962871386967,1.5405737066322074,0.0,-0.17768067177488742,1.5504191395170264,0.0,-0.1751686532856512,1.5532523567839167,0.0,-0.24285957700730582,1.5352152110545039,0.0,-0.19243095395785123,1.6056806293630894,0.0,-0.25643606710522715,1.6070559498703523,0.0,-0.2387154096074403,1.6626948367816512,0.0,-0.2456941969190929,1.6677330655717046,0.0,-0.2596785714377638,1.7176268399323864,0.0,-0.24232458499269904,1.685277460229622,0.0,-0.2633243232621783,1.7272968893367397,0.0,-0.23704061997586034,1.6851859223296113,0.0,-0.25807897715765377,1.7284478733044664,0.0,-0.24017333623677528,1.6782290281485628,0.0,-0.25641786816465045,1.7246818451045431,0.0,-0.29323559204615157,1.671591475458172,0.0,-0.2650527662706792,1.7101772895255507,0.0,-0.3240353220062519,1.7595246841439887,0.0,-0.3124176098039182,1.7868958827783787,0.0,-0.3806007610644024,1.8433708474131483,0.0,-0.38214922100657917,1.858727641513294,0.0,-0.39762135499702955,1.8471942497036875,0.0,-0.39769431392482746,1.8664684094807849,0.0,-0.35815445017868613,1.8780884792738406,0.0,-0.361868562391743,1.8925623770735194,0.0,-0.17905104022447713,1.5364547400818098,0.0,-0.21764521650278307,1.5704478935453206,0.0,-0.24839467680968147,1.630666139254444,0.0,-0.27914413174757413,1.6908843722627878,0.0,-0.2615223445567638,1.7360912569219127,0.0,-0.23907839742198814,1.6869904327365508,0.0
-0.16680866159943178,1.5496341444589712,0.0,-0.16629814158086262,1.541545336997293,0.0,-0.16840933181128867,1.539906078351619,0.0,-0.1704903332312899,1.5385170065862805,0.0,-0.16367633423851022,1.5438099771254286,0.0,-0.16368559405183755,1.5438609390556208,0.0,-0.16350689442717967,1.543998421423117,0.0,-0.18003971430280338,1.535971649060172,0.0,-0.170531925031386,1.5434723923850155,0.0,-0.17386217542849633,1.5541349561061968,0.0,-0.17125310031331506,1.5567522285708033,0.0,-0.24410494701161717,1.5470153919334744,0.0,-0.17954633475120185,1.6048133744509423,0.0,-0.25896740075408375,1.6186011468414094,0.0,-0.22223388657236018,1.6645682370301624,0.0,-0.2518785160212294,1.6798126478700182,0.0,-0.22396419626463412,1.7233388517321166,0.0,-0.24931086630850535,1.693869512588789,0.0,-0.22364507425845412,1.7359428758795328,0.0,-0.244781579543275,1.6933906685881825,0.0,-0.21843321090515863,1.7385413585739562,0.0,-0.24632918281556365,1.6874487556230309,0.0,-0.21924506103672245,1.732842761024265,0.0,-0.29435015980308515,1.6813206578184787,0.0,-0.2558045946460152,1.7095585069338233,0.0,-0.3299910165492595,1.7674055106428703,0.0,-0.30207400007473817,1.7869426983096692,0.0,-0.3940414841440813,1.8456830016072887,0.0,-0.3716036822570587,1.858969932461035,0.0,-0.41139651752651585,1.8474498743217953,0.0,-0.3869726030206974,1.867054836735329,0.0,-0.3753842498087909,1.8825755271558446,0.0,-0.3558057668160766,1.8951157525790165,0.0,-0.17528583096903902,1.539722016349026,0.0,-0.21182563476526098,1.5759143865881848,0.0,-0.243451507571514,1.6356770052949698,0.0,-0.27507737426464984,1.6954396116766588,0.0,-0.22014385003108874,1.7414975727425097,0.0,-0.24515662391227944,1.6990332399416277,0.0
-0.16414832594191775,1.5544245428423218,0.0,-0.16391218568988025,1.5459775859315086,0.0,-0.16586001522815857,1.5444696967030451,0.0,-0.16774002175954678,1.5432334768961793,0.0,-0.1613463781561228,1.5480427609392895,0.0,-0.16129743763999477,1.548038326974568,0.0,-0.16106100132900686,1.5481021709862985,0.0,-0.17695910134980636,1.5411245611012696,0.0,-0.16796389445869425,1.5476243635950293,0.0,-0.17172124563577945,1.5586613146615944,0.0,-0.16904487463401968,1.5610405883614973,0.0,-0.23998029417518985,1.5525843483724773,0.0,-0.17576297105677877,1.610761290639889,0.0,-0.25616715629409237,1.623882302983599,0.0,-0.2160774626689148,1.6721421707932442,0.0,-0.25152795315895116,1.6853280346433486,0.0,-0.21285545358386287,1.7308499026650561,0.0,-0.24907558529345825,1.6974915688171626,0.0,-0.21127399085577753,1.7434808119861125,0.0,-0.2452024888039696,1.6965718348868708,0.0,-0.20608105138745275,1.7464818166739249,0.0,-0.2461444489206605,1.6913980217283637,0.0,-0.2076555454731343,1.740665220731552,0.0,-0.2940568269159584,1.6907962504156202,0.0,-0.2504715755486509,1.7103784509862217,0.0,-0.3329819318931647,1.7754467599114996,0.0,-0.29479975063674946,1.788890767516687,0.0,-0.39893426751187866,1.8521286835782702,0.0,-0.3604211256734861,1.8644958883892715,0.0,-0.4160969958756392,1.8552527479192298,0.0,-0.37551588955150716,1.8730817783274372,0.0,-0.3831920360542498,1.890356068829255,0.0,-0.3455052724130609,1.901014537950768,0.0,-0.1724614903050073,1.5443744690883023,0.0,-0.2078716263784508,1.58167282278193,0.0,-0.24006791837582842,1.6411300780757079,0.0,-0.2722641737323023,1.7005873375706209,0.0,-0.2075944248815362,1.7486447269426586,0.0,-0.24437828709749862,1.7043936389693934,0.0
-0.16184284444021957,1.559972428452609,0.0,-0.16231098219038229,1.5503422416074577,0.0,-0.1639770816537459,1.5490224048327972,0.0,-0.16561643825133218,1.5479446191470683,0.0,-0.1597752529564231,1.5523078021050816,0.0,-0.15954344247471572,1.552366725539908,0.0,-0.15912056779372927,1.5524966007075474,0.0,-0.1739822405232416,1.5465034799604687,0.0,-0.1652922383374543,1.5525263201817652,0.0,-0.17022225927331355,1.562948582995359,0.0,-0.16754986470681474,1.5651747019701199,0.0,-0.22261248114797186,1.547531499663574,0.0,-0.18701747696034918,1.626534138079843,0.0,-0.23921762645703437,1.6187331989849443,0.0,-0.22797392541040667,1.6874885473764913,0.0,-0.23550028366806983,1.6802415846532448,0.0,-0.23269988836073188,1.7460943866612322,0.0,-0.23320909505234486,1.6940094772409309,0.0,-0.2333058545897149,1.7565760390781253,0.0,-0.22938263182810434,1.6930378423815082,0.0,-0.22847369636011308,1.7588653555985114,0.0,-0.23046829455477322,1.6877187951247687,0.0,-0.22866764922646424,1.7542153364981157,0.0,-0.29227583440210364,1.7126073843430205,0.0,-0.24643480347712288,1.699126412581786,0.0,-0.3324755806294066,1.7966600640067822,0.0,-0.28795922567799326,1.779156989953844,0.0,-0.3959027666706109,1.8754434382788605,0.0,-0.3487391718331097,1.8587063287898853,0.0,-0.412299734330746,1.881398140156131,0.0,-0.3633841686286777,1.8680387170919925,0.0,-0.377784060481731,1.9126034076065366,0.0,-0.33074307270629905,1.8938095317847676,0.0,-0.16963724558136226,1.5495148955198412,0.0,-0.20481475688904668,1.5870327262566053,0.0,-0.23708501609139862,1.6464498685344269,0.0,-0.2693552689514006,1.705866998606286,0.0,-0.22984521222791754,1.7644297355331298,0.0,-0.22935523939445662,1.6996542976007676,0.0
-0.1591087780364537,1.5650975948465569,0.0,-0.16062101938762235,1.5533571885778459,0.0,-0.1622926778164792,1.552075610258386,0.0,-0.16401146300260566,1.5509775162182937,0.0,-0.15735986569652888,1.555714335614717,0.0,-0.1567105976850321,1.5560467240959928,0.0,-0.1558819735363251,1.556462463991986,0.0,-0.17139425200811348,1.5503288845403578,0.0,-0.16059732206872607,1.5577139577263153,0.0,-0.1683642501997557,1.566106769343941,0.0,-0.16521818378034608,1.5685677870852954,0.0,-0.23245528839654878,1.5623312750675806,0.0,-0.16911785258728593,1.6214649408188577,0.0,-0.2478739887765209,1.6337992855028696,0.0,-0.21231480827186638,1.6808525969599275,0.0,-0.24460500682484967,1.695333129052015,0.0,-0.22894345893770351,1.737248227119633,0.0,-0.24365551160314694,1.7125746333256164,0.0,-0.23250451773218617,1.7473452750731924,0.0,-0.23888564774339585,1.7123295225615238,0.0,-0.22865763148265572,1.749155391405757,0.0,-0.24016264457799166,1.7059517435641633,0.0,-0.22737481473650414,1.7448703069829754,0.0,-0.287449159666555,1.719315254811123,0.0,-0.24276597242126272,1.7023874819647529,0.0,-0.3278899442705053,1.8032522281662267,0.0,-0.28290547047761405,1.7831215618158618,0.0,-0.3866263215549642,1.8855921697152562,0.0,-0.3420934738550564,1.8638623781361223,0.0,-0.4021023339673152,1.8936427636503297,0.0,-0.3564264508957716,1.8736672326334536,0.0,-0.3641409605974784,1.920284523008228,0.0,-0.32189074243295646,1.8977437017136984,0.0,-0.1659957946431247,1.5540214183199565,0.0,-0.20078658685831127,1.5918981354696047,0.0,-0.23294707884138974,1.6513747626508448,0.0,-0.26510753554653876,1.7108513932728036,0.0,-0.2316753666521979,1.755602269571282,0.0,-0.24071203724471937,1.71531961901288,0.0
-0.15616086891899844,1.5690010640116374,0.0,-0.15848534888108634,1.5547892246306536,0.0,-0.16057248116036504,1.5533106921641366,0.0,-0.16270021950566216,1.551994704803332,0.0,-0.15358849373341055,1.5580399106485978,0.0,-0.15234368008308308,1.5587755522754152,0.0,-0.15099185126849257,1.5595879985658374,0.0,-0.16917314420812735,1.5520425263909439,0.0,-0.15401363052891504,1.5622445662348503,0.0,-0.16596271284410336,1.5679122353335482,0.0,-0.16167426161412346,1.5710715998217806,0.0,-0.23093428734686397,1.5708043250409096,0.0,-0.16013469557679114,1.6207626977653178,0.0,-0.24436512074137876,1.6426724372417647,0.0,-0.20488415679304958,1.6789894648333952,0.0,-0.2396363031164752,1.7041113372058874,0.0,-0.22355675413790616,1.7347417135097811,0.0,-0.24038782079280474,1.7239385879571605,0.0,-0.22796868013032573,1.7473861671652504,0.0,-0.2342948352859493,1.7247701189017024,0.0,-0.22543247383362192,1.749375561276801,0.0,-0.23560489347251723,1.7170626762824566,0.0,-0.2245104803039772,1.7443572031979648,0.0,-0.28228239547201905,1.7072456712833441,0.0,-0.2369888125740374,1.7224650032069382,0.0,-0.3233280153398625,1.7908885409439612,0.0,-0.2779113972750663,1.802804987119111,0.0,-0.3772980001626032,1.876428407258055,0.0,-0.33827661874777865,1.8826694923790859,0.0,-0.3920079981198412,1.885805772719246,0.0,-0.35266394522900496,1.8923944211338948,0.0,-0.3548554522051769,1.9111484717103484,0.0,-0.3200328604764064,1.9176446225206256,0.0,-0.1615933734361027,1.5571435525163608,0.0,-0.19553448072332108,1.5957835080172704,0.0,-0.22758504140924274,1.6553194466188237,0.0,-0.25963559533237734,1.7148553732417036,0.0,-0.227724685313297,1.7528238191337027,0.0,-0.23734252156271973,1.7243438249246834,0.0
-0.15388719066807485,1.5711392540956732,0.0,-0.1558681962227112,1.5551212678810613,0.0,-0.1583987703318095,1.5533852441039526,0.0,-0.1608570081100762,1.5518556830420676,0.0,-0.14927347995812723,1.559218379861353,0.0,-0.14746912450407257,1.5602506482447738,0.0,-0.145697953815496,1.5613227146511617,0.0,-0.1662889208228675,1.5522159466270269,0.0,-0.1473002945794778,1.564633469706762,0.0,-0.16310416142606854,1.5683095711206907,0.0,-0.15761657985282373,1.5722818849119817,0.0,-0.2249868188192023,1.5728658765836556,0.0,-0.15436489377649892,1.623075087923239,0.0,-0.237751467021675,1.6448552965928,0.0,-0.1990533657649007,1.681348676740879,0.0,-0.22937066358951083,1.7059033291471952,0.0,-0.21416529525784017,1.738169524244917,0.0,-0.23034897173518173,1.7260699031154358,0.0,-0.2170009965017476,1.7529736156944467,0.0,-0.2238953969976599,1.7269506850004936,0.0,-0.2152273419873066,1.754887219590975,0.0,-0.2251260022688367,1.7187632047233774,0.0,-0.21608186294084425,1.7492205019735514,0.0,-0.2749756899773785,1.705383389653625,0.0,-0.23311021297625864,1.728414207081762,0.0,-0.31720744871307044,1.7884336823050588,0.0,-0.2748243824432803,1.8083460469160715,0.0,-0.3672827742381318,1.8763102421168714,0.0,-0.33462327037165074,1.88863547440438,0.0,-0.3801555750275004,1.8880835179028164,0.0,-0.3489823927400293,1.898401999240443,0.0,-0.3512641874933534,1.9144226510290983,0.0,-0.32285167961729483,1.9262854955915438,0.0,-0.15679460352175756,1.5584247098770545,0.0,-0.1896758511955747,1.5979704868501756,0.0,-0.2218593916960716,1.65743464535177,0.0,-0.25404292542100704,1.716898791882269,0.0,-0.21644247135215378,1.756585513577911,0.0,-0.22716200832454464,1.7261452864396143,0.0
-0.15213693601512354,1.5711792897006782,0.0,-0.15268632586197906,1.5549950882966181,0.0,-0.15534019503648788,1.5531468229875454,0.0,-0.15782100495678153,1.5515609492927034,0.0,-0.14517712909610703,1.5593887960075532,0.0,-0.14296562016941883,1.5604856380591896,0.0,-0.14092223414332994,1.5615808280758383,0.0,-0.16212404424783855,1.5517244602281115,0.0,-0.14142289212025838,1.564558808720458,0.0,-0.15958606398791497,1.5676198883594659,0.0,-0.1533945743484345,1.5721120286457329,0.0,-0.21820396969045366,1.573203919676417,0.0,-0.14830645880441945,1.6244168005953488,0.0,-0.23352617196065215,1.6446926807132194,0.0,-0.1913822676536823,1.6838923869676354,0.0,-0.22237472638742473,1.7052958605518913,0.0,-0.20403415436569436,1.7413111024418007,0.0,-0.22208403173007196,1.723879856333998,0.0,-0.20506828097161608,1.755526996729876,0.0,-0.2166382649552009,1.7228978746509271,0.0,-0.20326199152510124,1.7565992267672883,0.0,-0.2175093805877204,1.7157589981082237,0.0,-0.20510397806941125,1.7500769111492736,0.0,-0.2692752333337153,1.704133074407046,0.0,-0.22892252301741994,1.7297220463690042,0.0,-0.31277846135459886,1.7865244678117063,0.0,-0.2696436833443269,1.8101643117228057,0.0,-0.3600793316930278,1.875925002799071,0.0,-0.3247618119179105,1.8937363828136675,0.0,-0.3691597095347437,1.890820161782659,0.0,-0.33846959634762075,1.9043978108883721,0.0,-0.35592772545254,1.9170578971783476,0.0,-0.3206897538017727,1.9329730083946308,0.0,-0.15177347265792618,1.5581416296891215,0.0,-0.1832552044558009,1.59881035831446,0.0,-0.21617703538055003,1.6578689688129478,0.0,-0.24909885932653975,1.7169275674561084,0.0,-0.20419891905937876,1.759866615010123,0.0,-0.21902929667212961,1.7253812555723433,0.0
-0.1497149380146199,1.570734002985327,0.0,-0.14895068614646909,1.555544230408729,0.0,-0.15145246844831758,1.5537583261766406,0.0,-0.15380969217229642,1.5522343369399265,0.0,-0.1413639750076112,1.5597032596011158,0.0,-0.1388325894480553,1.5607543777943627,0.0,-0.13650454560912914,1.5618025869721506,0.0,-0.1573516161587268,1.5519183023724097,0.0,-0.1360248053964844,1.5641763667080193,0.0,-0.15538298578366103,1.5674656174685688,0.0,-0.14882448093988962,1.5721054948096018,0.0,-0.21106762556210806,1.5742097974097018,0.0,-0.1415670419901253,1.6259600639136909,0.0,-0.2335743410578777,1.6437717165506973,0.0,-0.1816569000011829,1.6874878947465652,0.0,-0.22358304526092346,1.7045769314029517,0.0,-0.1969284866224659,1.7442660398919059,0.0,-0.22283763138019577,1.72090765584798,0.0,-0.19807636331913628,1.7576957719204351,0.0,-0.2183863410864272,1.717359195861837,0.0,-0.19677348058979074,1.7576532097537076,0.0,-0.21836587221214868,1.7120908382266489,0.0,-0.19776805786243226,1.7486775226727138,0.0,-0.26496922566016223,1.7032955126963976,0.0,-0.22518607118535505,1.7297612893895988,0.0,-0.30976748803879006,1.7849899938028597,0.0,-0.2641659520392815,1.8110615959218301,0.0,-0.35568954008814974,1.8751065468127026,0.0,-0.31382985932013346,1.8979856747347177,0.0,-0.362125470164173,1.891320671116877,0.0,-0.3268007316637836,1.9095323570810991,0.0,-0.3632340575101134,1.9157541923935044,0.0,-0.313856110857772,1.9374330289570059,0.0,-0.14668821752068248,1.558047330953602,0.0,-0.17631733171612157,1.6000849393178795,0.0,-0.21069748616783285,1.6583066827246717,0.0,-0.24507763358557655,1.7165284143131336,0.0,-0.19761505272377444,1.7628095784179258,0.0,-0.219510989193066,1.7245277046332756,0.0
-0.14729218396770616,1.5718375096423456,0.0,-0.14522601037448665,1.5578024493909284,0.0,-0.1474600305427873,1.5561648629732208,0.0,-0.149684473106915,1.554727434161452,0.0,-0.1380316565316375,1.561540373316902,0.0,-0.1352156617434935,1.5626028226883513,0.0,-0.132526018862662,1.5637139991700353,0.0,-0.15283626131938607,1.5540110142880073,0.0,-0.1309514868838104,1.5659177724898403,0.0,-0.15132737120321413,1.5696077278126785,0.0,-0.14446552828440493,1.574202374653278,0.0,-0.20473840579474065,1.5773706397075566,0.0,-0.1350348555223412,1.6288472001938912,0.0,-0.2387537700051958,1.6420882403631434,0.0,-0.1715644713514526,1.6925532269866765,0.0,-0.23720327117780649,1.7036893450473722,0.0,-0.19362894823927407,1.7470521993049095,0.0,-0.2386732542853126,1.7184438127850838,0.0,-0.19656113829430272,1.7620894774683458,0.0,-0.23374636063169552,1.7141875881368804,0.0,-0.19766004460593595,1.760952814568674,0.0,-0.23221473790830505,1.7100533092817203,0.0,-0.19728885986559747,1.749097468119928,0.0,-0.2622718866699463,1.70401295929139,0.0,-0.22250713728623794,1.7305063815390282,0.0,-0.3086054280918989,1.7848465877803963,0.0,-0.2609946740646638,1.812040916960225,0.0,-0.35429706386474896,1.875080186906227,0.0,-0.30983784618013116,1.8994288091511287,0.0,-0.3609959100753917,1.8911874673204012,0.0,-0.32334742040563336,1.9103403079853472,0.0,-0.367118785959453,1.914383549064177,0.0,-0.30922850933631546,1.938871465665272,0.0,-0.14189387258262762,1.5599643921756183,0.0,-0.1698866257546018,1.6031089247938735,0.0,-0.20613807944608042,1.660184300663897,0.0,-0.2423894968706405,1.7172596832761493,0.0,-0.19797019998274512,1.7650934777345904,0.0,-0.23560607066554357,1.7239887032547445,0.0
-0.14609684552676364,1.5735986145517897,0.0,-0.14272301420997272,1.5611230433309464,0.0,-0.14461519099298728,1.5596225577021714,0.0,-0.14662163944659048,1.558259846896259,0.0,-0.13613939227983587,1.5645631290412967,0.0,-0.13316698873342328,1.5656770160883768,0.0,-0.13020842095098054,1.5668965939057855,0.0,-0.14902586140453525,1.557351740520815,0.0,-0.12716626936364742,1.5692444985359315,0.0,-0.14888351133673275,1.5733998551273032,0.0,-0.1420174041497572,1.577918390364782,0.0,-0.20028531091963114,1.5814965430057297,0.0,-0.13020569312062297,1.632459945258965,0.0,-0.2457709367669219,1.6387370066504818,0.0,-0.16321908353812295,1.698057100193362,0.0,-0.2612512053439152,1.6983814651501214,0.0,-0.19170445493942567,1.7494921343646985,0.0,-0.2667355327795712,1.712669850680445,0.0,-0.1966183174237689,1.7650629712349826,0.0,-0.2605344966322799,1.7105702081451832,0.0,-0.2009631418626594,1.7625371485355255,0.0,-0.2570530213463015,1.7061460448015011,0.0,-0.19985655755576348,1.7511803926331897,0.0,-0.2610347192556918,1.705595755582429,0.0,-0.22131763613467573,1.732160582408499,0.0,-0.30887345446460873,1.785547791009988,0.0,-0.2606796010344201,1.8132765899091912,0.0,-0.3545774314852392,1.8757751398311608,0.0,-0.3126885248648013,1.8988182230820256,0.0,-0.3623596375759102,1.8913878363073306,0.0,-0.3283452536374897,1.9063306292679276,0.0,-0.36682575507422543,1.9152609525194197,0.0,-0.3108733780019238,1.9382238024604348,0.0,-0.1380960664018325,1.563298118564555,0.0,-0.16524549449656542,1.6069782453858414,0.0,-0.20321083200023923,1.6629282192346468,0.0,-0.24117616226896677,1.7188781813723564,0.0,-0.1999400634869238,1.7661206925081405,0.0,-0.26485968156568185,1.7184212728454196,0.0
-0.14576995369465245,1.5744298169713726,0.0,-0.14233319112959789,1.5635610395905488,0.0,-0.14391141274360011,1.5620920290836293,0.0,-0.14562528267414124,1.5607634050683001,0.0,-0.1363748682356454,1.5669975323278604,0.0,-0.13348206910697272,1.56807611240624,0.0,-0.1305188300660414,1.569261251561886,0.0,-0.14658531347052386,1.5597637737615115,0.0,-0.1257413005020073,1.571452162621936,0.0,-0.14888856990868463,1.5762339682863913,0.0,-0.14255974391335705,1.5806980949873985,0.0,-0.1978445411615634,1.5844037236596402,0.0,-0.12747736367467546,1.6349693397698883,0.0,-0.25014158268760744,1.6354961133533032,0.0,-0.15574015964940247,1.7027490199552988,0.0,-0.28109799412375563,1.688776510648434,0.0,-0.19652243782803602,1.7451021179604893,0.0,-0.2901557106198424,1.7029796468211247,0.0,-0.20365939196467786,1.7547804926638133,0.0,-0.2841043617354821,1.703971326681065,0.0,-0.20936913848159044,1.7505999664176959,0.0,-0.2787836668160974,1.6987893916214214,0.0,-0.2072966124981237,1.744539515757072,0.0,-0.2603173416355863,1.7066884023739564,0.0,-0.22089879001956597,1.7336942259021442,0.0,-0.30931330439528376,1.7859365454982519,0.0,-0.2613922523971621,1.8142513513368026,0.0,-0.35483406515024346,1.876256467614525,0.0,-0.3156912077661122,1.898357965878769,0.0,-0.3624770678894129,1.8919377791675722,0.0,-0.33272144709917406,1.9017550750648475,0.0,-0.36720886596081237,1.915702825358828,0.0,-0.3160795438987387,1.937803417319081,0.0,-0.13616330575495642,1.565607969117793,0.0,-0.16266094635637882,1.609686534969606,0.0,-0.20163449108813264,1.6649389488217794,0.0,-0.24060805459301304,1.7201913326016287,0.0,-0.21130025702975402,1.7563248740265718,0.0,-0.2888284049693362,1.7076141257115494,0.0
-0.14635440986511777,1.5740529298857788,0.0,-0.1437807100818964,1.5639984447366058,0.0,-0.14525888695070988,1.5624277571941634,0.0,-0.14678670286994544,1.5610698858393988,0.0,-0.13819874786445618,1.5677077018531025,0.0,-0.13554051118887156,1.5686611261737589,0.0,-0.13274598905814627,1.569663463657153,0.0,-0.14629318639770916,1.5600162290756676,0.0,-0.12655691700258576,1.5711756691621526,0.0,-0.15077097268498663,1.5766722222440894,0.0,-0.14511652311479584,1.5810670120942378,0.0,-0.19697915337611824,1.5854745506541528,0.0,-0.12618051543615785,1.6354342750922095,0.0,-0.25129615970030733,1.6344140608781417,0.0,-0.1470655193298684,1.70583801998341,0.0,-0.2908881499840648,1.681632430717664,0.0,-0.20573686527257834,1.7096658508766935,0.0,-0.3021226884082761,1.6953725802712498,0.0,-0.21628757093544143,1.7087974852344876,0.0,-0.29861021110626224,1.6978502682227938,0.0,-0.22051598326640282,1.703306461169833,0.0,-0.29225567751705567,1.6927818161817607,0.0,-0.2164893880834839,1.7037453857830949,0.0,-0.2592736899992174,1.7070582348013663,0.0,-0.22020131288160943,1.7345625265086633,0.0,-0.30919403403942436,1.785727363475236,0.0,-0.26188096319091353,1.814512371434812,0.0,-0.3549888939403827,1.8759086187196132,0.0,-0.3154853712314506,1.8990633418756873,0.0,-0.36207055731992516,1.8918512993810808,0.0,-0.33221822310003585,1.9037088849986694,0.0,-0.3723890892172555,1.9134104058599546,0.0,-0.32054362987303464,1.9381850553324973,0.0,-0.13642504946274203,1.5655959513361604,0.0,-0.16157982925780098,1.6104544174095432,0.0,-0.2006586627178548,1.6656324130314508,0.0,-0.2397374888457695,1.720810396993253,0.0,-0.22358087422291728,1.7045741381336494,0.0,-0.3017760589226463,1.6988390699029534,0.0
-0.1480061238935383,1.572756654356415,0.0,-0.14619250775509327,1.5629568489017536,0.0,-0.14771055720313983,1.5613157355290286,0.0,-0.14916885848873715,1.5599568783943243,0.0,-0.14070025341209189,1.566917618790507,0.0,-0.13816775219403207,1.5678045570174945,0.0,-0.13542842421153797,1.5686775070575623,0.0,-0.14775559920618572,1.559078105956572,0.0,-0.12837185076490973,1.5695519127202004,0.0,-0.1531827421709386,1.575736558992416,0.0,-0.14774375025291728,1.579925571929858,0.0,-0.19734709572016063,1.5856712453268846,0.0,-0.12574428179500918,1.6344714321921034,0.0,-0.2513695949135345,1.634935658627845,0.0,-0.13956003845168208,1.7065962930262788,0.0,-0.29605670496014025,1.6773639786583814,0.0,-0.19218400122937881,1.680372302756903,0.0,-0.30853498614943153,1.6904316246723974,0.0,-0.20634542444862,1.672103715891606,0.0,-0.3084244287619956,1.6924332763670795,0.0,-0.20812871267470376,1.666007363544051,0.0,-0.30203487504928017,1.6884313870964387,0.0,-0.20246015553039562,1.6696434582897257,0.0,-0.25820315899113,1.7071596442622272,0.0,-0.21936115822235125,1.7349883289637842,0.0,-0.3090530018101695,1.7852311886345364,0.0,-0.26286895724358345,1.8139582116909931,0.0,-0.35631639660665015,1.8746515414805855,0.0,-0.3139760824301038,1.900041664915405,0.0,-0.36382317197454045,1.890398520443889,0.0,-0.3288744155594326,1.9089640565527997,0.0,-0.38123982579456733,1.9076359849639561,0.0,-0.32281583115549084,1.938485822946944,0.0,-0.13806372814417875,1.564315004579737,0.0,-0.16154568447952633,1.6100713445957344,0.0,-0.20016392036975705,1.6655726804551205,0.0,-0.23878214784098306,1.7210740054177314,0.0,-0.2070162340172463,1.6692215599742917,0.0,-0.309534603819102,1.692627046353153,0.0
-0.15064727342774717,1.5705117094311984,0.0,-0.14920933055702748,1.5611630143704665,0.0,-0.15058057073108902,1.559719478343238,0.0,-0.15187536706700203,1.5585406770986259,0.0,-0.14379028976564381,1.5649739642228782,0.0,-0.14110297520078188,1.565938383632506,0.0,-0.13816335825185957,1.5668652870663273,0.0,-0.14956753574267626,1.5583669872815178,0.0,-0.13018322628046566,1.5679487250333115,0.0,-0.1553500750181044,1.574722457975988,0.0,-0.14967058551224058,1.5784741848439274,0.0,-0.19852365081933648,1.5858938709114783,0.0,-0.1258569311607085,1.6330952379905634,0.0,-0.25225909715927686,1.6354712311037403,0.0,-0.1396197008349177,1.7052302284822813,0.0,-0.2992255756980254,1.6753617066411457,0.0,-0.19254705068456682,1.679624081525553,0.0,-0.3122914544329162,1.688205914689018,0.0,-0.20816464627133804,1.6708882953208541,0.0,-0.31432153733440055,1.6892404321011643,0.0,-0.20860277078949332,1.6648229654488684,0.0,-0.3083584950188137,1.6862255408308493,0.0,-0.2031287995469502,1.6679452509090809,0.0,-0.25794492034988464,1.706965457092865,0.0,-0.21933519936228485,1.7351155221229924,0.0,-0.3099387576731484,1.7842798376168043,0.0,-0.2649003120917146,1.8129164954817842,0.0,-0.35961149888505634,1.8723845864745972,0.0,-0.3127651652987024,1.900844050840407,0.0,-0.3668187217461994,1.8882709001289508,0.0,-0.3250509590733027,1.9131171382226224,0.0,-0.3899474300488654,1.9004716317947696,0.0,-0.32365109260275704,1.9387596285231055,0.0,-0.13987539202526725,1.5631578495440452,0.0,-0.16219028472709263,1.6094945573328034,0.0,-0.2004151812423284,1.6652675231123761,0.0,-0.2386400411073324,1.7210404973375821,0.0,-0.207441125594324,1.66855607688786,0.0,-0.3139961450201316,1.689377600298292,0.0
-0.15455120015162327,1.5671141693683668,0.0,-0.1536131209350342,1.5586867908101567,0.0,-0.15463670129189855,1.5576617394912435,0.0,-0.1556863763636126,1.556799330650331,0.0,-0.14835138637467915,1.5619515028290374,0.0,-0.14538152680222394,1.5630298203692854,0.0,-0.14218477369211313,1.564094897357548,0.0,-0.15217266366345827,1.5577305474935559,0.0,-0.1329356770433865,1.5662637502355286,0.0,-0.15834349550004978,1.5734544123267977,0.0,-0.1523545342247219,1.5766340240137866,0.0,-0.20006787516615815,1.586537191150622,0.0,-0.12614554819143498,1.6317468225882061,0.0,-0.2534311956520836,1.6365148748074536,0.0,-0.14609628138531752,1.702420996989978,0.0,-0.3002005942823435,1.6766362344142132,0.0,-0.20091105421276056,1.6811531855381023,0.0,-0.3130881555826494,1.6899679889738954,0.0,-0.21539185070815103,1.6750135466120963,0.0,-0.31546733023257517,1.690684612534541,0.0,-0.21560910925331644,1.6696026673346993,0.0,-0.309752528933849,1.6879227401901282,0.0,-0.21168237784264055,1.6714485096852965,0.0,-0.25876547855615706,1.706471511343237,0.0,-0.22035812998380988,1.7348970683577085,0.0,-0.3123182368438742,1.7827143774696872,0.0,-0.2666900981370551,1.812243818002847,0.0,-0.3639817768877572,1.8696667013082944,0.0,-0.3107621522987858,1.902132377930324,0.0,-0.3690973933899041,1.8863445156344478,0.0,-0.3205988263693418,1.9164435360173957,0.0,-0.39666402706035453,1.8949851009032244,0.0,-0.32425160722304125,1.9392016246198427,0.0,-0.14255416568517199,1.5619971538124247,0.0,-0.16310670848100622,1.6091420147160285,0.0,-0.2013342531583558,1.6649131654428255,0.0,-0.2395617905777142,1.7206843044707874,0.0,-0.21677887087386563,1.6715330717920487,0.0,-0.31479806822420386,1.6908323165365555,0.0
-0.16108924704601627,1.5640929380311355,0.0,-0.16048658970148058,1.5561190887883867,0.0,-0.16139855035500997,1.5553791744738665,0.0,-0.16244485942897105,1.5547103327936735,0.0,-0.15516124494456732,1.5589003702597595,0.0,-0.1520833731442273,1.5599838138417788,0.0,-0.14886239536032989,1.5611020000743216,0.0,-0.15834093301547328,1.5564321639959873,0.0,-0.13885310963860034,1.564255153387847,0.0,-0.16422099162915374,1.571755537861497,0.0,-0.1579523657825517,1.5744458000251937,0.0,-0.20254264340583772,1.5881237658225373,0.0,-0.12682719627290978,1.6302615430009906,0.0,-0.2535414890397705,1.6405120334116856,0.0,-0.15191178016496953,1.6992806297329068,0.0,-0.2994046040644631,1.6816663141752086,0.0,-0.20530815336783523,1.6746674939542823,0.0,-0.31179911384223546,1.6957949030936186,0.0,-0.21777181945223298,1.669601807468019,0.0,-0.3135586387480528,1.6966066668322868,0.0,-0.21781432593135627,1.665191446832155,0.0,-0.3077553330769477,1.6936824148547804,0.0,-0.21518279817882555,1.6669175632704851,0.0,-0.26066330802208343,1.7069019256309135,0.0,-0.2216763055566314,1.7345271017335113,0.0,-0.3157241235611187,1.7820629470953322,0.0,-0.26627703769438105,1.8128849070013835,0.0,-0.3670414197647547,1.8692200644246026,0.0,-0.306952970918135,1.9043604098436575,0.0,-0.36927463718739556,1.8865212714009352,0.0,-0.31535260707442775,1.9195596043948633,0.0,-0.4009179178497247,1.8929167669777387,0.0,-0.3240043045484225,1.9399321186262075,0.0,-0.1485970262542047,1.5603436575831555,0.0,-0.16468491378938657,1.6091926575693383,0.0,-0.20292736817673998,1.6649535857169315,0.0,-0.24116978783187226,1.720714521008096,0.0,-0.22134335076940706,1.665329044491439,0.0,-0.31313621130589964,1.6967015380070813,0.0
-0.1707890746344104,1.5632512333801494,0.0,-0.16942914572670537,1.554747195051938,0.0,-0.17066892594696986,1.5539762833081758,0.0,-0.17203710058369365,1.5532718170530664,0.0,-0.1636734062978979,1.557424966919062,0.0,-0.1607395708912261,1.5584116234936118,0.0,-0.15773624750235332,1.559442829888046,0.0,-0.16873332104741828,1.5550593938504178,0.0,-0.1482922069273644,1.5626329163102506,0.0,-0.17307927374070803,1.5706261556343935,0.0,-0.1664947113380833,1.5729777337735176,0.0,-0.20741950059200828,1.590780886944555,0.0,-0.12912276936374895,1.6279028895717016,0.0,-0.2529014902166669,1.6480242398928961,0.0,-0.15594811402868586,1.6962642204975467,0.0,-0.298381805927457,1.6896011689254489,0.0,-0.2081833456247779,1.6692742278302755,0.0,-0.3105608267094091,1.7040687093075784,0.0,-0.21903959546320403,1.6643744265276192,0.0,-0.3114810529911046,1.7043538692332871,0.0,-0.21856737543735835,1.6602771516791759,0.0,-0.3054734002924583,1.7012661487995229,0.0,-0.21614488743505697,1.6622328245388327,0.0,-0.2636466888335955,1.7096421587238897,0.0,-0.22268026316171266,1.734236643544899,0.0,-0.3187286607252643,1.7847876770727833,0.0,-0.2637314752263786,1.8145109790553404,0.0,-0.3665308037133281,1.8739211899427954,0.0,-0.3026276645997837,1.9067573102349509,0.0,-0.36564571385098577,1.8913434641580138,0.0,-0.31063314933224817,1.9221677487998257,0.0,-0.401807661179806,1.8954779559730373,0.0,-0.3208102911002406,1.9417642600853275,0.0,-0.15851275659891167,1.5588461567996277,0.0,-0.1682711284095201,1.6093418903283196,0.0,-0.20571729687676701,1.6656406549024418,0.0,-0.24316345731689148,1.7219394082982067,0.0,-0.2237113454975538,1.659114729120766,0.0,-0.31170372948222064,1.7050005632612213,0.0
-0.18027700967019128,1.5633718951029316,0.0,-0.17806789489768482,1.5535662706798927,0.0,-0.1796579854006065,1.5526993974087193,0.0,-0.18128610892932973,1.5519498197115014,0.0,-0.1719701095470827,1.5562457737582946,0.0,-0.16925976525202568,1.5571232721745984,0.0,-0.16649264572483757,1.5579673090615478,0.0,-0.17924569328323015,1.553659275926712,0.0,-0.15843176928063363,1.5605499786953878,0.0,-0.18192572777754357,1.5694709517860728,0.0,-0.17525102727290587,1.5714815923349363,0.0,-0.21481840672501903,1.5932186922837859,0.0,-0.13355369333337683,1.6232930594002242,0.0,-0.2539617041300308,1.6549699279414527,0.0,-0.16211247233944334,1.6909485604628,0.0,-0.29864315948831177,1.6974042029087124,0.0,-0.2178882453497121,1.672346349057064,0.0,-0.3103278372018696,1.7111168515196737,0.0,-0.2275557081057186,1.6697718023230896,0.0,-0.31060815720471824,1.7098262022798985,0.0,-0.22663668432582176,1.6647027709256235,0.0,-0.3046610420110032,1.7064347281210253,0.0,-0.22352168517621576,1.6659046104549358,0.0,-0.26649152719186453,1.7131709509008994,0.0,-0.22340100298536536,1.733819036515547,0.0,-0.32006937319374484,1.789396189327534,0.0,-0.2623738491134827,1.8151227155116119,0.0,-0.3621356815454736,1.8813758267069953,0.0,-0.30166343840960697,1.9072021775909054,0.0,-0.35949787257095306,1.898619984752798,0.0,-0.30926507954107585,1.92281577598051,0.0,-0.398216667210805,1.9015578312608283,0.0,-0.318523340782508,1.942865017301985,0.0,-0.16883874032934998,1.5571046246703315,0.0,-0.1741860454901926,1.6082558832326737,0.0,-0.20956615110617668,1.665875450673359,0.0,-0.2449462493657153,1.723495006492283,0.0,-0.234114158620266,1.6633433532993223,0.0,-0.31230564215297874,1.7125022677034223,0.0
-0.18747491066267963,1.5601800330655777,0.0,-0.18490456830597102,1.549711350559095,0.0,-0.1864162422107919,1.5489842780660437,0.0,-0.18792140423160075,1.5483943499858497,0.0,-0.1790494118984326,1.5520450336036906,0.0,-0.17649308721551915,1.5528190827395514,0.0,-0.17384708614163424,1.5534478908466822,0.0,-0.1861165154620541,1.550646973752665,0.0,-0.1668415928911836,1.5556840113410606,0.0,-0.18846497695954356,1.5658051271922386,0.0,-0.18225624772640714,1.567355003216501,0.0,-0.22250855185701163,1.5940513106263934,0.0,-0.1383863607125575,1.6148329890267528,0.0,-0.25880537929887115,1.6575174681801776,0.0,-0.17178328327526632,1.6802357125609144,0.0,-0.30117410393584776,1.702261085798416,0.0,-0.2305236339305293,1.6827950736088064,0.0,-0.3110384246999077,1.7140919635398677,0.0,-0.239228149824096,1.6848803895407325,0.0,-0.31123887730695066,1.7111036760020937,0.0,-0.23830144702389408,1.6788623417177262,0.0,-0.306065968944239,1.7071237501447247,0.0,-0.23426740019186507,1.6785243060075052,0.0,-0.2676038132161826,1.7140050671086955,0.0,-0.22334619347417548,1.7320161695378282,0.0,-0.32069614763318655,1.7905692661938521,0.0,-0.264039021640421,1.8124727708173596,0.0,-0.357866670017236,1.8846340324801552,0.0,-0.30600798324325373,1.903362294008155,0.0,-0.35732840806726285,1.902070468382251,0.0,-0.3121088699440156,1.919621094210752,0.0,-0.39371219863352236,1.905231336007845,0.0,-0.32393578872804674,1.9385004247891362,0.0,-0.17647905490195603,1.5531654881567234,0.0,-0.18044745100506113,1.60444215689957,0.0,-0.21296120676761315,1.663726405327487,0.0,-0.2454749850764516,1.7230106257044844,0.0,-0.2489644032195693,1.680728138170566,0.0,-0.31530595076812606,1.71692075490166,0.0
-0.1934863116007184,1.553093144444871,0.0,-0.1906481315909285,1.5433020941764557,0.0,-0.19174599064456585,1.5428904322859485,0.0,-0.19289388679412653,1.5425763052435626,0.0,-0.18545445045741002,1.5449792306931818,0.0,-0.18294810735478104,1.545642251897924,0.0,-0.18032162160706086,1.5461336042749145,0.0,-0.1900921754882425,1.5458816330691196,0.0,-0.1735426794079222,1.5486513413553917,0.0,-0.19345879098374638,1.5596580114036298,0.0,-0.188067744227101,1.5607537417148263,0.0,-0.22810846308414223,1.5962134650168494,0.0,-0.141589655159738,1.6010006432483563,0.0,-0.2656551293194677,1.6589483093348119,0.0,-0.18183903597553822,1.6624242382773862,0.0,-0.30531394828513425,1.7061105635555291,0.0,-0.23452273179280136,1.6885280180632871,0.0,-0.31263477096117365,1.715706252375463,0.0,-0.24258681047036237,1.6949697839620095,0.0,-0.3129852925162927,1.711943953387559,0.0,-0.24213151970515215,1.6898477285279283,0.0,-0.3093350736252459,1.707522654969118,0.0,-0.23779741512301267,1.6882758720887585,0.0,-0.26739372214751855,1.7110011655005435,0.0,-0.2228597187798558,1.7283176102854712,0.0,-0.3217884414120405,1.7866456436303604,0.0,-0.2682140503774663,1.8062416473918421,0.0,-0.360262549704966,1.8801847850732032,0.0,-0.31260719856642505,1.8959720634041581,0.0,-0.36324822574068943,1.8973721281344327,0.0,-0.3167008625772472,1.9128484172025948,0.0,-0.39620654413768297,1.9006097721873632,0.0,-0.34050915650859614,1.9238570985892753,0.0,-0.18181743446554363,1.5472664823993112,0.0,-0.18484905224252834,1.5986070532828631,0.0,-0.21498787828361174,1.6591332260539478,0.0,-0.24512669869072345,1.7196593862666405,0.0,-0.2511516300795896,1.696762939790001,0.0,-0.31950388000032354,1.7207140162645924,0.0
-0.19970586335432672,1.5468310472938411,0.0,-0.19718447949683265,1.5381843621542237,0.0,-0.1978914164204469,1.5380017398272625,0.0,-0.198742749263284,1.53786219836879,0.0,-0.19255465343536332,1.539332624276863,0.0,-0.18998873422747758,1.53991222061778,0.0,-0.18729392265240014,1.5404036252227427,0.0,-0.19454392930268744,1.5420516242323012,0.0,-0.18007019158567844,1.5435154289259623,0.0,-0.19940522418341883,1.5546423555470787,0.0,-0.19463811428710825,1.5555056166318932,0.0,-0.22495256426418436,1.6161355579492862,0.0,-0.15021306869751921,1.5722900450372426,0.0,-0.2648021141405966,1.6774334062935246,0.0,-0.19586430335629382,1.6298125228739548,0.0,-0.30425413278530206,1.7247687880896914,0.0,-0.23998413763139623,1.6686766367531394,0.0,-0.31047874574950035,1.732939695510484,0.0,-0.24773883494477186,1.6774785375548014,0.0,-0.3101786830530939,1.7289948268491295,0.0,-0.24804528012124535,1.6746633267313344,0.0,-0.30789788199433415,1.724811762389118,0.0,-0.2443787561063505,1.6726097368353863,0.0,-0.26750242760432097,1.7041924931467605,0.0,-0.2258043435162045,1.7275250133559954,0.0,-0.32280606093772257,1.7791750290836248,0.0,-0.27594106222557985,1.802461522419856,0.0,-0.36753728107990175,1.8698885668571668,0.0,-0.31635174603297284,1.8940545123158576,0.0,-0.37211285046025816,1.8867225559191874,0.0,-0.31849350492466716,1.911287685889328,0.0,-0.40564466183828823,1.885919111642923,0.0,-0.3536139640818927,1.9070013864697475,0.0,-0.18730706211825293,1.5427835280415945,0.0,-0.18758281588862236,1.5942127890206603,0.0,-0.21711808563538237,1.6550357638446198,0.0,-0.24665334821454032,1.7158587268602843,0.0,-0.25353815967743415,1.681350337098854,0.0,-0.31850623276081835,1.739311574596942,0.0
-0.20697414957452845,1.5449686747874063,0.0,-0.20532103937971838,1.5371463414142004,0.0,-0.2057680057605278,1.5370219988279807,0.0,-0.20642257966770686,1.5369129352727469,0.0,-0.20102929933428662,1.5381006277046931,0.0,-0.1983367100888576,1.5386335193520349,0.0,-0.1955106934332226,1.5391696703939926,0.0,-0.2010361593167536,1.5415086111739167,0.0,-0.18743739519478844,1.542817331750227,0.0,-0.2074252330318931,1.5535411259477943,0.0,-0.20290747035426107,1.554413961930114,0.0,-0.1867761917583349,1.6366101159828625,0.0,-0.19522929802506228,1.5503722693346662,0.0,-0.22659834757875627,1.6979257644161947,0.0,-0.2426807312518214,1.6064189656429408,0.0,-0.2692744454121706,1.7423763079296763,0.0,-0.2831863549088268,1.6490367269195936,0.0,-0.27677426664349647,1.7505614098142663,0.0,-0.29079393672166587,1.65868243049584,0.0,-0.2751091919882125,1.746226145567917,0.0,-0.29191781369817804,1.6572734591096572,0.0,-0.272830993191588,1.7427622821403765,0.0,-0.28921315190297636,1.6551274206667488,0.0,-0.2290626591647825,1.7210137974928597,0.0,-0.2748613643829707,1.707389726285105,0.0,-0.28310071180477,1.7969134774808309,0.0,-0.327097702787723,1.7808780648408602,0.0,-0.3294742788611164,1.8867985166657277,0.0,-0.35677404147173525,1.8764898532677166,0.0,-0.3334855503628841,1.9037758169173518,0.0,-0.3558555517325857,1.8938313001266895,0.0,-0.3697323793052671,1.89620256808102,0.0,-0.3955597971196606,1.8836842679834067,0.0,-0.19423677544876686,1.5421629690705942,0.0,-0.19100278336991625,1.593491189575777,0.0,-0.22148240497288726,1.6538464635159191,0.0,-0.25196202127537903,1.7142017247255068,0.0,-0.2957031019615351,1.6627358231414606,0.0,-0.28439040649363184,1.75601898778707,0.0
-0.21436485573230205,1.5447362121219346,0.0,-0.2136055455574307,1.537389960421091,0.0,-0.21382054460435593,1.5372773836094775,0.0,-0.21427350864560044,1.537179070914554,0.0,-0.20963442369303262,1.5382829475644657,0.0,-0.2068438643351008,1.538751481412356,0.0,-0.2039054026751916,1.5392407120138993,0.0,-0.20805120756666137,1.541928868995263,0.0,-0.19494338364759697,1.5432828422419662,0.0,-0.21589633200480038,1.5537052718875213,0.0,-0.2114982907974486,1.5546562228767253,0.0,-0.18759247662161616,1.6361997585068715,0.0,-0.20527722960493436,1.5513724591748468,0.0,-0.22420120466480398,1.699486517533115,0.0,-0.2512681693054599,1.6086236962602425,0.0,-0.2714732610736019,1.7390143915945226,0.0,-0.29249295901109107,1.6505461942512163,0.0,-0.2809000598661129,1.748316744564759,0.0,-0.3003448658793588,1.6605782323229854,0.0,-0.2789533377371295,1.7437299198110008,0.0,-0.302375823604492,1.6586109359567363,0.0,-0.27531020690958463,1.740613113277445,0.0,-0.2999676168957288,1.6563116726239786,0.0,-0.23656420790610586,1.721876790206444,0.0,-0.2814396750624007,1.7054655390836537,0.0,-0.2900018239990651,1.7982004021604128,0.0,-0.3339210181998814,1.7787791092879965,0.0,-0.3303209394979072,1.8909592126109083,0.0,-0.35404390858016027,1.8768472919295314,0.0,-0.3316413103711631,1.9083539142079964,0.0,-0.3491675012556255,1.8935143268838575,0.0,-0.3708021357347384,1.8993510887794385,0.0,-0.39278205188393117,1.8842938144507102,0.0,-0.20149728941374143,1.54260585505646,0.0,-0.19643476390997275,1.5937860832751622,0.0,-0.22771835013321634,1.653728586213084,0.0,-0.2590019303318084,1.7136710767818195,0.0,-0.3054809665534469,1.6637993393178472,0.0,-0.28714825233858116,1.7520109158202688,0.0
-0.22031222435307243,1.5414903886592441,0.0,-0.22007955180265837,1.5344058946465526,0.0,-0.2200706286035231,1.5343616068702044,0.0,-0.22032580915041244,1.5343429060527431,0.0,-0.21642593789668285,1.5351616110773112,0.0,-0.21358367638855236,1.535542388475775,0.0,-0.21058409672122336,1.5359132049237476,0.0,-0.2136065225779361,1.5393121145561832,0.0,-0.20115056393611364,1.5403025413641174,0.0,-0.22258311710758583,1.5507293457192233,0.0,-0.21834299354563946,1.551674977511339,0.0,-0.21128431502456121,1.6334852535217816,0.0,-0.1940782060822117,1.5485595741598546,0.0,-0.2436919637475442,1.6990227019099637,0.0,-0.23713778690798698,1.6080469104714938,0.0,-0.29353160530111816,1.7352595653882277,0.0,-0.28117133115984205,1.647008764953752,0.0,-0.3033557062491988,1.745895595416013,0.0,-0.2903957530862157,1.6576666692116788,0.0,-0.30319145312833745,1.7418783059652985,0.0,-0.29356835670326553,1.6544574991330014,0.0,-0.2983365735009423,1.7382763769712817,0.0,-0.2906514684967596,1.6516944123656487,0.0,-0.24381375203754013,1.6995169477500998,0.0,-0.2854669426579334,1.7229295175632753,0.0,-0.3011086731366726,1.7729891504640696,0.0,-0.33960614979583453,1.7950274870499434,0.0,-0.33155413409190193,1.8694407025408688,0.0,-0.3564238355214916,1.8937162129040308,0.0,-0.32979693596092025,1.8867967181442025,0.0,-0.34925100005784426,1.9095313902338917,0.0,-0.3710822437357976,1.8815518289283253,0.0,-0.3951578813159472,1.9011840198562042,0.0,-0.20737854731642202,1.5398073311734184,0.0,-0.20268137856168972,1.5910223829715404,0.0,-0.23366105459866318,1.6511225168989623,0.0,-0.2646406955063897,1.7112226534616441,0.0,-0.2953978594091637,1.658922626126718,0.0,-0.30877537690722395,1.7487592846567335,0.0
-0.2255566420296462,1.5357162846270207,0.0,-0.22556923894359762,1.528759741133644,0.0,-0.22538425171747303,1.5288323640854842,0.0,-0.22550325318350548,1.5289423281691763,0.0,-0.22210134003081308,1.5293249441104702,0.0,-0.21918414706912084,1.5296676361871038,0.0,-0.2161341314477873,1.5299794369531936,0.0,-0.21841598868095427,1.5343162192455115,0.0,-0.20671635544431835,1.5347834576289494,0.0,-0.2281402439113294,1.545231872640534,0.0,-0.22409842160185214,1.5460436900471661,0.0,-0.22832837552155932,1.6246754469813782,0.0,-0.1898279681166427,1.547047231559218,0.0,-0.25838706681886286,1.6913229369152032,0.0,-0.23063860451312046,1.6080993620647135,0.0,-0.3075823851317806,1.7284298203874346,0.0,-0.27750724335496624,1.6436002045503413,0.0,-0.3161743247257832,1.7393523683364627,0.0,-0.28918626559837,1.6555068393015395,0.0,-0.3183471524544037,1.7362063545342536,0.0,-0.2933258060056496,1.651885270185931,0.0,-0.31367409320505324,1.7319916509385025,0.0,-0.2896625503730268,1.6482619685311664,0.0,-0.25848722299084215,1.6856409454053867,0.0,-0.28057857068567826,1.7280096729380219,0.0,-0.320194508438391,1.7554484197766402,0.0,-0.3382503434999522,1.7973143450321878,0.0,-0.3439298471201304,1.8537665853843397,0.0,-0.3584908947167004,1.8953583109368388,0.0,-0.34143694617184545,1.8710322874481633,0.0,-0.35197671318836,1.9114559766551762,0.0,-0.3827938282517643,1.8678641669142615,0.0,-0.3976283178168638,1.9002935472392575,0.0,-0.21256618128263563,1.5345498311262973,0.0,-0.20907802272662956,1.585861405599148,0.0,-0.2393055891038605,1.6463433091435966,0.0,-0.2695331194881323,1.7068252153014933,0.0,-0.29246414349043803,1.6545831610018154,0.0,-0.32222719155618024,1.742577068808928,0.0
-0.23243421123875768,1.5323278299332765,0.0,-0.2327445169661119,1.5254021186063058,0.0,-0.23238189587065963,1.5256002972514284,0.0,-0.2323820484822691,1.5258359000052375,0.0,-0.22943798163590426,1.5258114547363753,0.0,-0.22643736158638791,1.5261915841408393,0.0,-0.2233641214223692,1.5265391480220103,0.0,-0.2247907528905018,1.531672552051217,0.0,-0.21401701341757365,1.5318459965564641,0.0,-0.23519030893471934,1.542192463974655,0.0,-0.23147163703960918,1.5427651228915604,0.0,-0.2365124308349643,1.6215456840489992,0.0,-0.1965281843474149,1.5446712329433132,0.0,-0.2670786327346948,1.687961948159613,0.0,-0.2368567615132752,1.6060428594992617,0.0,-0.31547332061334793,1.7261071225602997,0.0,-0.2853472871076581,1.6392941459654606,0.0,-0.3228546328171526,1.7349261619926428,0.0,-0.29901307550258416,1.6528383294492346,0.0,-0.32600775141056687,1.7319307881575168,0.0,-0.3032098522917622,1.6495552948640169,0.0,-0.3223502027341227,1.7281985056991953,0.0,-0.29894579874661054,1.6448604818787462,0.0,-0.2537975689505236,1.6977809173003868,0.0,-0.2998519047552084,1.7105141364326844,0.0,-0.3141609055664284,1.7687537300387408,0.0,-0.3610264910725859,1.7767473678389718,0.0,-0.3378422977260017,1.8670849034080463,0.0,-0.39043312359844595,1.872442451972689,0.0,-0.3362045796331308,1.8844526005018745,0.0,-0.3867735965639483,1.8894182366216319,0.0,-0.3773551360694687,1.8792457603036699,0.0,-0.42987876007682607,1.8728115144300042,0.0,-0.21940388405875835,1.5317592723098614,0.0,-0.2165204464918736,1.5831083785610185,0.0,-0.24667262017871827,1.643627903075081,0.0,-0.27682478821377643,1.7041474150394906,0.0,-0.3001563421622418,1.6504756522355373,0.0,-0.3312394426378942,1.7389929438152567,0.0
-0.24142504578515148,1.533608953266712,0.0,-0.24195595445469434,1.5266257581935985,0.0,-0.2413931960258264,1.5269136404244703,0.0,-0.24125315487006424,1.5272302101118005,0.0,-0.23895405895876096,1.526938945805819,0.0,-0.23598107530568843,1.5273575958198202,0.0,-0.23298677383190283,1.5277472667583536,0.0,-0.23325267572812716,1.5332658114568372,0.0,-0.22351674266801327,1.5334518917360882,0.0,-0.24425610581954835,1.5437965965789369,0.0,-0.2410108552808253,1.544126390625728,0.0,-0.23467247505086258,1.6270554923058511,0.0,-0.21635733760383627,1.542362063161754,0.0,-0.26761460652028984,1.6923259206117607,0.0,-0.2570092681792711,1.603519983522371,0.0,-0.31882362332906866,1.726600353392031,0.0,-0.3059461687348394,1.6361107627105271,0.0,-0.32632688015178646,1.7315239872948789,0.0,-0.31982697464600784,1.6506876290818144,0.0,-0.3290715221550617,1.7278048443509868,0.0,-0.32329633061330626,1.6474679502185583,0.0,-0.32603277426243926,1.7258865476627074,0.0,-0.31851644679850644,1.6419833100671362,0.0,-0.26289419786813584,1.7061616426991888,0.0,-0.3106431074532631,1.704378850127202,0.0,-0.31571316417137185,1.7829146840334325,0.0,-0.37413438006517974,1.7683947017246022,0.0,-0.3425305567547541,1.8804372734464945,0.0,-0.4158433009776786,1.8594038500569818,0.0,-0.3419916811925376,1.8978736903956022,0.0,-0.41426863292274596,1.8766980636291648,0.0,-0.3831871727615857,1.8879332996781606,0.0,-0.4550281560600189,1.854860549884431,0.0,-0.22838471874461794,1.533358843560977,0.0,-0.22551511818367012,1.5847087249397627,0.0,-0.256141883008844,1.644989465660107,0.0,-0.28676866988884975,1.7052701797487058,0.0,-0.32022207439562067,1.6479654120786833,0.0,-0.3380710522945729,1.7332450107440285,0.0
-0.25025214365713966,1.5357963949075484,0.0,-0.2503642049267203,1.5287391871678113,0.0,-0.24971165737361525,1.5290182468651032,0.0,-0.24950016294397556,1.5293310296211575,0.0,-0.24768028444616721,1.5290308269453632,0.0,-0.24489542973364023,1.5294155074145908,0.0,-0.24208906808019817,1.5297824111601293,0.0,-0.2417845473669151,1.5350568200017751,0.0,-0.23265576045795713,1.535478057277555,0.0,-0.2528256774230588,1.5460840719961584,0.0,-0.2499763046979057,1.546296709492838,0.0,-0.21548567294756407,1.625398829663859,0.0,-0.2542197647137568,1.5478869509929947,0.0,-0.25080967728425896,1.6894115436713675,0.0,-0.2946614807276024,1.6091840821509944,0.0,-0.306691723045175,1.7153787750699196,0.0,-0.34333293236764945,1.6421699718513993,0.0,-0.3154672707988132,1.7183074865371892,0.0,-0.35621934378644793,1.6562781518219298,0.0,-0.31744825129554977,1.7134601463260863,0.0,-0.35922622152812717,1.6523725799154896,0.0,-0.3146928025554826,1.7135010786566183,0.0,-0.35399484947260573,1.6468471933315714,0.0,-0.2726829427878868,1.7121501966400388,0.0,-0.3194397142431425,1.7023043325834393,0.0,-0.31775626028011794,1.793693244201698,0.0,-0.3838819300459864,1.7653628116012587,0.0,-0.3451352702770374,1.891059654233025,0.0,-0.4362422618977899,1.8506897991974418,0.0,-0.3454205850874263,1.9085020628497744,0.0,-0.43451414253948395,1.8679693537648185,0.0,-0.3863921130169537,1.8937098922462228,0.0,-0.47480877019683565,1.8424001139258799,0.0,-0.23722014864471894,1.5352674429388267,0.0,-0.2348528130172431,1.5866429297688474,0.0,-0.2654570681848185,1.6469351016578067,0.0,-0.2960613449737134,1.7072272471483545,0.0,-0.3575085289245503,1.6541443885943323,0.0,-0.32702664832958384,1.7164303485505157,0.0
-0.25686628725504534,1.5340498965121396,0.0,-0.2559189180684663,1.5269139078466847,0.0,-0.2553614661808239,1.5270794811695518,0.0,-0.25519838189759153,1.5273034588346897,0.0,-0.2533935507609503,1.5272500890206822,0.0,-0.2508754898628194,1.5275414337509239,0.0,-0.24830548367965452,1.527831750321414,0.0,-0.24842194673746534,1.53238429522209,0.0,-0.23935633960252686,1.5331028894049012,0.0,-0.2589646672018782,1.5440677289047848,0.0,-0.2562969394163538,1.5442757701756855,0.0,-0.21180830934508582,1.614336499176823,0.0,-0.27399287749774465,1.553991651146978,0.0,-0.2476595170266944,1.6780554425512708,0.0,-0.3135356378904967,1.6158725107310767,0.0,-0.3040071035096173,1.7029963655991571,0.0,-0.3616460981306007,1.6496713678058668,0.0,-0.31415097620836185,1.7088625144122844,0.0,-0.37354243266267617,1.6621005186225202,0.0,-0.31547527432312317,1.70294827065026,0.0,-0.3769084758852472,1.6571153899215343,0.0,-0.3135764945101391,1.7038103390037371,0.0,-0.37160399880160333,1.6522403628332734,0.0,-0.27971861072444626,1.7130764656697979,0.0,-0.32509860785991895,1.698116767279615,0.0,-0.32238110854990526,1.7959063143639202,0.0,-0.388956674194218,1.7617667344254457,0.0,-0.3447512745905168,1.894544053906731,0.0,-0.44596322460305843,1.8440622529811637,0.0,-0.34509330094029156,1.9119854426378713,0.0,-0.44373790566036914,1.861284835777214,0.0,-0.3860540872529651,1.8963408567794708,0.0,-0.48412455434527113,1.8340718897951716,0.0,-0.24388914409659293,1.5327435888783854,0.0,-0.2429006154441019,1.584164088060112,0.0,-0.27265462481583513,1.6448803573110853,0.0,-0.30240862913183364,1.705596613723913,0.0,-0.3766213060985394,1.6606293484772514,0.0,-0.3236692005932201,1.7082894678447746,0.0
-0.26202836783371697,1.527743236066652,0.0,-0.2602245329916167,1.5206030070573664,0.0,-0.2597658438778849,1.5206540107605455,0.0,-0.2596204256922092,1.520776565517667,0.0,-0.2578578373062794,1.520963694339053,0.0,-0.25558335732414483,1.5211710957385074,0.0,-0.2532538986477005,1.5213748433302898,0.0,-0.25349163384483836,1.5253604161931964,0.0,-0.244769263431054,1.5262498127696347,0.0,-0.26403508772351364,1.5374070123781916,0.0,-0.26155403806519706,1.5375571220144726,0.0,-0.21404990011461708,1.6021135461830431,0.0,-0.2849891830880134,1.5523537297515058,0.0,-0.24811675524409882,1.6668040572227065,0.0,-0.3235972675061024,1.6148220137035343,0.0,-0.29869024801781063,1.7020094825659458,0.0,-0.37120136228716183,1.6493304081047901,0.0,-0.3096550308230163,1.713641159924116,0.0,-0.38231816205494334,1.6603059689601416,0.0,-0.31051716331346596,1.7073182556497106,0.0,-0.38629004136390793,1.6543553934205406,0.0,-0.30996169119522293,1.7077738214937614,0.0,-0.3815343705613055,1.650193917278309,0.0,-0.28445579922249287,1.7076876738659192,0.0,-0.32945906896125937,1.691630201189299,0.0,-0.3307328535448814,1.7885536543437517,0.0,-0.39148849866364754,1.7570635321790748,0.0,-0.34360733772070934,1.888873521010361,0.0,-0.4459449529747164,1.8410682567351178,0.0,-0.3426527478212928,1.90629212546131,0.0,-0.4440944606393019,1.8583351348744943,0.0,-0.38447405165026627,1.895123523169764,0.0,-0.484209477749341,1.8314807342160278,0.0,-0.24913044696796058,1.5258051128689016,0.0,-0.24951955217336672,1.5772336411594707,0.0,-0.2782385040848155,1.6384462887623785,0.0,-0.3069574501547325,1.6996589239144277,0.0,-0.38703880246293954,1.6590004485781344,0.0,-0.3150325450966732,1.7141562648268485,0.0
-0.2675468365940439,1.5199923910675466,0.0,-0.26574937298934526,1.5130786148031692,0.0,-0.2651560635592284,1.5131118607938738,0.0,-0.26481425348807763,1.5131890770684724,0.0,-0.263813016446714,1.5133686320785797,0.0,-0.2617269635568753,1.5135451519760295,0.0,-0.25963000411476855,1.5136799774698644,0.0,-0.2583297786880955,1.517671500437866,0.0,-0.2509441003620051,1.518600110487995,0.0,-0.27022150635886283,1.5297564433451303,0.0,-0.26814882615063024,1.5297052092348677,0.0,-0.21366306379426372,1.5815255741486027,0.0,-0.2969448950490164,1.55759739446575,0.0,-0.24576256513707795,1.6472144990182378,0.0,-0.33503393978384244,1.6203835024318756,0.0,-0.28974497072740474,1.6903729065817596,0.0,-0.38224528000994346,1.6554273104174821,0.0,-0.30096477241766256,1.7055317462340494,0.0,-0.39258793049025703,1.6663800066703358,0.0,-0.30201515054391576,1.6999760204056333,0.0,-0.39668503878696526,1.6598850356162178,0.0,-0.3022204535736675,1.6994996647514387,0.0,-0.3927582459340317,1.6559157146280277,0.0,-0.2891267267221831,1.6986615605946196,0.0,-0.33516432698208976,1.6858679653904938,0.0,-0.3428446700369903,1.7747881336254978,0.0,-0.395083069993291,1.7532394370203959,0.0,-0.3470719213942751,1.875842368256028,0.0,-0.441609214039917,1.8418826380231956,0.0,-0.34371458248182446,1.8929609925676258,0.0,-0.4401808399468507,1.8591895484931138,0.0,-0.3865839598072403,1.8880058239675086,0.0,-0.48041696953608554,1.8348078548016746,0.0,-0.25463692533056653,1.5181358148213036,0.0,-0.255303987834053,1.569561488882138,0.0,-0.28372477226598247,1.6309131427940227,0.0,-0.31214555294239477,1.6922647832885356,0.0,-0.39800336131345343,1.6652261403328048,0.0,-0.3037587338750271,1.7051454972668738,0.0
-0.27384709581196864,1.5141182247637155,0.0,-0.2726473995283668,1.507413859699507,0.0,-0.27167130961607294,1.507489503608298,0.0,-0.2709337662394975,1.5075521308579871,0.0,-0.2714398635802086,1.5075795506879164,0.0,-0.2695276994217998,1.5077597033740406,0.0,-0.2676732544144154,1.5078448547397894,0.0,-0.2634744065930905,1.5121033930459313,0.0,-0.2583102648137206,1.5131084592172377,0.0,-0.27754598030358724,1.5243054195026955,0.0,-0.27603074124828625,1.5240214346874346,0.0,-0.2174634680960929,1.5659479897621138,0.0,-0.3040301647167669,1.5621233020305594,0.0,-0.24973519244589185,1.631552476228182,0.0,-0.3419569584839256,1.6250075528163401,0.0,-0.29243081671109966,1.67598426455068,0.0,-0.3887804384291147,1.6605679359680892,0.0,-0.30304536992930386,1.6902976022608873,0.0,-0.39878938491820337,1.6726197636612414,0.0,-0.3052971051769636,1.6863794606503155,0.0,-0.4025375880521317,1.6661758845097858,0.0,-0.3051553530514469,1.6848454014800651,0.0,-0.3990594449867999,1.6619044482088647,0.0,-0.29569299640573365,1.690617576633795,0.0,-0.3425782867414153,1.6814031170143182,0.0,-0.3563227819200486,1.7613629062597616,0.0,-0.4005284887656867,1.7504751449197389,0.0,-0.3612362207050543,1.8623861021610293,0.0,-0.4368417006454244,1.8437684984174423,0.0,-0.3563877940592237,1.8791435417612392,0.0,-0.43453852100370194,1.8609808418401568,0.0,-0.3998748803919411,1.8770900068123026,0.0,-0.4761892399561278,1.8409639316996473,0.0,-0.2608923427649617,1.5126059226510287,0.0,-0.2607468263779192,1.5640357170310946,0.0,-0.28994125981407176,1.6250230229380775,0.0,-0.31913565840231806,1.686010330278993,0.0,-0.40367485314963575,1.6716354833120395,0.0,-0.3064576371958539,1.6907444576454895,0.0
-0.27999172125127886,1.5103794434832087,0.0,-0.27911808884958383,1.503720270124511,0.0,-0.2777139358405087,1.503786872967625,0.0,-0.27657537634553886,1.5037898263404363,0.0,-0.27871686783935445,1.5038207634105656,0.0,-0.27700347530317193,1.5040026116821492,0.0,-0.27541044744352366,1.5040613166119001,0.0,-0.26837851295396264,1.508286931420627,0.0,-0.265687374112535,1.5095172800041745,0.0,-0.2840521584502856,1.520908121767205,0.0,-0.28306770378776663,1.5205529175570502,0.0,-0.2234737098214512,1.5672969659296236,0.0,-0.30899585576963406,1.5533548085465636,0.0,-0.25794539162945196,1.6317726667037435,0.0,-0.3473553030151162,1.6159760788096829,0.0,-0.30209822947417925,1.674756699264548,0.0,-0.39421226998549364,1.6514923253795792,0.0,-0.31081846343809705,1.6860311666869148,0.0,-0.40483247961343966,1.664320020109515,0.0,-0.3147562275363998,1.6835025132732209,0.0,-0.4081779820688723,1.6584883071559795,0.0,-0.3136784144201017,1.6808547046730409,0.0,-0.4045317512943591,1.6539310273591592,0.0,-0.30352931992184423,1.6844545709846346,0.0,-0.3508225767696996,1.6776366114172316,0.0,-0.3667101484655277,1.7529312492038076,0.0,-0.40638314803073694,1.748645018488284,0.0,-0.3841866715890915,1.8525525277054984,0.0,-0.4342071077991461,1.8448121980594667,0.0,-0.38130217600105915,1.8697571406943834,0.0,-0.4303658502198908,1.8617477861146043,0.0,-0.423922449427947,1.8639638726715357,0.0,-0.47365050191119673,1.8453717561023588,0.0,-0.26703293387653276,1.508902110086479,0.0,-0.2662347945295034,1.5603259168162171,0.0,-0.29670536943049014,1.6206857585212218,0.0,-0.32717596577264213,1.6810455739962407,0.0,-0.4086577541971222,1.663139736249341,0.0,-0.3169606938793877,1.6886751095513406,0.0
-0.28483942820616737,1.5064275713140587,0.0,-0.2837322828847223,1.4997114124740736,0.0,-0.28211731180643085,1.4996790728456344,0.0,-0.28079345985818177,1.499564290384359,0.0,-0.2838469367288499,1.4998922886369375,0.0,-0.2822951072524073,1.500088689234325,0.0,-0.2808813998459337,1.5001860311766204,0.0,-0.27242950358734974,1.5039613900925008,0.0,-0.2713720715779816,1.505604951383204,0.0,-0.28821365317639114,1.5169774767831192,0.0,-0.2875701934971581,1.5168205590256099,0.0,-0.22917584331195143,1.5653788957082795,0.0,-0.31386515190124187,1.5470447142227863,0.0,-0.266008620656883,1.6285355212518011,0.0,-0.3539343311133443,1.6085860138484358,0.0,-0.3106527454433246,1.6710090691020067,0.0,-0.40221504021773186,1.642141225849766,0.0,-0.3171330230635797,1.6801071021112055,0.0,-0.41414392980708553,1.6545295408827583,0.0,-0.32202854570421285,1.6778509203776433,0.0,-0.41720231399562185,1.6495074681607176,0.0,-0.3202963823415208,1.6743694257563841,0.0,-0.41303142583880964,1.6451003450543829,0.0,-0.3103463625010877,1.67849756274409,0.0,-0.3578837799240777,1.6736673804814035,0.0,-0.37207893281798204,1.7482826780443328,0.0,-0.4110153019540068,1.746511133270536,0.0,-0.4028034439836665,1.8446457020962461,0.0,-0.43680932283458257,1.843242553453859,0.0,-0.40374995232002314,1.8620647475598728,0.0,-0.4327626831397566,1.8601302445258725,0.0,-0.4438114258856303,1.8498893892265964,0.0,-0.476256099265267,1.8434576662370885,0.0,-0.2719007790284523,1.5047831742680307,0.0,-0.27152049670419215,1.5562117685551449,0.0,-0.30281779569422695,1.6161471128970124,0.0,-0.3341150883182859,1.676082445047829,0.0,-0.4171746330799184,1.6531205143273986,0.0,-0.3258428924248232,1.6845690996251306,0.0
-0.28819729916914477,1.5006905269179747,0.0,-0.28680896110366644,1.4938708751955794,0.0,-0.2853507186908484,1.4937114184086218,0.0,-0.2841611552803277,1.4934867589336804,0.0,-0.286824846927191,1.494282782180943,0.0,-0.2852832824804978,1.494549504620686,0.0,-0.2838295206666557,1.4947780871958234,0.0,-0.27592297584228564,1.4980291006730815,0.0,-0.2745674630132431,1.5002817449420822,0.0,-0.29074646260949905,1.510913778587886,0.0,-0.2900819789640021,1.5111469973659755,0.0,-0.23285895549084445,1.5552760430085004,0.0,-0.3189997818978582,1.5458856635701475,0.0,-0.2703813633313824,1.6180253995536813,0.0,-0.36213028158208016,1.605321601178087,0.0,-0.31523172293641655,1.6602811138208688,0.0,-0.4134808711962587,1.6339589207166358,0.0,-0.32120025844010425,1.6689681580634304,0.0,-0.42680582034572284,1.6452999531325794,0.0,-0.32549148365715674,1.6662509084216937,0.0,-0.429678874349426,1.6408038987423001,0.0,-0.3239188460094609,1.6625828931845787,0.0,-0.4248026634625489,1.6369166619613797,0.0,-0.31450676909987463,1.6733195662973588,0.0,-0.3619779310507064,1.6678766351971719,0.0,-0.37460062778446496,1.7445206948263012,0.0,-0.4143144040692828,1.7412936941521375,0.0,-0.4131517556207721,1.8380281198435084,0.0,-0.44554802385911785,1.8364081523522144,0.0,-0.41622882299772723,1.8551993364355954,0.0,-0.442875591127497,1.8535670423471549,0.0,-0.45447512510151916,1.8392650390609389,0.0,-0.48491056103124935,1.8338225940654074,0.0,-0.2752452291622569,1.499155415610724,0.0,-0.275929376856688,1.550580865214271,0.0,-0.3070858933362903,1.6105895138101705,0.0,-0.33824237714559746,1.670598163872183,0.0,-0.42928014327704916,1.643691196698882,0.0,-0.33034295043077416,1.6739290366196449,0.0
-0.2910791248715576,1.4944263651515466,0.0,-0.28982662158601097,1.4876003910067659,0.0,-0.2887897449743266,1.487344760214976,0.0,-0.28794915798509146,1.487062577100821,0.0,-0.28917736023755053,1.4883178652862405,0.0,-0.2874953850150268,1.4886965009406605,0.0,-0.2858272795903322,1.4890806716714322,0.0,-0.27978152102100823,1.4919801135490836,0.0,-0.2763612490164142,1.4949630383343913,0.0,-0.293873470129435,1.5041676501913437,0.0,-0.2927977101211063,1.5047644482651013,0.0,-0.23729929966495367,1.535865880219336,0.0,-0.3220557557031988,1.5538870999315817,0.0,-0.2733433594431971,1.5994759312465778,0.0,-0.368483609860105,1.6107845958407216,0.0,-0.3195768596966733,1.6402136729518182,0.0,-0.42313026150524047,1.6324807380796529,0.0,-0.32721817324817926,1.649047660823692,0.0,-0.43756399418600006,1.6433924580465045,0.0,-0.3297779782493122,1.646307829683593,0.0,-0.4405861480049882,1.6389476056341568,0.0,-0.3289060624391825,1.642882565769177,0.0,-0.43482662807701566,1.6354839128068803,0.0,-0.31745558312956995,1.6710867323420475,0.0,-0.36393990972390866,1.660025805753482,0.0,-0.3780921484022448,1.741826251052109,0.0,-0.41748769013837883,1.73256411402094,0.0,-0.42345330686256744,1.8322264351998054,0.0,-0.4564903903920582,1.8247654618244933,0.0,-0.42731116478177156,1.8492392525787678,0.0,-0.4554114040883366,1.8420976628134007,0.0,-0.46479346796597504,1.8318497200062063,0.0,-0.4956471184015975,1.8199858074574,0.0,-0.2780713944017958,1.4934715708202884,0.0,-0.27967753566862,1.5448764853248933,0.0,-0.31018766079440313,1.6052163452042378,0.0,-0.34069775188764373,1.6655562068804701,0.0,-0.4394240824255198,1.6413602422265814,0.0,-0.33519383901441596,1.6532798487541247,0.0
-0.2943916925527425,1.4901271493176196,0.0,-0.2935973274210502,1.4833564727033508,0.0,-0.29299261971143975,1.4830085747429849,0.0,-0.29251209627745933,1.4826653953822626,0.0,-0.2920619503006967,1.4844051047095723,0.0,-0.2901792236420675,1.4848905119700087,0.0,-0.2882755485605694,1.4853782337039612,0.0,-0.2843974148669177,1.4877269131916804,0.0,-0.2783156146606489,1.4916402524692505,0.0,-0.2985791563410626,1.4992873763778378,0.0,-0.29681723950111427,1.5001426018643231,0.0,-0.25346320466766153,1.510265987485804,0.0,-0.3144408640934912,1.5718301511772066,0.0,-0.2868719163689581,1.5752988316450867,0.0,-0.36293344195916594,1.6269785017807108,0.0,-0.33414692479949665,1.6148231750656115,0.0,-0.41943687987935446,1.6432370572908452,0.0,-0.34344457462222283,1.6233702491984596,0.0,-0.4345004363759135,1.6546765263775847,0.0,-0.3444657512165388,1.6212323360839103,0.0,-0.43816500084940113,1.6500332899851196,0.0,-0.34386035349578836,1.6180173548789711,0.0,-0.43169635187376765,1.6465391563302203,0.0,-0.3217225550931865,1.6680729829791467,0.0,-0.36784120950536303,1.6555747258546134,0.0,-0.3830248225917634,1.738236396200935,0.0,-0.4230743173071168,1.7268381439327616,0.0,-0.43545964677463084,1.8247258013538883,0.0,-0.4662744274980639,1.8171489940193386,0.0,-0.44016726303843734,1.8415233420074313,0.0,-0.4659566592094562,1.8345118401534912,0.0,-0.4767612430747825,1.8229012527927146,0.0,-0.5053920227367578,1.8120589854708553,0.0,-0.2813565119075161,1.4896835845136867,0.0,-0.28395206647386795,1.54104804714582,0.0,-0.31436700063650497,1.601435944984148,0.0,-0.34478190013023596,1.6618238448847982,0.0,-0.4357670023657006,1.652049621824418,0.0,-0.35033947236212526,1.6271688786316134,0.0
-0.2976726024544809,1.4878625947899409,0.0,-0.2971247522998028,1.4810628923166698,0.0,-0.2968575107890946,1.4805626877800975,0.0,-0.2966891381915753,1.480064694029164,0.0,-0.294662236376792,1.4825192718202778,0.0,-0.29253557521436463,1.483120623133932,0.0,-0.29037251162945876,1.4837147811066718,0.0,-0.28910227866504473,1.4846255231927745,0.0,-0.280180349553158,1.4900071866114952,0.0,-0.30308722709883124,1.4964357797899261,0.0,-0.3003916048487109,1.4976437585171491,0.0,-0.3002409567637756,1.4965513891505586,0.0,-0.2787127863693063,1.5804856436569688,0.0,-0.33126414727938347,1.5627554259400038,0.0,-0.3274047388472927,1.6354580407870474,0.0,-0.3761086661793212,1.6050173386932642,0.0,-0.384362284671946,1.6500462928313893,0.0,-0.38511355000933906,1.6137170898690685,0.0,-0.39959043287745943,1.6619995772078135,0.0,-0.3854999720541167,1.6114972899327638,0.0,-0.40374320421021764,1.6571657925894998,0.0,-0.38422650086792254,1.608416086588512,0.0,-0.39740761420386866,1.6534369286459316,0.0,-0.3278941225214038,1.660898963588405,0.0,-0.37545376699949307,1.6562927793708453,0.0,-0.3874367210743251,1.732561725975604,0.0,-0.4314166673879158,1.72698453796926,0.0,-0.44338062008236234,1.8168238654842734,0.0,-0.4743884053321473,1.8174042753163817,0.0,-0.4487588163266351,1.8334188655762522,0.0,-0.47415270807978965,1.8347684294670663,0.0,-0.48462603131408033,1.8140012980857416,0.0,-0.513701710539429,1.8141548941505252,0.0,-0.28464132079441845,1.4873163508104836,0.0,-0.28947686853542465,1.5385185226690992,0.0,-0.3205754081585441,1.598557237335214,0.0,-0.3516739697524192,1.6585959251324722,0.0,-0.40061405664961175,1.6590025253910883,0.0,-0.3918142359911829,1.6179768938550867,0.0
-0.2999681482217391,1.4852044079256062,0.0,-0.29902957932381313,1.478205061362452,0.0,-0.29906840022213477,1.4775294768426344,0.0,-0.2992297813847036,1.476818214031878,0.0,-0.29566091623121965,1.4801029353909565,0.0,-0.29325911311523056,1.4808505262575808,0.0,-0.29077754655599186,1.481618177734915,0.0,-0.2929803930766418,1.4804355375061753,0.0,-0.2809765195854261,1.487623409137691,0.0,-0.30519802847199795,1.4934082141442975,0.0,-0.30145165399066576,1.4951299057901937,0.0,-0.32876561591051,1.5070484518856293,0.0,-0.26214986115734673,1.562462912261463,0.0,-0.35787839501363494,1.574114530717469,0.0,-0.3094630517816143,1.6186263583389366,0.0,-0.3963656101635649,1.6222376479786573,0.0,-0.36636173556780727,1.6334425288116177,0.0,-0.40425056835032785,1.6328965747784376,0.0,-0.3817002653905931,1.644799761438359,0.0,-0.40437777463999547,1.6291610841300335,0.0,-0.3853432749643505,1.639654173518341,0.0,-0.402357675543011,1.6261712503775407,0.0,-0.38004028636900583,1.6361103791850247,0.0,-0.3634566719042536,1.6310071121909195,0.0,-0.35357900759255095,1.6777571759733356,0.0,-0.4198263037211429,1.7051915928066577,0.0,-0.40979969429156743,1.7482440920692475,0.0,-0.4746777355495129,1.790168933416832,0.0,-0.4508358078416245,1.8395585846132954,0.0,-0.47899556471540666,1.8070708674537652,0.0,-0.45050111486872835,1.856921112746531,0.0,-0.5160079712209175,1.7891878861504125,0.0,-0.4902438850764149,1.841318667832552,0.0,-0.286978451672351,1.4840294748450498,0.0,-0.29545772008629373,1.534755670564412,0.0,-0.32698774153791405,1.5945689146890225,0.0,-0.35851775657622187,1.6543821466474176,0.0,-0.38287949016225137,1.641898176464824,0.0,-0.4100217435865464,1.6373414558773731,0.0
-0.3022553825221398,1.4807949467800117,0.0,-0.3004280661514019,1.473496805430227,0.0,-0.3006763792650164,1.4727841810117435,0.0,-0.3010954069206911,1.4719906071832527,0.0,-0.29656493158716607,1.47556560446179,0.0,-0.2940211226221827,1.4763998638938038,0.0,-0.2913818781764263,1.4772794256284172,0.0,-0.2963409470491102,1.4749806331883248,0.0,-0.2823284048112686,1.4830494239429601,0.0,-0.3061478826237259,1.4889445224313056,0.0,-0.30182689487078285,1.49093470331689,0.0,-0.33766131061207133,1.5065612200903005,0.0,-0.26374698014881043,1.5517839240369673,0.0,-0.36495236123592256,1.5743890270195555,0.0,-0.3086078592023586,1.6099248924919947,0.0,-0.3978315784724804,1.626504832864254,0.0,-0.36534138323005905,1.6253614198046729,0.0,-0.40626675314718713,1.6403307675421492,0.0,-0.38092971641484924,1.6356130780811864,0.0,-0.4058836022844325,1.6350400501245723,0.0,-0.3838916398641613,1.6298173155824747,0.0,-0.40403542857302255,1.631755843034861,0.0,-0.37944977112099315,1.626867661684512,0.0,-0.3810607232890312,1.6346923045922794,0.0,-0.34362337595594994,1.6643837468037348,0.0,-0.43613339927323413,1.7098446359954866,0.0,-0.4010409048809492,1.7338992006666563,0.0,-0.4888432722864879,1.7961666915648866,0.0,-0.44049056025865024,1.8259101992181923,0.0,-0.4896622210110149,1.8135922000476048,0.0,-0.4399698941115857,1.8432681457939486,0.0,-0.5299983698841941,1.8000920929604212,0.0,-0.47868706045259096,1.8357652394117279,0.0,-0.28933467942291596,1.4790150266664448,0.0,-0.30070414268782475,1.5291725807342285,0.0,-0.3315230791102668,1.5893552990447148,0.0,-0.36234200847123393,1.6495380055198179,0.0,-0.3823833686378874,1.632703417314671,0.0,-0.4099153801555732,1.642893753816875,0.0
-0.3071645815732948,1.4761840733622031,0.0,-0.3046203226553347,1.4689620256670948,0.0,-0.3047852771811676,1.468436620172151,0.0,-0.3051693275678385,1.4678151713419543,0.0,-0.301079313963576,1.4707048935395695,0.0,-0.2986618532678309,1.4714653660285628,0.0,-0.2962477121026878,1.4722343969451355,0.0,-0.30087578523032077,1.4710594429673158,0.0,-0.28756001972522455,1.478149008333434,0.0,-0.3099735721025078,1.4847509608536316,0.0,-0.3060355739244683,1.48642636054733,0.0,-0.34358763812562626,1.5039996857571731,0.0,-0.2675398122176487,1.5455346032935033,0.0,-0.37029202584398213,1.5720606034234346,0.0,-0.3093946505146965,1.60587566057189,0.0,-0.40517528513552586,1.622856847045675,0.0,-0.3649122686439951,1.6252347205006699,0.0,-0.4159756476089313,1.63875538601148,0.0,-0.3799435754529986,1.6360561053824234,0.0,-0.41514662168450844,1.633754180159635,0.0,-0.38434734061585896,1.6297135280950183,0.0,-0.41368396660684764,1.6297738486985216,0.0,-0.3794680913739458,1.6267419755979304,0.0,-0.3842018142041005,1.6338213914472874,0.0,-0.3439378344284801,1.6595497541733866,0.0,-0.4406818430486982,1.707921856338622,0.0,-0.4032118443977017,1.727489158761517,0.0,-0.49389184855820567,1.7939365254624295,0.0,-0.441972526440022,1.8197925102255041,0.0,-0.49159584673002077,1.811229512436913,0.0,-0.4413025391482839,1.8371453347677051,0.0,-0.5343603344923139,1.80238948237665,0.0,-0.47747319991349607,1.8369912493424188,0.0,-0.29421789137227133,1.474604232538672,0.0,-0.3055637145774884,1.5247671393602538,0.0,-0.33481677138658766,1.5857263477932173,0.0,-0.364069791761212,1.6466855584556472,0.0,-0.38187250182921206,1.6327636436893151,0.0,-0.417650366759199,1.638949930391954,0.0
-0.3145027224543601,1.4744239716643401,0.0,-0.31201452793275375,1.4676247098253623,0.0,-0.31187376796901417,1.4673514844780884,0.0,-0.31198493494310536,1.4670148384854984,0.0,-0.30921019688544793,1.4688453983225627,0.0,-0.30701324609667663,1.4694596329502192,0.0,-0.30496505566049836,1.470018568925081,0.0,-0.30701661004615705,1.4711079703898629,0.0,-0.2959370722752572,1.4764150178038624,0.0,-0.31740571108057847,1.4836003927206967,0.0,-0.3142385421477697,1.4847768321392902,0.0,-0.34987599059312,1.5054311520252417,0.0,-0.2718967920445238,1.5432156170048938,0.0,-0.37927412933941956,1.5723726359887693,0.0,-0.3114835455899005,1.6050683422971812,0.0,-0.4225559228563002,1.6162336265714405,0.0,-0.3634239618247139,1.6326214235301586,0.0,-0.4353258724087505,1.631846644708244,0.0,-0.3757912014302644,1.6460402917549009,0.0,-0.4348285089866029,1.6288743130578762,0.0,-0.3837958480006502,1.6402039843637684,0.0,-0.4322612077309101,1.6246060335568384,0.0,-0.37768197417994975,1.6359889381842427,0.0,-0.3873543731850865,1.6357201851013312,0.0,-0.345835537807441,1.6593701961969487,0.0,-0.44620279663090556,1.7079540802845488,0.0,-0.4056728163717771,1.7268140324433776,0.0,-0.5018567017681106,1.792408037171002,0.0,-0.44544802767738206,1.818684766246176,0.0,-0.5009432234893617,1.8098288460020793,0.0,-0.4454784683386833,1.8360504932948671,0.0,-0.5417892415598053,1.8031105182000668,0.0,-0.47913404060240866,1.8392115043576456,0.0,-0.30147683226784183,1.4737614997496602,0.0,-0.31088638846351674,1.5243233942671244,0.0,-0.3387406862458454,1.585934306616344,0.0,-0.36659494929681036,1.6475452195742961,0.0,-0.3790428712003404,1.6426405983461512,0.0,-0.4360621077389687,1.631471669852084,0.0
-0.32056168392349876,1.4753786084465925,0.0,-0.31850838200122444,1.468695980161435,0.0,-0.31824391143115616,1.4684987736942356,0.0,-0.31824332371745867,1.4683012076691146,0.0,-0.31589126603143003,1.4697569669465116,0.0,-0.31370505163964557,1.4703513318265844,0.0,-0.31168829393101,1.4708920820364566,0.0,-0.3128077549171391,1.472987534597063,0.0,-0.30223018329324747,1.4777207217895239,0.0,-0.3240102119546723,1.4847467620421808,0.0,-0.32089849337304693,1.4859044622418498,0.0,-0.3562342024101758,1.5098713322063542,0.0,-0.27586846983516533,1.5422714900418033,0.0,-0.39145696874681657,1.5739398078287716,0.0,-0.31576601565005896,1.6039241989871045,0.0,-0.4405254291757126,1.6112142808105447,0.0,-0.36462790403257556,1.636627333206491,0.0,-0.4537902155947505,1.625134717996052,0.0,-0.37281151850347294,1.6508446814955762,0.0,-0.45443741806374505,1.624197539331914,0.0,-0.3824645066048138,1.6466320614480863,0.0,-0.4492433561507845,1.6205602455545673,0.0,-0.37622283944235213,1.6413501912630726,0.0,-0.3917829074968275,1.6392554977001432,0.0,-0.34900673328122206,1.6605471776577394,0.0,-0.4527839804924952,1.709680930952454,0.0,-0.40757567080480883,1.729095339638782,0.0,-0.5089683423251926,1.7937829254368445,0.0,-0.45043686618156914,1.8195675292593796,0.0,-0.5113940808745001,1.8110581914372592,0.0,-0.45270589885882206,1.8367844074105737,0.0,-0.5481243255875986,1.8070479097620131,0.0,-0.48414133362774275,1.840063951348411,0.0,-0.30751898157096746,1.4753541230989808,0.0,-0.316051331267302,1.5260714173254497,0.0,-0.3432230532501028,1.5879863908774043,0.0,-0.37039479902234607,1.649901338970036,0.0,-0.37821006250692035,1.6492708756394974,0.0,-0.454996126038709,1.6255395705251316,0.0
-0.32226748073393663,1.475224121851894,0.0,-0.32001394040523934,1.4683136848099547,0.0,-0.3200413434049304,1.4679853106919813,0.0,-0.3203239466011429,1.4677171683732504,0.0,-0.31673477964770846,1.4696983158151067,0.0,-0.3143371024328551,1.470429623600103,0.0,-0.31197495265923114,1.471188412536629,0.0,-0.3156874865386825,1.4722480596980203,0.0,-0.30276258779659654,1.4780258789867542,0.0,-0.32533636611757955,1.4844185806234604,0.0,-0.32143956550243685,1.4860133817834165,0.0,-0.36012552471240916,1.5114663628709217,0.0,-0.27821228460701386,1.5397266228753157,0.0,-0.4016418148327975,1.5716478425106386,0.0,-0.32126629582507304,1.5992179903195154,0.0,-0.4524308270054713,1.6065416297435409,0.0,-0.37335366495361255,1.6264922474376111,0.0,-0.46578028161663576,1.6186944673231616,0.0,-0.37847834389762974,1.6360578339752825,0.0,-0.4676373740765956,1.618651683268278,0.0,-0.38443929313215497,1.6331342287977282,0.0,-0.4604292840795145,1.6158811950328174,0.0,-0.38008903488204543,1.6290817357658107,0.0,-0.3950040739426129,1.6395506061947345,0.0,-0.3515828770752756,1.659493935368861,0.0,-0.4571636141686028,1.7089556788788836,0.0,-0.408226374546678,1.7296415308217936,0.0,-0.5104800790243433,1.794904399439963,0.0,-0.4540060719641136,1.8186725280544327,0.0,-0.5137492456143897,1.8120400807132946,0.0,-0.45873199187029523,1.8353828567048172,0.0,-0.5473973325760535,1.8135126563328459,0.0,-0.4876719072460675,1.8392323427192163,0.0,-0.3092250466163137,1.4751369640843757,0.0,-0.319168899716326,1.5255964994619444,0.0,-0.346231193416958,1.587559380972657,0.0,-0.37329345047300716,1.6495222634803084,0.0,-0.38647601955695815,1.6396123847746022,0.0,-0.4679480937620135,1.619726068507246,0.0
-0.3198145871051348,1.4724730052646906,0.0,-0.31661454053387383,1.4651080912879075,0.0,-0.3171021376607744,1.4646064303078272,0.0,-0.3178200886702076,1.4642084156821837,0.0,-0.31254140277125203,1.4669113236981546,0.0,-0.3099799978143645,1.4677652070857645,0.0,-0.30732478513110856,1.4687295066037604,0.0,-0.3147003787442289,1.4681044696654257,0.0,-0.29890168498687,1.4750978067798286,0.0,-0.3215012807602399,1.4811866046832993,0.0,-0.3169406607559711,1.4831045639070395,0.0,-0.36054176962668494,1.5078401000485289,0.0,-0.27828407254930043,1.5350814743091146,0.0,-0.4065758818163127,1.5646403936384274,0.0,-0.3240821182652169,1.5924871333589712,0.0,-0.4580731882736502,1.5984801272746447,0.0,-0.3827242927001604,1.5967385450796094,0.0,-0.4716895262183295,1.6089327952061836,0.0,-0.3873933793153044,1.5991658108797926,0.0,-0.4741456545074927,1.6088681791455368,0.0,-0.38720478139193726,1.5959831852353226,0.0,-0.4671225981221774,1.6064083765422938,0.0,-0.3854233057643688,1.5949930603953826,0.0,-0.3952351970982562,1.6349458590859194,0.0,-0.3521843041513374,1.6556764483783837,0.0,-0.4561752517816965,1.7054240989233174,0.0,-0.40676122352292937,1.7274436471918238,0.0,-0.5053543370167902,1.7938053501378102,0.0,-0.4526979640740072,1.8163937176325666,0.0,-0.5072537348801355,1.8111463798261362,0.0,-0.45705550743461204,1.8332038698753024,0.0,-0.5388213499310247,1.8180769360149474,0.0,-0.48353644897494763,1.8409921381773167,0.0,-0.30680103528951236,1.4716011375390101,0.0,-0.31941291629387863,1.5214607944023144,0.0,-0.3465613153542781,1.583385998107326,0.0,-0.3737097394021338,1.6453111758409626,0.0,-0.4009782811153981,1.6000741261405074,0.0,-0.47473901019323683,1.6101790747850921,0.0
-0.3161617376153878,1.4695991968691962,0.0,-0.3121293197312255,1.4616182311419323,0.0,-0.31288874992632065,1.4610041136531877,0.0,-0.3138614656239206,1.4605230848039523,0.0,-0.30782807495636993,1.463620445955951,0.0,-0.3053034993116272,1.4644629354867962,0.0,-0.30269217571889223,1.465445561514584,0.0,-0.311691487563996,1.4638783872994336,0.0,-0.2948909782943046,1.4710949625003895,0.0,-0.3166602086228089,1.4774786285026569,0.0,-0.31215571657100405,1.479402490296531,0.0,-0.3594892202852215,1.5026072651958169,0.0,-0.2774946510134653,1.5306306805840075,0.0,-0.4081149806148402,1.5572053262360441,0.0,-0.3200193114667459,1.590501574478109,0.0,-0.46060684567954063,1.5894807696405948,0.0,-0.37830232093185023,1.582751095024083,0.0,-0.47378704465550175,1.5981221256180032,0.0,-0.3833754434478215,1.5828734097426551,0.0,-0.4762853580369983,1.5978595848337065,0.0,-0.3807537221137997,1.5786740631384515,0.0,-0.4707999361046849,1.595406329226511,0.0,-0.38030322170227066,1.5790696532358213,0.0,-0.3934075907554902,1.6294345361580331,0.0,-0.3512410149014144,1.6519093353046996,0.0,-0.45025495293870493,1.7032535714281374,0.0,-0.4023211427132642,1.726205980561038,0.0,-0.49615828860800054,1.7933796595781946,0.0,-0.44573402967422915,1.8164147407209283,0.0,-0.4971030593964261,1.8107987993690116,0.0,-0.44720163091547355,1.8337183689289143,0.0,-0.5269272774719558,1.8209916163846687,0.0,-0.46799770726162443,1.8489788790415784,0.0,-0.3032912311235443,1.4674866754296867,0.0,-0.3184919318130691,1.5166189827594083,0.0,-0.34540812972591906,1.5786454667429952,0.0,-0.37232428935691436,1.6406719523466748,0.0,-0.3947280733452538,1.574118085599148,0.0,-0.4781458219188554,1.5998248165074809,0.0
-0.31390757851715817,1.4693113073440371,0.0,-0.309558545284068,1.460844679596266,0.0,-0.3104179246397935,1.460124219892617,0.0,-0.31151735423015686,1.4595477193265305,0.0,-0.3053868672020407,1.4629099936988579,0.0,-0.3029635445599133,1.4636728723557244,0.0,-0.30055600815986494,1.4645728752328429,0.0,-0.3094311738376652,1.462681798717956,0.0,-0.29310713481132916,1.4694962575588901,0.0,-0.31423314729287005,1.476202740636765,0.0,-0.30999633305541113,1.478151209674491,0.0,-0.3590448852213559,1.4997566589386682,0.0,-0.2776395615919211,1.5294483157612009,0.0,-0.4095349200966714,1.5526354752574487,0.0,-0.30883272844318876,1.5959303210267954,0.0,-0.4622520406637759,1.584541671270832,0.0,-0.3554096332393704,1.6318130614974473,0.0,-0.4740291387943809,1.5918497598281638,0.0,-0.35970211146721887,1.6369482774058937,0.0,-0.47649243403696834,1.5917787189580201,0.0,-0.35995180891595596,1.632265663721134,0.0,-0.47206666364099287,1.5896142545921639,0.0,-0.3591685039594001,1.6299000118742226,0.0,-0.3917182776701593,1.627403821412327,0.0,-0.3501509862863638,1.6509685620846832,0.0,-0.44384613717403354,1.70462790327118,0.0,-0.39511089451666276,1.7291208340001187,0.0,-0.48734498332226284,1.7959387918583172,0.0,-0.4351205955956908,1.8208896902828304,0.0,-0.4893385150793542,1.8132692521530742,0.0,-0.4353413852911429,1.8382540403850913,0.0,-0.5158490747285719,1.8258832004765144,0.0,-0.44608346491968165,1.8587830926171025,0.0,-0.3012691615194991,1.466089025546575,0.0,-0.31834221532751644,1.5146024851084665,0.0,-0.344638401223003,1.5768943548251468,0.0,-0.3709346132120214,1.6391861985982548,0.0,-0.3710922873509021,1.6417321619655094,0.0,-0.48002528336820954,1.5944778091964487,0.0
-0.3125228516567774,1.4721699506592878,0.0,-0.3078388509425399,1.463274344211199,0.0,-0.3088967354866556,1.4623882671032002,0.0,-0.31026284930793036,1.4616344230984002,0.0,-0.3034721352553572,1.465501821286622,0.0,-0.30101572296688667,1.4662418250086189,0.0,-0.2986480688145204,1.4671233758304572,0.0,-0.30842813352837883,1.464548219422713,0.0,-0.29192493882927684,1.4713819104533532,0.0,-0.3133840895350284,1.4777697442845081,0.0,-0.308856196802543,1.4800455761859204,0.0,-0.3584803498004985,1.4999381216985357,0.0,-0.2780857598517378,1.5322666092451367,0.0,-0.4110751487961343,1.5507239460552849,0.0,-0.29741332793715874,1.603113738998211,0.0,-0.46250005835239344,1.5846735973356978,0.0,-0.3259355844872927,1.654528328419552,0.0,-0.4731886405894228,1.5917364642211465,0.0,-0.329497682151253,1.666793529504024,0.0,-0.4756879777217312,1.5924327022842055,0.0,-0.3334558618609544,1.6612854021601227,0.0,-0.471216118543913,1.5907097804169572,0.0,-0.3318611644533172,1.6544788822092629,0.0,-0.391687993854088,1.6292800711192659,0.0,-0.3497701728419408,1.6522154803707607,0.0,-0.44143746002280415,1.708057372236569,0.0,-0.3876212726871679,1.73404741297734,0.0,-0.48453457769628283,1.79955855495591,0.0,-0.425398273772463,1.8267577001782314,0.0,-0.4884593185519865,1.8165560674830494,0.0,-0.42728390423248386,1.8440207763911125,0.0,-0.5090165888243987,1.8328719451393722,0.0,-0.4319109175680454,1.8656637397488915,0.0,-0.3001765292522972,1.4679650716748693,0.0,-0.31828304699729876,1.5161023642882339,0.0,-0.34450605625383696,1.5784250745227975,0.0,-0.37072905912513526,1.6407477725230972,0.0,-0.3352767662620541,1.6705619342874882,0.0,-0.4797998395475605,1.5954128972992394,0.0
-0.30971462896210966,1.4766281118661149,0.0,-0.3043413725618636,1.4671723217270143,0.0,-0.3057084910842131,1.4661032024331417,0.0,-0.3074290996357125,1.46515842549535,0.0,-0.2993433287098009,1.46974675973661,0.0,-0.2966991445378995,1.4705798102996384,0.0,-0.2941224630750483,1.4715723513437935,0.0,-0.3068840765659356,1.467414588558386,0.0,-0.28875372373995745,1.4751450061956068,0.0,-0.3112290752639232,1.4805218864312606,0.0,-0.305833953639236,1.4834059432120548,0.0,-0.3560053170032083,1.5012742969506274,0.0,-0.277097729052252,1.5370795167354887,0.0,-0.41066553143526296,1.549830180170148,0.0,-0.2917182330539596,1.6090455611250591,0.0,-0.45989578528082503,1.5868907016348088,0.0,-0.3203052817362535,1.6604241536681883,0.0,-0.47079960553861916,1.5943436830485613,0.0,-0.32575808081432195,1.6756248638779077,0.0,-0.47288173527412547,1.5960644995305544,0.0,-0.32998242512566855,1.6668788573447564,0.0,-0.46797565002136554,1.5945035937961938,0.0,-0.3286137094879034,1.6597707222552545,0.0,-0.39280251374273656,1.6321826932693988,0.0,-0.34998486891275205,1.6533908522454648,0.0,-0.4422758441827928,1.7111337042228216,0.0,-0.38263672311666547,1.7374326714229877,0.0,-0.4896281249740848,1.8005070195616997,0.0,-0.420317732352429,1.8301820148537877,0.0,-0.49532904870002,1.8169939383631541,0.0,-0.42631906134521624,1.8464778257536427,0.0,-0.5092059452804204,1.8369193771679522,0.0,-0.4286374587288202,1.8687420537192232,0.0,-0.29781890943156664,1.4712797905369845,0.0,-0.3165515181233577,1.5191769125444181,0.0,-0.34397261392127604,1.5809818470617465,0.0,-0.37139367408714413,1.6427867823420663,0.0,-0.33093298969911583,1.6756355315654587,0.0,-0.4766085790453186,1.5985224477502074,0.0
-0.30470292492855,1.480619801954077,0.0,-0.29870522595424825,1.4708167662200273,0.0,-0.300179579329446,1.4696186344167035,0.0,-0.30195889997459535,1.4685817649974584,0.0,-0.2932363772303566,1.473875430317015,0.0,-0.29040031903797237,1.4749058645870914,0.0,-0.28755439751983086,1.4761017623558814,0.0,-0.3030503906838995,1.4697764439598888,0.0,-0.2835129005216977,1.478866814664229,0.0,-0.3067871732832832,1.4830833543872914,0.0,-0.3006100996612633,1.4867629617570353,0.0,-0.3517341725470574,1.5023065117372527,0.0,-0.27435260418514673,1.5413002814694945,0.0,-0.40752361921442737,1.5495606171412766,0.0,-0.28960365674482336,1.6131353430910143,0.0,-0.45472435311231296,1.589173630967948,0.0,-0.33028989532319203,1.6555807093212729,0.0,-0.4664506277261159,1.5967549112662491,0.0,-0.3396109232471725,1.6680711319758537,0.0,-0.46695571460860297,1.599308217423811,0.0,-0.3412186719370044,1.654079169750333,0.0,-0.4619625046762543,1.5977352803397786,0.0,-0.3412915962644804,1.6536257778631347,0.0,-0.39313392064288466,1.6337244098581891,0.0,-0.34977786493477075,1.6538089598749404,0.0,-0.44231048506051035,1.7128606093340144,0.0,-0.3802119247417549,1.7386790898223252,0.0,-0.49674920453529825,1.7981029334033714,0.0,-0.4195237735179782,1.8307490507741226,0.0,-0.504117572244154,1.8139151495732122,0.0,-0.4298245361998858,1.844729883751257,0.0,-0.5139775596792296,1.8356839740146604,0.0,-0.4285057696333622,1.8691602234985416,0.0,-0.29328164275738183,1.4743216277936138,0.0,-0.31304338190300435,1.521803398937234,0.0,-0.34224963008147885,1.5827850477570815,0.0,-0.37145587103709504,1.6437666847871513,0.0,-0.34659941178882075,1.6644313514863838,0.0,-0.4710964605151486,1.6012802032449223,0.0
-0.2984613573222747,1.483785248752105,0.0,-0.29240214439077744,1.4740800242133518,0.0,-0.2936777548429521,1.4727809035880073,0.0,-0.29511338237685025,1.471727988966443,0.0,-0.2869817784295969,1.477691837080081,0.0,-0.2841180332066573,1.4789282648713682,0.0,-0.2812009657095118,1.48029805980301,0.0,-0.2967729640903786,1.471961908131056,0.0,-0.27776837655080955,1.4822099298725837,0.0,-0.3010664571812051,1.4857750482212955,0.0,-0.2947228246955551,1.490299699413154,0.0,-0.3471667004485219,1.5033556741503233,0.0,-0.27069668539058434,1.544108072817383,0.0,-0.40324383131744895,1.550268020398354,0.0,-0.28681306405230145,1.6157539590996932,0.0,-0.448454828569207,1.5921376498740563,0.0,-0.3455876927859355,1.6141658340100986,0.0,-0.4604293455447951,1.5997531487950498,0.0,-0.3573865405756623,1.6213986515870098,0.0,-0.45843500762829703,1.6031634559841021,0.0,-0.35655575819667934,1.60367733451633,0.0,-0.4534143248433775,1.6016857376711118,0.0,-0.3575320162982246,1.612311188491802,0.0,-0.3914545851313577,1.63450229301672,0.0,-0.34806517637778356,1.6545146872751735,0.0,-0.43964986693777564,1.7142399087761495,0.0,-0.3788896722313901,1.7392437933072336,0.0,-0.4992919621123208,1.7959261895948428,0.0,-0.4208096152322725,1.8301559351952836,0.0,-0.50815045524703,1.8109543672048192,0.0,-0.43264470466147176,1.8428642026132427,0.0,-0.5164182313854515,1.8335538620604233,0.0,-0.42672493786634796,1.8691572608447626,0.0,-0.28727065908605,1.4770859236238008,0.0,-0.3089316862645215,1.5237318755014102,0.0,-0.3393457796605478,1.5841201967924319,0.0,-0.3697598663884423,1.6445085060429219,0.0,-0.3639570678606889,1.6115390006616575,0.0,-0.46397655497691204,1.6053168381052005,0.0
-0.29123830807205386,1.4885753344375285,0.0,-0.28584166725031107,1.4786409758455814,0.0,-0.28696994599335857,1.4771806107626264,0.0,-0.2880946150502796,1.4760486494406906,0.0,-0.28060554055201165,1.4827320329122073,0.0,-0.2779429867479258,1.4840122847047021,0.0,-0.2752649450985097,1.4853656026105821,0.0,-0.2890886549356217,1.4758007926433456,0.0,-0.2717768614842454,1.486741261057741,0.0,-0.2944727384081637,1.490446149209239,0.0,-0.288532545113675,1.4955192282032939,0.0,-0.3426923935346717,1.505980945896543,0.0,-0.26654684748428914,1.5473364415019546,0.0,-0.3995060748746012,1.5519985343773712,0.0,-0.2826357753364267,1.6189884971801713,0.0,-0.44178550989248594,1.5968265336579497,0.0,-0.3326753782364972,1.5881175194554544,0.0,-0.45375324789550114,1.6055940179888883,0.0,-0.34406174488947705,1.591712779615702,0.0,-0.4496932640257633,1.6106443312185643,0.0,-0.3422080936265399,1.5749154478601666,0.0,-0.44372012296006047,1.608968620452389,0.0,-0.34188732719702,1.5866991703742725,0.0,-0.3882180434344519,1.6366345700312441,0.0,-0.345014399640031,1.6570449075792997,0.0,-0.43586754310945425,1.7166995295086611,0.0,-0.37834808739560216,1.7408186278872528,0.0,-0.4983150813589753,1.7962616621935918,0.0,-0.4227275287714604,1.8305558238933513,0.0,-0.5082220033766853,1.8106203501221492,0.0,-0.4333001110446867,1.844332249650396,0.0,-0.516263054031839,1.8335043945225566,0.0,-0.4257940314065592,1.8698838165432545,0.0,-0.28043276797112787,1.4812710215118488,0.0,-0.304619615893335,1.526658699493684,0.0,-0.3356179132267089,1.5867492310929436,0.0,-0.3666162050599737,1.6468397500542942,0.0,-0.34953843255993683,1.5803733866465353,0.0,-0.4552374147134065,1.6121125157918028,0.0
-0.2826104990864477,1.4967941308840003,0.0,-0.2781672595232009,1.4859007189339317,0.0,-0.2795171393516018,1.4842010691638647,0.0,-0.2807767305637548,1.482854066231263,0.0,-0.27283080631531,1.4901967220561556,0.0,-0.27051612903366745,1.4912855585073561,0.0,-0.2682550843625116,1.492409338276602,0.0,-0.28106910521593637,1.4824948681553587,0.0,-0.2645744395729166,1.493854642512513,0.0,-0.28643059548162975,1.4981013095556988,0.0,-0.28110542654135573,1.503148799919224,0.0,-0.33722026557807844,1.5109721829155303,0.0,-0.26166053645408305,1.5533885539860097,0.0,-0.39553359145121425,1.5550739840420078,0.0,-0.2799916975287156,1.6245000102782376,0.0,-0.4340643409553787,1.6031622517128066,0.0,-0.33498602263553945,1.6037008917843762,0.0,-0.4469678526526098,1.614494266229239,0.0,-0.34456145264200005,1.6074801794232896,0.0,-0.44184262869267454,1.621640007563365,0.0,-0.3425741520544274,1.5960967525804806,0.0,-0.4340264583995291,1.6188588587880042,0.0,-0.3397234019728333,1.6014259965493363,0.0,-0.38467950213637875,1.6407778016183003,0.0,-0.3418742098025737,1.6620108810972167,0.0,-0.43363994544846923,1.7200478939992359,0.0,-0.3790615417077314,1.7441465816140853,0.0,-0.49832789222887425,1.7977994054452227,0.0,-0.4250997808192252,1.8330441614651876,0.0,-0.5086352374060534,1.8118734119214597,0.0,-0.4340743499658357,1.8479111218537878,0.0,-0.5179139566885421,1.8342073292170409,0.0,-0.4284854340123716,1.8723459654535244,0.0,-0.2728217787350355,1.4881747551484368,0.0,-0.29944039456037946,1.5321803708870843,0.0,-0.3313586479694422,1.5917873463577852,0.0,-0.3632768343525675,1.6513943421186585,0.0,-0.35309798928416725,1.599664698256255,0.0,-0.44567144897251687,1.6198921661353634,0.0
-0.27316704857265883,1.5064533407341125,0.0,-0.26950437446738923,1.494403914423921,0.0,-0.2712535291326889,1.4924673716580612,0.0,-0.27293474356801156,1.4908537883232647,0.0,-0.2639625870705731,1.4986659686471882,0.0,-0.2619449425089999,1.4995225044792027,0.0,-0.2599984611904856,1.5004295614583,0.0,-0.27334430364132895,1.4904571371589086,0.0,-0.25644343938590547,1.5022835100188585,0.0,-0.27736175165520643,1.5065924637990253,0.0,-0.27253210607730727,1.5113322116995291,0.0,-0.33024961806020653,1.5166098586171053,0.0,-0.25635933285671153,1.5618718399328435,0.0,-0.38947856812883647,1.559474113081095,0.0,-0.27923114445067376,1.6316554405619015,0.0,-0.42315736512817076,1.611076814343807,0.0,-0.33423463438363027,1.6524303104597342,0.0,-0.43685639632256684,1.6245439462468485,0.0,-0.34216006823513395,1.6596144832459185,0.0,-0.43033799092899044,1.6318874440891185,0.0,-0.34108091143499414,1.6550481977232205,0.0,-0.421840927232408,1.627634631454719,0.0,-0.33716445141116064,1.6495545369820428,0.0,-0.3815482129665861,1.6450881088469322,0.0,-0.33961980630032035,1.6680041606527898,0.0,-0.43371316625108225,1.7222871386609448,0.0,-0.38059194733084434,1.7483188829208518,0.0,-0.5007362177226943,1.7980350004276875,0.0,-0.4289423097534043,1.8359804002330524,0.0,-0.5108078924098163,1.812278609236254,0.0,-0.4394287341353824,1.8498225209609092,0.0,-0.5231987648338586,1.832742129546523,0.0,-0.43507004145288325,1.8749489176349388,0.0,-0.26489388067749586,1.4963703165266926,0.0,-0.29330447206032834,1.5392408567877212,0.0,-0.3269442627201684,1.5978934859684493,0.0,-0.36058398822512044,1.6565461366636751,0.0,-0.34969641471553237,1.6626903076841715,0.0,-0.4337500989870223,1.628466724708818,0.0
-0.264932928799937,1.513480029929332,0.0,-0.26126333810800534,1.5006704711987546,0.0,-0.263172404958142,1.4986004398790014,0.0,-0.2650963442898998,1.4968248450401533,0.0,-0.2557729753388811,1.5050381202825478,0.0,-0.2538153604324587,1.5059415767391418,0.0,-0.2518799894294006,1.506926196456548,0.0,-0.2661689156668335,1.4964282206019228,0.0,-0.24888347585613813,1.5090606503583388,0.0,-0.2689385765528283,1.512284468920899,0.0,-0.2642308548529467,1.5171193223514015,0.0,-0.3226081242607559,1.5200652167620006,0.0,-0.2515270418853533,1.5696222639744948,0.0,-0.3813114278373476,1.5636465772981338,0.0,-0.2770077917709611,1.6384960766148058,0.0,-0.4041798088311681,1.6208666550301025,0.0,-0.30991782584094335,1.6872188513878965,0.0,-0.4151681316197795,1.6339789721795466,0.0,-0.31674167490545757,1.6989644258412138,0.0,-0.40624903287429387,1.6377468073446704,0.0,-0.31793943508518857,1.6990038818010997,0.0,-0.4001180650710431,1.6330691833246467,0.0,-0.3154280227224234,1.68697559747671,0.0,-0.37863510226877695,1.6470745956899195,0.0,-0.338123024482527,1.672410504384526,0.0,-0.434325934869707,1.7217700019717899,0.0,-0.38158130676364876,1.7514076477176581,0.0,-0.5038185777382493,1.795258780556994,0.0,-0.4338864992588417,1.8367684466941847,0.0,-0.5136789014468863,1.809649508101339,0.0,-0.4476589738829769,1.847346175433903,0.0,-0.529732425919339,1.8274709414103147,0.0,-0.44294178594669215,1.8751624075120366,0.0,-0.25752619346224653,1.5027444369868634,0.0,-0.28706757681963196,1.544843743327072,0.0,-0.3227233133793267,1.6022931547760637,0.0,-0.35837904287782874,1.6597425544209194,0.0,-0.31981911937946333,1.702912754036426,0.0,-0.41230777404455504,1.6395361803212702,0.0
-0.2591928389347166,1.5156855265515705,0.0,-0.25427108551895095,1.5025853613289926,0.0,-0.2560092200315486,1.5005224491732416,0.0,-0.2578405798713827,1.4987585007266562,0.0,-0.24904494558282442,1.5074763517215468,0.0,-0.2468981526799953,1.5087924775449162,0.0,-0.24470673623219846,1.5101747109151857,0.0,-0.25957028929817405,1.4985629572308743,0.0,-0.2424067107067196,1.5125298836873986,0.0,-0.2622111826325995,1.5137597937110427,0.0,-0.25716992419511736,1.5193782350519687,0.0,-0.3153047209326376,1.5203730496992192,0.0,-0.24716935434623935,1.5739080197675512,0.0,-0.3725636810575575,1.5658353893046415,0.0,-0.2726216391863396,1.6427923567300564,0.0,-0.3691508680814194,1.627361423245738,0.0,-0.2936390681306264,1.6977036197336386,0.0,-0.37389119004553006,1.6384067826470872,0.0,-0.3001352100940328,1.7131397750164818,0.0,-0.3636162248893006,1.6369966701149117,0.0,-0.3035714908161398,1.7142214598013668,0.0,-0.36140425329536185,1.6331454902725764,0.0,-0.3031672711094043,1.702907469298057,0.0,-0.3753553777947032,1.6462052149656146,0.0,-0.3362699418212253,1.6736909460038016,0.0,-0.43320505816822014,1.7192414185641067,0.0,-0.38068848581218495,1.7521521714807484,0.0,-0.5057909590845572,1.789676601384652,0.0,-0.43528772294335616,1.8360641638809072,0.0,-0.5163169946121892,1.8035878054650223,0.0,-0.45089593817716955,1.843676851959271,0.0,-0.5335534408868506,1.820309842130125,0.0,-0.4458844427135559,1.8740615845090731,0.0,-0.25098849622184854,1.5055464218160042,0.0,-0.28123703474929684,1.5471405420969793,0.0,-0.31852483990701874,1.603544318672397,0.0,-0.35581263785843453,1.6599480835251006,0.0,-0.3021237169242366,1.7142064961170618,0.0,-0.36836935236118457,1.6477085170501764,0.0
-0.25467528122049904,1.514226999834585,0.0,-0.24811411649254733,1.5012947108846089,0.0,-0.2496204276826942,1.4993017407972333,0.0,-0.25126912009111707,1.4976275462421442,0.0,-0.24306850388640341,1.5068917496597354,0.0,-0.24066613226854497,1.5087110652764288,0.0,-0.23817453731273266,1.510533555917048,0.0,-0.25354041031249064,1.497755034749494,0.0,-0.23632260728831025,1.5133586500884806,0.0,-0.256754244355982,1.5127879340506156,0.0,-0.2511793793270736,1.5194070476733748,0.0,-0.30888472004153006,1.518885745260618,0.0,-0.24254362648093247,1.5746287314137135,0.0,-0.3649968210240861,1.5657562579558013,0.0,-0.2669883813996131,1.6438770139867218,0.0,-0.3445870810120578,1.6238986921804919,0.0,-0.28423730826123705,1.7000860314678972,0.0,-0.3452630400595436,1.6343071428346059,0.0,-0.29119720770586444,1.717205399349628,0.0,-0.33650769219411447,1.6307464269601706,0.0,-0.29491965352446425,1.717518586552734,0.0,-0.3359918148332371,1.6275266625634124,0.0,-0.29529407457752965,1.7097788087945676,0.0,-0.3712215541445573,1.6441632547765372,0.0,-0.3328408553058301,1.6726247844717526,0.0,-0.4289101004750656,1.7173267988245895,0.0,-0.3775035603346616,1.7509472827281838,0.0,-0.5042211949799876,1.7848402570034638,0.0,-0.4290382081741845,1.836775478770781,0.0,-0.5161149703397228,1.797601805913641,0.0,-0.445063895248783,1.8434647804047748,0.0,-0.530771511747185,1.8165298690861995,0.0,-0.43918812459653894,1.874894681817292,0.0,-0.24493151540559524,1.5055568376715522,0.0,-0.27571416706891577,1.5467572415721138,0.0,-0.3138726969521227,1.6025756348005316,0.0,-0.352031191823101,1.6583940353043638,0.0,-0.2926757843783819,1.7166125651303998,0.0,-0.3365587911892653,1.642611296372021,0.0
-0.24960651624697164,1.5127919339991542,0.0,-0.24241588135504513,1.4996945544623057,0.0,-0.2438641800937609,1.4976995705155778,0.0,-0.24547720369818868,1.4960394371463492,0.0,-0.23734428485258827,1.5057263029343964,0.0,-0.2348051324298885,1.5078098027089673,0.0,-0.2321615889234079,1.5098299132679085,0.0,-0.24826941599414762,1.4962448248503468,0.0,-0.23051444886440584,1.5131186944208777,0.0,-0.2518394648867826,1.5118990447575458,0.0,-0.24591220055569188,1.5190648919814886,0.0,-0.3036254945148574,1.5173798908491096,0.0,-0.23771657343853209,1.5736332047304695,0.0,-0.3592600363878043,1.5648162754876256,0.0,-0.26096781389333973,1.6432913018883613,0.0,-0.3616624081725494,1.6263900422616255,0.0,-0.27652955231310344,1.6999906089514247,0.0,-0.3647455077039679,1.639044031037941,0.0,-0.2840418091528017,1.7171211929307089,0.0,-0.358777354167248,1.6375690236025064,0.0,-0.2862437845400763,1.717220786507848,0.0,-0.3564736374201705,1.6339040132606055,0.0,-0.2860601558216292,1.7110776737234472,0.0,-0.36625771393860823,1.6429892257328857,0.0,-0.32774861664561183,1.6712767873389935,0.0,-0.42095286848079877,1.7184167580072773,0.0,-0.37320457884323754,1.7491415833273547,0.0,-0.4955600161316104,1.786707324780514,0.0,-0.4197243606792359,1.837788123371517,0.0,-0.5081939676757475,1.7987365513256863,0.0,-0.4352328388860077,1.8456019896535563,0.0,-0.5191566937954534,1.820653571076997,0.0,-0.4280172398008475,1.8763539450295117,0.0,-0.23939192616575442,1.5046817654644276,0.0,-0.2706710253156601,1.5455065481505008,0.0,-0.30883709148889754,1.6013197886791597,0.0,-0.34700314940629545,1.657133018192157,0.0,-0.2848459551118771,1.7165789071934388,0.0,-0.36183159534054987,1.646751436339875,0.0
-0.24448956821766538,1.5133308018084501,0.0,-0.23768370923676366,1.4996367605059435,0.0,-0.2392242223143394,1.4975308540060162,0.0,-0.24092576139925667,1.4957740749246675,0.0,-0.23246963997684708,1.5057535686423347,0.0,-0.22991518894802418,1.5078468430777454,0.0,-0.22725744233736436,1.5098309809731447,0.0,-0.24417679053384153,1.4956575626314905,0.0,-0.22585748307560075,1.5130724069085286,0.0,-0.2476061002191543,1.512112142318281,0.0,-0.24159078690738242,1.5192622691339925,0.0,-0.29976934008241324,1.5169126291380208,0.0,-0.2336032569169034,1.5728632380588807,0.0,-0.35501704626245323,1.5647989925291772,0.0,-0.25562991274825486,1.642918195879386,0.0,-0.38028172411145783,1.6210021614622283,0.0,-0.2685655312983869,1.7002736567946484,0.0,-0.3889046102106399,1.6367791699585452,0.0,-0.27611018539219156,1.717020240661284,0.0,-0.3842442015493075,1.638183777211904,0.0,-0.27674877827165334,1.7178559268448819,0.0,-0.37934340688294776,1.6337942432752317,0.0,-0.2759715739675458,1.7111479936327183,0.0,-0.3612811823496714,1.6435031937143632,0.0,-0.3223233961183173,1.6711695561043252,0.0,-0.4104798253789079,1.7226256688998642,0.0,-0.3697591091374242,1.7478443504241667,0.0,-0.4792599388584485,1.7967817474136412,0.0,-0.41819084015232194,1.8354609390062997,0.0,-0.4909495999846356,1.809730525180272,0.0,-0.43278126712250886,1.8448784144318662,0.0,-0.5005239018231658,1.8322358686610776,0.0,-0.42513436705405594,1.8742923937620362,0.0,-0.23501715376128948,1.504364975100577,0.0,-0.2666862933159331,1.5448879380335026,0.0,-0.3042442990237927,1.6011121555264856,0.0,-0.34180226895286064,1.6573363803804746,0.0,-0.2762945711186778,1.7171436341963466,0.0,-0.3875455052954545,1.6400245818134507,0.0
-0.24090060842243977,1.5147104044128876,0.0,-0.2345320280199021,1.5008469853317934,0.0,-0.2361690524369862,1.4986214764812866,0.0,-0.23794406926049236,1.496754493636563,0.0,-0.22917802504718673,1.5069897500421527,0.0,-0.22662005943773725,1.509067062240895,0.0,-0.22395088465015664,1.5110139709275683,0.0,-0.24147933498958477,1.4962009754798706,0.0,-0.2228373419909533,1.5138615867400111,0.0,-0.24463624516521307,1.5129864774185504,0.0,-0.23859753569082295,1.5200010766219132,0.0,-0.29725341693804846,1.5177395153469497,0.0,-0.23065270020345596,1.5731720484887668,0.0,-0.3520704376387405,1.5661183028316088,0.0,-0.2517988360802929,1.6434978020917244,0.0,-0.3853813741140778,1.617959229290027,0.0,-0.2624656025781236,1.7013182069377428,0.0,-0.39683691969224977,1.6353081041411979,0.0,-0.2697626737283663,1.7180749029796154,0.0,-0.3917995085823651,1.6376090473316585,0.0,-0.26982318952736434,1.719610610390349,0.0,-0.38621295516803206,1.633029695392363,0.0,-0.26909092957103425,1.712403580714009,0.0,-0.3573026785141174,1.6451872079191414,0.0,-0.31806129315633,1.6724498268531753,0.0,-0.4004037483782235,1.7277896917314817,0.0,-0.3678694315003678,1.7476051347716601,0.0,-0.46268376230519703,1.807483028065556,0.0,-0.42604956646699516,1.8290751971205697,0.0,-0.4728499683882659,1.8216593208380427,0.0,-0.44067976141251897,1.8384307729136182,0.0,-0.48291727412878477,1.8435351546835175,0.0,-0.4340760964528952,1.867697331456561,0.0,-0.23215834509553765,1.5050312765538254,0.0,-0.2639530562309258,1.545455789770585,0.0,-0.30081750087616715,1.602137172485263,0.0,-0.33768196700773273,1.6588185248196892,0.0,-0.2696237833228538,1.7184382140201955,0.0,-0.3942386822878874,1.6362939800388576,0.0
-0.23947128335259826,1.5156506282768787,0.0,-0.23293579505193282,1.5020099959520685,0.0,-0.23459697922252867,1.4997459908468656,0.0,-0.2363728552684041,1.4978360106498316,0.0,-0.22752281634677748,1.5082625475079017,0.0,-0.22494903814317388,1.5103989182092656,0.0,-0.22223260610956577,1.5124265795692138,0.0,-0.23995918237567335,1.4970837549711298,0.0,-0.2211200640823394,1.515208233481682,0.0,-0.243105344375917,1.5138350557278553,0.0,-0.23700310596446392,1.5208567109379827,0.0,-0.29576784238143033,1.5193336650279776,0.0,-0.2285827706950286,1.5740564878953445,0.0,-0.3502279154452641,1.5681139200382561,0.0,-0.2495742640321075,1.6444285554351357,0.0,-0.3860704739776367,1.6182378778108075,0.0,-0.2598782707102283,1.70231470723722,0.0,-0.3968674403191369,1.635566034131102,0.0,-0.2671118277271296,1.719365374052993,0.0,-0.3914933582575578,1.63775550292287,0.0,-0.26723814547142466,1.721077041693644,0.0,-0.38688766333414354,1.6331922989626497,0.0,-0.2668142724766229,1.714237901061171,0.0,-0.35446901449300844,1.6471372783570204,0.0,-0.3151978044108453,1.6743569178591038,0.0,-0.3924910223781304,1.7321972540905122,0.0,-0.36629522994782265,1.7486416676878145,0.0,-0.45259245662064135,1.8135461667617523,0.0,-0.43261674382274934,1.8236333736372599,0.0,-0.4625399495229241,1.8278767776298808,0.0,-0.44790529362487547,1.8318692492744593,0.0,-0.47231090718320773,1.8498825609390013,0.0,-0.4434394678846867,1.8615670405857776,0.0,-0.2305396087104228,1.506146004545489,0.0,-0.2621753030908569,1.5466950830314734,0.0,-0.2985043365085495,1.6037211100400774,0.0,-0.334833391597194,1.6607471069361504,0.0,-0.2668807031600992,1.719499006287878,0.0,-0.39427433801380785,1.6368741759406293,0.0
-0.23931259523596438,1.5158557391798366,0.0,-0.23246308990338677,1.5023620534781128,0.0,-0.2341090349105025,1.5001095457373703,0.0,-0.23585108321540882,1.4981991470941896,0.0,-0.22707353050916368,1.5086658555081087,0.0,-0.22454034291092734,1.5108190004365594,0.0,-0.22183226196140782,1.512932850101217,0.0,-0.23931118810323376,1.4975605595382722,0.0,-0.22041176997882028,1.5161743663632106,0.0,-0.24274038014897698,1.514514962955954,0.0,-0.23660795741784357,1.5214177375350284,0.0,-0.2952542921337161,1.5208414645186827,0.0,-0.22716596916334966,1.5744362541456904,0.0,-0.3490504155866301,1.5703529777093008,0.0,-0.2486265132841812,1.6446667014487184,0.0,-0.3863581232749249,1.6193961738936424,0.0,-0.2596597343720502,1.70241830018419,0.0,-0.3960281628480015,1.636362734944266,0.0,-0.26697086002855336,1.719753461762735,0.0,-0.39132915883720676,1.639199863274171,0.0,-0.26720657849004875,1.7214385795459146,0.0,-0.38755456552021145,1.6344316030017536,0.0,-0.2669040147482706,1.7151210820413916,0.0,-0.35205235473020496,1.6489798961902353,0.0,-0.31279372077854595,1.6762176709927121,0.0,-0.38659709420658295,1.7355104314359373,0.0,-0.3637501897699276,1.7505991822811462,0.0,-0.44577488385601877,1.817533703761583,0.0,-0.4310230574500237,1.8247386484106407,0.0,-0.45691228591395017,1.8309604419468115,0.0,-0.4467677099167919,1.8320649927421744,0.0,-0.4638214444092664,1.8547287637372136,0.0,-0.4420697501243348,1.8626076994317744,0.0,-0.229861480423439,1.5068674627605538,0.0,-0.2612101268977188,1.5476388655966762,0.0,-0.29681657825280844,1.6051188364330249,0.0,-0.3324230221722074,1.6625987956974448,0.0,-0.26667976740441673,1.7195954166564602,0.0,-0.39389067139109535,1.6383137771241036,0.0
-0.2392220985731774,1.5162446857895575,0.0,-0.23270710531414673,1.5022471391953778,0.0,-0.23439161430203365,1.4999769646473908,0.0,-0.2361360245795629,1.4980398052324637,0.0,-0.2272733263074948,1.5084407373990538,0.0,-0.22482720181276733,1.5104821991758657,0.0,-0.2222103117991469,1.5125469670981768,0.0,-0.2395356518171582,1.4976243844967996,0.0,-0.2206574701297193,1.5162276704011528,0.0,-0.24315010573452223,1.5153660302523855,0.0,-0.23701687250875803,1.5217359606225764,0.0,-0.2958256535315853,1.5219846703757995,0.0,-0.22643897827288748,1.5738875652529078,0.0,-0.348261436008013,1.5729346610830672,0.0,-0.24860301884323865,1.6438991784891517,0.0,-0.3872484093782398,1.6206537982542306,0.0,-0.25999903224088033,1.7015802846047376,0.0,-0.39697827344964115,1.6373861006196158,0.0,-0.2672630374982647,1.7191024008666205,0.0,-0.39338857730757754,1.6414261897506603,0.0,-0.2674890451350213,1.7209022648523156,0.0,-0.3893439812679847,1.6365496885388584,0.0,-0.26720312781268024,1.7147646610510296,0.0,-0.3495340189972507,1.6510368966516678,0.0,-0.3099985599619074,1.6778712812133716,0.0,-0.38275688008422715,1.7380835166698738,0.0,-0.36034121109970807,1.7526695995770807,0.0,-0.43760536334156774,1.8230627604601615,0.0,-0.4234957300497789,1.8303471761359262,0.0,-0.450865148006956,1.8343984180732962,0.0,-0.4393693545854102,1.837389721603675,0.0,-0.45073101523555914,1.862265669749531,0.0,-0.4288906083008108,1.8694238921307287,0.0,-0.23009657365602681,1.5069260228395718,0.0,-0.26113230893882977,1.54793611989445,0.0,-0.2954492958622539,1.6061951177741545,0.0,-0.3297662757729322,1.664454103822959,0.0,-0.2668972676452183,1.7188066754740925,0.0,-0.39518343045312926,1.6394061430049183,0.0
-0.23881398729821543,1.517328027306419,0.0,-0.23341477228479365,1.502482053992735,0.0,-0.23526735852989625,1.5001662924346566,0.0,-0.23710994484652678,1.4981653412905642,0.0,-0.22766840735255842,1.5084284960617527,0.0,-0.2252268937564195,1.5102904906636037,0.0,-0.22265293633396996,1.5121672683882588,0.0,-0.2407836696288668,1.4977965207441546,0.0,-0.2214819419026812,1.5157775846962116,0.0,-0.24393148344068802,1.5166952917190404,0.0,-0.23769471376045162,1.522294741379462,0.0,-0.297185025873582,1.5233223380378835,0.0,-0.22618475897322174,1.5729951001933926,0.0,-0.3479084368422699,1.575977332261485,0.0,-0.24909318771659533,1.6427666887868546,0.0,-0.38788451394476664,1.6228709715361915,0.0,-0.26036635193515717,1.7004719302522366,0.0,-0.3984373093948396,1.6392249413299806,0.0,-0.2674419943295115,1.7180653757034228,0.0,-0.39518861353562995,1.6440433710713236,0.0,-0.26762960401792996,1.7201148967832076,0.0,-0.3900912845467368,1.6395147770066605,0.0,-0.2675467436688325,1.713931712756854,0.0,-0.34714174374268886,1.6537751825459779,0.0,-0.3068063728799983,1.6793914776198158,0.0,-0.3808329432073869,1.7406416066350838,0.0,-0.35682222385732837,1.7544087130036568,0.0,-0.4283348969492698,1.8299354607433254,0.0,-0.4168860987267329,1.834500098929627,0.0,-0.4432001802635687,1.8390646652475695,0.0,-0.43270350251700235,1.8416680233083487,0.0,-0.4332438122499381,1.8709848625046623,0.0,-0.4129179973823046,1.8737473741981376,0.0,-0.2311327940330736,1.5067870617807892,0.0,-0.261684887927903,1.54815872459045,0.0,-0.2943294670922023,1.6073710364574567,0.0,-0.32697403909036965,1.6665833365705343,0.0,-0.26703463077444767,1.7177886346557576,0.0,-0.396633765102427,1.6412575317715308,0.0
-0.23840290985446672,1.5186242289726253,0.0,-0.23435349131292532,1.5033626702513427,0.0,-0.2364845571146299,1.501057298337622,0.0,-0.23852315523184947,1.4990212664693867,0.0,-0.22801873557156926,1.5089298207152526,0.0,-0.22541512302933536,1.5106351443020098,0.0,-0.22271276355479347,1.5122934629092348,0.0,-0.24275090123365262,1.4984262793742842,0.0,-0.22213453018194623,1.5156197046440152,0.0,-0.24468962617724865,1.5184422444509786,0.0,-0.23820812168527533,1.5234494831651497,0.0,-0.29848662420892774,1.5254410499158915,0.0,-0.22578552364950308,1.572589445196416,0.0,-0.34766773711113064,1.5795393952758623,0.0,-0.24950888175438615,1.6420881715341917,0.0,-0.3870686162599494,1.62691735288519,0.0,-0.26111459489547034,1.6997274510800326,0.0,-0.3987150503030505,1.6427690954579826,0.0,-0.26793727315188315,1.71731687435965,0.0,-0.39446153754379326,1.6478481336374573,0.0,-0.2681612966290164,1.719551332125349,0.0,-0.38826676893012,1.6438305031816534,0.0,-0.2685082721910474,1.7132326523051684,0.0,-0.3452738799537507,1.6571494707038417,0.0,-0.30377624351007937,1.680836658918774,0.0,-0.3796276017839119,1.7437560198315745,0.0,-0.3532345012873323,1.7562226767951672,0.0,-0.42248558685886073,1.835369452831956,0.0,-0.4152377170506535,1.8348222976522504,0.0,-0.4376890201330404,1.8439236704801252,0.0,-0.43096875228120507,1.8421778352355036,0.0,-0.4197772396512334,1.876622521685021,0.0,-0.40564766532725866,1.8730861886230405,0.0,-0.23244272657286447,1.5070229833740405,0.0,-0.26213606727796274,1.5490152498378276,0.0,-0.2933305586079771,1.6090041666151085,0.0,-0.32452504289339307,1.6689930715542023,0.0,-0.26756461271919396,1.7171266310650521,0.0,-0.39642883868426854,1.6450005281947107,0.0
-0.2384469047699755,1.5198741030660483,0.0,-0.23527212670342204,1.5044719305852439,0.0,-0.2376996290749734,1.5022646541153422,0.0,-0.2399813252628676,1.5002745907905572,0.0,-0.22824415251061628,1.5096240400590646,0.0,-0.22537232934855986,1.5112588922769845,0.0,-0.22242241047674663,1.5128173151077184,0.0,-0.24472707696487214,1.4993433258792639,0.0,-0.22213213946672247,1.5163267277617813,0.0,-0.24536762842675505,1.520433387361281,0.0,-0.23856255540774604,1.525271810732327,0.0,-0.29908257051320525,1.5282062012118383,0.0,-0.22490704724221397,1.572999202311952,0.0,-0.34680497337014204,1.5835955964292094,0.0,-0.24939326723431451,1.6422328336831578,0.0,-0.3840898347839195,1.6326561636322747,0.0,-0.26187050956124197,1.699689752744241,0.0,-0.3968146201929046,1.6482908724575691,0.0,-0.26830311344479824,1.7173708123288371,0.0,-0.3909138868457656,1.6535256380993513,0.0,-0.2687072726971535,1.7195523540876758,0.0,-0.38407249405103583,1.6496503540417735,0.0,-0.26951247194142086,1.7130016773938521,0.0,-0.3439730684897301,1.6605032853985566,0.0,-0.30147915992312446,1.6823528723665921,0.0,-0.3783180738935795,1.7471132915133702,0.0,-0.3489892781954586,1.7589815851012447,0.0,-0.4224374943815253,1.8381259539654036,0.0,-0.4161086306410801,1.8332600590432329,0.0,-0.43712363496785517,1.847540639173802,0.0,-0.4317136696903462,1.8408792557748042,0.0,-0.41656790527069326,1.8790490374032727,0.0,-0.40803204548958516,1.8718717569672114,0.0,-0.23342961717157498,1.5078350204870512,0.0,-0.26199480413540577,1.5506027071057606,0.0,-0.29236042501093695,1.6110154168140114,0.0,-0.322726095745769,1.6714280860684687,0.0,-0.26805413667205913,1.7171853793358158,0.0,-0.39370258081983833,1.6506063755183922,0.0
-0.23880726393133614,1.5211138780877538,0.0,-0.23582618611174885,1.5053700043147722,0.0,-0.2385087378947572,1.5032535654890353,0.0,-0.24104737389482903,1.5013570932823685,0.0,-0.22810396459865187,1.5103410303064966,0.0,-0.2249763627436144,1.5120397453912513,0.0,-0.2218192606809222,1.513705008165547,0.0,-0.2462015596433517,1.5001681954430761,0.0,-0.22143804137799486,1.5179566288373414,0.0,-0.24611651389039782,1.5226427177070214,0.0,-0.23884627596307847,1.5277492507441413,0.0,-0.29903229312831137,1.5309260481615883,0.0,-0.22383211737317377,1.5739766552011711,0.0,-0.3449826878363877,1.5877940889503996,0.0,-0.24862652705220745,1.6431005145480986,0.0,-0.37951460122847086,1.638829832331022,0.0,-0.2614374269918607,1.7004839613495317,0.0,-0.39260157053775024,1.654719589247967,0.0,-0.26728206826173895,1.718536970190396,0.0,-0.385535594030755,1.6601778002311467,0.0,-0.2679776382711919,1.7204435947635714,0.0,-0.37853734817651125,1.6560213002563147,0.0,-0.26910697814435736,1.7136066895579865,0.0,-0.34293577502022565,1.663149900206052,0.0,-0.299992119954518,1.684101730807178,0.0,-0.37732210229559215,1.7497435088149433,0.0,-0.3438762255002687,1.7628631187715256,0.0,-0.425227032425741,1.8388218207658638,0.0,-0.4153015492749936,1.8330109789494804,0.0,-0.4388797350744824,1.8496810441855993,0.0,-0.4306151943361317,1.8412000984079437,0.0,-0.4218367137150835,1.8800244490003946,0.0,-0.41349768622820765,1.8724170764775325,0.0,-0.2338198034094818,1.5090624083959727,0.0,-0.26143219847425775,1.5524513535753786,0.0,-0.2914480674430095,1.6130385967499992,0.0,-0.32146393123917044,1.6736258271388773,0.0,-0.2671858150687484,1.7181273801960861,0.0,-0.3888106608288121,1.6569460755678105,0.0
-0.23842914696956338,1.5222078560753696,0.0,-0.2354090741459652,1.5058248779889098,0.0,-0.23829328875148634,1.5036989743816984,0.0,-0.24108197074695,1.5018832148681633,0.0,-0.2270548474457186,1.5109413531766056,0.0,-0.22376914437922343,1.512801007841229,0.0,-0.22054267257706525,1.5146881504602092,0.0,-0.24680945749670294,1.5006361926580551,0.0,-0.2200716163906661,1.519677530320259,0.0,-0.24642874753158125,1.5246334085790822,0.0,-0.2384424216152072,1.5302988825348363,0.0,-0.29850958690944085,1.5327498962053616,0.0,-0.22277734681591063,1.574857484719738,0.0,-0.3424157813190737,1.591210643116853,0.0,-0.24713004112425768,1.6441381960488646,0.0,-0.3742808144919903,1.6439526548894425,0.0,-0.25903928522650677,1.7017155269091064,0.0,-0.3865695208692683,1.6603673657527678,0.0,-0.2642415546739467,1.720446897744239,0.0,-0.3788616116317268,1.6660662241712951,0.0,-0.26515002521652886,1.7220991419727871,0.0,-0.37191607174691443,1.6616161584941216,0.0,-0.2664563359159673,1.7149968781085556,0.0,-0.34155530693346425,1.6649424235890076,0.0,-0.29849507855585533,1.6856536149600745,0.0,-0.37725884335311427,1.7510012990320971,0.0,-0.3384159828102069,1.7664960070395768,0.0,-0.4270090563078812,1.8390623250410827,0.0,-0.41017351078544595,1.8363040033061433,0.0,-0.4389513381323478,1.8517784930063033,0.0,-0.42489682398217793,1.8455123392619197,0.0,-0.42964673170023016,1.8803199728523357,0.0,-0.415173206877185,1.8754332440765973,0.0,-0.23344053323785793,1.5101568637002656,0.0,-0.26064346031276786,1.5538036927208472,0.0,-0.2903343349765005,1.6145508604503174,0.0,-0.3200251757646213,1.675298029428955,0.0,-0.264194912952626,1.7195411740734348,0.0,-0.3824477703994332,1.6626051567139557,0.0
-0.23629302634122154,1.5225939916705375,0.0,-0.23347513002395337,1.5053646837978154,0.0,-0.2364622760845418,1.5031683072005997,0.0,-0.2394089179046403,1.5014024170493219,0.0,-0.22476832989465678,1.5107007589447177,0.0,-0.22145908277460746,1.5126924133483262,0.0,-0.21827511144909972,1.5147257918945598,0.0,-0.2459509325060677,1.5004164169864027,0.0,-0.2180779547947797,1.520129613787033,0.0,-0.24516066779896434,1.5251714490006858,0.0,-0.23639504443704823,1.5314273685214745,0.0,-0.2971258525871206,1.5328816679089,0.0,-0.22135892602730917,1.5749268107884322,0.0,-0.3391496068279757,1.592709896334035,0.0,-0.24477052768341923,1.6445311755239944,0.0,-0.36818920246288067,1.647058788045755,0.0,-0.25508066619995373,1.7024162354949972,0.0,-0.37927397656007783,1.6641416371397761,0.0,-0.2598836668680997,1.7219021010137139,0.0,-0.370565067776742,1.6698345884391308,0.0,-0.26071098311782237,1.7235775684366221,0.0,-0.36366291136612566,1.6653402230229069,0.0,-0.26208271307916897,1.7162731998583967,0.0,-0.33919987125315126,1.6659046841974747,0.0,-0.2958318283695912,1.6859633375019807,0.0,-0.3777186240714747,1.750740868910835,0.0,-0.333668886493245,1.7678017635998007,0.0,-0.4255087542774751,1.839880823172061,0.0,-0.3999315815338942,1.8428454469437043,0.0,-0.434889877290648,1.8545884250808156,0.0,-0.4136052094927761,1.8535506466618594,0.0,-0.43336452896326927,1.880469462450544,0.0,-0.4094606842688622,1.881124561945861,0.0,-0.2320144396006914,1.5102730185071576,0.0,-0.25924238468190286,1.5539042450731078,0.0,-0.2883791124898893,1.6149191409436505,0.0,-0.3175158343713671,1.675934024403558,0.0,-0.2596941151849573,1.7203898350938596,0.0,-0.37470419271303246,1.666350493391525,0.0
-0.23258534431574154,1.5218026092227823,0.0,-0.23026541405530415,1.5036906261019556,0.0,-0.23319889875325972,1.5014310345757746,0.0,-0.23611496614396354,1.4996629291788026,0.0,-0.22161502039423503,1.5091864758761324,0.0,-0.21835795419386156,1.5112375585960391,0.0,-0.21521893355211458,1.5133075368406679,0.0,-0.24330306003163893,1.4991920057863843,0.0,-0.21559952692385748,1.519092040091895,0.0,-0.24193736056139253,1.5235822336000246,0.0,-0.23272974811443664,1.5302743928032605,0.0,-0.2943605275934304,1.5312250186467489,0.0,-0.21913689044051907,1.5742346177330842,0.0,-0.3348730591600967,1.5920867276520485,0.0,-0.24171184856760358,1.6441148148414635,0.0,-0.3603790655087447,1.6481807895933431,0.0,-0.2507970036466679,1.7022047372141615,0.0,-0.37107052808033214,1.6662629607207642,0.0,-0.25569599632526563,1.722040761603652,0.0,-0.36082852473602894,1.6712848096532817,0.0,-0.2561568343776479,1.7240089541109809,0.0,-0.3540489113262094,1.6667958429731473,0.0,-0.25748855855539854,1.7166535723458285,0.0,-0.3360230155204931,1.6658323185611978,0.0,-0.2920823384122007,1.6846034030052384,0.0,-0.37772001183679677,1.7491523824929822,0.0,-0.3306314118996217,1.7661088622511225,0.0,-0.42198816770059117,1.8400927935719888,0.0,-0.38673641505822764,1.8490216343941586,0.0,-0.428563647456266,1.8562508283806343,0.0,-0.39858916950959367,1.861713427588153,0.0,-0.4323357837161587,1.8801187561111603,0.0,-0.3978273315520045,1.8868777569585464,0.0,-0.22945129249423296,1.5091420245850544,0.0,-0.25674870431643115,1.5527298237128386,0.0,-0.28540068309444466,1.613973848217717,0.0,-0.3140526554399249,1.6752178605482178,0.0,-0.2552359449979431,1.7202222285422404,0.0,-0.36569596930452797,1.6678364637647871,0.0
-0.22897316051557803,1.5208122649904616,0.0,-0.22701871384795053,1.5019963126494025,0.0,-0.2297853902687328,1.4996397635349348,0.0,-0.23252320504319046,1.4977747512659954,0.0,-0.21848663358110088,1.5078431327425021,0.0,-0.21519192524100167,1.5099805890116205,0.0,-0.2119855725905107,1.5121200518176812,0.0,-0.239773577646334,1.497680687055914,0.0,-0.21271805126950155,1.5184350761475218,0.0,-0.23802198010745912,1.5215443316043866,0.0,-0.22880437975557888,1.528565055818063,0.0,-0.29056684029499596,1.5292623778819796,0.0,-0.21641492792393943,1.5740944544767048,0.0,-0.32986155590925487,1.5909173708815771,0.0,-0.23862486619455983,1.6440915210178162,0.0,-0.3512264684753226,1.6487156464265738,0.0,-0.24757615710725175,1.7022022215390893,0.0,-0.36241746428934063,1.668183503781371,0.0,-0.25299773118662633,1.721596597029499,0.0,-0.35104890021844576,1.6719267635617012,0.0,-0.2530523639531354,1.7238852455471216,0.0,-0.3446662789599368,1.6672130399532736,0.0,-0.2542595880983792,1.7166932662479026,0.0,-0.33328247293726665,1.6649914714381255,0.0,-0.28902547891719516,1.6830041113403746,0.0,-0.37712796988348507,1.7472012333459284,0.0,-0.3297824886682995,1.7634282191052075,0.0,-0.42014209562585997,1.8387414593529634,0.0,-0.3763762720859118,1.8520358853124992,0.0,-0.42482029755414874,1.8555472157957076,0.0,-0.3854143804398997,1.8668643039721229,0.0,-0.43030757884503906,1.8788140657732273,0.0,-0.3867945444794438,1.89008262031849,0.0,-0.2262458129321337,1.5080578830239353,0.0,-0.2534908788699838,1.5516784206987158,0.0,-0.28232244900200015,1.612838105043654,0.0,-0.31115395915893296,1.6739978024570272,0.0,-0.25233450301415933,1.720138005277406,0.0,-0.356314296479814,1.6684318580125832,0.0
-0.22721712752057158,1.521686415659335,0.0,-0.22503497555849453,1.5027472439727003,0.0,-0.22766477872725113,1.500220048738078,0.0,-0.23023412434993604,1.4982024266642,0.0,-0.2162034560588301,1.5092861397607298,0.0,-0.21269315624270316,1.5115865460029254,0.0,-0.20930115901241922,1.5138721798338726,0.0,-0.23701966086345658,1.4980316666346447,0.0,-0.2096128110416963,1.520449742138458,0.0,-0.23522935319606822,1.5222121763800465,0.0,-0.22612381698102638,1.52955788359585,0.0,-0.2870650313354152,1.5295071906949362,0.0,-0.21407379211962901,1.5762051585075088,0.0,-0.3254363964944269,1.5917410333596769,0.0,-0.2364809412426266,1.6461393443576728,0.0,-0.34292759098687947,1.6508270575968709,0.0,-0.24644362964532204,1.7040852153397155,0.0,-0.3544276380890427,1.6716263176378252,0.0,-0.25237761543727916,1.722529203813781,0.0,-0.342948184276412,1.6742968545531018,0.0,-0.25215343974662324,1.7249923608244495,0.0,-0.33718149901065386,1.6691829974082786,0.0,-0.25321206719874095,1.717971927126612,0.0,-0.3321888170597491,1.6647269452076472,0.0,-0.28832403547944147,1.6836747063643789,0.0,-0.3765961770589864,1.7466345695981558,0.0,-0.3309593066863694,1.76311905545689,0.0,-0.4201449528698399,1.8379216558490377,0.0,-0.3723799038840954,1.854259788895095,0.0,-0.42574894246855893,1.8544417745977675,0.0,-0.3795871725647092,1.8700593041005988,0.0,-0.4275967503981515,1.8785864016122886,0.0,-0.3811986141094519,1.8927087784038337,0.0,-0.22331623205882825,1.509240705603837,0.0,-0.25056940587409304,1.5528561781106174,0.0,-0.28041290883132736,1.6135285091742202,0.0,-0.3102564057182927,1.6742008278968665,0.0,-0.25170868061057305,1.7218788499434372,0.0,-0.3480558441911033,1.670532793111714,0.0
-0.22637975541287814,1.5254792723321966,0.0,-0.22408983162434076,1.5071113074055542,0.0,-0.22672347391929543,1.5044445007828495,0.0,-0.2292411852393363,1.5023513458916116,0.0,-0.21466734216367678,1.514345682909232,0.0,-0.21093904347958692,1.516761068458423,0.0,-0.20741061233979008,1.5191117534017613,0.0,-0.23540757065191575,1.5018802509431852,0.0,-0.20667026475833983,1.5252801287102333,0.0,-0.23387582098484272,1.5268688944538906,0.0,-0.2248095115016968,1.5344541259724331,0.0,-0.28468986911811967,1.533044402203105,0.0,-0.2124970249169482,1.5809674075995275,0.0,-0.32260073651313836,1.5955598320612066,0.0,-0.23587346641245224,1.6505835886593416,0.0,-0.3375303149293853,1.6553445109785028,0.0,-0.2475242352155549,1.7082137778866326,0.0,-0.34849247252965593,1.676968058962095,0.0,-0.2536278907950043,1.7261111899301536,0.0,-0.3373264767263928,1.6794467681900858,0.0,-0.25318390457849066,1.7285884950848425,0.0,-0.332098482611172,1.673975299135414,0.0,-0.2541043175755016,1.7213630351907179,0.0,-0.3323980323948204,1.6664617786303593,0.0,-0.2895131237705681,1.6875335922264958,0.0,-0.376341966543347,1.7486189646030328,0.0,-0.33301044322206363,1.7665092476790187,0.0,-0.4204865737373982,1.8396194132089756,0.0,-0.3728030135403764,1.8583724639918189,0.0,-0.4283858550735378,1.8551732030129815,0.0,-0.38122435324421683,1.8735596441170437,0.0,-0.4241393024118567,1.8807996075701436,0.0,-0.3798560477435986,1.8971841781102405,0.0,-0.2210389100515986,1.5135801944260783,0.0,-0.24859344172562228,1.5570059092644084,0.0,-0.27977451708855183,1.6170018004959017,0.0,-0.31095555991672386,1.6769976931367516,0.0,-0.25297597656016724,1.725951103231478,0.0,-0.3421937468150648,1.675165393808367,0.0
-0.2240458530955255,1.531231388399037,0.0,-0.2220655777743172,1.5133866273011982,0.0,-0.22483849766461847,1.5107084283010959,0.0,-0.22743151726938612,1.508654313844139,0.0,-0.21237271045064768,1.520867632781822,0.0,-0.20869862593509095,1.5231951347587553,0.0,-0.20529105329581368,1.5253921498489496,0.0,-0.23315037147653025,1.5081321735838307,0.0,-0.20377923759762676,1.5307539525526517,0.0,-0.2320658188273336,1.5333837446827863,0.0,-0.223135608600647,1.540966519453151,0.0,-0.2823909830695114,1.5380135654614557,0.0,-0.21087124202787297,1.5869354198970467,0.0,-0.3204155951686457,1.6004598760946411,0.0,-0.2361775057868979,1.6558735348763831,0.0,-0.33491317398020204,1.6603507798575148,0.0,-0.24954487758246166,1.7131299100267179,0.0,-0.345113882789579,1.6824720169025258,0.0,-0.2556770472939102,1.7314662904513622,0.0,-0.33389331228666713,1.685306973344257,0.0,-0.2550514442756117,1.733723388891328,0.0,-0.32889369163595256,1.6795465509998144,0.0,-0.25582108095346207,1.7258469451808698,0.0,-0.33203886160344676,1.669894951887323,0.0,-0.29011754714752647,1.6928239752033853,0.0,-0.37583520128912196,1.7521309123032835,0.0,-0.33397219292058933,1.7716017702838538,0.0,-0.4201921114374908,1.8430280657949603,0.0,-0.3744711548935347,1.8631557611470821,0.0,-0.42674813425429287,1.859194004917704,0.0,-0.385208652425315,1.8768040412335443,0.0,-0.4215764993037421,1.884346757747012,0.0,-0.3801458885978709,1.9021928184345722,0.0,-0.21846480128750131,1.5194430660033302,0.0,-0.24663110768046984,1.5624744976454703,0.0,-0.27885462491486396,1.621917002324316,0.0,-0.3110781845564726,1.6813594683704716,0.0,-0.25486012447113865,1.7309086148330266,0.0,-0.33881068601863773,1.6803363845023043,0.0
-0.21890351921051326,1.5364284418448042,0.0,-0.21723884533389076,1.518879734193281,0.0,-0.2202106574037142,1.5162066998869832,0.0,-0.22299320707689052,1.5141373763576749,0.0,-0.20778265623677145,1.5260980247970968,0.0,-0.2044276699671122,1.528142539758149,0.0,-0.2013780812486608,1.530031697791362,0.0,-0.22855588255754505,1.513739327037531,0.0,-0.20005055479995854,1.534708544746458,0.0,-0.22779265453644432,1.5385910084952057,0.0,-0.2191874009169001,1.5459723709293713,0.0,-0.2784318370900743,1.5414665188398011,0.0,-0.208051285358771,1.592013518138251,0.0,-0.3170310018335972,1.6035593309688092,0.0,-0.23576104584295407,1.66002116371031,0.0,-0.3336626954255926,1.662893022183776,0.0,-0.25038442027154634,1.7169697022727517,0.0,-0.3438839551391756,1.6856475500134929,0.0,-0.2567832988144675,1.736334093712907,0.0,-0.33236795284313103,1.6886109536561364,0.0,-0.256228885587544,1.7380019250514904,0.0,-0.32724142783066135,1.6825638475561382,0.0,-0.2568089025043486,1.7294502873443498,0.0,-0.32929662576245267,1.6732691031019018,0.0,-0.28783594293186415,1.6970209134573697,0.0,-0.37458535832809986,1.754692706915512,0.0,-0.33227431425229986,1.775470910959015,0.0,-0.41881964027924296,1.845649599403474,0.0,-0.3755489847100945,1.8657460573761737,0.0,-0.4228013796469506,1.8626338501818374,0.0,-0.3879407602446053,1.877912129119584,0.0,-0.42147360933240285,1.8869062023011638,0.0,-0.3813283452668752,1.9047677620523746,0.0,-0.21430320996518332,1.5242239410751577,0.0,-0.24324155508797612,1.5667400216394438,0.0,-0.2759039152101017,1.6259425271328978,0.0,-0.30856626868859316,1.6851450205843628,0.0,-0.2557666495945383,1.7347282439243676,0.0,-0.33735050235116903,1.6829183829342658,0.0
-0.21213071983310733,1.5394850406376257,0.0,-0.21081822745524134,1.5226778873674962,0.0,-0.21400272791308148,1.5198725798724229,0.0,-0.21704966705343745,1.5175677159635363,0.0,-0.20158896886690733,1.5294515798122488,0.0,-0.19848751656129202,1.5312150039972003,0.0,-0.19572739849410423,1.5328456708109433,0.0,-0.2225907466495133,1.5167875389447718,0.0,-0.19502119007993687,1.536958844943542,0.0,-0.22177657409825177,1.541521165484036,0.0,-0.2133711642783966,1.5487239287552925,0.0,-0.27288963535985605,1.5425225547588364,0.0,-0.2041002634584278,1.5952145229654535,0.0,-0.31235264903438675,1.6040699624110657,0.0,-0.23362011815483325,1.6624562426121778,0.0,-0.332960116445149,1.6621426102915045,0.0,-0.24898292334623243,1.7192097741386638,0.0,-0.34422872653523706,1.6855003615598112,0.0,-0.25580367138578297,1.739450012802276,0.0,-0.33273484031537864,1.6884065067863834,0.0,-0.25567957285995035,1.7403342508377426,0.0,-0.3271756542486164,1.6821932948222835,0.0,-0.25604565578054417,1.7315315150640604,0.0,-0.32428132127763776,1.6755462115723714,0.0,-0.28281999448028106,1.6992968977970593,0.0,-0.37267236869416687,1.7551651734177114,0.0,-0.3281176343864427,1.7772539037205348,0.0,-0.41658581933855343,1.8462773945699966,0.0,-0.37517033679922174,1.8656187290727337,0.0,-0.4194682496559766,1.8634823536911305,0.0,-0.3882794253636448,1.877008250554061,0.0,-0.4245078920562491,1.886853145927776,0.0,-0.38241250007048544,1.9043955973763278,0.0,-0.2088059654850429,1.5268731933219466,0.0,-0.23849494449426953,1.5688685436643885,0.0,-0.2710227837643953,1.628145065980283,0.0,-0.3035506400807261,1.6874215632544036,0.0,-0.2547468850137738,1.7368481113611054,0.0,-0.33738351282099094,1.6820184387675647,0.0
-0.20703753411400577,1.5413364288986164,0.0,-0.2059482467173731,1.525897642923934,0.0,-0.2093586183192444,1.5229177482238638,0.0,-0.21262394809446472,1.520271229006556,0.0,-0.19647644802355546,1.5324443962572822,0.0,-0.19332334566098675,1.5341545706487465,0.0,-0.19052598009740518,1.5357362809367832,0.0,-0.21796283732880117,1.518293241899913,0.0,-0.1898063664240186,1.5390678247673302,0.0,-0.21708121173426354,1.543843901356777,0.0,-0.20840650452367582,1.5510363775040108,0.0,-0.26791507691976185,1.5430558877079608,0.0,-0.20044408782941675,1.5974257951131672,0.0,-0.308597494130422,1.603804169715633,0.0,-0.23053084289452475,1.6644157783345246,0.0,-0.33300543509122377,1.6603846660282768,0.0,-0.24630500217891677,1.7210563558646605,0.0,-0.34579470330663675,1.6836304683074723,0.0,-0.25327253199253374,1.7418328405187535,0.0,-0.3345468085039945,1.6871669485472223,0.0,-0.25359851311812776,1.7422925033777032,0.0,-0.328343329162495,1.6810626998217209,0.0,-0.25380287567031834,1.7336942216081535,0.0,-0.3194689591098038,1.6773128961078019,0.0,-0.27790057008997787,1.700875700487527,0.0,-0.3703854797878544,1.755340971038817,0.0,-0.3236117579402916,1.7785909387547705,0.0,-0.41388411950143034,1.8466519579673812,0.0,-0.37387058506726933,1.865172400163612,0.0,-0.41728343052740724,1.8637622971645846,0.0,-0.3869836812928458,1.8765573072753226,0.0,-0.42597787118111774,1.8861853869193814,0.0,-0.38177953033212314,1.9038187845880243,0.0,-0.20388460496962357,1.5286805321702341,0.0,-0.23417957664082245,1.5702408451675638,0.0,-0.2664321766588581,1.6296675749911582,0.0,-0.29868474616271257,1.6890943057276182,0.0,-0.2522696012957348,1.738627859825708,0.0,-0.3386126731492335,1.6799594936001454,0.0
-0.20524262565848853,1.5438923755963767,0.0,-0.20422510959465154,1.5296115139572992,0.0,-0.2078110775037698,1.5266390347481786,0.0,-0.21110790253100084,1.523850176829157,0.0,-0.19421890558205043,1.5363504780329085,0.0,-0.190832882246431,1.5382641852766945,0.0,-0.18777770202149788,1.5399923508085387,0.0,-0.21601923160542388,1.5205734777883668,0.0,-0.186377911815212,1.5424114122476,0.0,-0.21562113021238602,1.5473111598561058,0.0,-0.20627931185983492,1.5546718114163245,0.0,-0.26548509322183605,1.5451203591649088,0.0,-0.19858173994598177,1.600187250492878,0.0,-0.3078370978883857,1.604716672286699,0.0,-0.22827787389608634,1.6673513056917937,0.0,-0.33464743087727494,1.6601991577208965,0.0,-0.2438844727064748,1.7240382812474564,0.0,-0.3486977462111408,1.682539033157346,0.0,-0.25056706725935485,1.7452691081641185,0.0,-0.3373916044757573,1.6876636853861688,0.0,-0.2508437793421525,1.7460535892639528,0.0,-0.3304649366898129,1.681824425751514,0.0,-0.2511013964644765,1.73783549483896,0.0,-0.31763359775760963,1.6795012480028935,0.0,-0.2761132440664314,1.7031485934205106,0.0,-0.3684332029478749,1.757605490319887,0.0,-0.32110816610736426,1.7812807119387708,0.0,-0.4111135017264106,1.8493018375043568,0.0,-0.37345451477070124,1.8666162786474212,0.0,-0.4157479123443726,1.8661197226603092,0.0,-0.38638476723869886,1.8782084300300312,0.0,-0.42219416985558733,1.889131093437701,0.0,-0.37983223314336,1.9055446635694926,0.0,-0.2011985772991137,1.5314924418442952,0.0,-0.23203340993410185,1.5726538074845047,0.0,-0.26445340017322555,1.6319893841509954,0.0,-0.2968734069931728,1.6913249360858957,0.0,-0.24946684765744717,1.7417349273699343,0.0,-0.3411537460361542,1.6794937905539131,0.0
-0.20556045538539913,1.5475195976046139,0.0,-0.20450722321937043,1.5332671382485792,0.0,-0.20808211770380902,1.530474111540465,0.0,-0.21121417122600228,1.527860736220074,0.0,-0.1941338018311255,1.5405149655375532,0.0,-0.1905793577921876,1.5427053647993259,0.0,-0.1873469182425126,1.5446418610837243,0.0,-0.2158937652788051,1.524153969945598,0.0,-0.1857507060189698,1.5465819787008355,0.0,-0.2163331103035805,1.5512648884354103,0.0,-0.20627909263900635,1.5589969899939111,0.0,-0.2657187240075371,1.548436072810825,0.0,-0.19891176403866945,1.603619868437787,0.0,-0.3097752704195019,1.6067835967963062,0.0,-0.2279549708250048,1.6710688330103562,0.0,-0.33821559376559096,1.6614484680840078,0.0,-0.242090044078171,1.7281405320231273,0.0,-0.35276448393007376,1.682896659718401,0.0,-0.24824157429957133,1.7498510784073416,0.0,-0.34120703227955024,1.6895517801165225,0.0,-0.2478088455169553,1.7514937843297058,0.0,-0.3336076726845767,1.683893065364373,0.0,-0.24847096018785947,1.743582380955743,0.0,-0.31910770401783606,1.6819945367597193,0.0,-0.27778010301885014,1.7059771577926504,0.0,-0.36796825576124026,1.7613262393679996,0.0,-0.3212877163330462,1.7849471428333192,0.0,-0.40961486872692526,1.8534966664001358,0.0,-0.3746487092602018,1.8696519455171,0.0,-0.4166619166618685,1.8694546781277068,0.0,-0.38771962049583153,1.8810852600861037,0.0,-0.4181689569514048,1.8939438963305106,0.0,-0.3781196861670019,1.9089463059724423,0.0,-0.20082223731825377,1.5353679732795638,0.0,-0.23231523905826815,1.5760279753257787,0.0,-0.265379567971346,1.6350069256299142,0.0,-0.29844389034556096,1.69398586383296,0.0,-0.24681673361744808,1.7460846842760687,0.0,-0.3450102595047738,1.6806434546846898,0.0
-0.2063212559771643,1.5507913651200054,0.0,-0.2050096750852475,1.5354223335419517,0.0,-0.20838748283808442,1.532752955225654,0.0,-0.21132081334466904,1.530435656189622,0.0,-0.19461236927885053,1.5432085551167334,0.0,-0.19100446855806633,1.5456131906930115,0.0,-0.18777516287590582,1.5477511567373747,0.0,-0.2163567605875704,1.5272530661993566,0.0,-0.18713369559514206,1.549902409575357,0.0,-0.2170719586413348,1.553375625556825,0.0,-0.20651186971789817,1.5616761729715032,0.0,-0.26721089324333874,1.551156354403243,0.0,-0.2004459600385013,1.6063909893186088,0.0,-0.31225413236292027,1.6087455847037262,0.0,-0.22901492967662782,1.6740421878014247,0.0,-0.3427580865752182,1.662286306797709,0.0,-0.24032514731965698,1.7317401782425486,0.0,-0.35700390006876914,1.6834181198199607,0.0,-0.2458226876550515,1.7538516938683897,0.0,-0.3456948759057654,1.6904942952592026,0.0,-0.24440680623878946,1.756291702036018,0.0,-0.33759400060641787,1.6849371228433605,0.0,-0.24566100244313543,1.748562606117178,0.0,-0.32164115274114274,1.683971865647712,0.0,-0.2804805739747422,1.708240023211807,0.0,-0.36888840261918265,1.7642748539754234,0.0,-0.32299993496702717,1.7877464688274225,0.0,-0.41140438569909077,1.856047503351743,0.0,-0.37624892016058537,1.8725217290141443,0.0,-0.42267021595818793,1.8693666659180568,0.0,-0.3901387892216175,1.8829448254845262,0.0,-0.42098594651721954,1.8962637255348531,0.0,-0.3771834013000667,1.911958021807482,0.0,-0.2017452217284054,1.5385777417942614,0.0,-0.23382842188850453,1.5787736768186114,0.0,-0.26744465844609544,1.637439809000254,0.0,-0.30106084583537995,1.696105953504842,0.0,-0.24405664386974477,1.749917365251933,0.0,-0.34945472784458426,1.6815157110738952,0.0
-0.20675739225390313,1.5524428771906524,0.0,-0.20522405531348661,1.5357505677467524,0.0,-0.2084275195437608,1.5330488258812285,0.0,-0.21129206061750913,1.5309086201294353,0.0,-0.19500321387953087,1.5438927574028543,0.0,-0.19135791801907417,1.5464916696074664,0.0,-0.18816521757689916,1.54884729216292,0.0,-0.21704637929653323,1.5284962553678136,0.0,-0.18887040046775525,1.551435113837299,0.0,-0.2170376961422594,1.5528917519693932,0.0,-0.20617136582605386,1.5617217079802557,0.0,-0.2684415173658011,1.5524100497647784,0.0,-0.20179651735772872,1.6077893344658667,0.0,-0.31362061981493977,1.6098927561978973,0.0,-0.23016677522605153,1.6755241050850282,0.0,-0.3465305079689051,1.6619891995181908,0.0,-0.23858513923552782,1.7337143987041592,0.0,-0.36019835408546774,1.6830359214406745,0.0,-0.243375887678608,1.7561192891576043,0.0,-0.3497224311522444,1.6895267933795945,0.0,-0.241302106209797,1.7588966358294889,0.0,-0.3414083611451973,1.6841601079757427,0.0,-0.24287075395519178,1.7513235843435322,0.0,-0.322999432579037,1.6851954444512751,0.0,-0.2818950254772301,1.7095586222561043,0.0,-0.36971562182985385,1.765808534066302,0.0,-0.32469396744056067,1.7889149170312546,0.0,-0.4172713735965652,1.8550737482580735,0.0,-0.37726721708596883,1.8741108828136304,0.0,-0.43172666011280425,1.864839182945179,0.0,-0.39283254712884186,1.8818108765292083,0.0,-0.43207680894965805,1.8936736176671554,0.0,-0.37682370625534695,1.9135557524727511,0.0,-0.20295837959946292,1.5399656905269699,0.0,-0.23511901340586658,1.5800996980289022,0.0,-0.2687831160966222,1.6387383765225052,0.0,-0.3024472119055365,1.6973770431085808,0.0,-0.24147695108334455,1.752043927293686,0.0,-0.3532060552893985,1.6812259367955837,0.0
-0.20717486186492995,1.5528740076324459,0.0,-0.20575060480603846,1.5355694642783149,0.0,-0.20893178146973124,1.5327775781851558,0.0,-0.21184691652101706,1.530635563554368,0.0,-0.1957022510389177,1.54387609288807,0.0,-0.19199921756715577,1.5466572207966267,0.0,-0.18876163676126734,1.5491908060401596,0.0,-0.21807982632181333,1.5286023238649307,0.0,-0.19013514100448803,1.5517918783141949,0.0,-0.21702839177473376,1.5518552701206387,0.0,-0.20591512526775713,1.5608359434831647,0.0,-0.26923296998482804,1.5526481181344423,0.0,-0.20286713613178384,1.6083616469857929,0.0,-0.31461879245739577,1.6099677478913978,0.0,-0.23125386099065073,1.6760895181625288,0.0,-0.348442920019341,1.6614753059737253,0.0,-0.23784280886450568,1.7345152392962242,0.0,-0.3618639789887984,1.6823919411928723,0.0,-0.24210227234305726,1.7572567409340842,0.0,-0.35197259003582637,1.6880129895704588,0.0,-0.23991609848697945,1.7600402486709554,0.0,-0.34373595711663524,1.6828683301921459,0.0,-0.2413220464703678,1.7526198244598525,0.0,-0.32330900508933486,1.685886581821659,0.0,-0.2822656272634414,1.71035243256472,0.0,-0.3703878965952024,1.7662883885798237,0.0,-0.3256222641833715,1.7894054084012716,0.0,-0.4263312460153998,1.850550892972048,0.0,-0.37821266987597046,1.8745907850392722,0.0,-0.4418663643571912,1.8584868315429557,0.0,-0.3946559878974693,1.8801752899418895,0.0,-0.4456826045499866,1.887084107411222,0.0,-0.37735967667586373,1.9140289245349746,0.0,-0.20410747392428052,1.5401971067725932,0.0,-0.2360500462982961,1.58050488511779,0.0,-0.26941867552471543,1.6393122061671257,0.0,-0.30278729802329607,1.6981195152211193,0.0,-0.2402567769996985,1.7529137977158322,0.0,-0.3552924224959969,1.6806507931625783,0.0
-0.2080612369812966,1.5529675444656108,0.0,-0.20703328347282232,1.5360650240120635,0.0,-0.21022651152671032,1.5331925475552233,0.0,-0.2132212292077643,1.530909614300628,0.0,-0.1970928233886484,1.5443994411857367,0.0,-0.19343360847947186,1.5471924702086148,0.0,-0.19016689896331326,1.5497110608180826,0.0,-0.21963767769520134,1.5285895418725721,0.0,-0.191490597600072,1.5517426467186153,0.0,-0.21810549889783812,1.5522821875870412,0.0,-0.20687495321256186,1.56094466037608,0.0,-0.2709970766582799,1.5517806200043407,0.0,-0.20522524990439675,1.608194164526355,0.0,-0.3175974808717715,1.6081172436529505,0.0,-0.2338519133886947,1.6758209700113278,0.0,-0.3491273119310213,1.661060325337966,0.0,-0.23928856828273665,1.7343651576616814,0.0,-0.36261791215884676,1.6825199359318546,0.0,-0.24325627441955136,1.7577794390461292,0.0,-0.352346032976361,1.6874432778481154,0.0,-0.24117227175173656,1.7606576018373956,0.0,-0.3442408900717442,1.6822629495546693,0.0,-0.24245587278966377,1.7531661105817062,0.0,-0.32496490239020437,1.6852894715529012,0.0,-0.28419957107719396,1.7102158527359224,0.0,-0.3738269426290421,1.7646202573746532,0.0,-0.32640542332879535,1.7898891668965438,0.0,-0.43791475080739556,1.8428671795741525,0.0,-0.3795204347535164,1.8747484311239804,0.0,-0.4530819788851844,1.8514854285454354,0.0,-0.3939965823785963,1.8843406442419421,0.0,-0.45729086649231293,1.8793872695981035,0.0,-0.37894312204129793,1.9141915693651779,0.0,-0.20556414301145284,1.5401660911928474,0.0,-0.23811116038737126,1.5799873993698323,0.0,-0.27134669409526213,1.6388700430316239,0.0,-0.30458222125340717,1.6977526745976883,0.0,-0.24145799492536876,1.7527941506379592,0.0,-0.35584119063608693,1.6802837180104693,0.0
-0.20983927110576944,1.552416158912382,0.0,-0.2092013887558281,1.5367064842625429,0.0,-0.21233941558841246,1.5337428746056765,0.0,-0.21547076683788197,1.5312185223728818,0.0,-0.19950535732127833,1.544867441576631,0.0,-0.19619882740272493,1.5474025414621968,0.0,-0.19313697007624792,1.549690745567308,0.0,-0.222495770645235,1.527950798881584,0.0,-0.19441210259389435,1.5509436236110028,0.0,-0.2210278235891993,1.5533922694243476,0.0,-0.210253641615948,1.5614762295222175,0.0,-0.2753639503276635,1.548887810188493,0.0,-0.21049357574845046,1.6063356622112865,0.0,-0.323808502933368,1.6036467195989172,0.0,-0.23988739104653378,1.6736325737642526,0.0,-0.35036852911664523,1.6592494637225188,0.0,-0.2440378677902963,1.7322819784234322,0.0,-0.36377028266506994,1.6827825260493936,0.0,-0.24767409938295132,1.756910412889249,0.0,-0.35227747866275955,1.6874180821996156,0.0,-0.2456040626759331,1.76002340485212,0.0,-0.3440582279995874,1.6818195082240734,0.0,-0.2474533388667412,1.7520421759124694,0.0,-0.3303435102638448,1.681993787320656,0.0,-0.29013310225217,1.7078057962210775,0.0,-0.382551705187172,1.7591635802337278,0.0,-0.32912990790993435,1.7890979858958036,0.0,-0.45129514262427656,1.8333536590861648,0.0,-0.3807447678628943,1.8748779683853478,0.0,-0.46488737297839944,1.844288479473128,0.0,-0.3928574897773962,1.8873218974427417,0.0,-0.46758076795214765,1.8713527280494038,0.0,-0.3808116910042907,1.9143252745744281,0.0,-0.20845393075384405,1.5394472146107705,0.0,-0.24292875897998864,1.5776117419073659,0.0,-0.27658353756555265,1.636255772326553,0.0,-0.31023828952074406,1.6948998021715358,0.0,-0.2458722120024736,1.7507473345095927,0.0,-0.35615027886929423,1.6787734582652687,0.0
-0.21374266764675523,1.5502950078511315,0.0,-0.21275735843614804,1.536118734137966,0.0,-0.21586350009495,1.5330678075875792,0.0,-0.2192337334940788,1.5302735888066858,0.0,-0.2037305923213922,1.54382064900505,0.0,-0.2011019429526105,1.5459820159419402,0.0,-0.1985294124838792,1.5480195905308183,0.0,-0.22763928138635062,1.5258059537767885,0.0,-0.20006798394782851,1.5486995365494434,0.0,-0.2263237109222452,1.5529475659303398,0.0,-0.21685832917135814,1.5605012412761918,0.0,-0.28238623021379505,1.5441782833857676,0.0,-0.21844907736712801,1.602662996652929,0.0,-0.33210600829931064,1.5977819819905559,0.0,-0.2495157842593487,1.6692041899486494,0.0,-0.3542593876799336,1.6552826596122088,0.0,-0.25286942824451164,1.7279045493691632,0.0,-0.3672725902077957,1.6819485058985955,0.0,-0.25629914786732677,1.7538967067370907,0.0,-0.3542973625739111,1.6868229923081755,0.0,-0.25435151965647096,1.7568281555540641,0.0,-0.345810177776563,1.6805740203990163,0.0,-0.2571951918062272,1.7481768067579568,0.0,-0.33932228920874247,1.6763272739357475,0.0,-0.2996869531449625,1.7030139157449358,0.0,-0.39475512306167976,1.7512143454930673,0.0,-0.3356188912354199,1.7857065198802793,0.0,-0.4645328932286806,1.8244324496840467,0.0,-0.3829767956788015,1.8739081528050823,0.0,-0.4765901497294233,1.8370396535203453,0.0,-0.3947187941323532,1.886702482599186,0.0,-0.4778327165343165,1.8635766131625482,0.0,-0.38342433472760856,1.9133529769659492,0.0,-0.21385361615213114,1.537252754417843,0.0,-0.25041764982590586,1.5734206457926219,0.0,-0.2849611226460486,1.631545639650462,0.0,-0.31950460776543727,1.6896706102004009,0.0,-0.25452255829123127,1.7463870101124215,0.0,-0.35871441781820723,1.6751514215156253,0.0
-0.21991966740021265,1.5471972792505897,0.0,-0.21780392908451762,1.534296581732103,0.0,-0.22094382841624105,1.5311880843910006,0.0,-0.22448630361932354,1.5281830645663477,0.0,-0.20979989656194153,1.5414285671831378,0.0,-0.20780461435358,1.543339588238216,0.0,-0.20570965075144965,1.5452809367885185,0.0,-0.23418353421800497,1.522826270518814,0.0,-0.20748593250266556,1.5455471171529247,0.0,-0.2332451144826072,1.5507049308646426,0.0,-0.22540270347098723,1.5580494996896717,0.0,-0.29024094654931765,1.5394972407835175,0.0,-0.22696337196308428,1.598694958261169,0.0,-0.3402038496828216,1.5928744002008002,0.0,-0.2605189123248858,1.6640164431905018,0.0,-0.3611695710983155,1.6508186723116738,0.0,-0.26563908721510093,1.7225891581111057,0.0,-0.3739182710144559,1.6799788318392,0.0,-0.2700589566532415,1.749048566985883,0.0,-0.3595885107563484,1.6854360787546203,0.0,-0.2685972389388725,1.7509963172541918,0.0,-0.3512056226416398,1.678427158525423,0.0,-0.2718410141506647,1.7419230076974745,0.0,-0.34902039120188266,1.6707904364498687,0.0,-0.309672712133509,1.697899417763689,0.0,-0.4057641540648546,1.744689136922538,0.0,-0.3450972781113979,1.7808106418464347,0.0,-0.4754341401196201,1.8180098095458077,0.0,-0.3903243452411554,1.870123639571909,0.0,-0.4870562023555719,1.831019294250374,0.0,-0.40339763232964626,1.8815542374244014,0.0,-0.4878934155053144,1.8574295671713463,0.0,-0.3900454102519536,1.909570016332693,0.0,-0.2208347335575951,1.534186693632848,0.0,-0.2586021536913265,1.5690961035596422,0.0,-0.2939743487449318,1.6267205275701222,0.0,-0.32934653654967344,1.6843449398927721,0.0,-0.26811213175500503,1.7409798689397036,0.0,-0.3646815955360672,1.6708756082056786,0.0
-0.2264066111863102,1.5447989223370668,0.0,-0.22316614921667569,1.5327297432852403,0.0,-0.22625973173842498,1.5295358992720676,0.0,-0.22966679827064593,1.5264057085300864,0.0,-0.21604286992375046,1.5395532346666478,0.0,-0.21423506616963775,1.5413870263512328,0.0,-0.21226764134819445,1.5433271656551044,0.0,-0.23965062593239664,1.5205635240984332,0.0,-0.21413676082500369,1.5429670548927203,0.0,-0.23960403175793812,1.5487185678871567,0.0,-0.23273035275878043,1.5562372442679735,0.0,-0.2967490766186385,1.5361936930950726,0.0,-0.23382935471429556,1.5957716235354655,0.0,-0.34675204712032637,1.5895333198091135,0.0,-0.2703339342480002,1.659491999832322,0.0,-0.36921417267083617,1.6469140923787138,0.0,-0.2814713119138414,1.7172236024673186,0.0,-0.3824685818758246,1.67644738799294,0.0,-0.2887924293147229,1.7425584821215576,0.0,-0.3669959636573455,1.682682122912626,0.0,-0.28791759452788795,1.7433297834854196,0.0,-0.3592084761205502,1.674974842223616,0.0,-0.29049031433014477,1.7340993212293427,0.0,-0.3562914985156576,1.6673138767824596,0.0,-0.3169462895102146,1.6944264429512799,0.0,-0.412557848039952,1.7415767239310063,0.0,-0.3542317951679057,1.7765176240943927,0.0,-0.48322631001593686,1.8139355276299944,0.0,-0.4045215022376714,1.8630811529429057,0.0,-0.4951350071596261,1.8266831531043553,0.0,-0.4202240330052903,1.8704973467143418,0.0,-0.49712628299282285,1.8528706221545312,0.0,-0.4022617771635109,1.9024637390295394,0.0,-0.2268936845303551,1.53176529491618,0.0,-0.26528921215642426,1.5659826645303176,0.0,-0.30095404081023036,1.6234264320124783,0.0,-0.3366188812107691,1.6808701760132725,0.0,-0.28626875052315304,1.735148969321789,0.0,-0.3726073348239115,1.6669914787551952,0.0
-0.23064237218338912,1.5435963399538928,0.0,-0.22704120437141936,1.5322210958611095,0.0,-0.2299245254234211,1.5288491197519465,0.0,-0.23292887103089902,1.525684472220437,0.0,-0.22025150956641523,1.53913354402056,0.0,-0.21827507031350676,1.5409230479427507,0.0,-0.21616726300207442,1.5427787883258295,0.0,-0.24267346043472823,1.5194953967936646,0.0,-0.21842481432226488,1.541612490102291,0.0,-0.2434482719876657,1.5483980576316032,0.0,-0.2365553127186378,1.5562214917923483,0.0,-0.3011206479998275,1.5339022207009558,0.0,-0.2384336992902463,1.5937250228884368,0.0,-0.3521048284276022,1.5863047605544212,0.0,-0.2782736926054422,1.6554149379069445,0.0,-0.37688564409710684,1.6427229430817332,0.0,-0.29825748118202566,1.7107107543689801,0.0,-0.39201595991693505,1.6701874526040148,0.0,-0.3092140617652597,1.7338655738819793,0.0,-0.3757893534971025,1.6775560843276922,0.0,-0.30857278200371874,1.7342882956921641,0.0,-0.36812475466650735,1.6699051613679388,0.0,-0.3100293867808911,1.7249463186489074,0.0,-0.36060358445806334,1.6653801055162716,0.0,-0.32113676784938466,1.6923153445669576,0.0,-0.41607524926984096,1.7402384180701107,0.0,-0.36002879918441477,1.773657712692407,0.0,-0.4880102417915656,1.811338241147945,0.0,-0.4187982081490397,1.854703722673274,0.0,-0.5001957483394344,1.8238215280975643,0.0,-0.43613302715659014,1.8557397982202166,0.0,-0.5029708998208907,1.8498782144966952,0.0,-0.41470425366105157,1.8939380696275971,0.0,-0.2305491303834661,1.5305539479127173,0.0,-0.26977716677966923,1.5638136244819942,0.0,-0.3053236685655686,1.6213306883520748,0.0,-0.340870162940713,1.6788477406345286,0.0,-0.30594505594523824,1.7275996675470822,0.0,-0.3813605450150664,1.662587239064275,0.0
-0.23235568513391042,1.5431341606146467,0.0,-0.22910851085136655,1.5321722240554212,0.0,-0.2317491673279609,1.528572774320305,0.0,-0.2344044088808663,1.525480309398451,0.0,-0.22213703678264432,1.5393547343960636,0.0,-0.22004132453522487,1.541029138360612,0.0,-0.21788233678117355,1.54267256581357,0.0,-0.244563203485449,1.5191332523276717,0.0,-0.2210662535340087,1.5410657678156687,0.0,-0.24524765227740478,1.5494968854700637,0.0,-0.23789369575421052,1.5575158568861824,0.0,-0.304488609805904,1.5322062558323757,0.0,-0.24171153536492127,1.5919344746632724,0.0,-0.3574646011594838,1.5825943216524818,0.0,-0.28491987758264703,1.6513138468824315,0.0,-0.38493082734757966,1.6377550555482108,0.0,-0.3121123958987401,1.703443934851911,0.0,-0.40340135257028553,1.661510548945386,0.0,-0.32501171091482656,1.7243358819744414,0.0,-0.38732344513528316,1.6702049540737633,0.0,-0.32428575579634183,1.7252722900258641,0.0,-0.3782279207543058,1.6641206390529615,0.0,-0.3249598425228956,1.7160540781390534,0.0,-0.36441765492483985,1.6635424526200044,0.0,-0.3247503019793636,1.6901814808725444,0.0,-0.4194750627019787,1.738705970394656,0.0,-0.3632731063987197,1.7716993592385146,0.0,-0.4907290547282744,1.8104882565878142,0.0,-0.4255195324166368,1.8501065120491234,0.0,-0.5028194448987149,1.8230636885255729,0.0,-0.4428392827089637,1.848843320703781,0.0,-0.503475537985306,1.8498160838729694,0.0,-0.42121515495198564,1.8893183314270063,0.0,-0.23281471932553952,1.5300995155561923,0.0,-0.27310006835527345,1.5620703706987633,0.0,-0.3088420116280862,1.6194661886346802,0.0,-0.3445839659578449,1.676861983483381,0.0,-0.3215049529441493,1.7194474990245006,0.0,-0.39201671038510344,1.6568444571806904,0.0
-0.23418613943215036,1.5433700945634576,0.0,-0.23115052252870602,1.5324687339067193,0.0,-0.23369178125924314,1.528667963781399,0.0,-0.2363189937901837,1.5256440062663208,0.0,-0.22376308787540852,1.5399438357944704,0.0,-0.22172036505275658,1.5414734338808118,0.0,-0.21969000263380997,1.542893748987337,0.0,-0.2478033385461473,1.5195367520543888,0.0,-0.22402684655943447,1.5413481940022247,0.0,-0.2476734226796474,1.5521887862160033,0.0,-0.24004795189479886,1.5603943083795468,0.0,-0.3088681497611869,1.5322346584209556,0.0,-0.24496002712424986,1.5907510925322579,0.0,-0.36398519886022224,1.5802713499764784,0.0,-0.29051922150692117,1.6483464959039464,0.0,-0.39570389506322645,1.6331014972042932,0.0,-0.3213090050977575,1.698436099121642,0.0,-0.4180837977202826,1.6530060026321247,0.0,-0.3333264626409348,1.7171116042080143,0.0,-0.4033304495426483,1.6624585032877257,0.0,-0.3326117531896703,1.718388640492584,0.0,-0.39167507079589814,1.658914205541814,0.0,-0.33280273941277616,1.7098092513889935,0.0,-0.3706867641785439,1.661608457847795,0.0,-0.3308250402372281,1.6879557476584592,0.0,-0.4253245741889801,1.7370775394154274,0.0,-0.36763806903679097,1.7702598901072062,0.0,-0.49705802532445337,1.8083806948785244,0.0,-0.42783526778987113,1.8502511172896436,0.0,-0.509739759539982,1.8203595362324025,0.0,-0.44510197396771645,1.8521032134889441,0.0,-0.5058880212097471,1.8487685891917773,0.0,-0.4245409636856373,1.8895606836158032,0.0,-0.23591509356523618,1.5304424729030492,0.0,-0.27691408321454447,1.5614928798686698,0.0,-0.3138349971008018,1.6181374960581494,0.0,-0.3507558851466146,1.674782112673793,0.0,-0.3308994257296509,1.7143218797502673,0.0,-0.40629656801687514,1.6504914446684065,0.0
-0.23810712319437619,1.5452153115122929,0.0,-0.23450445075343676,1.534525760673846,0.0,-0.23717882264449056,1.5305228044264434,0.0,-0.24009594486936478,1.527310580235208,0.0,-0.22673149908672321,1.5424222878999334,0.0,-0.2247469985895714,1.5438422105855,0.0,-0.22283943189205382,1.545116688819013,0.0,-0.25312993013679214,1.5214148894117605,0.0,-0.22833823884903207,1.5434648700468134,0.0,-0.2521878265913943,1.5574986376841347,0.0,-0.2446002340966972,1.56601200835751,0.0,-0.3151426039145285,1.5350193683445887,0.0,-0.24902370390366102,1.5910257274606132,0.0,-0.3720406395539439,1.580932616730667,0.0,-0.29571020534730086,1.6477111864893499,0.0,-0.4101211726417393,1.6293781856165865,0.0,-0.3278609839061452,1.6969382782390854,0.0,-0.43577815324235103,1.646745237289828,0.0,-0.33786828664254104,1.7133826622562625,0.0,-0.4228784449106077,1.6561346804831256,0.0,-0.33727557977656286,1.7142585068676044,0.0,-0.409177635520622,1.6542917757116296,0.0,-0.33668037887296026,1.7063259011942824,0.0,-0.37985304875248954,1.6601770526554,0.0,-0.3402207929195844,1.686868268692436,0.0,-0.4337004955157868,1.7362120776930257,0.0,-0.3748076697732716,1.770132420061011,0.0,-0.5120430099634126,1.8001829962484401,0.0,-0.43696322692086326,1.8486116267309476,0.0,-0.5269936234976603,1.8091717769134832,0.0,-0.45367054628758086,1.8533481742227405,0.0,-0.518513650954181,1.8410153564491605,0.0,-0.4341377586334792,1.887957670664727,0.0,-0.24073408886069383,1.5324398766634526,0.0,-0.28208314951236685,1.5630225532667033,0.0,-0.3210600373942556,1.6182726088005446,0.0,-0.36003690014897244,1.6735226652296982,0.0,-0.33711332200379773,1.7130233158145522,0.0,-0.4234914603878278,1.6447356072326775,0.0
-0.2427943001413114,1.5488634267226233,0.0,-0.2380594138705896,1.5392631766871192,0.0,-0.24110925134847205,1.5349794237916699,0.0,-0.24442753034625664,1.5312290131771544,0.0,-0.23007558266376615,1.5477210970795718,0.0,-0.22814789736454555,1.54904550980526,0.0,-0.22632934768691482,1.550215030494803,0.0,-0.2585660950533886,1.524596306021317,0.0,-0.23308741647461417,1.5477599362606107,0.0,-0.2569277402253799,1.5644252239145309,0.0,-0.24951852500626548,1.5731105518690625,0.0,-0.3217683350447941,1.5387174457252055,0.0,-0.2540465293242907,1.5927746212899219,0.0,-0.3803447633692396,1.5824691871961116,0.0,-0.30224161508849573,1.6481831440145576,0.0,-0.4249836227263006,1.6249482688744106,0.0,-0.33544564275390637,1.696706042432432,0.0,-0.45295519385883587,1.6416413820603606,0.0,-0.34514197634840593,1.7119169938530263,0.0,-0.44138107881587074,1.6510513467980321,0.0,-0.3440623639130679,1.7123828557418654,0.0,-0.42710704395486077,1.648930862020735,0.0,-0.34214558663779676,1.7042341324751789,0.0,-0.38959150864006276,1.6589253467536598,0.0,-0.3509697464448164,1.6870588890275018,0.0,-0.44160585909194106,1.736225928268081,0.0,-0.3821314588508992,1.7716645545206688,0.0,-0.5277138148716615,1.7892848383797448,0.0,-0.45456698696330267,1.8407687760338831,0.0,-0.5446555869512307,1.7934436100371711,0.0,-0.4711345350974502,1.845973173346369,0.0,-0.5317326629279374,1.8304309158925935,0.0,-0.45111832587921585,1.8800651013202125,0.0,-0.2458267522464067,1.5361781234775576,0.0,-0.2879074280816115,1.5657460393027751,0.0,-0.3290940034925828,1.6193690980682562,0.0,-0.37028060455123213,1.6729921197927018,0.0,-0.3449091612463238,1.7126677469723968,0.0,-0.4396392022335141,1.6390843568203497,0.0
-0.24607073669727111,1.553448737697344,0.0,-0.2403281251696823,1.5459060294050493,0.0,-0.24387144856055723,1.541278861517848,0.0,-0.24749602282792296,1.5368735946752146,0.0,-0.23229614050549,1.5547218031569314,0.0,-0.23056858388236126,1.5559127077244765,0.0,-0.22894300190257824,1.5569612333882161,0.0,-0.26184118783919497,1.528245653333294,0.0,-0.23673764398456912,1.5533731494964746,0.0,-0.2597910213954046,1.5700098002231357,0.0,-0.25260184587855444,1.5783895999910948,0.0,-0.3266090350212263,1.540065981981326,0.0,-0.2597441961473255,1.5951796329441088,0.0,-0.38711723143887733,1.5811046345331445,0.0,-0.31118245097910213,1.6475912406489557,0.0,-0.43603872893915996,1.6185717831737991,0.0,-0.3460570689087973,1.6949276975118694,0.0,-0.4654946997416851,1.635872780655885,0.0,-0.3576553630003093,1.7105473527757287,0.0,-0.45429124508392504,1.646241291337018,0.0,-0.3546862209703842,1.711280574403228,0.0,-0.44058378645445295,1.6426198110116499,0.0,-0.3515953327282092,1.7022733822121405,0.0,-0.3980275596260745,1.6569774742336911,0.0,-0.36063887961695645,1.6867301770204284,0.0,-0.44519561357667087,1.7373270059181516,0.0,-0.38605718620171026,1.7732349782974937,0.0,-0.5287216473434658,1.7943640962540737,0.0,-0.4653457021025226,1.8343547820448618,0.0,-0.5459060798442291,1.7973664790613444,0.0,-0.4821593021296664,1.838699003113216,0.0,-0.5253474250153269,1.8355680457986632,0.0,-0.4620576564638371,1.8736648723546008,0.0,-0.24928941427204235,1.5408094023169279,0.0,-0.2931766104498537,1.567622811959214,0.0,-0.33625491614151387,1.6197383183290628,0.0,-0.3793331962988978,1.6718538279620563,0.0,-0.3559779870923764,1.7106092017915038,0.0,-0.4508557832597759,1.6325385256131622,0.0
-0.2487717124766918,1.5591330660993419,0.0,-0.2426512095516802,1.553690244470702,0.0,-0.2465602507244741,1.5487568008628125,0.0,-0.2503374262854309,1.5438566124560382,0.0,-0.2346714708456468,1.5623501220985714,0.0,-0.23321209450983596,1.5633853769419572,0.0,-0.23182334670688057,1.5643207518783522,0.0,-0.26375415692653936,1.5328121033747846,0.0,-0.23959867686877737,1.5600237009600333,0.0,-0.2626214153929336,1.5736485462037342,0.0,-0.25560505048833293,1.5814540427929937,0.0,-0.33002088955191333,1.5389788978252585,0.0,-0.2663532745317403,1.5977569209097684,0.0,-0.39266067241030445,1.576683943116831,0.0,-0.3216927783727145,1.64603124117407,0.0,-0.4432465685274313,1.6118715440432696,0.0,-0.3582768097597772,1.6920593605311232,0.0,-0.47277947723886216,1.6299554625888064,0.0,-0.37131732356349056,1.7078801144001499,0.0,-0.4611614753672172,1.6417828946402104,0.0,-0.3652768575781183,1.7087870647660632,0.0,-0.44867084975551896,1.6370143510092723,0.0,-0.36229161622551415,1.6996717222835054,0.0,-0.4064760051074213,1.6545814121799756,0.0,-0.3692758851177529,1.6845695396422742,0.0,-0.44318348734812396,1.740216879732544,0.0,-0.38665073060858796,1.7730414882914969,0.0,-0.5142984381103295,1.8121369170579582,0.0,-0.46335835119513213,1.8373706427070569,0.0,-0.5311688868104425,1.8165761718998816,0.0,-0.4801695171893323,1.8417242734308266,0.0,-0.5035669156655073,1.8520616620215653,0.0,-0.4616995270355956,1.876783112138566,0.0,-0.2516764159247198,1.5464179026293747,0.0,-0.2981870793743984,1.5683679165351898,0.0,-0.34303150064748905,1.6189717138841186,0.0,-0.38787592865418735,1.6695754868894663,0.0,-0.3680058762268166,1.707860609208281,0.0,-0.4575619183466878,1.6263520741668491,0.0
-0.25407612183715844,1.566062013616825,0.0,-0.24791596008496844,1.561670080780368,0.0,-0.2519150175373911,1.5565475959310517,0.0,-0.2557554011878552,1.551391619235194,0.0,-0.2401280870396402,1.56984052795158,0.0,-0.2387557422737361,1.5707868653823949,0.0,-0.2374127569036283,1.5716864451891779,0.0,-0.26768108237721877,1.5388561692202476,0.0,-0.24394667661187244,1.5674149681147056,0.0,-0.2690638528104086,1.5770506915576112,0.0,-0.26201255117960953,1.5846887531141087,0.0,-0.3348653163247329,1.5388621577759618,0.0,-0.27410595694330275,1.600641777778341,0.0,-0.3994664296839222,1.5730982350883391,0.0,-0.3317606694822096,1.6461258937354701,0.0,-0.4501997115952392,1.6080730010123294,0.0,-0.3685111198175675,1.6920212477947332,0.0,-0.4775393804265008,1.626418194984321,0.0,-0.3799958625332575,1.705587413797682,0.0,-0.4648693747323823,1.63904954392501,0.0,-0.3712489045220433,1.705594469200126,0.0,-0.4541566192317805,1.6342146614559294,0.0,-0.36995936738200375,1.6978511911509873,0.0,-0.41741538065190514,1.653080168317544,0.0,-0.3789559696379977,1.6814352458241124,0.0,-0.43794545895380066,1.743961345908487,0.0,-0.3864810032386332,1.7712825875929727,0.0,-0.5050388579816645,1.819646904621413,0.0,-0.4553082397662472,1.8439813542664318,0.0,-0.5221428737298498,1.8230778910947925,0.0,-0.47172933366808817,1.8496308743903387,0.0,-0.49275220100137723,1.8591208060582047,0.0,-0.45366896745767193,1.8833946417540324,0.0,-0.25581387365881525,1.5531355716162085,0.0,-0.3044856325927121,1.5697519733709622,0.0,-0.3513356546297629,1.6185048385234608,0.0,-0.39818565175178455,1.66725770854453,0.0,-0.37712450547262694,1.708457299073391,0.0,-0.4634028613900003,1.6235743502634328,0.0
-0.26279556010358224,1.5712164033762508,0.0,-0.2563667864070466,1.566647526288137,0.0,-0.2602449213247314,1.561547461550877,0.0,-0.2640984711414867,1.5564266300035703,0.0,-0.24901204178565506,1.5743416063799385,0.0,-0.2475352809676834,1.5752998108485874,0.0,-0.24603779171107376,1.5762352124269996,0.0,-0.2753232462284875,1.5440710184266253,0.0,-0.251465858020843,1.572303860893945,0.0,-0.27883603164305726,1.5795489639303504,0.0,-0.27160324334973895,1.5876145419311702,0.0,-0.34339058936440886,1.5417579376643866,0.0,-0.28222579907365564,1.6031361881181774,0.0,-0.40940047172872257,1.5731921271280163,0.0,-0.3399049070770692,1.648589363829849,0.0,-0.4598357551017729,1.6085952673278796,0.0,-0.3713226133413765,1.6982875213124602,0.0,-0.48280514386989665,1.6269823800871426,0.0,-0.3790660805000725,1.7083521515199482,0.0,-0.46877344204378485,1.6391452692964625,0.0,-0.3695446894844331,1.7072324662318217,0.0,-0.46011672067917786,1.6348310637561005,0.0,-0.37033139964330797,1.7012583970354074,0.0,-0.43051876599827016,1.6531543755368436,0.0,-0.3902952277073957,1.6789459184008002,0.0,-0.4347091513221741,1.7462312965550837,0.0,-0.3865960811980969,1.7690319176943854,0.0,-0.5106451436840878,1.813041124086752,0.0,-0.4496599904507534,1.846783075329773,0.0,-0.5280651385275824,1.8121122524339912,0.0,-0.46598584327296855,1.8527021911582455,0.0,-0.500811429283311,1.8531964337665034,0.0,-0.4459412311343193,1.8860547607205014,0.0,-0.26339455294630315,1.5581874398041418,0.0,-0.31280819308667124,1.5724470713938057,0.0,-0.36160760228371014,1.619248610764534,0.0,-0.4104069822678812,1.6660501607258889,0.0,-0.37687873604077804,1.7159924272604354,0.0,-0.4709568692077976,1.62565210801273,0.0
-0.27245082969857864,1.5717450977342124,0.0,-0.2656869050600281,1.5666194307473327,0.0,-0.2693355614879398,1.5618981840922017,0.0,-0.2730792046714429,1.5572337444067674,0.0,-0.2590835863017864,1.5737232873726796,0.0,-0.25762918861770256,1.5746522178084814,0.0,-0.2560945381481595,1.5755574961749415,0.0,-0.28524036268626457,1.5461720913828545,0.0,-0.2623775719180128,1.5713744651227226,0.0,-0.2884347611302459,1.579673004150696,0.0,-0.2813307997174584,1.5879178837601033,0.0,-0.3551111384143941,1.545728440513916,0.0,-0.29040934378460337,1.6033660928929339,0.0,-0.4218863380941176,1.5755023476259993,0.0,-0.3467615961867489,1.6504542477893664,0.0,-0.4717798953740849,1.6116649399954863,0.0,-0.36499757824885126,1.7063508316054405,0.0,-0.4893013413662138,1.6307022181841015,0.0,-0.3697337267991282,1.715093191355136,0.0,-0.4743942111090849,1.6412879341391402,0.0,-0.36119119154628243,1.7141835010101725,0.0,-0.46741629278138747,1.6372074819369273,0.0,-0.36281770315195266,1.708846950825558,0.0,-0.4431741495970031,1.654389869052614,0.0,-0.40147618987983524,1.6777226115267625,0.0,-0.4353386228293926,1.7472310079710511,0.0,-0.386511826594908,1.766634021284441,0.0,-0.5190678343643468,1.8039694175939407,0.0,-0.4482901927926551,1.8454104938749754,0.0,-0.5359132982795319,1.7994362764780167,0.0,-0.4651257663435107,1.8496687641549405,0.0,-0.5118982776042516,1.844684872770772,0.0,-0.44469112744214023,1.8846933294763502,0.0,-0.2738089713632997,1.55877327691339,0.0,-0.3227602338892971,1.5745472688655127,0.0,-0.372542684734256,1.620301766057801,0.0,-0.4223251436944677,1.6660562340964475,0.0,-0.366036874584345,1.7248779484130954,0.0,-0.4795655554284926,1.6304797876064765,0.0
-0.2826144445556214,1.5685886716132609,0.0,-0.27527340675706397,1.5641079358987853,0.0,-0.2786003843352188,1.5601067954764005,0.0,-0.2820367878524599,1.5562460898260864,0.0,-0.2697289524202462,1.570154564532768,0.0,-0.26865740778881686,1.570840277007106,0.0,-0.2674456266249037,1.5715268527380255,0.0,-0.29613152997291614,1.5462418801539473,0.0,-0.2766474283541442,1.5659665125628401,0.0,-0.2972025797912398,1.578810677116306,0.0,-0.2908567900344111,1.586092478356826,0.0,-0.3686490828154166,1.5475541729958375,0.0,-0.3003834656971259,1.6009229533785576,0.0,-0.43588052842424263,1.5762830009972262,0.0,-0.3551830574328311,1.649809305542997,0.0,-0.4840456555773406,1.6147176295404682,0.0,-0.37047505568031014,1.706581956649633,0.0,-0.4963597260756476,1.635125985952056,0.0,-0.3744752965256204,1.7170874901355138,0.0,-0.48149264931478963,1.643497499271659,0.0,-0.36705156093086727,1.7173546540323006,0.0,-0.47545753867526497,1.6390617520439568,0.0,-0.3680050881913267,1.7114361796476554,0.0,-0.4543435641515102,1.656502818501551,0.0,-0.4114433956820905,1.6775435471304487,0.0,-0.43698356557301965,1.7480424438271622,0.0,-0.3866080836697817,1.7642175237951452,0.0,-0.51792247878935,1.808694898997248,0.0,-0.44881924569261555,1.8426526593125834,0.0,-0.5348855355941043,1.8046238147763842,0.0,-0.4660820772639525,1.8445405281383116,0.0,-0.5100109409716252,1.8492727057855836,0.0,-0.44845504153202964,1.882098340947096,0.0,-0.28638946329416,1.5561042045556466,0.0,-0.33451627164077335,1.5742385709179734,0.0,-0.38370486760334965,1.6206309027485712,0.0,-0.4328934701196723,1.6670232075858598,0.0,-0.37097782162242476,1.725131388459931,0.0,-0.4880090705447171,1.6346902691983591,0.0
-0.29538568441872615,1.5652028567285652,0.0,-0.28705277929649675,1.5625569602451397,0.0,-0.29000097917223544,1.559305232020543,0.0,-0.2930087759759325,1.556208990751313,0.0,-0.28259908112539894,1.5672603029211203,0.0,-0.28205634423773823,1.567550971347596,0.0,-0.2813330476981826,1.5679007104466756,0.0,-0.30846454296803283,1.54627904371592,0.0,-0.29324676179690384,1.5604461230589577,0.0,-0.3078854155415337,1.5787581718540293,0.0,-0.3025226582126013,1.5842620203373812,0.0,-0.3835059041630698,1.5468136829613301,0.0,-0.31369550961120185,1.598145252317747,0.0,-0.45153615022558063,1.5735961111122678,0.0,-0.3673321069544168,1.6483048586537958,0.0,-0.49554206200301637,1.6167305506422722,0.0,-0.38824470646727144,1.7032561307563747,0.0,-0.5037324297846404,1.63835930286859,0.0,-0.39291496141848226,1.7163000929206143,0.0,-0.48924881432178297,1.644344053916297,0.0,-0.3858222797486561,1.7170222103542534,0.0,-0.4837466694985238,1.6394050096896429,0.0,-0.3857394499299507,1.710377884626822,0.0,-0.46521043625385283,1.6596662800751851,0.0,-0.42128295809092103,1.6784682315213988,0.0,-0.4379905400338564,1.7487726760587008,0.0,-0.38768310652831206,1.7621355544652562,0.0,-0.51055176563121,1.819233278742824,0.0,-0.4496185326411064,1.8407886037138184,0.0,-0.5279679551838494,1.8182355992546024,0.0,-0.46694485990049567,1.8419581276614356,0.0,-0.5000476430375542,1.8592184540323013,0.0,-0.45108636759494236,1.880208648168768,0.0,-0.3008556520674313,1.55336258062912,0.0,-0.3486006991304967,1.5724794686065189,0.0,-0.39592369034970065,1.6207733701626887,0.0,-0.44324667645672233,1.6690672574729821,0.0,-0.38979507388769014,1.7217474950905487,0.0,-0.4963259399629777,1.6370775535776303,0.0
-0.3104494792100504,1.5644941252263742,0.0,-0.30205149592917413,1.5632945171035422,0.0,-0.30464352103533354,1.5605177544047708,0.0,-0.30723985632240836,1.5578609229660223,0.0,-0.29829804652303277,1.5669011529492411,0.0,-0.2980148454961308,1.5668432298923944,0.0,-0.2975429325734226,1.5668819891266315,0.0,-0.3224734977036759,1.5473809047945262,0.0,-0.3096872618235662,1.5580781697125468,0.0,-0.3218003069457561,1.5797658030524278,0.0,-0.31701273289008247,1.5837779429979422,0.0,-0.3988776295433869,1.5463807819949509,0.0,-0.32877374933968107,1.597310804383171,0.0,-0.46835937790286564,1.5691337923868964,0.0,-0.38206220259652635,1.6478401169832704,0.0,-0.5058602243408435,1.6180294635794086,0.0,-0.40569158887916323,1.7016790548255296,0.0,-0.5109207148126408,1.640173093411879,0.0,-0.4107161800411638,1.7160202538448228,0.0,-0.4964983998479345,1.6439134000876616,0.0,-0.4035213944576651,1.7162097686166342,0.0,-0.4916877937924709,1.6388481513721167,0.0,-0.4031586589665707,1.7093574845712445,0.0,-0.4763109581063091,1.6641740653398194,0.0,-0.4316337346748571,1.68111757213141,0.0,-0.43896052323343887,1.7495310660498138,0.0,-0.38943358141079154,1.7607939049919932,0.0,-0.508747059448946,1.8227408150853188,0.0,-0.45018708978649913,1.840363436748269,0.0,-0.5261634611712991,1.8237347838676776,0.0,-0.4674448423884512,1.842297183808596,0.0,-0.49628561158050205,1.8621598859954105,0.0,-0.44869349443625,1.8797825135666273,0.0,-0.3160803839443125,1.5527295344530987,0.0,-0.3638256822590703,1.5718457949093052,0.0,-0.4088990092992731,1.622245810930898,0.0,-0.45397232521103403,1.6726458184541442,0.0,-0.40751723552667707,1.7201452728572728,0.0,-0.5040438829903737,1.6383103880456689,0.0
-0.3261714166732041,1.5662805771533246,0.0,-0.31849873322717337,1.5657319929856557,0.0,-0.3207711665141494,1.5631744478787137,0.0,-0.32300405573765745,1.5607395773184418,0.0,-0.3150774033327801,1.5685784758805035,0.0,-0.3147601128367888,1.5682204964962478,0.0,-0.3142539767268468,1.5679553113332736,0.0,-0.3370581207986872,1.5497205116108839,0.0,-0.32477673919772093,1.5585434890755265,0.0,-0.3372817498687934,1.5815414894798911,0.0,-0.3327794951440364,1.5848035788407073,0.0,-0.41382107494979525,1.5485211383965007,0.0,-0.3431988292739039,1.59872989874541,0.0,-0.4847930721950244,1.566082130509963,0.0,-0.39712947516904856,1.648573214402357,0.0,-0.5147884688054358,1.6199094128778775,0.0,-0.415856669855755,1.7043071475422578,0.0,-0.5170134774716273,1.642389903169904,0.0,-0.4198259371387629,1.718748111828972,0.0,-0.502436706768389,1.644133306229701,0.0,-0.4122919905190128,1.7185994691795579,0.0,-0.4986678230171189,1.6393218537975296,0.0,-0.41254457327419014,1.7118543170999092,0.0,-0.4869052152689434,1.6704652054009812,0.0,-0.44167395856114433,1.6858687807188673,0.0,-0.4405132494372497,1.7512653171686603,0.0,-0.39077123799654817,1.760287084870089,0.0,-0.5149709728508692,1.8197187715362877,0.0,-0.44975745453101895,1.841175436459293,0.0,-0.5324136760788746,1.8199854679824898,0.0,-0.4670334357978105,1.8429389198964063,0.0,-0.5009322585977961,1.858604055854566,0.0,-0.44168904332346753,1.8797888432614358,0.0,-0.3309174332961778,1.5541319965611966,0.0,-0.3785099469021023,1.5736255230165261,0.0,-0.4213997592071144,1.6258962646019552,0.0,-0.4642895660411829,1.6781669928861582,0.0,-0.4161179507222473,1.722861552043245,0.0,-0.5104736752500397,1.6398091000533557,0.0
-0.34186528334480604,1.5689116316172784,0.0,-0.33396205865908846,1.5688108387068846,0.0,-0.33596532031914766,1.5664074316834227,0.0,-0.33790895710463875,1.5641992309666368,0.0,-0.3309919499556821,1.5709679987787457,0.0,-0.3307395441017352,1.5702333185253705,0.0,-0.3302687927669081,1.5695965230478197,0.0,-0.3515449041565221,1.5530879551473942,0.0,-0.3401212827869638,1.559886248185021,0.0,-0.3525638369512142,1.5843951750433993,0.0,-0.34864952049635656,1.587272315609124,0.0,-0.4286300267455104,1.5527723552260217,0.0,-0.3571381627825817,1.6017349387688276,0.0,-0.5006971138332066,1.5650909507498758,0.0,-0.41186654157418556,1.6507010008648169,0.0,-0.5227636276100965,1.6226250199147227,0.0,-0.41792657506928577,1.7091839481068547,0.0,-0.5221734213582797,1.6458092741839871,0.0,-0.4195955756123448,1.723377336637593,0.0,-0.5075870170542763,1.6458323687137335,0.0,-0.41111879306788335,1.7235405143344087,0.0,-0.5049408424217148,1.6412508481951116,0.0,-0.4123245592472434,1.7168618564094849,0.0,-0.497272377687768,1.6784469571371603,0.0,-0.4514321546297365,1.691930675686977,0.0,-0.44283642099041154,1.754061765037743,0.0,-0.39206081283553695,1.7597850397852235,0.0,-0.5231461843216447,1.815544851366271,0.0,-0.4489081247406796,1.8421906360334734,0.0,-0.5404920114046721,1.813689775707329,0.0,-0.4662372535884235,1.8433178875323837,0.0,-0.5074844465905496,1.8538052853109506,0.0,-0.43539664738965894,1.879251861378499,0.0,-0.3458331072791909,1.556487097122389,0.0,-0.3928840909290386,1.5772536534709152,0.0,-0.4336181520054024,1.6312212612896515,0.0,-0.4743522482455841,1.6851888253362184,0.0,-0.4146393987698838,1.7274467153137734,0.0,-0.5162113755763351,1.6419041014901934,0.0
-0.35713972401342686,1.5716719645405928,0.0,-0.34794727958570304,1.5716609163735682,0.0,-0.34989502586714144,1.5694377468569412,0.0,-0.3518044689934698,1.5674870716460205,0.0,-0.3455009804363325,1.5732372810242545,0.0,-0.3455240940263552,1.5721667489640536,0.0,-0.3452977772390606,1.5712341993209273,0.0,-0.3664817593754332,1.5571341819938618,0.0,-0.3564197679983108,1.5615904614270975,0.0,-0.36711346676680046,1.588224738788227,0.0,-0.3638520715319426,1.5907664760889326,0.0,-0.44387644293822237,1.557489131277997,0.0,-0.37181864672010445,1.6056149580684842,0.0,-0.5167294689218295,1.5636413212960123,0.0,-0.42586663388418045,1.6553310094589297,0.0,-0.5306143393782649,1.6236772315276318,0.0,-0.4206214990272561,1.7138926665769572,0.0,-0.5276905653636169,1.647606896274035,0.0,-0.42001309590958424,1.7280153049241744,0.0,-0.513263646458742,1.6462845659206944,0.0,-0.41032883380153606,1.7284525276778093,0.0,-0.511504375837135,1.6415707778837798,0.0,-0.4122870156195084,1.721750282532268,0.0,-0.5088056329461038,1.6866407588993304,0.0,-0.46234109915451355,1.6977845381267171,0.0,-0.44684234067876083,1.7562210935262228,0.0,-0.3955775140434859,1.758379873398862,0.0,-0.528938332800904,1.8152979592883882,0.0,-0.4517173180086133,1.8412690860542325,0.0,-0.5461160358146027,1.8122573109910916,0.0,-0.468868144376659,1.8439927889485754,0.0,-0.5120334685285579,1.8530256202061597,0.0,-0.43731048741254963,1.8779915271013392,0.0,-0.36145077537855097,1.5593623130298377,0.0,-0.4078475446660224,1.5815520567119963,0.0,-0.44671042494424357,1.6368823645182116,0.0,-0.4855733413775895,1.692212630123208,0.0,-0.4140290772614464,1.7312383913914218,0.0,-0.5224816164587776,1.642344684782493,0.0
-0.3714913157518359,1.5746168301420957,0.0,-0.36220028860622167,1.5736873391694917,0.0,-0.3644820633899309,1.5716602245667461,0.0,-0.36675738466251373,1.5699297197271878,0.0,-0.359350355951178,1.575060541519969,0.0,-0.3593519608172627,1.5740070094362641,0.0,-0.3591664209662866,1.5731149582495336,0.0,-0.38241351561476367,1.56112777135576,0.0,-0.37107256804343813,1.564228531997635,0.0,-0.38100266130577193,1.5914331226327583,0.0,-0.3772717326679168,1.5937989735837,0.0,-0.4590715047626783,1.562122769634925,0.0,-0.38638527175876125,1.6092940822282844,0.0,-0.5321833377255643,1.5623924320033875,0.0,-0.43742300670870343,1.662095789525729,0.0,-0.5387313143669221,1.6236641558801914,0.0,-0.43058620021299865,1.7204930257704092,0.0,-0.5343323704383158,1.6478632475999768,0.0,-0.4288972800503436,1.7349077411095466,0.0,-0.5200956934568024,1.6456655444815198,0.0,-0.4190135523825695,1.7350213626436297,0.0,-0.5189525282608569,1.6404743718126622,0.0,-0.4214602100711524,1.7283309369664257,0.0,-0.5211600359902226,1.6935299451621237,0.0,-0.47431137093006887,1.7029288439285741,0.0,-0.45316406154169936,1.757227825929024,0.0,-0.4019573119224004,1.7567253224261108,0.0,-0.5318983523840668,1.8207159306128888,0.0,-0.4617099174580972,1.8370491999194538,0.0,-0.5492074824937971,1.818544977426127,0.0,-0.47820557506669203,1.8424771537349822,0.0,-0.5140758870670268,1.8580188871232741,0.0,-0.4503591614649308,1.8748282256171278,0.0,-0.3767430433881193,1.5626781517804316,0.0,-0.422728381370394,1.5857084278458788,0.0,-0.4602320353355402,1.6419689145546912,0.0,-0.49773568232831344,1.698229389382639,0.0,-0.42285656215909484,1.7373627290764277,0.0,-0.5296458355546985,1.6418869182355595,0.0
-0.38440161668289674,1.5774007821012102,0.0,-0.3780413667822705,1.5746504248398108,0.0,-0.3809760933006564,1.5727950773949964,0.0,-0.3838629643030533,1.571245763365114,0.0,-0.3731732034558613,1.576205681496065,0.0,-0.37243368026508283,1.575578330767119,0.0,-0.37168932048838416,1.5750860239569118,0.0,-0.3986117612342624,1.563911486543862,0.0,-0.3816316131406557,1.5674471106315382,0.0,-0.3943633867552227,1.592338918091582,0.0,-0.3885142942632301,1.5949249111955246,0.0,-0.4730360269208412,1.5670256014604895,0.0,-0.39864032022315427,1.6114519452784526,0.0,-0.5461437056232109,1.5678503145845426,0.0,-0.4450317485652184,1.668379144917366,0.0,-0.5458764418603156,1.6294703495976137,0.0,-0.44314975696432396,1.7271450979147511,0.0,-0.5406822073666515,1.653431912767154,0.0,-0.44148805319716466,1.7420986340994986,0.0,-0.5264620902046184,1.6507738137790862,0.0,-0.4329477845640481,1.7413015733483952,0.0,-0.5257261759699363,1.6451428864744118,0.0,-0.43591449321834297,1.7347226958564383,0.0,-0.5312779888658388,1.6993007215375722,0.0,-0.48432439352359774,1.7081605522570378,0.0,-0.45972348812735964,1.758973378420482,0.0,-0.4081217997774119,1.7563511702233479,0.0,-0.5323380413485868,1.8293790220243968,0.0,-0.47538310027988406,1.8305011305644452,0.0,-0.5497821550402909,1.82952707743829,0.0,-0.49136171663561945,1.8373021026949372,0.0,-0.5135096755664506,1.8661845036319897,0.0,-0.4676906650578068,1.8691911923973765,0.0,-0.3901217012159081,1.565679292557463,0.0,-0.4358381695636064,1.5892387799629362,0.0,-0.47181967496344845,1.6464847203832926,0.0,-0.5078011734135993,1.7037306489276571,0.0,-0.4361464947465267,1.7443290588197995,0.0,-0.5361508054698999,1.6473596477925962,0.0
-0.3958715953242193,1.578298169119915,0.0,-0.39365424159754425,1.5734890427783774,0.0,-0.3973039599531849,1.571693602670885,0.0,-0.4007538168075894,1.5702650374514429,0.0,-0.38596009056595715,1.5754656879370899,0.0,-0.3841500083698222,1.5753729777317298,0.0,-0.3825160457343274,1.5753953669605505,0.0,-0.41327535574244273,1.5636318391905693,0.0,-0.3891927705555158,1.5691857712141701,0.0,-0.4068301966607865,1.590288758946622,0.0,-0.39830659551977626,1.5936344987960793,0.0,-0.4845103022766165,1.5705039042900033,0.0,-0.40823262568611124,1.611615183205095,0.0,-0.5566641344353854,1.5823037916534537,0.0,-0.45017094121139895,1.6718982519163588,0.0,-0.5479588656709178,1.6433064017670338,0.0,-0.451049937259538,1.730687761950242,0.0,-0.5426497846728747,1.66694319905201,0.0,-0.4496462390938207,1.7460101384364315,0.0,-0.5279615128091512,1.664063865726388,0.0,-0.44281106857181707,1.7440343455042608,0.0,-0.5271986139889494,1.6584233028773996,0.0,-0.44638484829030006,1.7376163148625658,0.0,-0.5365193203073133,1.7043546498241415,0.0,-0.4895410597758784,1.7130827511859164,0.0,-0.46332553931489967,1.7620048274425415,0.0,-0.4110145805913983,1.7573858325743534,0.0,-0.5312376223696721,1.8369566584139168,0.0,-0.48407572695824874,1.8258282759514848,0.0,-0.5485432640519019,1.8391552463382341,0.0,-0.5002289744704749,1.8322033835876164,0.0,-0.5117338546776138,1.8734087349008195,0.0,-0.47783693269047467,1.8647791667033828,0.0,-0.40123404311735505,1.5664088109431729,0.0,-0.4463714575221742,1.5910595461419934,0.0,-0.47970081751940324,1.64988913213089,0.0,-0.5130301710205993,1.708718705993166,0.0,-0.4451343558767547,1.7482758286712072,0.0,-0.5378749761498414,1.6609962340227198,0.0
-0.40577113432838574,1.5752045245956847,0.0,-0.40584021896924216,1.568507007087951,0.0,-0.41009996333223925,1.5665822073456688,0.0,-0.4139839198490562,1.5651048239153904,0.0,-0.3958988167334128,1.5712135326939487,0.0,-0.3934273626658523,1.5715148966129588,0.0,-0.3911937676650563,1.5719635978200261,0.0,-0.42517901805079955,1.5588452432949877,0.0,-0.3964091995935321,1.567490348103699,0.0,-0.41759531903543323,1.5854439412674823,0.0,-0.4072170094731704,1.5900126486615975,0.0,-0.4932298312475614,1.569659865212208,0.0,-0.4164371997703928,1.6098010280116566,0.0,-0.5618794359575847,1.5948122927321005,0.0,-0.4549641750404161,1.6723193681918676,0.0,-0.543595357666656,1.6536577906566,0.0,-0.45239938864007767,1.7310594822094396,0.0,-0.5394938587656053,1.6778335069623544,0.0,-0.45119677032946,1.746326356947945,0.0,-0.5237916493451279,1.6747126642198316,0.0,-0.4451057109322724,1.7435600257798234,0.0,-0.5222979079340249,1.669329222090677,0.0,-0.4489945917605138,1.737294439522983,0.0,-0.5379488445240422,1.7071188622716251,0.0,-0.4908467603807902,1.7151519429572895,0.0,-0.4637967329563315,1.7635310675595615,0.0,-0.41162464365524704,1.7581987451050156,0.0,-0.5301438447987433,1.8398716775975381,0.0,-0.48420628652261016,1.8271494831905846,0.0,-0.5473246857474752,1.8428945449762144,0.0,-0.5009984999263075,1.8315756521399351,0.0,-0.5111740781577141,1.8766044802128803,0.0,-0.4786130381520438,1.8661982990106203,0.0,-0.4107940905409395,1.5631678059782317,0.0,-0.4548335118913971,1.5897304544175648,0.0,-0.48461562684659415,1.6504329424575561,0.0,-0.514397781302036,1.711135395798561,0.0,-0.4469700207346493,1.7488036688130841,0.0,-0.5340807529942001,1.6716602152442621,0.0
-0.4135923573562689,1.568571853741902,0.0,-0.41398549616851543,1.5600953368069947,0.0,-0.41872675496659983,1.557918416375103,0.0,-0.42301524452430794,1.5561950684262025,0.0,-0.4027419611411366,1.5639220857584866,0.0,-0.4001428465380097,1.5645359606537403,0.0,-0.3977777723453686,1.5653175868862936,0.0,-0.434518782159429,1.5507155017786685,0.0,-0.403707290511855,1.5627947406832503,0.0,-0.42621562955633185,1.5786692101835984,0.0,-0.41484321943430574,1.5844843963859687,0.0,-0.49982687966193895,1.5645345867167015,0.0,-0.42386004314228576,1.606217448294048,0.0,-0.5653598560182886,1.5969512775852035,0.0,-0.45839330562736597,1.6710273585276079,0.0,-0.5416425381586216,1.6538247246275148,0.0,-0.44933411830696657,1.7291213362634337,0.0,-0.5398530685615286,1.6802170367432712,0.0,-0.4485213771468934,1.744246822737501,0.0,-0.5230460346598732,1.6762246508134375,0.0,-0.4426344794965504,1.7414610641555173,0.0,-0.5207173173212929,1.6706779120172586,0.0,-0.4464921914475697,1.7353309843785032,0.0,-0.5388724322486803,1.7061356729332828,0.0,-0.491600754285667,1.7131016745483798,0.0,-0.4637046942529037,1.7611873188668676,0.0,-0.41307043827259377,1.757397954533362,0.0,-0.5296299029407621,1.8378925654296827,0.0,-0.47961490538603324,1.8321918918575766,0.0,-0.5467875508579387,1.841044412641222,0.0,-0.49675376665143856,1.8349898977704897,0.0,-0.5120571611700594,1.8753138104791593,0.0,-0.4775116067757255,1.8715831418915345,0.0,-0.4191130189856854,1.5567551291803976,0.0,-0.4618434516836786,1.5853760139751942,0.0,-0.4885399895899215,1.6474973572419847,0.0,-0.5152365722550865,1.7096186663043886,0.0,-0.44443836914981344,1.7470201025412442,0.0,-0.5337926452868273,1.6726128638384354,0.0
-0.4199198239545526,1.5613535212650405,0.0,-0.42043380899773825,1.551266917942186,0.0,-0.4254779307245587,1.5488982958447084,0.0,-0.43009983008932345,1.5469127495848762,0.0,-0.40846044418440425,1.5562784069549662,0.0,-0.4058458589388804,1.557249108805899,0.0,-0.4035068199636947,1.558321667677029,0.0,-0.4421965602808597,1.542516092950596,0.0,-0.41009437026395273,1.5572689964239084,0.0,-0.43322285958104395,1.5712387037652307,0.0,-0.4210049193257533,1.5777586949070488,0.0,-0.5048999675246595,1.5586562797161203,0.0,-0.4300611162342938,1.6023319884982177,0.0,-0.5667195726063187,1.597691510784139,0.0,-0.4583873548838946,1.6700851794659604,0.0,-0.5406113317227872,1.653507815775589,0.0,-0.44429951427057596,1.7271685559509797,0.0,-0.5395536945863786,1.682635353166592,0.0,-0.4434808912877682,1.7425889799451917,0.0,-0.5222586835306606,1.676274659385156,0.0,-0.4384205292370534,1.7395104813200288,0.0,-0.5205520359060731,1.669868698636261,0.0,-0.44269815319230005,1.7334679961501829,0.0,-0.5405010886803567,1.70322574237247,0.0,-0.4931427466431375,1.7095758727196333,0.0,-0.46445544689191304,1.7570581946701518,0.0,-0.4156157915927806,1.7556056695282336,0.0,-0.5289217122272015,1.8349936078307945,0.0,-0.4754642516473706,1.8358581523120348,0.0,-0.5460194708956649,1.8384556406743229,0.0,-0.4923958653569996,1.8397168904155357,0.0,-0.5119964761246205,1.8727121340117665,0.0,-0.47871811244016166,1.8751710870056322,0.0,-0.42614547721000157,1.5498925472343619,0.0,-0.4674805387136566,1.5804941422170389,0.0,-0.4921512227214549,1.6434474882443728,0.0,-0.5168218997515082,1.7064008222347462,0.0,-0.4399477133719286,1.7452072926865714,0.0,-0.5334778618447084,1.672579485880908,0.0
-0.4255562777156308,1.556016734188452,0.0,-0.42679704773554555,1.5449348152918843,0.0,-0.43185879142303824,1.5425287410800663,0.0,-0.4365628466561879,1.5404535451712724,0.0,-0.41480163538544423,1.5506616856017397,0.0,-0.41214610496765125,1.551951841513096,0.0,-0.40981580492082936,1.5532387665203273,0.0,-0.44852728910128753,1.536864495149489,0.0,-0.4159453062157552,1.5527644742498516,0.0,-0.4393102212894546,1.5646231213562072,0.0,-0.4264557366757873,1.5711863965714732,0.0,-0.5089369694317086,1.5552323839200928,0.0,-0.43475161978424504,1.600009108875851,0.0,-0.5592496566716921,1.6082799695360048,0.0,-0.4558096621423403,1.6703612910338355,0.0,-0.5270150031447994,1.660796893064828,0.0,-0.43664704063080534,1.725947018166638,0.0,-0.5220218421468724,1.6901208455496828,0.0,-0.43419312966728646,1.7419520421047723,0.0,-0.505480118970592,1.680010068116374,0.0,-0.4301655759068383,1.7365628393635102,0.0,-0.5066634393700807,1.6728064610656506,0.0,-0.435942054916029,1.7305606254913435,0.0,-0.5413725360514262,1.7014339466298727,0.0,-0.49407547621345577,1.7082254741917344,0.0,-0.4649031054066404,1.7546626863506363,0.0,-0.4168728628737953,1.7547972193506607,0.0,-0.5276983525217924,1.8339506736535494,0.0,-0.47354954039629776,1.8373202669730093,0.0,-0.5447129984697495,1.8378004588631875,0.0,-0.489891916399,1.8431936092199592,0.0,-0.5100804345599788,1.871350670994239,0.0,-0.4793394267149005,1.8763404112666888,0.0,-0.43223628511650397,1.5448144939967203,0.0,-0.4718442916615603,1.5776207547181362,0.0,-0.49478416902958106,1.6412252235217513,0.0,-0.5177239847245523,1.704829699948379,0.0,-0.4307423141930983,1.7435387321187605,0.0,-0.5172494682043776,1.6786644424333055,0.0
-0.4306290399389815,1.5526279934750524,0.0,-0.43229564474263277,1.541364095584314,0.0,-0.43709665672018383,1.5389847092778535,0.0,-0.44163374067735073,1.5369386326724666,0.0,-0.42132659488356256,1.5471935946848192,0.0,-0.41885442461339145,1.548600214636038,0.0,-0.4166524809718244,1.549959696133689,0.0,-0.4532062641967151,1.533762383351117,0.0,-0.4222948570230441,1.5496398168768262,0.0,-0.44448632268527144,1.5598045737436161,0.0,-0.4318608891004178,1.5661726399679947,0.0,-0.5123646249321879,1.5539195489668565,0.0,-0.4385972336667866,1.5993815461290712,0.0,-0.5432843290020203,1.6201719809012383,0.0,-0.45506665333681884,1.6709471027752534,0.0,-0.500497610198288,1.6645160542249802,0.0,-0.42548676222559795,1.7217605770308584,0.0,-0.4877276591892089,1.6899524783143987,0.0,-0.4199991557579616,1.7376766476001362,0.0,-0.47341151360524264,1.6765398779616372,0.0,-0.4158468622843531,1.7280333169556332,0.0,-0.47834619445169585,1.6695829746938382,0.0,-0.42334836803289855,1.7222440133952266,0.0,-0.5409941453350559,1.7009746469445797,0.0,-0.4939628320433522,1.7094121990776538,0.0,-0.46450444195254437,1.7541742506259408,0.0,-0.4164490307575896,1.7554641432695377,0.0,-0.5274653037315293,1.8333307909422498,0.0,-0.4729114602093714,1.838133927497348,0.0,-0.5445143511139332,1.8370252470926502,0.0,-0.4888439391807279,1.8450422931789539,0.0,-0.5087803007808783,1.8702092602587352,0.0,-0.47708243169557063,1.877360161590659,0.0,-0.4377505512998262,1.5417011110227548,0.0,-0.475480926539482,1.576650556072276,0.0,-0.49647973069133056,1.6409219855696988,0.0,-0.5174784685368181,1.7051934222622234,0.0,-0.4150339182298295,1.7370926429868077,0.0,-0.48566039537833594,1.6784613777957755,0.0
-0.4345434072882239,1.5500524642512408,0.0,-0.4357657778497969,1.5389046998575728,0.0,-0.44021379726214455,1.536500468737752,0.0,-0.44456198661272767,1.5344253516557544,0.0,-0.42632940649548223,1.5445493162241832,0.0,-0.42427871013405494,1.5458770977015286,0.0,-0.422355008959865,1.5471874386350966,0.0,-0.4560701842173543,1.531597648360824,0.0,-0.4281833467125133,1.5472841178151098,0.0,-0.44815274464514526,1.5567239207043153,0.0,-0.43661061137819357,1.5630226364662152,0.0,-0.5150155349577171,1.5526636822852442,0.0,-0.4418437080928431,1.5990781730541508,0.0,-0.5338648929734531,1.6233044250572488,0.0,-0.45798794193558234,1.670717787765402,0.0,-0.48231839681223676,1.657069182992599,0.0,-0.4151835353317209,1.7110261231238366,0.0,-0.4627855638769242,1.6768402033937648,0.0,-0.4074151503629978,1.7253178165781518,0.0,-0.4515627271409668,1.6623058502214532,0.0,-0.4023743305114334,1.7118717741385436,0.0,-0.45880388503163083,1.6566113847124484,0.0,-0.4102635491115863,1.706732394743473,0.0,-0.5407414193635511,1.7000433360127882,0.0,-0.4941526305827353,1.7106556626133442,0.0,-0.4645011247581609,1.753599755178765,0.0,-0.41645644796959225,1.7563992322266375,0.0,-0.5287465703486758,1.8317172993777227,0.0,-0.47303610767201104,1.838988827647784,0.0,-0.5458713785251387,1.835042952368345,0.0,-0.488971221876768,1.8458911126205197,0.0,-0.5096044599366669,1.8683605858483334,0.0,-0.4741054611201992,1.8784216937303395,0.0,-0.4421267557151965,1.5394408898711545,0.0,-0.47842961233455655,1.5758709259165515,0.0,-0.4979383106133893,1.6406102270937757,0.0,-0.5174470081408635,1.7053495141334567,0.0,-0.4002360290836807,1.7220218609818547,0.0,-0.4640862217258229,1.6661357581302092,0.0
-0.43690109655374315,1.5476250876659576,0.0,-0.43752382867329764,1.5362965512679154,0.0,-0.44173923653673575,1.5338238075313737,0.0,-0.4460340648412032,1.5316333919888812,0.0,-0.4291059967701284,1.5417667495017338,0.0,-0.42738478494450394,1.5429710132921846,0.0,-0.4256789817311145,1.544196556315693,0.0,-0.45768295250523305,1.5292114564177905,0.0,-0.43164835428748977,1.5450792364030588,0.0,-0.4500101009619541,1.5545632682032413,0.0,-0.43964235053574274,1.5608165932180007,0.0,-0.5163712717893202,1.5510857454394045,0.0,-0.4435385050076966,1.5980304925684896,0.0,-0.5328418124023377,1.6223187022003087,0.0,-0.4611872278651113,1.6693143846048237,0.0,-0.47732738641730177,1.6490628352481944,0.0,-0.4123072745689442,1.7019905118209007,0.0,-0.4556410424206978,1.66517953523759,0.0,-0.40460083875692854,1.7135812369681993,0.0,-0.4471474128446773,1.6511859858378373,0.0,-0.3998526531736185,1.6987416967504168,0.0,-0.4545817477499689,1.6467722465808168,0.0,-0.4066077644127266,1.694447765466756,0.0,-0.5407631620401033,1.6983610601808956,0.0,-0.49454647111594385,1.710491773101461,0.0,-0.46501023223314186,1.7526046421151673,0.0,-0.4173636493603417,1.7570963112867497,0.0,-0.5284685971503205,1.831362904620368,0.0,-0.4731040212327831,1.8402546548692917,0.0,-0.5455541480541263,1.8348846901345848,0.0,-0.4891198356003587,1.8469675598073094,0.0,-0.5094532674914249,1.8680721415009724,0.0,-0.4718371398207883,1.879681669158607,0.0,-0.44466563762194616,1.5371453650460998,0.0,-0.4799548809183814,1.574558119990901,0.0,-0.49880483894005107,1.6394922828640077,0.0,-0.5176547998640907,1.7044264305737211,0.0,-0.39516081358709465,1.7090850921379712,0.0,-0.45811847417645163,1.65581803203518,0.0
-0.4378482195300847,1.5456727474248375,0.0,-0.4383468419127324,1.53406631202747,0.0,-0.44254065015615524,1.5315249938202493,0.0,-0.4468909642852565,1.529208259906677,0.0,-0.4301198198544498,1.5393989400305779,0.0,-0.4284602041680772,1.5405251813044671,0.0,-0.4267883804215306,1.541678255672286,0.0,-0.45872783708893605,1.526938465919817,0.0,-0.43232589331704785,1.543321421933454,0.0,-0.4503491985108304,1.5530536824354881,0.0,-0.44065425995233276,1.5590692175687235,0.0,-0.5164514394711712,1.5502872139402055,0.0,-0.4432170467627983,1.5966029232051604,0.0,-0.5341174697097432,1.6212331385067074,0.0,-0.46123784218449926,1.6677936642795077,0.0,-0.4778657745168917,1.6463895876373298,0.0,-0.41488770314640316,1.7039688454846638,0.0,-0.4573886419753355,1.662289969996545,0.0,-0.4088734279462069,1.7138013840312503,0.0,-0.4505353564778518,1.6486482415900319,0.0,-0.4061174850280559,1.6993596498552708,0.0,-0.4572516403233502,1.6446770091841312,0.0,-0.4115956349433378,1.6952966225376869,0.0,-0.5394860369383342,1.6973440493807266,0.0,-0.49338585959656117,1.7099102884759325,0.0,-0.4644680673192431,1.7525996082832265,0.0,-0.41722227122245603,1.7581625294560255,0.0,-0.5240538333444444,1.8343269872818821,0.0,-0.4712327393003269,1.8424546910244624,0.0,-0.5409387793025319,1.8387107782083694,0.0,-0.48684688664018727,1.8500552045211043,0.0,-0.5051268932371157,1.8710818750189762,0.0,-0.4680060551383215,1.8817698656215638,0.0,-0.4455268805584819,1.5351299371258733,0.0,-0.47983424060595414,1.573445077365312,0.0,-0.49813506147189845,1.6385361395864992,0.0,-0.516435929313116,1.7036271743138944,0.0,-0.3973913157596608,1.7101503196203773,0.0,-0.4588305884230693,1.6536198492841259,0.0
-0.4379549467160442,1.5447264407683166,0.0,-0.438505039977602,1.533173622678812,0.0,-0.4428507998145988,1.5305290921433108,0.0,-0.44730823294624306,1.528062342924297,0.0,-0.43000956792841194,1.538396080141287,0.0,-0.4282646447659724,1.5394848475653078,0.0,-0.4265265778572967,1.5405810118941696,0.0,-0.4594145223157393,1.5254259075320071,0.0,-0.4314415690554401,1.5426480190284149,0.0,-0.44994816120142844,1.5523887221707078,0.0,-0.4403501474462289,1.5580859791183665,0.0,-0.5160563664324755,1.550554819766403,0.0,-0.4419395387410487,1.5954448749349976,0.0,-0.5344108936134457,1.6213257471939062,0.0,-0.45811378447409407,1.6670777197571365,0.0,-0.47907187238197607,1.648430965770299,0.0,-0.42024332506521933,1.7120533512506184,0.0,-0.4597673588127157,1.6660728977823842,0.0,-0.41575824682566265,1.7231157930140815,0.0,-0.4537243338534271,1.6518465008772076,0.0,-0.41514660937589026,1.7090863061757915,0.0,-0.4599727051444308,1.6474668429303454,0.0,-0.4202576881872156,1.7039908391579326,0.0,-0.5367182672709269,1.6974526787258017,0.0,-0.49060479021138964,1.7099700246673466,0.0,-0.46265464504253373,1.7539810116024077,0.0,-0.41537365417858113,1.7596635566894734,0.0,-0.5180087591625115,1.838631764941007,0.0,-0.4672228380077214,1.845302107004867,0.0,-0.534647002556345,1.843874653425635,0.0,-0.48177144059965665,1.8547840669913591,0.0,-0.4988374697113937,1.8752597937601265,0.0,-0.4615272564670216,1.8843361280018787,0.0,-0.4454280589511385,1.5340369469678292,0.0,-0.47899794509897536,1.5729998481562162,0.0,-0.4963296984814447,1.6383556187517736,0.0,-0.5136615104642281,1.7037113595785605,0.0,-0.4060688342131368,1.724029076830377,0.0,-0.4606549784731592,1.6571161837790174,0.0
-0.4377729472277911,1.5443701094468196,0.0,-0.4383236720496643,1.532904755567641,0.0,-0.44287824204110127,1.530101300961683,0.0,-0.4474664845794931,1.5274379035542014,0.0,-0.42935977033349065,1.538140599025362,0.0,-0.4274702774976236,1.5392439432381293,0.0,-0.4256210663275498,1.5403347968270975,0.0,-0.45960220967218895,1.524184332592154,0.0,-0.42994405410579534,1.5425458928352302,0.0,-0.4496709923032619,1.5518550997624903,0.0,-0.43975106439272715,1.5574438607454038,0.0,-0.515755630673583,1.5506857839834656,0.0,-0.44076967699830455,1.59410845031672,0.0,-0.5347230129566592,1.6212949281952003,0.0,-0.4541969578743204,1.6663066415033567,0.0,-0.4804982344782225,1.6505656224796807,0.0,-0.4245388065400947,1.717074477615534,0.0,-0.4610904434858836,1.669856337601074,0.0,-0.4203386579392763,1.7322026621436515,0.0,-0.45536067241262096,1.6548671329740077,0.0,-0.4207661594207942,1.71823341210823,0.0,-0.46144053961932274,1.6498211584738312,0.0,-0.42631233879233665,1.7109709402608622,0.0,-0.5341604540821675,1.6972045014042552,0.0,-0.48810605920197464,1.7099375068687834,0.0,-0.46125703790684097,1.7552214339788548,0.0,-0.4135851107237097,1.7606898387513763,0.0,-0.5141698200833964,1.8414192615218754,0.0,-0.4637016530009748,1.847353737544595,0.0,-0.5306756258489778,1.84706526886544,0.0,-0.47728102599095684,1.8581782482384994,0.0,-0.49467162786200247,1.8778743206288138,0.0,-0.4557138167507108,1.8859838930752277,0.0,-0.44477314038827515,1.5333651114956666,0.0,-0.47826264831480614,1.5723971212291348,0.0,-0.4946979707951387,1.63798406048092,0.0,-0.5111332350928708,1.703571000134241,0.0,-0.4163803080417427,1.7337410038381709,0.0,-0.46250403003303264,1.6600957641099134,0.0
-0.43742275328929703,1.5435082644363087,0.0,-0.43819649925853293,1.531504999689959,0.0,-0.4428801055389567,1.5285814891724256,0.0,-0.4475548034087906,1.5257937478653476,0.0,-0.4286203272078309,1.5369237909216424,0.0,-0.42647296645886285,1.5381383888898166,0.0,-0.4244070428686365,1.5393352973096135,0.0,-0.45900528803812174,1.5222580102855143,0.0,-0.4278692031707559,1.5416121007760222,0.0,-0.44966117813658796,1.5501199616886092,0.0,-0.4392513237326444,1.5558862148133925,0.0,-0.5152280692020109,1.5493498512039576,0.0,-0.4396349311185358,1.591706653193396,0.0,-0.5368454493443722,1.6191932597173353,0.0,-0.45165466272639154,1.6641524724959664,0.0,-0.48289286184132646,1.6489626810529487,0.0,-0.426681135256012,1.7173812433794173,0.0,-0.4632244690867987,1.6689614381111777,0.0,-0.4215606534047398,1.7367625402317886,0.0,-0.4571110084556531,1.6539094620090649,0.0,-0.42215200293516475,1.7234599143424183,0.0,-0.46294467314976806,1.648465441830936,0.0,-0.42846602882515744,1.7137246050049932,0.0,-0.5324942559914335,1.6952451310520729,0.0,-0.4865970512774006,1.7085335965533262,0.0,-0.46099091957619515,1.754979086528734,0.0,-0.4130689759107509,1.7607139864186516,0.0,-0.5110702259533436,1.8428533777838196,0.0,-0.46254124415660414,1.8477472779712554,0.0,-0.5274295328472497,1.8489107782861542,0.0,-0.4761035295391927,1.8585931904623614,0.0,-0.49127264231451506,1.8791467176198884,0.0,-0.4533142655736445,1.8861003392638238,0.0,-0.4434372275666096,1.531935071991848,0.0,-0.47743149879999247,1.5705282637269966,0.0,-0.49348856644969186,1.6362088316595507,0.0,-0.5095456390352175,1.7018893842273226,0.0,-0.4201046049337706,1.7347329995729008,0.0,-0.46504263075883534,1.6587598359159306,0.0
-0.4367724637720229,1.5419091961959817,0.0,-0.4379390157293337,1.5287650508311281,0.0,-0.4426059819322043,1.5258613015182454,0.0,-0.4472461841334189,1.5231496973127319,0.0,-0.4278116009245548,1.5344442435454397,0.0,-0.42532442964834166,1.535849984024105,0.0,-0.4229506814138936,1.5372434070746792,0.0,-0.4574930568878685,1.519899210497324,0.0,-0.4253680338813502,1.5395540768543792,0.0,-0.4493118914354592,1.5472174982884992,0.0,-0.4385517374371748,1.5532646759876225,0.0,-0.514097687530598,1.546740505057756,0.0,-0.43821832937839844,1.5885824004078761,0.0,-0.5396275062655314,1.6152506589938505,0.0,-0.4507741217348454,1.6609372396423554,0.0,-0.4856424918207758,1.644961235567364,0.0,-0.4276946504564748,1.7150141952666098,0.0,-0.4664130340904001,1.6649026715523547,0.0,-0.4214983935259332,1.7361315582170904,0.0,-0.45913970672923804,1.6505762929367418,0.0,-0.4221003685064397,1.7240381135056912,0.0,-0.4646635043651807,1.6450230610221734,0.0,-0.4289109584379348,1.7127054936752595,0.0,-0.5305236754343221,1.6922934836432206,0.0,-0.48476613381470823,1.7060551732513338,0.0,-0.46058246226253763,1.753849143459825,0.0,-0.41275829418279597,1.7603142000133933,0.0,-0.5049185049675977,1.8447564770916887,0.0,-0.46209403842402036,1.8474249542520902,0.0,-0.5209160429606376,1.8517133299042707,0.0,-0.4761256218358585,1.8576564775756297,0.0,-0.4846425933935986,1.8807847749176498,0.0,-0.45266451786211515,1.885728721511389,0.0,-0.4414305706669342,1.5297266379940049,0.0,-0.4761580024102046,1.567661455899344,0.0,-0.4919014483527992,1.6334179030000084,0.0,-0.5076448868448569,1.6991743377427124,0.0,-0.42093469990840676,1.732295319728436,0.0,-0.46786756941730373,1.6548943683389588,0.0
-0.4356617440233886,1.5404846314388623,0.0,-0.43703085474306697,1.526351475622652,0.0,-0.44158941024430076,1.5235697334678735,0.0,-0.44609046663188456,1.5210664172079724,0.0,-0.42664334034848145,1.532247542981226,0.0,-0.4239119667593506,1.533822913099062,0.0,-0.4213030540056697,1.535384322632996,0.0,-0.4554037225657167,1.5183178349067727,0.0,-0.42316941361817795,1.5375936140950544,0.0,-0.4482092506504232,1.5447683946369084,0.0,-0.43736454453278445,1.5509916314093146,0.0,-0.5125209003992905,1.544394869451909,0.0,-0.4366760608314173,1.5862993025229304,0.0,-0.5405153169227158,1.6119354163885373,0.0,-0.4504975770336374,1.6584230598586192,0.0,-0.4870696095645165,1.6426055404494666,0.0,-0.4282928855104022,1.7128650546644186,0.0,-0.46852955949936775,1.6620307384511324,0.0,-0.4225765917534566,1.732865703480693,0.0,-0.459960896328368,1.6485373198734883,0.0,-0.42341555944553816,1.720677852820391,0.0,-0.46533580191854507,1.642904675467534,0.0,-0.42957555633380634,1.709638436546824,0.0,-0.5275046001967644,1.6902337117052617,0.0,-0.4817959430210152,1.704156907284241,0.0,-0.4590502486562904,1.7534387297858833,0.0,-0.41128468649786903,1.7603470635142087,0.0,-0.49753611599198927,1.8469730336867458,0.0,-0.46046567235052027,1.847545284794413,0.0,-0.5130641675273899,1.854922790815654,0.0,-0.47426468520262477,1.8580883700577957,0.0,-0.4768345824454541,1.8827584684782146,0.0,-0.45145032018320796,1.8859486423244682,0.0,-0.43928656462199833,1.527955730456858,0.0,-0.4745984757144459,1.565347091223669,0.0,-0.48962439586515555,1.6312712002360354,0.0,-0.504650251143786,1.697195309928699,0.0,-0.4216880267277142,1.7302060475580854,0.0,-0.4692693594890311,1.6524932141069941,0.0
-0.43420724955127116,1.5399332623372999,0.0,-0.43553547662924363,1.5255181803778832,0.0,-0.44000646909416863,1.5228393941085248,0.0,-0.4443699342417125,1.520487398182656,0.0,-0.4251180716509431,1.5314950230090467,0.0,-0.4223322934398146,1.5331288726876908,0.0,-0.419664804722902,1.5347389472930741,0.0,-0.45342840000592216,1.5179738914434728,0.0,-0.42172216002430457,1.5366919330699875,0.0,-0.4467150734900356,1.543940759187411,0.0,-0.4358819742355125,1.5501248570778097,0.0,-0.5106540182471908,1.5436464396847511,0.0,-0.4350077500016918,1.5859082818193542,0.0,-0.5386063804312878,1.611204402097149,0.0,-0.449656404123578,1.6578686015432333,0.0,-0.4863201008520267,1.643811841626962,0.0,-0.42957700713504454,1.7131297718226763,0.0,-0.46811187526364495,1.6624626245328136,0.0,-0.4267492573572893,1.730902621877842,0.0,-0.4590045570568469,1.6488801843666372,0.0,-0.4280671604398226,1.7160344831689138,0.0,-0.4642868430490771,1.6431981024162714,0.0,-0.4323262265514652,1.707078188797645,0.0,-0.5245094774347925,1.6899896767139875,0.0,-0.4787712671544315,1.7038154799922658,0.0,-0.45742344587960115,1.7546452018110303,0.0,-0.4090439160522208,1.760975496278916,0.0,-0.4950498709512369,1.848528534342042,0.0,-0.45885984409680247,1.847812541812071,0.0,-0.5103749264560772,1.8568629027445211,0.0,-0.4721819956993888,1.8589520965267448,0.0,-0.47458869904266976,1.884451942845702,0.0,-0.45040423891163744,1.886343012679094,0.0,-0.4375752836988917,1.5273329040023385,0.0,-0.4728308800906277,1.5647773675190957,0.0,-0.48723564892939614,1.630839982212669,0.0,-0.5016403570649484,1.6969025960661508,0.0,-0.42576735273733074,1.731290738962326,0.0,-0.4682621011561394,1.653220541860837,0.0
-0.43315103945091443,1.5402676982142605,0.0,-0.4342604283939966,1.5260947662068414,0.0,-0.4387210097736252,1.5234547311132973,0.0,-0.44303796073726676,1.5211196590755856,0.0,-0.4238388819504236,1.5319024314540366,0.0,-0.42105221820138633,1.533480931886237,0.0,-0.4183629200041492,1.5350498646384083,0.0,-0.45209020257120114,1.5184422771620594,0.0,-0.4205644079403592,1.5367929906658526,0.0,-0.4455509616001446,1.5445495948903516,0.0,-0.43465693371742065,1.5504264548871534,0.0,-0.5084467095887859,1.5447153669149871,0.0,-0.4328723383634191,1.5871056442668825,0.0,-0.5352014022149537,1.6127565254843794,0.0,-0.4480769608417684,1.6589505476187307,0.0,-0.48418106957682067,1.6473112039292055,0.0,-0.4337747133813113,1.7159805821764669,0.0,-0.466003158223481,1.665284820646818,0.0,-0.43476238597247086,1.732201266270575,0.0,-0.4574064940287166,1.6501176801698636,0.0,-0.4365887788357433,1.7133552111485444,0.0,-0.46235638451453914,1.644623750042911,0.0,-0.43909146634817814,1.7067015629976932,0.0,-0.5229988954476082,1.6910831808890898,0.0,-0.47720099858289833,1.7047099691647674,0.0,-0.4576068180412532,1.7574514622279926,0.0,-0.40755270329629273,1.7619662868711208,0.0,-0.4993034514985522,1.8495992714755682,0.0,-0.45950515717713064,1.84754222799729,0.0,-0.5147670211096703,1.8576737397414536,0.0,-0.4732348219117843,1.8581754640445858,0.0,-0.4796739622632095,1.8859838009730394,0.0,-0.4516347005742346,1.8861964691248019,0.0,-0.4363273030605872,1.5276176375950048,0.0,-0.4706595177611155,1.56591050845567,0.0,-0.48537975617360246,1.631903546016684,0.0,-0.5000999291523838,1.6978965840820697,0.0,-0.43877200262546523,1.7338512647120534,0.0,-0.46569824548729416,1.655855219775586,0.0
-0.43285853882750097,1.5416284743273525,0.0,-0.43377184507410815,1.5276813253945487,0.0,-0.4382386702508246,1.5250844649616329,0.0,-0.4425759532753034,1.5227305199443626,0.0,-0.4233256593147853,1.5330193907986192,0.0,-0.420364578959781,1.53448877954166,0.0,-0.41743850089391576,1.536010579058428,0.0,-0.4511922233789821,1.5196928306422288,0.0,-0.41875568545214825,1.5378241067169616,0.0,-0.44492834997930797,1.5461052710263747,0.0,-0.43399234977183304,1.5514461266303896,0.0,-0.5060046434690838,1.546991576169794,0.0,-0.4302887339726355,1.5891285225376288,0.0,-0.532158849303132,1.6152658052330076,0.0,-0.4465977557246754,1.6607308024722582,0.0,-0.48210403233457755,1.6512048570176,0.0,-0.44402340816308694,1.719470498238485,0.0,-0.4638453356087033,1.66899119401215,0.0,-0.4472174349945161,1.7353548608385072,0.0,-0.45626398786463757,1.6513356311249927,0.0,-0.44942168575077807,1.7135920448313398,0.0,-0.460724687521702,1.6461188622151286,0.0,-0.4516595228829721,1.7079077810386127,0.0,-0.5230332214616967,1.69272526518636,0.0,-0.47718755637304816,1.7061904688060667,0.0,-0.4602153395228924,1.7615350483870134,0.0,-0.40746030281862294,1.7633506040873794,0.0,-0.5058098074123213,1.851817784769335,0.0,-0.46181848770073697,1.8474189506881784,0.0,-0.5214989387677107,1.8594447225695283,0.0,-0.47686749285511754,1.8560847943532195,0.0,-0.4867497756060333,1.8885038314619955,0.0,-0.45477119989751236,1.8862317086280675,0.0,-0.4349739780798176,1.5287584470951074,0.0,-0.4681466846306269,1.568060056032766,0.0,-0.4841284972123273,1.6337589760547364,0.0,-0.5001103685665018,1.6994578676256245,0.0,-0.4561124801688467,1.7335484431210668,0.0,-0.46323953149943603,1.658869424934223,0.0
-0.43264639094500956,1.5438804450864616,0.0,-0.4333672409763261,1.5300358400004233,0.0,-0.43775495873728687,1.5275583348352428,0.0,-0.4420618054067391,1.5252803595364512,0.0,-0.42288847877407454,1.534800381019985,0.0,-0.4195002923516263,1.5361752525701275,0.0,-0.4160719099298675,1.5376753168123085,0.0,-0.4497182154022502,1.5218908889489597,0.0,-0.4155502723865372,1.539784569413826,0.0,-0.44405060327920365,1.548168070500968,0.0,-0.4332051299067153,1.5529994361885913,0.0,-0.5034244372180641,1.5494643394665364,0.0,-0.4275630448247668,1.5913387987971397,0.0,-0.5299650164876478,1.6175893017712661,0.0,-0.4457742285638741,1.6624810750410584,0.0,-0.48062008416373914,1.65449699472111,0.0,-0.45956919306887983,1.719635935537628,0.0,-0.4619849084422081,1.6725872727434257,0.0,-0.46287771646312226,1.73572889738726,0.0,-0.45508412490074884,1.6528956809737516,0.0,-0.46528991633995365,1.7129751698496578,0.0,-0.4592731416695596,1.6476092794155368,0.0,-0.46810593757659136,1.7071393432855912,0.0,-0.523434915138356,1.694310982830574,0.0,-0.4775756070832964,1.7077296482132387,0.0,-0.4638768774872539,1.7659609144882413,0.0,-0.4081081713911941,1.765205263320732,0.0,-0.5095743345754011,1.856191565635603,0.0,-0.46370443668414135,1.8484600196373917,0.0,-0.525352994045397,1.8636315204892693,0.0,-0.4797410348263685,1.8551231212116004,0.0,-0.4906226896754987,1.8929337211246429,0.0,-0.45775963059763797,1.8874568621361862,0.0,-0.4326342350592859,1.5308377254151886,0.0,-0.4654937359812775,1.5704015741176642,0.0,-0.4829994617687916,1.6357109608097948,0.0,-0.5005052415385616,1.7010203187937545,0.0,-0.47240097301599043,1.7330403981328382,0.0,-0.4615438045483396,1.6616181286998153,0.0
-0.43172457856367025,1.5463033712117824,0.0,-0.4320111051422598,1.5327505079760617,0.0,-0.4362479287368159,1.5304366372815528,0.0,-0.44041528074684155,1.528334136709931,0.0,-0.42132325894159,1.5372075641954264,0.0,-0.41738964322824496,1.5385546976472992,0.0,-0.4134273838285894,1.5400411795841564,0.0,-0.44714931239125055,1.524659409259423,0.0,-0.41122611294192696,1.5423600789256513,0.0,-0.44223939067103013,1.550339373012448,0.0,-0.43141283120113105,1.5550712193273593,0.0,-0.5007239953839805,1.5514688278285145,0.0,-0.42488937348991523,1.5933917490323655,0.0,-0.5284292286079941,1.6191285121980776,0.0,-0.44569934271914097,1.6638177091821869,0.0,-0.4795973708419077,1.6567124158277402,0.0,-0.4734650180259273,1.7156447908946935,0.0,-0.4600639820269477,1.675247056222802,0.0,-0.47675867462284416,1.7313948859113244,0.0,-0.4531262759453722,1.6548621748727648,0.0,-0.47903683490883225,1.708943348496222,0.0,-0.45728202627854064,1.6491785485658348,0.0,-0.4812558660585883,1.703139787506556,0.0,-0.523507064353264,1.6954445507081009,0.0,-0.47771526722989427,1.7090918226754923,0.0,-0.46665002830540275,1.7692561352138592,0.0,-0.4088292019592802,1.7672629578299122,0.0,-0.5097616375158835,1.8607504910074417,0.0,-0.4646219996607756,1.8503861368385988,0.0,-0.5252938452486821,1.86869212470838,0.0,-0.480567192849935,1.8572651060000276,0.0,-0.4909895194395832,1.8975846927406437,0.0,-0.45945381469131225,1.8894934802462418,0.0,-0.4291877026187312,1.5335097421477146,0.0,-0.4628066794666982,1.5724302935401422,0.0,-0.48170891915029707,1.6373492565663155,0.0,-0.500611151412053,1.7022682074292748,0.0,-0.4864514443063462,1.7288994854042135,0.0,-0.46045526124407077,1.6636546512927748,0.0
-0.4302244440911819,1.549012778124811,0.0,-0.4300760480137193,1.5358702311983303,0.0,-0.4342339870743889,1.5336345670761011,0.0,-0.4382481490196087,1.5316705896021354,0.0,-0.4187794533056264,1.5405196873502915,0.0,-0.4143627802531201,1.5419289293952054,0.0,-0.41006713692245894,1.5434080583199747,0.0,-0.44457270921458975,1.5277926703810893,0.0,-0.40718008778346537,1.5456396466970537,0.0,-0.440293149185962,1.5530660203025004,0.0,-0.429067047037666,1.5582710313487789,0.0,-0.49823798733194347,1.5536584264429558,0.0,-0.42261677255086627,1.5959650816536237,0.0,-0.5286968789181415,1.6201239721063003,0.0,-0.4465624406681141,1.665387525148247,0.0,-0.47999118416684,1.657871229539445,0.0,-0.4830764655455179,1.7114712002548296,0.0,-0.4591117010375594,1.6767792917481368,0.0,-0.4873789426101403,1.7259984229822911,0.0,-0.451691148072266,1.6568911510894622,0.0,-0.48923622430229363,1.7043414965156525,0.0,-0.4557361443378077,1.6509986539717991,0.0,-0.48887433679926734,1.6990354688082538,0.0,-0.5240413317957247,1.696521248166991,0.0,-0.4784851491316648,1.7109355097512535,0.0,-0.4680829641628583,1.7710164402753643,0.0,-0.4095008786073785,1.7689901510287016,0.0,-0.5087152922318987,1.8636384781847612,0.0,-0.4650627434279193,1.8522678691862864,0.0,-0.5235461522988226,1.8728234992827233,0.0,-0.48044374851812466,1.860329760092183,0.0,-0.48999157818420724,1.9004973084246517,0.0,-0.4597314791162108,1.8913533148805677,0.0,-0.4258764158929414,1.5367161389507815,0.0,-0.4604273743594326,1.5748117580432905,0.0,-0.4808452994679391,1.6392700760458052,0.0,-0.5012632204233709,1.7037283809372807,0.0,-0.49822786827589466,1.7221842385437272,0.0,-0.4608605867385743,1.6648451262367885,0.0
-0.4291914368614903,1.552695873529414,0.0,-0.42901388357847114,1.5398162686860382,0.0,-0.4332433550641049,1.537446704702641,0.0,-0.43720974936487983,1.5354374573178482,0.0,-0.41677961746046877,1.545105970526581,0.0,-0.4120028134428128,1.5466381375423799,0.0,-0.407551460454306,1.5481223889666114,0.0,-0.4434710108677682,1.5314353423126612,0.0,-0.40462920595465773,1.5499831334447205,0.0,-0.43969388446420304,1.5571254394602303,0.0,-0.42762854717711346,1.5631206536773345,0.0,-0.4963543495661927,1.5571247197991163,0.0,-0.4211657070729471,1.6001954667174492,0.0,-0.5323887090644237,1.6207402664252213,0.0,-0.4476025332242608,1.668707983131538,0.0,-0.483452533934276,1.658188242452806,0.0,-0.49032648478811114,1.7091015851849138,0.0,-0.46109239562893267,1.6774748955212082,0.0,-0.49535995592880466,1.722415471377539,0.0,-0.45310309324832254,1.6585805833148548,0.0,-0.4971856558329636,1.7014559373165934,0.0,-0.45698077152310945,1.6528400383527115,0.0,-0.49376696512759827,1.696110067809745,0.0,-0.5260059811065677,1.6984277955706302,0.0,-0.4808873579967259,1.7141582299133902,0.0,-0.46911819948930683,1.7722156865695287,0.0,-0.4100283490963652,1.7699092102749918,0.0,-0.5080047820680508,1.865584105674419,0.0,-0.4651011497900885,1.8535111587428332,0.0,-0.521963354587613,1.876047244596884,0.0,-0.48018423952776146,1.862117540475525,0.0,-0.48883252532967014,1.902211628194382,0.0,-0.45898059143172,1.892480803463612,0.0,-0.4240501310458726,1.5407092285150963,0.0,-0.45876002227645085,1.5786600964334478,0.0,-0.4811033666395659,1.6424765628674423,0.0,-0.5034466560820441,1.7062930339584885,0.0,-0.5070773993994278,1.717085384641428,0.0,-0.46437656737319666,1.6653102149933432,0.0
-0.42902683454046264,1.5565290245556131,0.0,-0.42923682772146887,1.543969339851946,0.0,-0.43358704077007054,1.541246926827352,0.0,-0.43758943888614105,1.538993497207194,0.0,-0.41615500009449574,1.5500948675892012,0.0,-0.41114254914909076,1.5517348329056215,0.0,-0.4065864291642109,1.5532150125284465,0.0,-0.44366590555817775,1.534865761117732,0.0,-0.40342419256084916,1.554522677345041,0.0,-0.44055080718181383,1.5617002619509264,0.0,-0.42761615610379866,1.5683905190015037,0.0,-0.49470703011963757,1.561185339171887,0.0,-0.4202451618722466,1.605500701939085,0.0,-0.5380716125415254,1.6200489597567713,0.0,-0.446661721491838,1.6740210351271987,0.0,-0.4889595994638626,1.657266029985237,0.0,-0.49738939226380224,1.703747833510609,0.0,-0.46550358833180777,1.676961922666049,0.0,-0.5023144185662235,1.716474958126398,0.0,-0.4567474103684859,1.6589772389418571,0.0,-0.5045105106777367,1.6959169894607617,0.0,-0.4608206671704495,1.653317596953794,0.0,-0.49947562651646876,1.6895252198932016,0.0,-0.5286675935725914,1.7008670505155572,0.0,-0.48405766202836586,1.717986943142566,0.0,-0.470524496333059,1.7736698856168962,0.0,-0.41048567031428074,1.7701053946625764,0.0,-0.5078977123657693,1.86765430301772,0.0,-0.46481235583120106,1.8541941002336328,0.0,-0.5210689371190808,1.87909274090899,0.0,-0.4799154496653642,1.8627653288036785,0.0,-0.48908402264465967,1.9044672886813496,0.0,-0.4583991978572798,1.8931166624448164,0.0,-0.42354507854788126,1.5446942015562282,0.0,-0.45747608961801794,1.583343023178019,0.0,-0.481919351979888,1.6463850198989245,0.0,-0.5063626093699164,1.7094270037968755,0.0,-0.5145798756302005,1.7107350701394228,0.0,-0.4699542933380668,1.664574472512368,0.0
-0.4287112232014038,1.5586420437457125,0.0,-0.42933227845246236,1.5465463418001784,0.0,-0.4337281711548468,1.5434043884213267,0.0,-0.437750739427139,1.540832328410384,0.0,-0.41589636959016096,1.553379242848997,0.0,-0.4108349677281312,1.5550642234124075,0.0,-0.4062496638286519,1.5565330970448459,0.0,-0.4434345393475464,1.536543097054195,0.0,-0.40249754863688636,1.5573225673669042,0.0,-0.44125200879627696,1.5645047056278252,0.0,-0.4279168228309229,1.5716889919314332,0.0,-0.4925660262744016,1.5637076517839512,0.0,-0.4189431725830222,1.6094033475814538,0.0,-0.5415575411423843,1.617977756887278,0.0,-0.4420104534691269,1.6791225790378252,0.0,-0.4925674313377734,1.6553551469280932,0.0,-0.4997001477372947,1.6904750368916137,0.0,-0.46889376441198394,1.675332485805791,0.0,-0.5065376188073679,1.7021000765955239,0.0,-0.45891218535519257,1.657919200380024,0.0,-0.5077357231997836,1.6819958576244414,0.0,-0.46366784550791945,1.6519502224015346,0.0,-0.5025114924222508,1.674608506806792,0.0,-0.5302544863589267,1.7022408727739649,0.0,-0.48598713301069574,1.7202280388510216,0.0,-0.4743319570087721,1.7767629719558826,0.0,-0.4114200318714989,1.7709125372831642,0.0,-0.5108223083904029,1.8710936787636079,0.0,-0.464852354751476,1.85557236267585,0.0,-0.5231752599527442,1.8834112925988087,0.0,-0.47961197841374553,1.864722385184657,0.0,-0.49553812495918853,1.9095064965622774,0.0,-0.4595135383454178,1.8946567775194205,0.0,-0.4229660543556429,1.5469328286087927,0.0,-0.45575459502422905,1.586555505522641,0.0,-0.48193769830127553,1.6488949916308324,0.0,-0.5081207927686008,1.7112344665222672,0.0,-0.5178547355174429,1.6943149765539456,0.0,-0.4736175523525803,1.6628061253574082,0.0
-0.4274338190857848,1.558617918933694,0.0,-0.42801097169417446,1.546701833800862,0.0,-0.43239258586639845,1.5432873623062666,0.0,-0.43640025225330975,1.5404715877135842,0.0,-0.41473478350925647,1.5538765161268304,0.0,-0.4098384960704014,1.5555903139523561,0.0,-0.4053777212614253,1.5571166270335466,0.0,-0.44187443561403833,1.5361131050587253,0.0,-0.4013478629563158,1.5577810056167007,0.0,-0.44052760060516993,1.564519637489865,0.0,-0.42745389570430725,1.5722888536750739,0.0,-0.4902707882765288,1.5640926661944623,0.0,-0.41697331551333955,1.610308482606267,0.0,-0.5414279302889764,1.616326368514939,0.0,-0.43436560275957475,1.6816553748069087,0.0,-0.4927311751895834,1.6540851580575184,0.0,-0.49315292768316127,1.6806407061884006,0.0,-0.469685579008025,1.6741210777713413,0.0,-0.5064946732830429,1.6892947562114562,0.0,-0.45828042196448704,1.6570311820110086,0.0,-0.5040820630300075,1.6696822350803666,0.0,-0.4637376019604753,1.650605614068527,0.0,-0.4985478160608878,1.662674399076136,0.0,-0.5303113278349924,1.7018282489687961,0.0,-0.4861238996548489,1.7200108754777872,0.0,-0.4869094288737559,1.7842730651912677,0.0,-0.4138106222268291,1.773862160153636,0.0,-0.5237814321316278,1.8784552469803482,0.0,-0.4658870905479511,1.8593626900412883,0.0,-0.5350151940513099,1.8918014680195256,0.0,-0.47944866485209964,1.8702094916416017,0.0,-0.5164516724309711,1.9191421669562252,0.0,-0.46256717494102584,1.8986701016152499,0.0,-0.4216111322628613,1.5469470576822213,0.0,-0.45362204830288627,1.5872005814940966,0.0,-0.48091982554170914,1.649060081841816,0.0,-0.5082175957460107,1.7109195702611186,0.0,-0.5116260911661293,1.6788867321267364,0.0,-0.47382356562996575,1.6616427564755767,0.0
-0.42572954167595334,1.5580152219842573,0.0,-0.42576933691111873,1.5456413714564743,0.0,-0.4301509204751614,1.5422127655113667,0.0,-0.4341497816695252,1.5393074708290404,0.0,-0.41283977172652586,1.5527911936028789,0.0,-0.4081803881365299,1.5545898465739862,0.0,-0.40390055527817925,1.5562931256304948,0.0,-0.4399275503568745,1.5350690987547166,0.0,-0.4003520662902599,1.5573929227295995,0.0,-0.43881951769531496,1.5631958562831265,0.0,-0.4263800195646578,1.571865857236876,0.0,-0.48892670495972523,1.5641883426089809,0.0,-0.4148708404417259,1.609178898624348,0.0,-0.5401464699779887,1.6163606389784122,0.0,-0.4267405159210686,1.6816494546202878,0.0,-0.49170783695587666,1.6544499941302158,0.0,-0.4852609226808975,1.6759625295512461,0.0,-0.46971937950685944,1.6743476252971856,0.0,-0.5069116182256223,1.6807888032193856,0.0,-0.45722177796782465,1.6577188013550423,0.0,-0.5003725744633714,1.6607831103635082,0.0,-0.4628473363411905,1.6511018881180504,0.0,-0.49361009369145736,1.6555211137076595,0.0,-0.5301338503502953,1.7006571789180702,0.0,-0.4859190079702129,1.7187730401795513,0.0,-0.5144808610082444,1.792504097647313,0.0,-0.4181894860374727,1.778286759710291,0.0,-0.5518151159680047,1.8865039986972585,0.0,-0.4679931968950742,1.8651308127518353,0.0,-0.560980184398511,1.9013471972595233,0.0,-0.4799671560651427,1.8777083206272867,0.0,-0.55378099787391,1.9277991090945539,0.0,-0.46681516963490793,1.90456058191241,0.0,-0.42013981142158907,1.5462310122155705,0.0,-0.45189876616253083,1.5866836229935852,0.0,-0.4799626186514646,1.64819936576671,0.0,-0.5080264122649216,1.7097151202824923,0.0,-0.5031223649439984,1.6709323134167877,0.0,-0.47286916392403666,1.6621778263946356,0.0
-0.42450963108007334,1.5580285408102224,0.0,-0.4240516998418116,1.5448262246985707,0.0,-0.42844906942961597,1.5415886692035117,0.0,-0.43243411037931084,1.538750812645886,0.0,-0.41130756053933026,1.5517444839148018,0.0,-0.4067694972382142,1.5536568462823765,0.0,-0.4025479883221939,1.5555657423059146,0.0,-0.43887093133284155,1.5346972582022564,0.0,-0.39986714014837177,1.5573859281712576,0.0,-0.437325708757463,1.5622489301984934,0.0,-0.42528092767407694,1.5718465571392266,0.0,-0.4884862680960857,1.5655830088574978,0.0,-0.41295044489677046,1.6080419374082968,0.0,-0.5399880751360827,1.6174769074256419,0.0,-0.42145106859673287,1.6809844495603827,0.0,-0.4918460543284465,1.6559404743102693,0.0,-0.4798278305892451,1.6739749714523993,0.0,-0.47116682959884787,1.6754541695786822,0.0,-0.5060242892289067,1.6764797256780146,0.0,-0.4580033322717363,1.6597311442340055,0.0,-0.49806490091088085,1.6547597591271261,0.0,-0.4631678846490932,1.6533152542654688,0.0,-0.4899655031261945,1.6514878383366587,0.0,-0.5309616586760912,1.6997787272385987,0.0,-0.4867957877792862,1.7180136542707378,0.0,-0.5499203025815723,1.7910006674540078,0.0,-0.42291925587455503,1.7816450900980467,0.0,-0.5852519284230246,1.8857714657317448,0.0,-0.47141010332416255,1.8692289749027815,0.0,-0.591250466501356,1.9021524475038332,0.0,-0.482282527954956,1.882770015675603,0.0,-0.5924424974359717,1.9264832152847036,0.0,-0.4722714430088159,1.9086669329917794,0.0,-0.4193690447819288,1.5460415872063953,0.0,-0.4507183531538484,1.5868124811087496,0.0,-0.4797985325415075,1.647854348644331,0.0,-0.5088787070736382,1.7088962032590582,0.0,-0.49719642007136056,1.6674430273712546,0.0,-0.4731226072510459,1.6639434439245662,0.0
-0.4240667441741636,1.5581009219433488,0.0,-0.423579177388923,1.5442604963714306,0.0,-0.4279801447404552,1.541297616648769,0.0,-0.43191599876901504,1.5386395669046842,0.0,-0.4107208662623389,1.5508174493280538,0.0,-0.40615694892819565,1.5527679108639794,0.0,-0.40185119848347206,1.5547607975089357,0.0,-0.43892553153701397,1.5346853654059038,0.0,-0.39976323764389965,1.5572008884934856,0.0,-0.4365315760367806,1.5617192443529249,0.0,-0.424210518121005,1.5716771354183807,0.0,-0.4876435542360032,1.5675567797461594,0.0,-0.41097228974692407,1.6079292753554941,0.0,-0.5406151217412983,1.6179494962140961,0.0,-0.4185891491065976,1.6809693611703431,0.0,-0.4930957258467227,1.65717967794635,0.0,-0.47693048032003454,1.6736708547258181,0.0,-0.473917180447005,1.676019941666994,0.0,-0.5025736541609488,1.6758064135067043,0.0,-0.46039239936393145,1.6613565500254663,0.0,-0.4958085627185863,1.6522567584033625,0.0,-0.46479792240259143,1.655404357935057,0.0,-0.4873494019805382,1.6503710203358821,0.0,-0.5326693210104069,1.698987106578946,0.0,-0.48863227982296714,1.7175309928867433,0.0,-0.5747006855733119,1.7821389974075894,0.0,-0.4257301945344343,1.782125873643466,0.0,-0.6060718868636752,1.8782934342287751,0.0,-0.4782985940255027,1.8673248321982372,0.0,-0.6098577455641088,1.8953224182499973,0.0,-0.48944072883192485,1.8806448259864872,0.0,-0.6141940883146012,1.9188295992913875,0.0,-0.48119294898386333,1.9066658687079292,0.0,-0.41934437891895987,1.5459431281226996,0.0,-0.44930791373906914,1.5877430265206485,0.0,-0.47997937648553524,1.6480010367636198,0.0,-0.5106507833654662,1.7082590600105734,0.0,-0.49395881880309556,1.666297261125425,0.0,-0.4744830820979222,1.6654370677147832,0.0
-0.42387784127287037,1.5576122089723987,0.0,-0.4237636708845009,1.5434933277449436,0.0,-0.4281748025458579,1.5408149927652035,0.0,-0.43207218832745603,1.53838100019065,0.0,-0.4105815060793193,1.5495065897454778,0.0,-0.4059283638850661,1.551376293697997,0.0,-0.40150990257863595,1.5532911095311295,0.0,-0.43932804099535216,1.5345261519416378,0.0,-0.39949250415363563,1.5561908164629488,0.0,-0.43576333660766525,1.561079569062663,0.0,-0.42270287476055224,1.570546276198506,0.0,-0.485521134855417,1.5687119186556817,0.0,-0.4086500880775083,1.608702709687477,0.0,-0.5403857630082946,1.6170367095464075,0.0,-0.41718386687792847,1.6816413503502359,0.0,-0.49387610941335913,1.6574588849877439,0.0,-0.4754581155826771,1.6738252732028538,0.0,-0.4760087920730841,1.675579780925014,0.0,-0.4990148618292558,1.6758998456945375,0.0,-0.46257232156264183,1.6614271540492556,0.0,-0.4932762795146089,1.651852588016685,0.0,-0.46629411560953843,1.6559924182252272,0.0,-0.48548697765101717,1.650729551381228,0.0,-0.5342035682147992,1.6977767253273641,0.0,-0.49029587743797576,1.716624839466118,0.0,-0.5846922072130993,1.7760823438198952,0.0,-0.4266853114969402,1.780522154388439,0.0,-0.6124668317736315,1.8733366404926972,0.0,-0.4894027091651986,1.8585530918016966,0.0,-0.6164573198614894,1.8903188378686362,0.0,-0.5029389605078146,1.8694314787295931,0.0,-0.6204077225212871,1.91390871325866,0.0,-0.4944870313079425,1.8976714265391406,0.0,-0.4194102418248292,1.5453585058847261,0.0,-0.4470856041636977,1.5887073149157374,0.0,-0.479667656512529,1.647954055671562,0.0,-0.5122497022340609,1.7072007843764,0.0,-0.49218097779055253,1.6657828809185977,0.0,-0.47530212695209384,1.6658028749587463,0.0
-0.42335267131893656,1.5573687790565012,0.0,-0.42375279306814745,1.5430893708632,0.0,-0.42819477634273656,1.5406830826075644,0.0,-0.43213507851122906,1.5384532731540332,0.0,-0.4102417298369612,1.5484077495425461,0.0,-0.40546461454738625,1.550136312684983,0.0,-0.4009551591246046,1.5518922559493167,0.0,-0.439378889206369,1.5348982078296332,0.0,-0.39863184928199313,1.5552455766198092,0.0,-0.43424832653621054,1.560820975323175,0.0,-0.420648941207342,1.5692272181545528,0.0,-0.4826303085076409,1.569382968991238,0.0,-0.4061918281672145,1.6101944860339354,0.0,-0.5388944257104585,1.61607088983136,0.0,-0.41624071270629104,1.6829398680307732,0.0,-0.4934067740389814,1.6576397927558473,0.0,-0.47436323738201147,1.6740656779608574,0.0,-0.476403117517459,1.675421207420247,0.0,-0.4971098555989511,1.675417495867793,0.0,-0.4634427526874661,1.6610772043808275,0.0,-0.4910919001963437,1.6519816639662461,0.0,-0.466715152234511,1.6559621579341808,0.0,-0.4842154097719294,1.6512923834596895,0.0,-0.5348584230376073,1.6967236002142523,0.0,-0.49111801608163097,1.715956736080931,0.0,-0.5886294396480027,1.772812694886768,0.0,-0.42717566175335847,1.7795220275266463,0.0,-0.6137527178813016,1.870785389458328,0.0,-0.49933123575847577,1.8489185137767599,0.0,-0.6191750890952649,1.887366008062972,0.0,-0.5156693977055234,1.8548035683011928,0.0,-0.6227739695745435,1.9111309945756139,0.0,-0.5068730355318418,1.88763822065143,0.0,-0.41900539571827583,1.5450718737937583,0.0,-0.4444110611087683,1.5897887284579795,0.0,-0.4786996331221336,1.6480644545773007,0.0,-0.5129881983042807,1.7063401687588904,0.0,-0.4907915804872272,1.6654375995598016,0.0,-0.47485048939721464,1.666023067378649,0.0
-0.4227178326529195,1.5587609336743042,0.0,-0.4235669840528596,1.5442651724803544,0.0,-0.42802313313822715,1.542091259516687,0.0,-0.43206897640136965,1.5400117133154734,0.0,-0.40985070766695136,1.5489505214476438,0.0,-0.4048671846607277,1.5505573906776886,0.0,-0.4002297518854674,1.5521684334418742,0.0,-0.4391359828277131,1.537002786690838,0.0,-0.3973885078120877,1.5560029343876023,0.0,-0.4323113842828658,1.5621140968692677,0.0,-0.41876226906147407,1.5694381590308835,0.0,-0.48030549212899704,1.5712039450015642,0.0,-0.4042644508423846,1.6127512823425765,0.0,-0.5373002688968004,1.6169970477373932,0.0,-0.4153562188516075,1.6853449691533118,0.0,-0.49240956829901833,1.659209902944917,0.0,-0.4733203530591896,1.675489094273722,0.0,-0.4762099871918289,1.6771841720648717,0.0,-0.4959409573036757,1.6761245073747393,0.0,-0.46345561082777237,1.6627137481341314,0.0,-0.48977631404746597,1.6531569906850148,0.0,-0.4664803070352687,1.6575314014076172,0.0,-0.4833834837288014,1.6527459313669943,0.0,-0.5349752217200564,1.6970733523468393,0.0,-0.4915803245011357,1.7170738426233316,0.0,-0.5957414903612046,1.7677014852035862,0.0,-0.4274840160205049,1.7804838906660267,0.0,-0.6187705602071603,1.8661874737137798,0.0,-0.5025001962135157,1.8467777204929412,0.0,-0.6223953776021859,1.8832514627476313,0.0,-0.5195554053076624,1.8500471616253733,0.0,-0.6302853958200593,1.9058933850520263,0.0,-0.5121619463892126,1.8850235703047094,0.0,-0.4182622343121263,1.5465028617372298,0.0,-0.44228496526729083,1.5919776165188724,0.0,-0.4777813633829063,1.6495256151484303,0.0,-0.513277753695219,1.707073602432267,0.0,-0.48954363662770456,1.6664813606890176,0.0,-0.47402170812504485,1.667956421756992,0.0
-0.4225942766337517,1.5618836342840374,0.0,-0.4237189482636902,1.547169099146627,0.0,-0.4281438428623298,1.5451502523892182,0.0,-0.43226830088174845,1.5431660978453998,0.0,-0.40989658643720145,1.5514775202513105,0.0,-0.4046327894658001,1.5530239119153946,0.0,-0.3997930097649921,1.5545572134503267,0.0,-0.4389619468211031,1.5408308109189837,0.0,-0.39629183724175676,1.5588169476241784,0.0,-0.43095199963649017,1.5651196072559725,0.0,-0.4178082634891856,1.571729010693099,0.0,-0.4792544457229414,1.574659092593777,0.0,-0.4032842710366541,1.6163358697990158,0.0,-0.5364235884335312,1.6202343266438848,0.0,-0.41489363583151845,1.6888485813150342,0.0,-0.49171238100618264,1.662637251959477,0.0,-0.4727940010549325,1.6786247448985034,0.0,-0.47670434248384574,1.6810378686844791,0.0,-0.4947201998547237,1.6791947903422355,0.0,-0.4634512213976252,1.6672630919491445,0.0,-0.48968170447863574,1.656308090079227,0.0,-0.4663309037775961,1.6617359266828644,0.0,-0.4832689630555722,1.6561179495599108,0.0,-0.5352274338678119,1.699092170862823,0.0,-0.49235157137153956,1.720182384971302,0.0,-0.608685110543393,1.7564057145747964,0.0,-0.427070599457049,1.7823721402330859,0.0,-0.6307000702936084,1.8551233398399753,0.0,-0.4994605842506632,1.8515240690959198,0.0,-0.6193007280640549,1.8683284153652497,0.0,-0.515988243999831,1.8568537844522257,0.0,-0.6445913345985399,1.894061542294677,0.0,-0.509404512561264,1.889697524978713,0.0,-0.4176268856672917,1.5498238784334697,0.0,-0.44126935428266095,1.5954974879116577,0.0,-0.47752942224625594,1.652567391510011,0.0,-0.5137894832712738,1.7096372832226003,0.0,-0.4889825162841305,1.6695546749565746,0.0,-0.4737371332485109,1.6722031006493683,0.0
-0.4228403486666831,1.565078131970005,0.0,-0.424108346337225,1.5502248133599574,0.0,-0.4284834578431519,1.548269033029877,0.0,-0.4326101802092216,1.5463377988433167,0.0,-0.4102568528549815,1.554387639945048,0.0,-0.40477565465094956,1.5559308599702195,0.0,-0.39973523125370747,1.5574657569875876,0.0,-0.4387422370420498,1.5446518590348324,0.0,-0.3955160878425474,1.5620527500960433,0.0,-0.4304810811171537,1.568295938551404,0.0,-0.41769553757474587,1.5746115286487765,0.0,-0.4788654325003692,1.5781977615435747,0.0,-0.4028384187398123,1.6197707621417061,0.0,-0.5357553081932223,1.6241211203126984,0.0,-0.41504401939641167,1.6921854981762812,0.0,-0.49114825795170725,1.6666336033462972,0.0,-0.4729579608092891,1.6820388477879746,0.0,-0.47743560870939483,1.6853015947728092,0.0,-0.49396324764655736,1.682795899884881,0.0,-0.463472640940708,1.6728637005635068,0.0,-0.49068026894934774,1.6604846229977994,0.0,-0.4662370631302165,1.6671009275184263,0.0,-0.4840336213938343,1.6605747503333108,0.0,-0.5354803497511398,1.7015568687449507,0.0,-0.4930565389213598,1.7235422500384339,0.0,-0.621696981617628,1.7368777541386797,0.0,-0.4257472164868322,1.78353079950436,0.0,-0.6449124445303075,1.8353199720766655,0.0,-0.49368943404094345,1.8570573541475637,0.0,-0.6275168804560265,1.8340110131650604,0.0,-0.5086458757275757,1.86588199321315,0.0,-0.6604200516901897,1.8736431368020319,0.0,-0.5028394675794824,1.8954288452643488,0.0,-0.417129128253029,1.553352320886091,0.0,-0.4408519185143766,1.5989842630670992,0.0,-0.4775601764117542,1.6557669208737702,0.0,-0.5142684263273211,1.712549567463736,0.0,-0.4893060829184141,1.6732597192672962,0.0,-0.47370002706652814,1.6771299947302474,0.0
-0.42266147536401444,1.5669058974286263,0.0,-0.4240124991206852,1.5519712858744978,0.0,-0.4283716388710422,1.550001205338414,0.0,-0.4324649484009035,1.548086153625308,0.0,-0.41026505791026535,1.5560625919761943,0.0,-0.4047715308309736,1.557616705139042,0.0,-0.3996462841373415,1.5592018068404458,0.0,-0.43805862234045845,1.5468795403384263,0.0,-0.3948098918367826,1.5640119959440448,0.0,-0.43028853945921725,1.5701145171403665,0.0,-0.41771000909982,1.5763761575946968,0.0,-0.47821608605101207,1.5802116961780723,0.0,-0.40223662835271123,1.6218715474494363,0.0,-0.5346320389436847,1.6267160303437997,0.0,-0.41517277697705735,1.6941593523760932,0.0,-0.4902988792730179,1.6695140571504907,0.0,-0.47310579281742005,1.6841221814740408,0.0,-0.47729669525065316,1.688265176461295,0.0,-0.493851865452216,1.6847076057604815,0.0,-0.4631653467058439,1.676998252343169,0.0,-0.4918376007143172,1.6637654367456873,0.0,-0.46584401195091113,1.671365895821283,0.0,-0.4849685509218355,1.6642464916985502,0.0,-0.5351003267548288,1.7031993861071606,0.0,-0.49287639635274905,1.7255662459077907,0.0,-0.6276487350061323,1.7139541378731729,0.0,-0.424348441706898,1.7841588255205478,0.0,-0.65435601897692,1.8115069388258038,0.0,-0.48834256364794837,1.8611461720189442,0.0,-0.6376884139436441,1.8063581559259916,0.0,-0.5020901344201472,1.871756247439359,0.0,-0.6719015936324992,1.8489409293210513,0.0,-0.49745506757098434,1.8995265930241203,0.0,-0.41643429458825426,1.5554457532857728,0.0,-0.4402263486034677,1.6010416203214144,0.0,-0.4771073514954759,1.6577122304392662,0.0,-0.5139883463423189,1.7143828293837968,0.0,-0.48969755979829005,1.6758127011936643,0.0,-0.4732550065230321,1.6806550353297116,0.0
-0.42188724845209913,1.5677058579843557,0.0,-0.42320904614419314,1.5527081474373943,0.0,-0.42762108405443544,1.55066913857836,0.0,-0.43172182900989625,1.548729757630486,0.0,-0.40965336804951963,1.5567470333658788,0.0,-0.40432567809125103,1.5582827928696976,0.0,-0.39924699473881015,1.5599163910646356,0.0,-0.43709329387807166,1.547735063370616,0.0,-0.3940665804756959,1.564844166462458,0.0,-0.4299703486559555,1.57074275378104,0.0,-0.41749149503637323,1.5770033225811424,0.0,-0.4773649767227341,1.5808779297847744,0.0,-0.4015359525714528,1.622810975182701,0.0,-0.533441341943137,1.6277911912430647,0.0,-0.4147263113264402,1.6950528267526896,0.0,-0.4893898964554147,1.6708791280162882,0.0,-0.4726499797679292,1.6849618526492063,0.0,-0.4763313732526349,1.6898388378013998,0.0,-0.49378471520922373,1.6850450542341104,0.0,-0.4626316967779917,1.6790626671766649,0.0,-0.49226563251877264,1.6653942708663365,0.0,-0.4652937606844875,1.6737722469237164,0.0,-0.4852092847436576,1.6662768196925577,0.0,-0.5342188953954792,1.7040335214197615,0.0,-0.4920244088875886,1.7264558768775613,0.0,-0.6271491344678909,1.6973370132742502,0.0,-0.42384046073101067,1.7854484201979013,0.0,-0.6579372472379529,1.793679735380582,0.0,-0.4846505301723606,1.8649747341977867,0.0,-0.6412490206673871,1.788598188684531,0.0,-0.49821512851991384,1.8758177538064134,0.0,-0.6786538124107104,1.8294564703047709,0.0,-0.4948119766526554,1.9030908652935579,0.0,-0.41557995258452973,1.556289610657501,0.0,-0.4394504584384583,1.601844455353453,0.0,-0.4762860745140607,1.6585445771679668,0.0,-0.5131216388777076,1.715244716176935,0.0,-0.4893909956844698,1.6769573176746067,0.0,-0.4725652869634779,1.682348544241686,0.0
-0.42111263898115076,1.5685115565685224,0.0,-0.42230581758221736,1.5534353710033155,0.0,-0.42682369487574184,1.5512920205190055,0.0,-0.43099239416383617,1.5492879893697833,0.0,-0.40885622727166654,1.5575398312758975,0.0,-0.40370288654935915,1.559033986957315,0.0,-0.3987087282550242,1.5606891415264723,0.0,-0.4365387690897419,1.54828845977704,0.0,-0.3935024860091602,1.5656695039345463,0.0,-0.4297930170026105,1.5712130966044024,0.0,-0.4172543917963601,1.5774786343434506,0.0,-0.47704494036486256,1.5812863215461925,0.0,-0.40134860439376274,1.6234584203869018,0.0,-0.5329707393850465,1.6283789732122422,0.0,-0.41410220037870393,1.695778655949284,0.0,-0.4888647911071001,1.6714111178419744,0.0,-0.47196721124743785,1.6853565812403775,0.0,-0.4755000467664691,1.6908523381613436,0.0,-0.4936151324932745,1.6849588105078217,0.0,-0.46228876061765944,1.6800351566059946,0.0,-0.49223586863539137,1.6657360789665163,0.0,-0.46499182769745573,1.6749499318890928,0.0,-0.4849936156029036,1.6668633181147448,0.0,-0.5337163939349178,1.7047217034863666,0.0,-0.4915227031349465,1.7271455562467002,0.0,-0.6257952038687616,1.6904961870962478,0.0,-0.4243513262243788,1.7872885282181579,0.0,-0.6592183686885776,1.785956755103291,0.0,-0.48254570291273186,1.8687484182605847,0.0,-0.6423571780941545,1.7904310455088437,0.0,-0.4965499447292567,1.8790173331841686,0.0,-0.6831431408093591,1.8196725690985287,0.0,-0.49517348138610745,1.9061199803781796,0.0,-0.4150206389547039,1.5569789844414232,0.0,-0.43919676615545644,1.602372373812209,0.0,-0.47590817277936576,1.6591529959393385,0.0,-0.5126195286769005,1.715933634486199,0.0,-0.48871191356874544,1.6773597607316844,0.0,-0.4722044398031365,1.6831178546860355,0.0
-0.42083808421874,1.5694667539217404,0.0,-0.4219185403828547,1.5542601397708307,0.0,-0.4265228474575679,1.552000234741374,0.0,-0.43075946403028986,1.5499104879380368,0.0,-0.4084631272007132,1.5586171719865596,0.0,-0.4033764459156295,1.5600868654715503,0.0,-0.3984095697236482,1.5617383520151864,0.0,-0.43664549791952517,1.5488580222009463,0.0,-0.3933484713154356,1.5667521717645911,0.0,-0.4300335260491538,1.5718686405086142,0.0,-0.4172904548389289,1.5781913353196864,0.0,-0.4774571380619013,1.5817966387988411,0.0,-0.40183008741657633,1.6240928609796643,0.0,-0.5332388884710783,1.6290598291087872,0.0,-0.41402034520144243,1.696510181404298,0.0,-0.48876766719273784,1.6717143789592304,0.0,-0.4717351984811124,1.6852863302389052,0.0,-0.47540839134591617,1.6916597925957852,0.0,-0.49389806301062017,1.6844990307982375,0.0,-0.46231722933854413,1.6807757754603587,0.0,-0.49285548819430874,1.6650434050558147,0.0,-0.4650410499861574,1.6756020257216608,0.0,-0.48545792734709853,1.6662026914527706,0.0,-0.5339962517039268,1.7053859869475962,0.0,-0.4918151459616579,1.7278335042780333,0.0,-0.62573423183937,1.6891066885576926,0.0,-0.42494228557592206,1.7883082221149191,0.0,-0.6602297008556556,1.7841850278792564,0.0,-0.48120836370760267,1.871111770441967,0.0,-0.6559505047508377,1.8010967842514134,0.0,-0.49533854527264304,1.88120668854478,0.0,-0.6861693433208482,1.8163764208775526,0.0,-0.49720975411379703,1.9071679758628162,0.0,-0.41499699798083167,1.5578050904147491,0.0,-0.43964360887967896,1.6029447569641995,0.0,-0.4762746258152286,1.6597772742735475,0.0,-0.5129056796221854,1.7166097514553185,0.0,-0.48842563562278934,1.6771768603365513,0.0,-0.47231079358864775,1.6837054716653428,0.0
-0.4211040573248402,1.5701820128315147,0.0,-0.4221276892738541,1.5548181413358317,0.0,-0.42673901883678933,1.5524622027908475,0.0,-0.4309839849449231,1.550302048044325,0.0,-0.4087323244605418,1.559530515527479,0.0,-0.4036357612019953,1.5610132156237182,0.0,-0.3986224255987978,1.5626358689920432,0.0,-0.43707684723157114,1.549269098928049,0.0,-0.3936872965856051,1.5676538144382242,0.0,-0.43061171119448044,1.5725359274500879,0.0,-0.41772986095937426,1.5789824519387354,0.0,-0.4781350283867692,1.582219496402244,0.0,-0.40256984859936024,1.6246261563010937,0.0,-0.5336831962035449,1.6297569962227565,0.0,-0.41454745336632354,1.6970789524265157,0.0,-0.4888494044519721,1.6720302887619907,0.0,-0.4720194216309194,1.6846712133951691,0.0,-0.4758590777593673,1.692230755954836,0.0,-0.49479332866501713,1.6834801990855182,0.0,-0.4625748976243207,1.6816272853566068,0.0,-0.4946391812929537,1.6637590370091728,0.0,-0.46524362190819346,1.6761945359060197,0.0,-0.48716352327161405,1.664852557170858,0.0,-0.5346487874898874,1.7057902655970063,0.0,-0.4925552164482016,1.7284015015848808,0.0,-0.626299608204932,1.6890272223870981,0.0,-0.4225722485293628,1.7852482706653823,0.0,-0.6612845506103378,1.783926546914148,0.0,-0.47756637794772033,1.8689019908061335,0.0,-0.6599226527954268,1.8013180464825127,0.0,-0.4910950881316744,1.879789754732766,0.0,-0.688192781714183,1.8153128167348012,0.0,-0.4956570887432231,1.903956528703464,0.0,-0.4153820368037138,1.5584614682475466,0.0,-0.44035243368002436,1.603422831714798,0.0,-0.47697723522142393,1.6602593546336306,0.0,-0.5136019853623965,1.717095894313101,0.0,-0.4887029855395684,1.6765476126305157,0.0,-0.47262916373092867,1.6843395854136676,0.0
-0.4217212091579455,1.5707342724753792,0.0,-0.4226609870137276,1.5551978294402806,0.0,-0.4272249513807725,1.5527971909664022,0.0,-0.4314324874987465,1.5506137985730617,0.0,-0.40945576884953894,1.5602432719921107,0.0,-0.40436295407474865,1.5617676597483305,0.0,-0.39929810751484335,1.5633402078927752,0.0,-0.4375317067425294,1.5496945266701359,0.0,-0.39442413719988756,1.568353732276922,0.0,-0.43135428664425846,1.5732943667821444,0.0,-0.41853587220839356,1.5798893173517015,0.0,-0.47871395817495505,1.5826777520009883,0.0,-0.4032463753352742,1.6252578546360918,0.0,-0.5339563584612393,1.6305702362505639,0.0,-0.4151279506167772,1.6977264606056808,0.0,-0.4888431461585141,1.6725452076104148,0.0,-0.4723749344816154,1.6843189268109937,0.0,-0.4762856134624424,1.692811328925064,0.0,-0.4956108595950525,1.682818715871325,0.0,-0.46282160850915643,1.6827940984255276,0.0,-0.4967780826031249,1.6630954534014717,0.0,-0.46537978923423107,1.6771384828795568,0.0,-0.48927236938788937,1.6641790074631704,0.0,-0.5352548853826535,1.7060356258914573,0.0,-0.49341396209369,1.7291110208884637,0.0,-0.6267920427899326,1.6886626189786196,0.0,-0.41501915791771876,1.7736466878513846,0.0,-0.6616682551168492,1.7836019564764543,0.0,-0.4692765313732887,1.8577801329821586,0.0,-0.6602133039250788,1.800985918623337,0.0,-0.4823221497849512,1.869242298694658,0.0,-0.6892008445734039,1.8144419848845086,0.0,-0.48718314418071346,1.8929290684147841,0.0,-0.4159779458271979,1.5590241225829713,0.0,-0.4409801580970775,1.6039678018561085,0.0,-0.4776572851020453,1.6607705727402067,0.0,-0.514334405662493,1.7175733314145798,0.0,-0.48912339072991945,1.6763299714740238,0.0,-0.47287293449111956,1.685177203984947,0.0
-0.4224709261076985,1.571347311207833,0.0,-0.4231961547676527,1.555533388918745,0.0,-0.4277308781397525,1.553149434716827,0.0,-0.4319069461387073,1.5509954257732108,0.0,-0.41012992483104904,1.5608545254470587,0.0,-0.4050978824855841,1.5624376600565266,0.0,-0.40007251480664274,1.5639676474085542,0.0,-0.4379487129862344,1.5502955680954356,0.0,-0.39526052439384457,1.5691010551726694,0.0,-0.4321469341342559,1.5741561916596671,0.0,-0.41944967174155634,1.580888501969562,0.0,-0.4791681191099765,1.583327878298012,0.0,-0.40380366164804293,1.6260902420253434,0.0,-0.533977876823045,1.6317148940813875,0.0,-0.41531796635210205,1.6986181088733876,0.0,-0.48846470896793615,1.6732558581617234,0.0,-0.472482210673991,1.6848620812787614,0.0,-0.4762221411721415,1.6935794199814314,0.0,-0.49570087313711253,1.6833364479610626,0.0,-0.4627732180064465,1.684125002866703,0.0,-0.49801990445655764,1.6638469225406938,0.0,-0.46521794978325626,1.6783855729438393,0.0,-0.49043587902864827,1.665010907881642,0.0,-0.5357600566262146,1.706357420628705,0.0,-0.49426484635877416,1.7300488587615341,0.0,-0.6271860869751203,1.6884087847462919,0.0,-0.40892130099235946,1.759128924406436,0.0,-0.6611979935178744,1.7836611768639015,0.0,-0.46291601280548333,1.8434311797741774,0.0,-0.6597505526610365,1.801045765954836,0.0,-0.4760003830427669,1.8548490893051377,0.0,-0.6893118083740494,1.8139723010368103,0.0,-0.47936762688947154,1.8792841969179748,0.0,-0.4166046202281325,1.5596983138468434,0.0,-0.44148588458500054,1.6047090637739263,0.0,-0.47824916411307017,1.6614561139509259,0.0,-0.515012436163365,1.718203152585384,0.0,-0.4893255448144327,1.6770751506182968,0.0,-0.47273701898852477,1.686188559388424,0.0
-0.42316190248955976,1.5718564816532108,0.0,-0.42354644981798445,1.5556312859396226,0.0,-0.42809516672299386,1.5533046613458277,0.0,-0.43226412375571943,1.5512076961181254,0.0,-0.41042199294757764,1.561180558500388,0.0,-0.4054846433056269,1.5628283578747215,0.0,-0.40060549974313725,1.564355608965173,0.0,-0.43827190057088716,1.5508325788724404,0.0,-0.3958754887171542,1.5698112238800674,0.0,-0.43285861716439256,1.5747840812432454,0.0,-0.4201408945286333,1.5816389962421147,0.0,-0.479499984260154,1.583948741472418,0.0,-0.40420337158928776,1.6268304545955394,0.0,-0.5336599070388087,1.6330620350047813,0.0,-0.41525998604858166,1.6994295038940261,0.0,-0.48756551909709633,1.6739571147236176,0.0,-0.4724524005031516,1.6857910709586255,0.0,-0.47554351039499054,1.694303455351787,0.0,-0.49528678083064576,1.6844147220722074,0.0,-0.4621881969708292,1.6851556660089855,0.0,-0.49806765970894057,1.665291308412902,0.0,-0.46454149465114297,1.6794662764993211,0.0,-0.4903035346768722,1.6665605802330516,0.0,-0.5361006727914327,1.7068180464641745,0.0,-0.49480373142141953,1.7308534235034954,0.0,-0.6277021406679587,1.6897873788828885,0.0,-0.4074243998421722,1.7530800599198548,0.0,-0.6611728643988647,1.7852312820078617,0.0,-0.461382624087238,1.8374056740604547,0.0,-0.6597521834923314,1.8026180783964003,0.0,-0.4746450241806996,1.8486163005516218,0.0,-0.6897398359977538,1.8151157088563232,0.0,-0.47708538180627696,1.873592934861724,0.0,-0.4170736890532457,1.5603219100815027,0.0,-0.44185167047891777,1.605389598744932,0.0,-0.4786519295375373,1.6621126748133925,0.0,-0.5154521816448879,1.718835738997727,0.0,-0.4893645899019211,1.6781548386535154,0.0,-0.47200072633581214,1.6870854131436666,0.0
-0.42372928926447934,1.5721758323236532,0.0,-0.4237912742972287,1.5555814643703476,0.0,-0.4283597256437307,1.5533118576870693,0.0,-0.4325264154081534,1.5512625016617374,0.0,-0.41051173489054726,1.5612888545272416,0.0,-0.4056515114914399,1.5629882853578556,0.0,-0.40092529326722653,1.564548236643413,0.0,-0.4384568569365369,1.5512298802819828,0.0,-0.39624263281392597,1.5703697007753556,0.0,-0.4334250753511113,1.5751232076444173,0.0,-0.42056318052532793,1.5820824283034438,0.0,-0.4797025483446314,1.584437653004569,0.0,-0.4044313820859029,1.6273640170496506,0.0,-0.5330540498679717,1.6344279532856327,0.0,-0.4153449212993116,1.6999847120627318,0.0,-0.4864570238892303,1.6747493782960112,0.0,-0.47256080940466466,1.6864450934420898,0.0,-0.47455497999692436,1.6949464977069657,0.0,-0.4950316098930716,1.6850742307352116,0.0,-0.4611977954414335,1.6859108151189588,0.0,-0.49768564058746323,1.666283282644404,0.0,-0.4634769971420319,1.6803860076392105,0.0,-0.4897061506320951,1.6676633809636288,0.0,-0.5360688844999956,1.7076113069549457,0.0,-0.4946689772340038,1.7314688926313617,0.0,-0.6281289616869908,1.6932650620203655,0.0,-0.4070196310490909,1.7526056631268365,0.0,-0.6620898085146399,1.7885356706756528,0.0,-0.4607940887867265,1.8370485838419173,0.0,-0.6603035890010781,1.8058887235120864,0.0,-0.473959824630694,1.8483725761701721,0.0,-0.6907592409936096,1.8183218163767432,0.0,-0.4775308483007677,1.8727693806590526,0.0,-0.41734972843402124,1.5607998098289735,0.0,-0.4420669623965096,1.605900843855239,0.0,-0.4787179455175267,1.662720487128607,0.0,-0.5153689196681803,1.7195401198221822,0.0,-0.4894673722383334,1.6787964120375167,0.0,-0.4708952146042725,1.6878812130835108,0.0
-0.42418818036025263,1.5725628490244126,0.0,-0.4240924289715623,1.5558286367128686,0.0,-0.4286548284553339,1.5535845843417133,0.0,-0.432808042955674,1.5515530395053863,0.0,-0.4107472872785909,1.5615991516818255,0.0,-0.40591975272603764,1.563323682539128,0.0,-0.40125813725951665,1.5649151481929682,0.0,-0.4385295924685241,1.5517693848277265,0.0,-0.39655556392689323,1.5709109252661364,0.0,-0.4338828895627342,1.5755352255875845,0.0,-0.42090889716823676,1.5825584740238212,0.0,-0.4798509775442411,1.5850409226986042,0.0,-0.40454627302920143,1.6279084241184756,0.0,-0.5324805584585894,1.6357907015135504,0.0,-0.41546611080279594,1.7005281722958407,0.0,-0.48573901804246766,1.6759445125961754,0.0,-0.47268596365216803,1.6870053188997218,0.0,-0.4738065366137578,1.6958357011239713,0.0,-0.49496588260130214,1.6853891794682108,0.0,-0.4603312472447363,1.6869222951962215,0.0,-0.49742048408978745,1.6667088226574176,0.0,-0.46257560172539997,1.681644173439652,0.0,-0.48934429483167385,1.66823755471493,0.0,-0.535636629211954,1.708918141597091,0.0,-0.4939272481303508,1.7322304612099135,0.0,-0.6280498641754935,1.6970578482207817,0.0,-0.40575532904900635,1.751068816741486,0.0,-0.6624197012907077,1.792181674297499,0.0,-0.4591501135246121,1.8357523225420478,0.0,-0.6603121708594063,1.8094986410750793,0.0,-0.47199957389932023,1.8474339650054308,0.0,-0.69071163918612,1.822326608938578,0.0,-0.4774767353890345,1.8706841042790332,0.0,-0.4175425634104796,1.5613401728932101,0.0,-0.4421986212277604,1.606474680067939,0.0,-0.47849025325728156,1.6635245167906125,0.0,-0.5147819227822046,1.720574313360964,0.0,-0.48950508070161775,1.6791662184567906,0.0,-0.47004529963862446,1.6889184170111329,0.0
-0.4244890801949649,1.573023069489844,0.0,-0.424365060852493,1.556363410339898,0.0,-0.42891156283244614,1.5541130939360948,0.0,-0.4330456009962568,1.5520774257792274,0.0,-0.4110890829244047,1.5621171993087586,0.0,-0.40626903986903046,1.5638455385173295,0.0,-0.40160534579423746,1.565440290192596,0.0,-0.4384442037922776,1.552443209135186,0.0,-0.3968460934879231,1.571397214294218,0.0,-0.4341891168076208,1.576048579695789,0.0,-0.42121057823817654,1.5830791390321812,0.0,-0.4799465434130366,1.5857490413813728,0.0,-0.4045341422351535,1.6284267984530154,0.0,-0.5322403204225765,1.6368447723484747,0.0,-0.4150914432601157,1.701100136599917,0.0,-0.4857830213648348,1.6773271081159502,0.0,-0.47236725494143333,1.6878162922646742,0.0,-0.47374379182965176,1.6968953584588224,0.0,-0.49448940964767174,1.6859090026039019,0.0,-0.4600697222228066,1.6882326820769433,0.0,-0.496995751420788,1.667092482711513,0.0,-0.4623883144959578,1.6831755374391004,0.0,-0.48906359749561024,1.6687519761306069,0.0,-0.5351092482501549,1.7102628556714585,0.0,-0.49309609130242793,1.7330231579371667,0.0,-0.6275950492588532,1.6989823784130285,0.0,-0.4042840755219812,1.7485665425954309,0.0,-0.6610733599558407,1.7944236205658624,0.0,-0.45741629099052017,1.8334150360604,0.0,-0.6592903546288101,1.8117770039506225,0.0,-0.47007301870040435,1.8453052272380623,0.0,-0.6887970032512868,1.8250920153203918,0.0,-0.4761916706872375,1.8681076802595096,0.0,-0.417645120786227,1.561920236346879,0.0,-0.44224033845446653,1.6070879260470026,0.0,-0.4781715223468408,1.664365464834404,0.0,-0.5141026544485905,1.7216430198757227,0.0,-0.48906945852047673,1.6797310841856177,0.0,-0.46993868384797094,1.6901166335864002,0.0
-0.42464329565196923,1.5731923065541387,0.0,-0.42445389086267105,1.5566874439189975,0.0,-0.4289956637120153,1.55442117172284,0.0,-0.4331108774642552,1.5523810111361573,0.0,-0.41129114489130403,1.5623916057069351,0.0,-0.4064776205161746,1.5641161772603125,0.0,-0.4018185100226186,1.5656910200190648,0.0,-0.43816629706401317,1.5528727772014543,0.0,-0.39700159928256257,1.5715775471535465,0.0,-0.4342907798270963,1.5762923309294936,0.0,-0.4213658817011798,1.5833042798709873,0.0,-0.47991325604970797,1.5861745793023863,0.0,-0.40438364404675475,1.628644555883065,0.0,-0.5323488233827584,1.637124791426057,0.0,-0.41420048688508493,1.7014216146243542,0.0,-0.4864881015614465,1.6782817390650562,0.0,-0.4715912432906337,1.6886435003943248,0.0,-0.47439307013919163,1.6975685395931706,0.0,-0.4934795530744596,1.686596047848758,0.0,-0.4604338800197916,1.6892518787549875,0.0,-0.49622394250347296,1.6675655290638816,0.0,-0.46294234293916703,1.6842958277249243,0.0,-0.4885906933624244,1.669244840713352,0.0,-0.5348655467222648,1.7108463218904781,0.0,-0.4927181501441557,1.7333570677161587,0.0,-0.627263948643786,1.6988710190656,0.0,-0.4043097687323788,1.7510525205154193,0.0,-0.6591784118223222,1.7948465108894285,0.0,-0.45767776354894885,1.8357529118552987,0.0,-0.6581074303874633,1.812258346566946,0.0,-0.47041247096934036,1.847559546832316,0.0,-0.6866842768717034,1.8257103768539835,0.0,-0.47575016572009265,1.8708168922917288,0.0,-0.41758395310429686,1.5622251571075598,0.0,-0.4421484414997926,1.6074095663087689,0.0,-0.4779701626897166,1.664755627345611,0.0,-0.5137918314855112,1.7221017048950744,0.0,-0.48820770586110573,1.6803835145758408,0.0,-0.47053457875890375,1.6909348060172353,0.0
-0.4248900726473178,1.573005953321121,0.0,-0.4245401195193414,1.5566409834860273,0.0,-0.4290597846223568,1.5543749031015994,0.0,-0.43313903981900614,1.5523490093020356,0.0,-0.41143962195706846,1.562331268128256,0.0,-0.40661610142106536,1.5640553188209805,0.0,-0.4019770812123347,1.5656097472907504,0.0,-0.43790439528162295,1.5529877730155717,0.0,-0.39708675499604695,1.5715360782840873,0.0,-0.4343928978859953,1.5762460848572353,0.0,-0.42148499364546144,1.5832945485878656,0.0,-0.47984309776692186,1.586246158483191,0.0,-0.40427500372510683,1.6286476250022583,0.0,-0.5326231464089551,1.6368394317745143,0.0,-0.41353778948541786,1.7014972748456456,0.0,-0.48739004828380383,1.678685183995397,0.0,-0.4710315255628984,1.6891907954169163,0.0,-0.47530447203799175,1.6977060759809288,0.0,-0.4926934513101916,1.6871184375314816,0.0,-0.46100405558919183,1.6897102687437915,0.0,-0.4956997600228694,1.6679415948621839,0.0,-0.46368630009013045,1.6847947161470491,0.0,-0.4881826265960346,1.6696081244407475,0.0,-0.5350410095250514,1.7106010733144967,0.0,-0.49298730725157625,1.7332863734234816,0.0,-0.6273835804105679,1.6982025993095287,0.0,-0.4063721905566409,1.7583261919840028,0.0,-0.6584326335042515,1.7944615432720796,0.0,-0.46068973509097527,1.8424208025106636,0.0,-0.657402659060938,1.8118758527772196,0.0,-0.4735913309850564,1.8540448390707118,0.0,-0.6861906178985137,1.8250988593549333,0.0,-0.47838755239944336,1.8776753299759126,0.0,-0.4174955418891389,1.562261950386678,0.0,-0.44205904490549186,1.6074468952749963,0.0,-0.47803659711605867,1.6646953202523336,0.0,-0.5140141416376351,1.7219437338183239,0.0,-0.4876062760267932,1.680847424327418,0.0,-0.4713422092353289,1.6912184140252744,0.0
-0.4253847008267011,1.5727335816982861,0.0,-0.42489419846904286,1.5564588372841008,0.0,-0.42932856457418755,1.554223077840081,0.0,-0.4333321508970702,1.5522373513665717,0.0,-0.41178309254705425,1.5622256886206913,0.0,-0.40690943514299427,1.563960203965116,0.0,-0.4022666866526154,1.5655099507355095,0.0,-0.4378775474976575,1.5530285160581183,0.0,-0.3972443993402025,1.5715674137576756,0.0,-0.4347394897782424,1.5762069030479955,0.0,-0.42174778309994077,1.5833912008572137,0.0,-0.47991271592372703,1.586290129202399,0.0,-0.40433582939764856,1.6286759219059028,0.0,-0.5328728140855961,1.6366948992115071,0.0,-0.4136192629214398,1.701522943426037,0.0,-0.48799308216130793,1.6789194158734548,0.0,-0.4711584953951726,1.6894309687977784,0.0,-0.4759774978371206,1.697735434398515,0.0,-0.492756477772292,1.687330645183542,0.0,-0.46134790070161413,1.6899232432273317,0.0,-0.4959989645632413,1.6680435145250347,0.0,-0.46411859845013104,1.6850742471875761,0.0,-0.48817851451178956,1.6698284942619155,0.0,-0.5354216814214883,1.710176014812356,0.0,-0.49358072166290257,1.7332513436815438,0.0,-0.6278031103597369,1.6980704729935936,0.0,-0.4086561057032106,1.7635330305189694,0.0,-0.6588591356507246,1.794327167742195,0.0,-0.4642642742679716,1.8467798367804908,0.0,-0.6569131096815505,1.8116630267004925,0.0,-0.47717356183036014,1.8583953306225565,0.0,-0.6869324863496902,1.82467577256887,0.0,-0.4826524487976738,1.8816792562849343,0.0,-0.417560963328497,1.5622979784216102,0.0,-0.44212426797576954,1.6074830311470418,0.0,-0.4783127534229462,1.6645983526158856,0.0,-0.5145011857697996,1.7217136914479534,0.0,-0.4877172245263822,1.6810558458949973,0.0,-0.47186989127945783,1.6913555611321356,0.0
-0.4257910569734777,1.5723552771227651,0.0,-0.42528519559435723,1.5561089297343167,0.0,-0.42958981721539063,1.5539231057227896,0.0,-0.4334959200771959,1.5519893438702304,0.0,-0.41214259377024204,1.562006022010902,0.0,-0.4072070033449567,1.5637597834894292,0.0,-0.40253491854797274,1.5653194253307674,0.0,-0.43788914921856614,1.5528994886973668,0.0,-0.39731968788543826,1.5715042582782262,0.0,-0.4351049539793996,1.5760622388407308,0.0,-0.42195364489595977,1.5833980027040284,0.0,-0.48000538117502933,1.5863232183640852,0.0,-0.40429482545290324,1.6284697834949118,0.0,-0.5329247100731702,1.6367707898215527,0.0,-0.41398695373861627,1.7012635561106983,0.0,-0.4880417996807172,1.6789919278880958,0.0,-0.4715033900471597,1.6890636102730323,0.0,-0.4762368714337228,1.6976848954971189,0.0,-0.4932455153336074,1.6869086653409704,0.0,-0.46131007070730323,1.6899421807784625,0.0,-0.4966684793533699,1.667458199859105,0.0,-0.4642460206436407,1.6851028782338884,0.0,-0.48842050780398427,1.6694372450884016,0.0,-0.5355707305000048,1.7099516405144035,0.0,-0.49377860271496293,1.733115292453144,0.0,-0.6280256887769243,1.6984211051664,0.0,-0.40895618086331076,1.7636820669778048,0.0,-0.6592409576435565,1.7946262764431238,0.0,-0.46507831658534765,1.8465832433619034,0.0,-0.656308057082387,1.8118227038974812,0.0,-0.4777685731172367,1.8584376430395906,0.0,-0.6873145858321779,1.824974624581364,0.0,-0.4841174304744436,1.8811318552963927,0.0,-0.41760441406253584,1.5622018756219036,0.0,-0.44215009688122003,1.607396503399542,0.0,-0.478412356854495,1.6644650142183859,0.0,-0.5146746543037419,1.7215334849296904,0.0,-0.4880570704720285,1.680678512869378,0.0,-0.47190223593061087,1.6914068171370515,0.0
-0.4256299228535354,1.5715954216892698,0.0,-0.42517959979631287,1.5553446291295074,0.0,-0.42938985130356067,1.5532030173282025,0.0,-0.4332313781183701,1.5513073389415906,0.0,-0.4120491398970274,1.5613075292023582,0.0,-0.40709798906398775,1.5630723481450763,0.0,-0.40241020228726976,1.5646435482790368,0.0,-0.4375449459522372,1.5522659379449404,0.0,-0.396998950621819,1.5708992205889845,0.0,-0.43498664305503854,1.575413497039462,0.0,-0.4216991035695852,1.5827793832641992,0.0,-0.47978647955424353,1.5859855034464605,0.0,-0.40378430835868073,1.627603902906802,0.0,-0.5326529282201861,1.6364884879368564,0.0,-0.4138786094521174,1.7003429967132317,0.0,-0.4875685919644647,1.67849447285939,0.0,-0.4712820792971977,1.6876221172695107,0.0,-0.47606793512674545,1.6968559529595928,0.0,-0.4932461841553725,1.6853625279976652,0.0,-0.46092825474235305,1.689294074367677,0.0,-0.4967314935190496,1.665739966141179,0.0,-0.4641903707434648,1.684338140987203,0.0,-0.4885224791071436,1.6677689378126668,0.0,-0.5351643827926351,1.709770121117127,0.0,-0.49305314006917844,1.7323484282331818,0.0,-0.6276535878199222,1.6985175876770997,0.0,-0.40758010019821067,1.761045647764646,0.0,-0.6587914620520332,1.7947478364510956,0.0,-0.4625223229234343,1.8447334684190404,0.0,-0.655516739740569,1.8118824568635088,0.0,-0.4748754527890196,1.8569387781278306,0.0,-0.6865815449653876,1.825356040025655,0.0,-0.48113163481549637,1.8795154746174452,0.0,-0.41727194878802193,1.5615825822463756,0.0,-0.4417853882018337,1.6067947068713047,0.0,-0.4779470482506241,1.6639270161889368,0.0,-0.5141087451092262,1.7210592859314497,0.0,-0.48781816703712455,1.6792023787738748,0.0,-0.47139266395132706,1.6908619441458481,0.0
-0.42497094189708956,1.5705505187316353,0.0,-0.4245467404593385,1.5543159699579558,0.0,-0.42874406483034916,1.5522003936426672,0.0,-0.4325838710055688,1.5503189030353461,0.0,-0.41147426753994,1.560226430576202,0.0,-0.40656370118164603,1.5619810685564317,0.0,-0.4018923394768264,1.5635542211626978,0.0,-0.43687225392269213,1.5512495663848522,0.0,-0.39633565774121055,1.5698408651272289,0.0,-0.43436645530261625,1.5743621972549449,0.0,-0.4210315854169002,1.5816222201452033,0.0,-0.47922612297273426,1.5852498790133749,0.0,-0.40292186462319673,1.6263118000328192,0.0,-0.5321374562169852,1.6357058365536072,0.0,-0.4132625646840625,1.6990162744796973,0.0,-0.48691453452644146,1.6775625862924728,0.0,-0.47046386639122656,1.685415163970525,0.0,-0.47549477342915775,1.695007701580897,0.0,-0.4925351496345441,1.6828898676843842,0.0,-0.46040704094177287,1.6879658251710383,0.0,-0.49598976704665515,1.6632353185205162,0.0,-0.463864314696752,1.682959092614367,0.0,-0.4884095823881322,1.6651448030254992,0.0,-0.5343110173598651,1.7095250949438383,0.0,-0.49166714598417344,1.731080533933434,0.0,-0.6267146672317241,1.697590353817304,0.0,-0.40563147374656644,1.758044102989554,0.0,-0.6576508716736713,1.793885624965611,0.0,-0.4580613642216051,1.843328367356702,0.0,-0.6544967386611632,1.8110428528254399,0.0,-0.4700729521373368,1.8558699445424531,0.0,-0.6852198156290147,1.8246931591671651,0.0,-0.4757482135669839,1.8785883986175473,0.0,-0.4166039290651671,1.5605452311066135,0.0,-0.44107399050730045,1.605780847804222,0.0,-0.47703153222483036,1.6630418434215002,0.0,-0.5129890662591177,1.7203028276236405,0.0,-0.48693370345508313,1.6768665581679705,0.0,-0.47050167883378974,1.6896138584709515,0.0
-0.4243941357727377,1.5696867767167382,0.0,-0.42395155874408685,1.5535088347855368,0.0,-0.42818153901594186,1.5514066074966089,0.0,-0.43205542255366863,1.5495250713555513,0.0,-0.4109291742580933,1.5593380106138945,0.0,-0.4060644790554899,1.5610706050427188,0.0,-0.40141917381615577,1.5626338634796704,0.0,-0.43631455504651423,1.5504010677736177,0.0,-0.39575224541742876,1.568951414215745,0.0,-0.433796406353154,1.5734917918639848,0.0,-0.4204674122029367,1.5806257703811473,0.0,-0.4786764696017036,1.5845814613379494,0.0,-0.40219625803468173,1.6253147209514842,0.0,-0.5316170267600842,1.635006755038097,0.0,-0.4127161097055001,1.6979934895374305,0.0,-0.48651744919574047,1.6769963757609472,0.0,-0.4697068197850369,1.6835353399771684,0.0,-0.4747514025150731,1.693226944659107,0.0,-0.4917282265721957,1.6805572383686787,0.0,-0.4600163795910317,1.68694697557386,0.0,-0.49517906080578444,1.6610530612605445,0.0,-0.46328963038031623,1.682114828332635,0.0,-0.4882717824177285,1.6628785248412807,0.0,-0.5334592328483176,1.7093620904010427,0.0,-0.49041123629463906,1.7300986935137803,0.0,-0.6255982792889587,1.695532098484636,0.0,-0.4038296418236271,1.7552541790483176,0.0,-0.6563194153239471,1.7918961986024686,0.0,-0.453963006628456,1.841908347425933,0.0,-0.6531737888145637,1.8090549880923525,0.0,-0.4656642985476267,1.854739916698078,0.0,-0.6840490410454692,1.8225591842975553,0.0,-0.4714456354043331,1.8772700800668372,0.0,-0.4160333810490372,1.559676259015885,0.0,-0.44043636043018125,1.6049480992956682,0.0,-0.476185790998031,1.662339254010697,0.0,-0.5119352149566052,1.7197303966396325,0.0,-0.48606128669058934,1.6747680367251618,0.0,-0.46971212771022175,1.6884940347781534,0.0
-0.4242875188487577,1.5692212683260065,0.0,-0.42381425449241666,1.5531330454189518,0.0,-0.4280622844367304,1.5510408612838138,0.0,-0.43196199379495087,1.5491552237959456,0.0,-0.41079718145821204,1.5589469552007589,0.0,-0.4059393663613457,1.5606626113396895,0.0,-0.4013032767278482,1.5622084949104498,0.0,-0.4361480646339747,1.5500111346087793,0.0,-0.39550776758800943,1.5685771670493531,0.0,-0.4336676570106534,1.5731029286285845,0.0,-0.42031463846417494,1.5801582451788627,0.0,-0.4783877201302803,1.584319059463497,0.0,-0.4018455275834606,1.624935730427594,0.0,-0.5312291354892286,1.6348482357861824,0.0,-0.4125724352811074,1.6975842275461974,0.0,-0.4862460240118817,1.676962601823767,0.0,-0.46944321329814476,1.6826613011638292,0.0,-0.4741023496844861,1.6926074164960538,0.0,-0.4914001813683716,1.6792312185798406,0.0,-0.45955436831228613,1.6869433236140363,0.0,-0.4949514007512372,1.6599057480596877,0.0,-0.4625291539517679,1.6822913861255286,0.0,-0.4882210944629959,1.6618059557777953,0.0,-0.5329171388586883,1.709364585284896,0.0,-0.48973278770570133,1.7298157107169174,0.0,-0.6246737394875601,1.6931905691963605,0.0,-0.4026802573862884,1.7532896945843561,0.0,-0.6552184817472186,1.789610726378824,0.0,-0.4519265500604358,1.8404510496777826,0.0,-0.6517703082094416,1.8067112854968195,0.0,-0.4633995406408298,1.8534871491598246,0.0,-0.6835029650793637,1.8197626556210198,0.0,-0.4699785277008248,1.875525549639333,0.0,-0.4158279047681592,1.5592941532467748,0.0,-0.44011661896964893,1.6046274002894596,0.0,-0.4757207867261288,1.6621087856574057,0.0,-0.5113249469368442,1.7195901595215923,0.0,-0.4856909382805806,1.6736977289421877,0.0,-0.46925046052290315,1.6881771376946662,0.0
-0.42444688503152056,1.5690287406992978,0.0,-0.42396298558024237,1.5530375994592835,0.0,-0.428209838887255,1.550963403143743,0.0,-0.4321237139105214,1.5490758026293228,0.0,-0.4109200592930713,1.5588344427625713,0.0,-0.4060478616708037,1.5605329474664618,0.0,-0.40141108284940635,1.5620588546099254,0.0,-0.4362464682629718,1.5499363585396237,0.0,-0.3954675904297621,1.5684918452211751,0.0,-0.43378842511035115,1.5730110641020252,0.0,-0.42034433556219103,1.5799770323105207,0.0,-0.47827151485889796,1.5843714231726598,0.0,-0.401683965043219,1.624902502769816,0.0,-0.5309925888657111,1.63502614844636,0.0,-0.4126673270692339,1.6975126703839392,0.0,-0.48542922127305305,1.6765120457916916,0.0,-0.4695107264759676,1.682485792199723,0.0,-0.47364278700679235,1.6923756644419785,0.0,-0.491479947105973,1.678822025892218,0.0,-0.45849336963217796,1.686947270737445,0.0,-0.4952052972957123,1.6595348410968098,0.0,-0.4613881115974653,1.6823036230494914,0.0,-0.4882212118739222,1.661581575833179,0.0,-0.5326030401572023,1.7094761525817792,0.0,-0.4894233391457242,1.7299370943123094,0.0,-0.6240579242585037,1.691675120886509,0.0,-0.4025211216108272,1.7539615722699782,0.0,-0.654583182617999,1.7881014481674233,0.0,-0.45189774934383764,1.8410491592016751,0.0,-0.6507866223977228,1.8051280495132147,0.0,-0.4633235746597645,1.8541266176096927,0.0,-0.683501774090064,1.8176457522151512,0.0,-0.47047288252486025,1.8758494303441415,0.0,-0.41585704973716703,1.5592140876842977,0.0,-0.43997773224002334,1.604636962985088,0.0,-0.47549543229265184,1.6621718168427402,0.0,-0.5110131712111796,1.7197066305448805,0.0,-0.4857123060993583,1.6734390794384828,0.0,-0.46858473157550296,1.6879522450878888,0.0
-0.42437733487588497,1.5690691518486353,0.0,-0.4239254393791463,1.55309720585671,0.0,-0.42821039146356077,1.5510579852535344,0.0,-0.4321706969761732,1.5491787598972533,0.0,-0.4108607117328395,1.558710418380444,0.0,-0.40601653181168457,1.5603627395505906,0.0,-0.40140712709978643,1.5618664462047314,0.0,-0.43635365725613495,1.549999732892886,0.0,-0.3953845312012596,1.5683676042681067,0.0,-0.43373003089186124,1.5730077756253897,0.0,-0.42017435770649036,1.5798279174649805,0.0,-0.47815243387457174,1.5845206573999588,0.0,-0.4014738109985365,1.624879175632358,0.0,-0.5309521146609344,1.635093442036007,0.0,-0.41275006932247776,1.6974444337147028,0.0,-0.48445565585847195,1.675530794369734,0.0,-0.46959050602520475,1.6824063527360669,0.0,-0.47402397925593337,1.6910650781050078,0.0,-0.4915730171739693,1.6787494091749475,0.0,-0.45760105413588215,1.6857326897335139,0.0,-0.495369512227572,1.6593954924771015,0.0,-0.4604155224313566,1.681265127060233,0.0,-0.48817607225621595,1.6615209178237131,0.0,-0.5323037449501304,1.7096201277190863,0.0,-0.4891255252441956,1.7300841952269597,0.0,-0.6236765571454169,1.6914025058401636,0.0,-0.40363939455466813,1.7587423949846923,0.0,-0.6542580952218899,1.7878109988253625,0.0,-0.45318736174823904,1.8457326134627199,0.0,-0.6502662408729322,1.80479287509836,0.0,-0.4647523821968102,1.8586871379459897,0.0,-0.6835200644247629,1.8170152449680539,0.0,-0.4718991324029481,1.8804596070447661,0.0,-0.4158691074514722,1.5591836700554478,0.0,-0.4398131181175099,1.6046999229572345,0.0,-0.475263848363309,1.6622760651559738,0.0,-0.5107146163655136,1.7198521679563419,0.0,-0.48579230331898243,1.6733600298074514,0.0,-0.4676978374349415,1.6870975793505125,0.0
-0.4238386459453431,1.569356467660093,0.0,-0.4234452111872241,1.5532278518858236,0.0,-0.42784723388862805,1.5512391209674021,0.0,-0.43191723608329036,1.549387057531506,0.0,-0.4103766526530521,1.5584489430397774,0.0,-0.4056337193204454,1.5600118986606026,0.0,-0.40110317187618594,1.561492263704858,0.0,-0.43630982102691707,1.5501387809856022,0.0,-0.39518639214652707,1.5681138479768266,0.0,-0.43333046917193,1.5730146154346776,0.0,-0.4197243871106317,1.5797058459177358,0.0,-0.4779832753186545,1.5846368915966915,0.0,-0.401182647810601,1.6247627537612523,0.0,-0.5310623380783019,1.6349163698511773,0.0,-0.4127030104797463,1.6972896586057094,0.0,-0.4852247849513088,1.6760991194954296,0.0,-0.4695490563375508,1.6822727949381817,0.0,-0.47651009190217924,1.6899373917347542,0.0,-0.4915522053218046,1.6787393226414986,0.0,-0.45900603692450237,1.6850221922487898,0.0,-0.4949836186354722,1.6593913038584347,0.0,-0.4613020455078068,1.6811293724254244,0.0,-0.4878925064906337,1.6614653390779446,0.0,-0.5319889423491084,1.7096739205711988,0.0,-0.48880938369817645,1.7301351627292727,0.0,-0.6234568623091992,1.6919399933814046,0.0,-0.4061516177307266,1.7661471701558433,0.0,-0.6537133290819828,1.7884509990192454,0.0,-0.45566063144908714,1.8531595642414296,0.0,-0.6495833801065571,1.80539982034567,0.0,-0.46739489114022936,1.8659609919768168,0.0,-0.6828466796452687,1.817783552937196,0.0,-0.47426074140411717,1.8879464921590066,0.0,-0.41574812105438425,1.55912631168974,0.0,-0.4395829573156155,1.6046998292783028,0.0,-0.47499105657960483,1.6623021984306332,0.0,-0.5103991481110051,1.7199045561925224,0.0,-0.48576131539669976,1.6732452343442838,0.0,-0.46816451750535526,1.6872149760877089,0.0
-0.4232693041393601,1.569552812826597,0.0,-0.42276610171402174,1.5531885656481417,0.0,-0.427293138322246,1.5512717070597841,0.0,-0.43148520896956194,1.5494753092263707,0.0,-0.40970315761944287,1.5579672709745787,0.0,-0.40507418376991333,1.559438694333645,0.0,-0.4006410686298411,1.5609126705506455,0.0,-0.4360774367574902,1.5502881707216167,0.0,-0.39501127183429013,1.56779959226771,0.0,-0.4328301255303728,1.5728959094199262,0.0,-0.4192649492517006,1.579569161659201,0.0,-0.47777718141387016,1.584659378342326,0.0,-0.4008916021371181,1.6246222223271862,0.0,-0.5311136967248192,1.6346656676614786,0.0,-0.41241904798442053,1.6971480017065426,0.0,-0.4886520373739588,1.6793210999189605,0.0,-0.4693290586483909,1.6823753983373495,0.0,-0.48114061114699747,1.6924271804447024,0.0,-0.49157246310754227,1.6790329338881465,0.0,-0.4631150782057989,1.6880780855779005,0.0,-0.4940072896709968,1.6598100033654386,0.0,-0.46453128807863564,1.6845064741979432,0.0,-0.4871301052530634,1.6617115018269162,0.0,-0.5317973476619255,1.7095309433720758,0.0,-0.48865373244057725,1.730067865769867,0.0,-0.6234145537113078,1.6925851441550568,0.0,-0.40875998430451715,1.7718549446626644,0.0,-0.6526360089668732,1.7894145536521042,0.0,-0.45827525293530297,1.8588637794801202,0.0,-0.6483383587874474,1.8063216298579408,0.0,-0.47006082200372395,1.8716179852294792,0.0,-0.6812233974119846,1.8192794503751988,0.0,-0.47647556641196526,1.8938615370316139,0.0,-0.4155443460738914,1.5590438781957354,0.0,-0.4393343827768018,1.604640797813939,0.0,-0.4747799347097204,1.6622201280776772,0.0,-0.510225524920521,1.7197994186276022,0.0,-0.4855735534352237,1.673405973428359,0.0,-0.47166972926746736,1.6905556984646932,0.0
-0.4235841164605835,1.5691658045518941,0.0,-0.42250540497951905,1.5528606182257265,0.0,-0.4270063248714178,1.5510510983388168,0.0,-0.4312132249795039,1.5493396487476763,0.0,-0.40949892799768073,1.55739528661107,0.0,-0.40490446799814095,1.558854834134876,0.0,-0.400523584465903,1.5603653979168772,0.0,-0.4357447660595713,1.5504292247349278,0.0,-0.39508754919592237,1.5675655324775994,0.0,-0.4326474240054503,1.5726215398838344,0.0,-0.41918807875736797,1.5793877849686797,0.0,-0.47750267787616546,1.5846657398612065,0.0,-0.40063608402491785,1.6246650892282588,0.0,-0.5311456332469311,1.6343431610510786,0.0,-0.41184035852959416,1.6972414966563578,0.0,-0.4894808423063149,1.6797429996059217,0.0,-0.46888366603680715,1.6829922793896355,0.0,-0.48234720596033054,1.696127576374448,0.0,-0.49163241828716103,1.6800183554496817,0.0,-0.4639000594146817,1.6911850402287958,0.0,-0.49276421900509265,1.6608759031289029,0.0,-0.4646525354351224,1.6870421925215087,0.0,-0.48591849357941813,1.6625216481629488,0.0,-0.5317760477115022,1.7093724031322066,0.0,-0.48865657186559547,1.7299599605083276,0.0,-0.6234852339030198,1.6929316694658505,0.0,-0.40993959716148587,1.7739236824510118,0.0,-0.651394732711418,1.7901473465301179,0.0,-0.459526381205219,1.8608917801194693,0.0,-0.6470208202945517,1.8070348541337955,0.0,-0.4713448107544289,1.8736155423600123,0.0,-0.679345136739984,1.8206092202254884,0.0,-0.4770140631394388,1.8962510140598345,0.0,-0.4154161406751557,1.5589973801037489,0.0,-0.4390693739045081,1.6046654157829041,0.0,-0.47464283633308824,1.6621658087927982,0.0,-0.5102162918231539,1.7196661899230221,0.0,-0.48522450875483153,1.6741996089566986,0.0,-0.47397068471538817,1.6929358008479705,0.0
-0.4247854456032168,1.5682483039905397,0.0,-0.4231040789006487,1.5526250184535835,0.0,-0.42733704056318444,1.5509211007828658,0.0,-0.4313725496148004,1.549284122879585,0.0,-0.4103273233116134,1.5573079700326289,0.0,-0.4056828287146962,1.5588724834185237,0.0,-0.40128371240962596,1.5604452921201462,0.0,-0.43545546088306875,1.550639287306567,0.0,-0.39552218705304,1.5675613981313135,0.0,-0.43301037930705294,1.572554544923794,0.0,-0.41972597690476043,1.5794777472479182,0.0,-0.47710118872124613,1.58485729744599,0.0,-0.400361770342099,1.6251000963907742,0.0,-0.5317107577092529,1.633470133322228,0.0,-0.4111349920724739,1.6977417399287182,0.0,-0.48347145226732235,1.6718116194099006,0.0,-0.4683156705985261,1.6840541861890248,0.0,-0.4765609830150249,1.6929519996150806,0.0,-0.49148226138561085,1.6816892586211567,0.0,-0.4581543378101666,1.6852950666100128,0.0,-0.4916305070935199,1.6624617765562548,0.0,-0.4586871902482078,1.6806584947207865,0.0,-0.484688603734028,1.6638087204011935,0.0,-0.5317124988739946,1.7096054294745358,0.0,-0.4885270227594654,1.7300541792823347,0.0,-0.6233701812841195,1.6928799456070005,0.0,-0.4102289052121305,1.7747596123097062,0.0,-0.6505649429502233,1.7902979774528744,0.0,-0.4596758751380064,1.8618072793032545,0.0,-0.6463388423117316,1.807223080001693,0.0,-0.4717260656984907,1.8743117708970587,0.0,-0.6782363044011076,1.8210135531409077,0.0,-0.47654094398700936,1.8974676760621283,0.0,-0.4154888093055374,1.559100340406351,0.0,-0.4387314716822316,1.604978696639304,0.0,-0.4744256092343591,1.6624042568878525,0.0,-0.5101197395261788,1.7198298054558487,0.0,-0.4848099199677768,1.6755527785513198,0.0,-0.4695982787523095,1.6867163183243346,0.0
-0.42563359066624146,1.5678179010119595,0.0,-0.4243051099824442,1.5529706255037017,0.0,-0.42813396532995546,1.551278942435886,0.0,-0.4318722659710221,1.549644621276454,0.0,-0.4119782367300407,1.5581726055095486,0.0,-0.40728310940780454,1.559881966652118,0.0,-0.4028317459398747,1.5614714773402405,0.0,-0.4352589522734579,1.5509471146923972,0.0,-0.396151600874501,1.5677722547466433,0.0,-0.43373596698520145,1.573108567297542,0.0,-0.42074304754728153,1.5802254348354503,0.0,-0.4765646925020957,1.5852950767132294,0.0,-0.39998907263818834,1.6258486911333834,0.0,-0.5332153833554956,1.6315131690886016,0.0,-0.41055969379401147,1.6985200930100888,0.0,-0.4776073487575136,1.6580621169600467,0.0,-0.4678405140242411,1.685257862510326,0.0,-0.4727256512859321,1.6779544692673032,0.0,-0.4910391178719101,1.6835351551529063,0.0,-0.4565019940403083,1.667225264499981,0.0,-0.4907613445846757,1.664178434866242,0.0,-0.4564451565366346,1.6640663460476648,0.0,-0.48383699228146826,1.6652123822103748,0.0,-0.5313447657500961,1.7103268543673107,0.0,-0.48802681936578096,1.730493466303538,0.0,-0.622779408166021,1.6924221420917547,0.0,-0.40997118034860924,1.7756209321225054,0.0,-0.6499561335831066,1.789845207052801,0.0,-0.45904737741335205,1.8628781727706756,0.0,-0.6460051029690097,1.8068366278286265,0.0,-0.4713496239479038,1.8751347682509307,0.0,-0.6777085264979542,1.8204875881922082,0.0,-0.4758908683064679,1.898548766525412,0.0,-0.41570529304794596,1.5593596748036154,0.0,-0.43827687643572144,1.6055718869164697,0.0,-0.47398130702846375,1.6629910480170806,0.0,-0.5096857751349796,1.7204101695956584,0.0,-0.4844747224187613,1.6770336722665922,0.0,-0.46403289872240994,1.6732393795377338,0.0
-0.4256734852776184,1.5683137022945017,0.0,-0.42533606609378305,1.5537822348759742,0.0,-0.42885084917120514,1.551986184766258,0.0,-0.43232949752646294,1.5502865201614218,0.0,-0.41349524299471513,1.559565297988909,0.0,-0.4088047006449903,1.5613341325341146,0.0,-0.4043209680115767,1.562858675794435,0.0,-0.4351084834152014,1.551310004502924,0.0,-0.3966923299596491,1.5680432177716757,0.0,-0.43440306931925243,1.574155433334157,0.0,-0.4217968944023505,1.5814620303895561,0.0,-0.4760319040331848,1.5858249184702202,0.0,-0.399571581576116,1.6265954996512775,0.0,-0.5355135880230578,1.6283377648429909,0.0,-0.4101781405451663,1.699261665018535,0.0,-0.4754434952498934,1.6420739979203118,0.0,-0.4675814831659932,1.686540211483947,0.0,-0.4765198645663966,1.652574732060727,0.0,-0.4906017143795571,1.6852111564854544,0.0,-0.46499351067977157,1.6418215378581882,0.0,-0.49014019210709914,1.6658700563896325,0.0,-0.4628262523639487,1.6422002327075083,0.0,-0.48330485884968555,1.666589033868174,0.0,-0.5308013784903438,1.7111341148933075,0.0,-0.4873924573755442,1.7311041495349866,0.0,-0.6219120216193967,1.6916476256248723,0.0,-0.4072418181148859,1.7723963519432973,0.0,-0.648735206361871,1.7891686220875367,0.0,-0.45615870986384355,1.8597429996493824,0.0,-0.6449606712296709,1.8062001195974584,0.0,-0.46797337129692834,1.8724702608545705,0.0,-0.6762460929264471,1.8200280121467036,0.0,-0.47345979878669686,1.8951939060745422,0.0,-0.4159003869217642,1.5596766175597216,0.0,-0.4378017384450306,1.606210215383757,0.0,-0.47344932399503226,1.6636646849218633,0.0,-0.5090969013669122,1.7211191433488688,0.0,-0.48429297139786537,1.6784742115364233,0.0,-0.46170075470803884,1.657099046190013,0.0
-0.42539891439904953,1.569178008459788,0.0,-0.4257268483228421,1.5545171986596804,0.0,-0.4291452361034264,1.5525991513312627,0.0,-0.4325147788734102,1.5508464151361858,0.0,-0.41415759064011454,1.5606053434047165,0.0,-0.40950076770435323,1.5623219361810772,0.0,-0.4050232996329038,1.5637595063411198,0.0,-0.43502382555932356,1.5517819047696735,0.0,-0.39705672746977067,1.5684050627892239,0.0,-0.43478792209970135,1.5751994303874959,0.0,-0.4225282310486232,1.5826247124350643,0.0,-0.4758038030649636,1.5863677242655485,0.0,-0.39938245674202516,1.6272113164957829,0.0,-0.5386089041650941,1.6237967519417826,0.0,-0.40995627206998164,1.6998822536836011,0.0,-0.5999218075453912,1.6176463028517225,0.0,-0.4675637674134851,1.6881197877718568,0.0,-0.6101614704908376,1.6184789558104764,0.0,-0.49057863388410017,1.686950260449511,0.0,-0.603305331566128,1.611385501955354,0.0,-0.4899136909112001,1.6677374682997068,0.0,-0.5976672786405312,1.6148674409466321,0.0,-0.48293634564768423,1.668157735589657,0.0,-0.5306497986901864,1.7116716359382167,0.0,-0.48724544461562413,1.7316515949799864,0.0,-0.6214419217041361,1.6907512402914249,0.0,-0.4018439320646353,1.7605609811309302,0.0,-0.6468711808565971,1.7886449621011349,0.0,-0.4512533584927909,1.8476299638050768,0.0,-0.6431760561848715,1.8056938646040848,0.0,-0.46209693987424283,1.8611941130739154,0.0,-0.6732702984361444,1.820460641025433,0.0,-0.46867689394819456,1.883020850435906,0.0,-0.4160402680012913,1.5600934929641381,0.0,-0.43759312412273976,1.606789524037484,0.0,-0.47327036814099654,1.6642255813944409,0.0,-0.5089476052164684,1.7216616268736107,0.0,-0.4843246934601013,1.6801570274378197,0.0,-0.6188376378241974,1.6101093035833813,0.0
-0.42536744621018197,1.5700700244011654,0.0,-0.4257393444835806,1.5549540079286122,0.0,-0.42920792675580094,1.5529834845107275,0.0,-0.43258869789135945,1.551236673670526,0.0,-0.4142140937944142,1.561060486382606,0.0,-0.4095787375068707,1.562706325610946,0.0,-0.4051188193712976,1.564104117409881,0.0,-0.4351213993106471,1.5524287168142594,0.0,-0.39738029884968895,1.5690565354585666,0.0,-0.435029734299808,1.575991672131141,0.0,-0.42295036805464276,1.583437150704171,0.0,-0.47608059140696446,1.5869881360672071,0.0,-0.39965761585369436,1.6278286797421442,0.0,-0.5424687865885998,1.6176152544022875,0.0,-0.40996136472750266,1.700538400147954,0.0,-0.6038241497852689,1.6233266073011974,0.0,-0.46777544088080314,1.6898373851205326,0.0,-0.6220065545599602,1.622396718697658,0.0,-0.49119402477088414,1.6887879312233902,0.0,-0.6169671686694099,1.6195325536467151,0.0,-0.4905589624454814,1.669573947775867,0.0,-0.6082405441754756,1.6231278285182253,0.0,-0.48310132392339156,1.669775285550664,0.0,-0.5312787073160368,1.71201821146255,0.0,-0.48791182750891665,1.7320793792185778,0.0,-0.6218096941135423,1.689995201112728,0.0,-0.3987768014728588,1.7456483912376002,0.0,-0.6456382419829612,1.788290817989752,0.0,-0.44917931702343716,1.8321462847960208,0.0,-0.6422042470660425,1.8053942299828387,0.0,-0.4595772011772467,1.8460550377123488,0.0,-0.6705739687865397,1.8212659656493164,0.0,-0.466152584157496,1.8677553095942063,0.0,-0.4162508676003021,1.5607426089692864,0.0,-0.43786909745626973,1.6074084108255633,0.0,-0.4737321784353321,1.6647286153623502,0.0,-0.5095952517710489,1.7220488084581667,0.0,-0.4846253022165909,1.6820645885168528,0.0,-0.623958593283062,1.6202902973463742,0.0
-0.4255905348494978,1.5707647268488871,0.0,-0.4257616519034454,1.5551669332684424,0.0,-0.42928513491472775,1.5531853201955081,0.0,-0.4326999550001437,1.5514649565793568,0.0,-0.4142544539522216,1.5612549008736198,0.0,-0.409627381813766,1.5628880558723304,0.0,-0.40515975804753024,1.5642766741557823,0.0,-0.43534600270590523,1.552998241075311,0.0,-0.3976527683970184,1.5698268236083401,0.0,-0.435227608227241,1.5764856085230357,0.0,-0.4231672480940534,1.583905509954727,0.0,-0.4765978437532371,1.5875100571737892,0.0,-0.4001941479536467,1.6283866576714303,0.0,-0.5459552295823267,1.6106393863456596,0.0,-0.41016615170355974,1.7011426184138827,0.0,-0.6046699405679065,1.6293391954038,0.0,-0.4680622084682158,1.6908944119766347,0.0,-0.6248123969673977,1.6337210859808093,0.0,-0.49237972775798594,1.6899021918044708,0.0,-0.6184295199581333,1.63278489941227,0.0,-0.4924247861955467,1.6703992819682592,0.0,-0.6088660283024929,1.6334822885555957,0.0,-0.4844049884023214,1.6705251396132086,0.0,-0.5323087180107562,1.7122610011170307,0.0,-0.48892814683915214,1.732292545260347,0.0,-0.6226763507790886,1.6895770088924176,0.0,-0.39891081167221276,1.7373964969709317,0.0,-0.6459447798661017,1.7880067208630546,0.0,-0.44995975736050187,1.8235144643644106,0.0,-0.6430760725656283,1.805213973442095,0.0,-0.46055178887459186,1.8372759421545328,0.0,-0.6702402532405773,1.82145639661489,0.0,-0.4662272480085236,1.859451397904968,0.0,-0.4164993669015047,1.5614125426371452,0.0,-0.43839599200440366,1.6079483646896011,0.0,-0.4745071824388284,1.6651125873368005,0.0,-0.5106184095133759,1.7222767705706679,0.0,-0.4850382482821398,1.6834011972917668,0.0,-0.6245100614019574,1.633920090337963,0.0
-0.4255641885891271,1.5709357986476247,0.0,-0.42567183152052096,1.5550125421983876,0.0,-0.42920286342116337,1.5529991935652072,0.0,-0.4326295460643412,1.5512827261971596,0.0,-0.4142673549953014,1.5611910203097306,0.0,-0.40965086503417597,1.5628499547060961,0.0,-0.40515066658554727,1.564212489006413,0.0,-0.4353675651636007,1.5530261262288092,0.0,-0.39759468381147617,1.570125346239759,0.0,-0.4351533493611986,1.576470515647219,0.0,-0.4230350665090021,1.5839075736409693,0.0,-0.47677823980189143,1.5874896791530322,0.0,-0.4004510684250671,1.6285089930148338,0.0,-0.5477750019694682,1.6049502804802047,0.0,-0.41025705483502783,1.7012875153471347,0.0,-0.5965510435533786,1.642606593527763,0.0,-0.46808514769288456,1.6906625070883232,0.0,-0.6108365254693408,1.6528370870388476,0.0,-0.4936348573681342,1.6894709158372283,0.0,-0.6014878101529955,1.6509629684707574,0.0,-0.4949197614428117,1.6695453362487733,0.0,-0.5943249347295743,1.6485937258668972,0.0,-0.486567389611684,1.66970243799615,0.0,-0.5329330886856856,1.7121372632851848,0.0,-0.48949373852985545,1.7320410210705877,0.0,-0.6233103871499787,1.6894918116956368,0.0,-0.39949389458515716,1.7374446350048944,0.0,-0.6469653569100684,1.7878293446952456,0.0,-0.45037230798161687,1.8236634624970907,0.0,-0.6447046656528109,1.8051269832026848,0.0,-0.46156787957883605,1.8369385737649875,0.0,-0.6716889768002715,1.82096382000296,0.0,-0.4661536147686568,1.8598165370603312,0.0,-0.4164811540655268,1.561575714885603,0.0,-0.43861465023127555,1.6079993432711088,0.0,-0.47491402648014736,1.6650442528546354,0.0,-0.51121339577573,1.7220891505613332,0.0,-0.4851576982199093,1.6833918666365033,0.0,-0.6111891203977021,1.6567608048942526,0.0
-0.4250799960994374,1.5705728323770671,0.0,-0.42526637092253117,1.55440541254271,0.0,-0.4287985563585213,1.5523383472656638,0.0,-0.4322304873891781,1.550610173978447,0.0,-0.4139514965418723,1.560721522213575,0.0,-0.40934794017286585,1.5624011566823517,0.0,-0.4048257242958909,1.5637364425490348,0.0,-0.43503064945674824,1.5524741053584943,0.0,-0.39713798772102643,1.5697834083588849,0.0,-0.4347110592072131,1.57589475568451,0.0,-0.4224926722050519,1.5834296430875587,0.0,-0.47644741999121004,1.5868884517986546,0.0,-0.4002254156092516,1.6281028576305585,0.0,-0.5480367524628221,1.6017336635942094,0.0,-0.4100094086992694,1.700884339901532,0.0,-0.550670895877249,1.6632979505908385,0.0,-0.4677007289459132,1.6895401478952274,0.0,-0.5531026254525873,1.6752647890523023,0.0,-0.4942890783481807,1.6878812809671568,0.0,-0.540950324620043,1.6698912138552764,0.0,-0.4967042678164417,1.6677501648200306,0.0,-0.5391545073015194,1.6678630089703392,0.0,-0.4882806577947986,1.6679522658654446,0.0,-0.532873979302983,1.7115444808617444,0.0,-0.48939879639968326,1.731369848133634,0.0,-0.6234103911261017,1.689543783382048,0.0,-0.39984708074082487,1.7418417713655934,0.0,-0.6474506039303692,1.7877878476257743,0.0,-0.4501338172265693,1.8284070259281686,0.0,-0.6455276660927712,1.805126282761836,0.0,-0.4618266716566735,1.841246284389618,0.0,-0.672673809237258,1.8205436219020652,0.0,-0.46633802339821334,1.8643725392239463,0.0,-0.416084321221835,1.5611287592258551,0.0,-0.4383364122241511,1.6074956587450098,0.0,-0.47473639637629333,1.6644764237378884,0.0,-0.5111363722237179,1.7214571777161538,0.0,-0.4847982226284999,1.6823283586684572,0.0,-0.5432277468274027,1.6822509061737907,0.0
-0.42455974305717425,1.5702543397193793,0.0,-0.42484263987996734,1.5538750740668434,0.0,-0.42841018229513705,1.5517599646582634,0.0,-0.4318543455527881,1.5500191872502496,0.0,-0.4134900773496687,1.5602947040726804,0.0,-0.40889456378277694,1.5619947317880776,0.0,-0.4043815605737171,1.563351600981695,0.0,-0.43465730286154414,1.551954093282646,0.0,-0.3966640773387396,1.5694842451769377,0.0,-0.4342967770816676,1.5753228351230317,0.0,-0.42191005548416,1.5829794659675198,0.0,-0.47609249507232426,1.586361566514994,0.0,-0.3999428898535474,1.6277095873274166,0.0,-0.547779419020871,1.600728116963211,0.0,-0.40967426705890575,1.700498123375565,0.0,-0.49569000056895834,1.633649122875434,0.0,-0.4672608785903608,1.6886338367808298,0.0,-0.4854215181172911,1.6430489737285203,0.0,-0.4942278662195635,1.686465886683894,0.0,-0.4721276686074391,1.6330783290212378,0.0,-0.49707094033778054,1.6665156595449948,0.0,-0.47643562560880276,1.6351549449727198,0.0,-0.4886342342595211,1.6667548284306741,0.0,-0.5326367854853203,1.711003619215559,0.0,-0.4891818533431904,1.7308733345749587,0.0,-0.6232776836590672,1.6894374388941638,0.0,-0.4000144446399964,1.744227891055001,0.0,-0.6474839236163964,1.7876407277287445,0.0,-0.4498127442456452,1.8310750471411747,0.0,-0.645584096628609,1.8049817104088342,0.0,-0.4614772786685841,1.8439400399223456,0.0,-0.6725853238034382,1.8204899368979586,0.0,-0.46738966574034096,1.8663900053749207,0.0,-0.41566068679425716,1.5607191689386115,0.0,-0.43801768433429283,1.6070355762473567,0.0,-0.4744635202148988,1.6639870246258994,0.0,-0.5109093038046588,1.7209384901395548,0.0,-0.48432185297133257,1.6813360736133052,0.0,-0.47598779940312336,1.638790937956565,0.0
-0.42439495653011305,1.5705342868588217,0.0,-0.4247993039194431,1.5540480932745908,0.0,-0.4284321558531603,1.5518923614466635,0.0,-0.4318900969170688,1.5501306400946575,0.0,-0.4133106364757251,1.560535444160605,0.0,-0.40871634424090264,1.5622754256595015,0.0,-0.4042221018843781,1.5637017035806142,0.0,-0.4346166672409948,1.552012872912335,0.0,-0.39648827017914623,1.569880414440553,0.0,-0.43428120648013224,1.57539008728437,0.0,-0.42166382637898137,1.5831008747940971,0.0,-0.47615199837832545,1.5864758845465394,0.0,-0.4000297188857545,1.627874190851689,0.0,-0.5478379643349687,1.6008472144031987,0.0,-0.40961393422846987,1.7006822501487888,0.0,-0.4874552619461513,1.6131366162256875,0.0,-0.4671571647872595,1.6886093159182594,0.0,-0.46920670030008405,1.618617802899268,0.0,-0.49393507164563866,1.686138645570674,0.0,-0.45680261989524285,1.6062414049368172,0.0,-0.49654624328351493,1.6665552348958768,0.0,-0.46474099189437135,1.612013729420172,0.0,-0.48803797641848323,1.666827729630837,0.0,-0.5327145367184145,1.7110721606542516,0.0,-0.48930782880920565,1.7310470054452733,0.0,-0.6232338587126353,1.6890012544402995,0.0,-0.39978843696266375,1.741791745416365,0.0,-0.6478520043968121,1.787102094874378,0.0,-0.4494341908934807,1.8287261935972268,0.0,-0.6458003994467179,1.8044257763544629,0.0,-0.4609164028775771,1.841754171587528,0.0,-0.6725913268941384,1.820224847730475,0.0,-0.4685315784065825,1.8632426278634764,0.0,-0.4155524688453859,1.560946633562294,0.0,-0.4380908551058973,1.6071750454944242,0.0,-0.47455101419000484,1.664117325260969,0.0,-0.5110111658579932,1.7210595934452622,0.0,-0.48416297139976217,1.6811839044457806,0.0,-0.46710167209692766,1.6125480813013495,0.0
-0.4243972438916052,1.5711959609584922,0.0,-0.42497618802329706,1.5547243306456964,0.0,-0.42868741601078253,1.5525242882840888,0.0,-0.4321650184530437,1.5507296868906435,0.0,-0.41332958682324966,1.5612534743960005,0.0,-0.4087300875752833,1.563036247714105,0.0,-0.40423542101416504,1.5645304606706165,0.0,-0.4348194288415059,1.552428568388774,0.0,-0.39641299136434827,1.5706754062714374,0.0,-0.43443475436897405,1.5759131613855852,0.0,-0.4215831813841061,1.583598303570695,0.0,-0.4763987031485598,1.5869611414290006,0.0,-0.4003025631552722,1.62840747634781,0.0,-0.5481536975379729,1.6009837523542605,0.0,-0.4097489517381088,1.701233546028163,0.0,-0.4868576088863237,1.607299578582098,0.0,-0.46728047424825603,1.689104941749799,0.0,-0.4661669022456161,1.610487273547994,0.0,-0.49370249582061954,1.6866252429301867,0.0,-0.45540837651855665,1.599563317136669,0.0,-0.4959300286647703,1.667294685951693,0.0,-0.4636053929844061,1.6049434832290577,0.0,-0.48737040936771453,1.6675299232488352,0.0,-0.5329505782874899,1.7115423480829455,0.0,-0.489582541532745,1.7316010146383138,0.0,-0.6232080250113591,1.6884238302609393,0.0,-0.39969637700682875,1.7386471753263053,0.0,-0.6484713506782019,1.7863605055519198,0.0,-0.4494123149999048,1.825541505828006,0.0,-0.6462325934076534,1.803660996550104,0.0,-0.46085947533675253,1.8386002930146481,0.0,-0.6732366097583625,1.819463870593639,0.0,-0.46965458682950517,1.8593992209821402,0.0,-0.4156162114389117,1.5615519911714328,0.0,-0.43835062822099,1.607684314097701,0.0,-0.4748085861700813,1.6646280031916838,0.0,-0.5112665376243688,1.7215716801135468,0.0,-0.48425863226356275,1.6816165277331507,0.0,-0.4665725532933108,1.6055299705192887,0.0
-0.4241506060270532,1.5715861625233831,0.0,-0.4248728861581939,1.5551373390751344,0.0,-0.42868597630610916,1.552892398870218,0.0,-0.43221079074651103,1.551067255231873,0.0,-0.4130150494359694,1.5616753504805583,0.0,-0.40840533232045156,1.5634721801603313,0.0,-0.4038990158811502,1.5650064823548968,0.0,-0.434903072632813,1.5525726284163306,0.0,-0.3960537677827681,1.571115744844253,0.0,-0.43426220513493885,1.5761164872001967,0.0,-0.4212125634867263,1.5838034713793585,0.0,-0.47636626852850894,1.5871422866384692,0.0,-0.40032077688492734,1.6286814777808845,0.0,-0.5481661643046831,1.6009331460575347,0.0,-0.40974823107783137,1.7015100009691673,0.0,-0.486869252121293,1.6072409746627538,0.0,-0.4672662373151718,1.6893174588815636,0.0,-0.46589360843893074,1.6099671566888973,0.0,-0.49335455267419054,1.6869769431712573,0.0,-0.45612668875091916,1.6017756817492708,0.0,-0.49544226825137067,1.6677312359367642,0.0,-0.4632461470637854,1.6043042842488484,0.0,-0.48689006827320835,1.6678287150948587,0.0,-0.5329517993448746,1.711726586597967,0.0,-0.4896109013062885,1.7318438248067667,0.0,-0.6230734926134899,1.688084400620437,0.0,-0.3997824198796837,1.7395907518240556,0.0,-0.6486947898988853,1.7859280366741594,0.0,-0.4495663349005301,1.8264461544716015,0.0,-0.6463021916927485,1.8032079237316223,0.0,-0.4610397303564062,1.8394818976140765,0.0,-0.6738469920337488,1.818738363739883,0.0,-0.4702726442489339,1.8600220862896482,0.0,-0.41547844011095836,1.5618441800499492,0.0,-0.4383435153814876,1.6079118830301042,0.0,-0.47481242889205855,1.6648485563857576,0.0,-0.5112813345228671,1.7217852184561309,0.0,-0.4842452273278266,1.681830931500486,0.0,-0.46653565267778957,1.606164068548583,0.0
-0.42368319195566256,1.5715499731427311,0.0,-0.4243778041311394,1.5550213876138148,0.0,-0.4283365418785211,1.552739640770801,0.0,-0.4319485927241708,1.5508989997213356,0.0,-0.4121830335040916,1.5615695216067156,0.0,-0.40756303541075645,1.5633569429933618,0.0,-0.4030634247410066,1.5649225191913454,0.0,-0.43477225778399503,1.552327197998281,0.0,-0.39543840997877977,1.5711225183732895,0.0,-0.43374742381300807,1.575714616188457,0.0,-0.42054174371858677,1.5835686166024852,0.0,-0.4761104854874029,1.5868916316868873,0.0,-0.4001276422318658,1.6285453077657692,0.0,-0.54776129654012,1.6014372190752937,0.0,-0.4096393366087483,1.7013628767476183,0.0,-0.48642947393844643,1.6073960512836993,0.0,-0.46711497078506276,1.6889721301959695,0.0,-0.4672216984428246,1.6098689828202848,0.0,-0.49294893848344545,1.6866929604412537,0.0,-0.4578417886677197,1.602652324088577,0.0,-0.4951090825891503,1.6675081660987274,0.0,-0.4636073687071952,1.603765637358556,0.0,-0.48651871628988486,1.667479130831437,0.0,-0.5328107969130466,1.7114385736155178,0.0,-0.48949935667549055,1.7316191548878548,0.0,-0.6229900345115696,1.6880168388047143,0.0,-0.4002936797160843,1.7447156487635127,0.0,-0.6486214617559308,1.785857821670878,0.0,-0.4501051401942156,1.8315552570589544,0.0,-0.6461064211420361,1.803120312615268,0.0,-0.4616932359258452,1.8444891443276024,0.0,-0.6740501656531878,1.8184543222882514,0.0,-0.4704383758946906,1.8653584221508632,0.0,-0.4151053152026502,1.5617248668023853,0.0,-0.43811906143889023,1.6077184795020711,0.0,-0.47463704141355473,1.6646236951155795,0.0,-0.5111550581164295,1.7215288708179113,0.0,-0.48409293814940635,1.6814832839395197,0.0,-0.4660903200150543,1.6064297124258728,0.0
-0.4234389092844021,1.5716076540453303,0.0,-0.4238495028572874,1.5548767248095636,0.0,-0.42797427075975936,1.55255591762796,0.0,-0.4316991199023693,1.550706750236615,0.0,-0.41130260335348046,1.5615194622844673,0.0,-0.4066873616752247,1.5633116078075031,0.0,-0.40222027883290584,1.5649173374591085,0.0,-0.43468374499024665,1.5522128315460542,0.0,-0.3950303568629609,1.5713592056022143,0.0,-0.43336023254888517,1.57528202941861,0.0,-0.42008303027112415,1.5834878290363343,0.0,-0.4761518417163434,1.586720801423774,0.0,-0.40024278561693855,1.6285087949407822,0.0,-0.547497887827689,1.6026943589881881,0.0,-0.40981816516602126,1.7013180168074975,0.0,-0.48594709946948694,1.605627036504534,0.0,-0.46723018572872305,1.6886357843942104,0.0,-0.4751962924230834,1.607138746159397,0.0,-0.4930068989249937,1.6863875584578683,0.0,-0.46643851620829263,1.599816256712104,0.0,-0.49524371371602005,1.6673161816496114,0.0,-0.46890818523698696,1.6016824655723003,0.0,-0.48652813075129425,1.667264784965585,0.0,-0.5330066945308206,1.7112425391617343,0.0,-0.48970728902962557,1.7314489292199275,0.0,-0.6231955958026764,1.687858043384105,0.0,-0.4013444632496565,1.7493704797611034,0.0,-0.6488768545018722,1.7856859583287918,0.0,-0.45126239193240547,1.8361489307722512,0.0,-0.6462526059281831,1.8029321852297167,0.0,-0.4632311852798506,1.8487313545598074,0.0,-0.6742561004089723,1.818320981104634,0.0,-0.47066772380347455,1.870493181226375,0.0,-0.41485705691621205,1.5617860200611318,0.0,-0.43819730962852665,1.6076148049928756,0.0,-0.47477712292662555,1.6644802926327975,0.0,-0.511356972900596,1.7213457403273906,0.0,-0.48422660881659385,1.6811889195306893,0.0,-0.46578745089245255,1.6027628503447218,0.0
-0.42352519686245643,1.57221414006072,0.0,-0.42348000290214516,1.5551827476991487,0.0,-0.4277221202085637,1.5527875330266312,0.0,-0.43155756465821005,1.5509083320676704,0.0,-0.4108751141489535,1.5620456764524688,0.0,-0.40631423071440664,1.563872118193268,0.0,-0.401889561214018,1.5655124663504272,0.0,-0.43481771932916646,1.5525216939335933,0.0,-0.3951568688642515,1.5721868432196466,0.0,-0.43331520337365037,1.5754234266074048,0.0,-0.4201386642714803,1.583996301389429,0.0,-0.4767362532382461,1.5869465284828816,0.0,-0.4009200560243663,1.6289027609174804,0.0,-0.5480225047397183,1.6031848530225241,0.0,-0.41036951587189446,1.7017284321532165,0.0,-0.6080695518038274,1.5893482246827972,0.0,-0.46778380471904996,1.6890564725473731,0.0,-0.6127846653037421,1.588962616872801,0.0,-0.4933932722785985,1.687141537324369,0.0,-0.6051721279739496,1.5827951983059776,0.0,-0.4958409238166821,1.6681934994630356,0.0,-0.60178575902253,1.585741281029306,0.0,-0.4869830639029726,1.6681607871631774,0.0,-0.5336515926310008,1.7116068296518352,0.0,-0.4903067047888209,1.731715469931318,0.0,-0.6236686801513179,1.6875694315031575,0.0,-0.40197665748450906,1.7497978839526571,0.0,-0.6492120162466032,1.7854334492621031,0.0,-0.45213084064649267,1.8364400046285982,0.0,-0.6464987135287126,1.8026658899266106,0.0,-0.4645901250499637,1.8485369312927113,0.0,-0.6743625969947094,1.818245019209696,0.0,-0.47060457234981473,1.871294210705277,0.0,-0.4149873128298237,1.5623542607290908,0.0,-0.43882814525084324,1.6079246418386186,0.0,-0.4754036203732984,1.6647929198591156,0.0,-0.5119791310914561,1.7216611586337658,0.0,-0.48486517075790636,1.6818065671463314,0.0,-0.6132296635505402,1.5696508075965643,0.0
-0.42335734187833807,1.5731728760916495,0.0,-0.42300088049231765,1.5557900252143078,0.0,-0.42726435876299684,1.5532745282148086,0.0,-0.43118630007707587,1.5513272724164,0.0,-0.41080749648355824,1.5629089845100912,0.0,-0.40637541742106237,1.5647672541786848,0.0,-0.40199051596879376,1.566414820229044,0.0,-0.4349849685912467,1.5528018272834012,0.0,-0.3955668281842032,1.573069265278043,0.0,-0.4332329437589256,1.575992789602287,0.0,-0.4203469274316493,1.5847009678467374,0.0,-0.4774748023768616,1.587211827068317,0.0,-0.4017250396873873,1.629287885017803,0.0,-0.5491631348180411,1.6015713475613154,0.0,-0.41077067470473955,1.7021648166867365,0.0,-0.6107242953608377,1.5988651218584058,0.0,-0.468308120815377,1.6900643448305561,0.0,-0.6290962317145555,1.5964174662946957,0.0,-0.4928696711299068,1.6887128678432444,0.0,-0.622752583197606,1.5925951022171976,0.0,-0.4959625829056485,1.6698577225127835,0.0,-0.6140621945931051,1.5958951710326428,0.0,-0.48694401994442343,1.6698826320773466,0.0,-0.5342375467406495,1.712165212912616,0.0,-0.49081154963316803,1.7320980875462895,0.0,-0.6241724780480261,1.6878222326896453,0.0,-0.40203345082664277,1.7478340376580532,0.0,-0.6484839108668486,1.7859995326377278,0.0,-0.4524505531127336,1.8343234298454425,0.0,-0.6456707852501133,1.8032159593041168,0.0,-0.4650913069602541,1.8462306018325223,0.0,-0.6734482451128979,1.8189530279006634,0.0,-0.4703072871668072,1.8694977314476633,0.0,-0.41527588972407264,1.5629355514769225,0.0,-0.43959991609535654,1.608249861204467,0.0,-0.4760622257978718,1.6651907638721253,0.0,-0.512524528542482,1.722131654664113,0.0,-0.48546002855515064,1.6829829427826741,0.0,-0.6302975077213722,1.593252248174008,0.0
-0.4225183798824931,1.573820251831586,0.0,-0.4222385312445158,1.5562682640648735,0.0,-0.4264601078172186,1.5536494818056124,0.0,-0.43044071372026455,1.551627617301619,0.0,-0.4106550342907961,1.5634813775855063,0.0,-0.4063763551763009,1.5653201049527308,0.0,-0.40202075195614745,1.5669410484996282,0.0,-0.4349261161266486,1.5525967509059275,0.0,-0.3957024820035747,1.5732985197684577,0.0,-0.4328053268068534,1.576459701735179,0.0,-0.4202346093811156,1.584971762053214,0.0,-0.4778292330832411,1.5870918664820042,0.0,-0.40204623453622684,1.6291080339809947,0.0,-0.5498627823252064,1.599605084317209,0.0,-0.41067742858418,1.7020352111624277,0.0,-0.6112707294547836,1.604720177108363,0.0,-0.46829388062936905,1.690316696845282,0.0,-0.6316755218357982,1.6040366174892582,0.0,-0.4913952305299082,1.6888728424897828,0.0,-0.6257816174259999,1.6012924888867157,0.0,-0.49495608599789154,1.6700345068725468,0.0,-0.6162419354789488,1.6039460953538116,0.0,-0.4858111752750348,1.6703919056866883,0.0,-0.5343121071632863,1.7122148707018436,0.0,-0.4908637977496723,1.7320990635453821,0.0,-0.6245615950984427,1.6890653030419382,0.0,-0.4019472130843248,1.7470326473440274,0.0,-0.6464494267545066,1.7878111931649996,0.0,-0.4524665826984201,1.833462343963098,0.0,-0.6434267278024473,1.8049920637465477,0.0,-0.46502233747396915,1.845459111218479,0.0,-0.6714577276729191,1.8207313347134029,0.0,-0.4700159432718138,1.8687910063740487,0.0,-0.4153143059299745,1.5629476255308428,0.0,-0.4399377245136744,1.6080999475336661,0.0,-0.4762628578683046,1.665128458931196,0.0,-0.5125879397861642,1.722156986785994,0.0,-0.48530002540963035,1.6828920598985857,0.0,-0.6314931200681683,1.6023390196193936,0.0
-0.4216195078944494,1.5738570569710524,0.0,-0.4216013649465191,1.5564813987620285,0.0,-0.42581814081810476,1.5538641757249474,0.0,-0.4298614688967858,1.551811677485963,0.0,-0.4102638605007329,1.5634898149972194,0.0,-0.40604678244773285,1.5652355989371294,0.0,-0.401698225642522,1.5667966782753275,0.0,-0.4348134206558572,1.5522202818152369,0.0,-0.39536007876128454,1.5729163647994153,0.0,-0.43242201373286704,1.576677434877083,0.0,-0.41989759922177367,1.584815446546349,0.0,-0.4777402868657845,1.5867640308514153,0.0,-0.4018492604687083,1.6285847591147826,0.0,-0.5493243886306738,1.601634444816732,0.0,-0.4106363772263328,1.7014933132180798,0.0,-0.5995794492391833,1.6372929505084475,0.0,-0.4679891501023853,1.6885457818894962,0.0,-0.6096715574344544,1.6461378387401313,0.0,-0.49169771462246353,1.6858502543446772,0.0,-0.6021514234138479,1.6416237424049582,0.0,-0.494020523847512,1.6668418779752887,0.0,-0.5967355017693858,1.6421224598297983,0.0,-0.48518371292906143,1.667869116160822,0.0,-0.5340707444789069,1.711735946878164,0.0,-0.49070502068186655,1.731799613429904,0.0,-0.6248207220328127,1.6906334795019526,0.0,-0.4018005508049259,1.746805152058065,0.0,-0.6445712515893235,1.7898289661585405,0.0,-0.4520976750276523,1.833364371432975,0.0,-0.6411997793552194,1.806944812555063,0.0,-0.4647488131115906,1.8452605097872743,0.0,-0.6699191737959218,1.8224883242998302,0.0,-0.4698578995163422,1.8685875011972826,0.0,-0.4150867619955054,1.5625683052593349,0.0,-0.4397947665300973,1.6076743961663658,0.0,-0.47609129875375855,1.6647211153883035,0.0,-0.5123878677101503,1.7217677949377619,0.0,-0.4846489191225952,1.680373493943596,0.0,-0.6136897625035356,1.6519733473930494,0.0
-0.4215153217499736,1.573528292406087,0.0,-0.42166853112657704,1.556353048630848,0.0,-0.42599623562825994,1.5538449719950085,0.0,-0.4301524468606089,1.5518200201797547,0.0,-0.4098888579212867,1.562978337705702,0.0,-0.40557453431242385,1.5645911205188727,0.0,-0.40120630275135305,1.5660744858244764,0.0,-0.4351825192326322,1.5520699464665249,0.0,-0.39490850241601716,1.572336747670858,0.0,-0.43262494622961595,1.5766892051879913,0.0,-0.41971943330174577,1.5845395045779123,0.0,-0.4775918930373484,1.5865235510409532,0.0,-0.40164502439477906,1.6282427833381614,0.0,-0.5471625018197938,1.6090033915792186,0.0,-0.41116422003488545,1.701059372084895,0.0,-0.5136836624361575,1.660736045275465,0.0,-0.4678436092566185,1.685425243982311,0.0,-0.5095524861615142,1.6826802266431027,0.0,-0.49504524683437423,1.6815416816103053,0.0,-0.498215970242526,1.6749860138364732,0.0,-0.49423438717228263,1.6622128575542128,0.0,-0.49863196480936983,1.6723247931957022,0.0,-0.4865765367544912,1.6637206789009331,0.0,-0.5339072795385952,1.7113141495858035,0.0,-0.49062943635929906,1.7315666804323129,0.0,-0.624941958226397,1.6914758071246205,0.0,-0.401221693720334,1.7432039700577229,0.0,-0.6443286551366221,1.7907430422715258,0.0,-0.45109888066047227,1.8300058443854623,0.0,-0.6406227000924409,1.8077895938320379,0.0,-0.46396396226710146,1.8416702808407,0.0,-0.6701698032829833,1.823013553529803,0.0,-0.46998906543940816,1.8646361109639853,0.0,-0.415045513571112,1.562203352392219,0.0,-0.43961845097612795,1.6073831672688197,0.0,-0.4759433975940814,1.664411797610541,0.0,-0.5122683368234183,1.721440416352447,0.0,-0.4844036019024976,1.6770526196836884,0.0,-0.5039879451453357,1.6786415768041307,0.0
-0.42228927985769404,1.572638022655119,0.0,-0.42257019065889234,1.5553896780331453,0.0,-0.4270821117077891,1.553023460783746,0.0,-0.4313777780144299,1.5510804760711758,0.0,-0.40989517066118386,1.5617459424670983,0.0,-0.4053872211598868,1.563255633254558,0.0,-0.4009831135131797,1.5646812988873082,0.0,-0.4363312539865657,1.55160345901994,0.0,-0.39491343051332173,1.5712525471147674,0.0,-0.4332327503103617,1.576078439618833,0.0,-0.41975502365518536,1.583832045417538,0.0,-0.47769170167222896,1.5859780157484458,0.0,-0.4017672862723891,1.627738096522706,0.0,-0.5435065568857146,1.61781851935963,0.0,-0.41131880897513984,1.7005504519055967,0.0,-0.493691456186697,1.6540891119558063,0.0,-0.4668909140884905,1.6813483619842513,0.0,-0.4802339516254828,1.6824482049732385,0.0,-0.495752321946515,1.6776185844271931,0.0,-0.46507255981160917,1.6729332716234695,0.0,-0.49221278592336615,1.65835894621516,0.0,-0.46924308855944513,1.6679870980239606,0.0,-0.4865718082724284,1.6596813458932342,0.0,-0.5336666421659991,1.7110902759324371,0.0,-0.4903326288374172,1.7312223400287734,0.0,-0.6247313283016728,1.691390136480907,0.0,-0.40029266702921,1.735910221341017,0.0,-0.6451545896829559,1.7904493025653825,0.0,-0.45011109385220444,1.8227458333487188,0.0,-0.6413082638127051,1.8074647308642684,0.0,-0.4623712445908404,1.8350445367937747,0.0,-0.6716733910568744,1.8221652923510323,0.0,-0.4702412735039827,1.8566703128800108,0.0,-0.415622362662632,1.5614279870038306,0.0,-0.43972948777542686,1.6068580590243633,0.0,-0.4758645773508966,1.6640071773624676,0.0,-0.511999615590988,1.7211563118879512,0.0,-0.48353362810011763,1.6731413975999834,0.0,-0.48014241018224324,1.669289057530603,0.0
-0.42330293873826713,1.5707629991476617,0.0,-0.42402394982593294,1.5533031539104662,0.0,-0.42866706578873137,1.5510761295275095,0.0,-0.4330260656541812,1.5492712233585593,0.0,-0.41053429047579965,1.5595484725554554,0.0,-0.4058688488095532,1.5609973306537483,0.0,-0.4014282088973402,1.5623772773255797,0.0,-0.43802597975867713,1.5500573089274654,0.0,-0.3956763513104133,1.5687982283757873,0.0,-0.43362849309899104,1.5744378624235962,0.0,-0.4198682009000629,1.5821001922874933,0.0,-0.47807654372862873,1.5845401663944538,0.0,-0.40204529445785003,1.6261054203261311,0.0,-0.5394263881800916,1.624309619782289,0.0,-0.4093549870586139,1.699176885867941,0.0,-0.48686964288412543,1.6564793053391298,0.0,-0.46111556031919837,1.6712874222694352,0.0,-0.4706340135755931,1.6813489979745373,0.0,-0.483284500686948,1.6675042048294566,0.0,-0.4543840918809171,1.6718750155936162,0.0,-0.47950153522979155,1.649546457333854,0.0,-0.45926941826665074,1.666482035778455,0.0,-0.4766314437057993,1.6505450081510031,0.0,-0.5329867428684048,1.7104521512224569,0.0,-0.4894641449926902,1.730173210780435,0.0,-0.624122331097113,1.6910826619776207,0.0,-0.3993059619258359,1.7309935641827356,0.0,-0.6456197586553685,1.7899142793840837,0.0,-0.449972884710469,1.8173368447516727,0.0,-0.6418580869673952,1.806948622606133,0.0,-0.4609974251745434,1.8307543299899538,0.0,-0.6732814842122943,1.8206385332172705,0.0,-0.4697435637835416,1.8514720859734874,0.0,-0.41685115842045284,1.5594277790386546,0.0,-0.4400609111122983,1.6053227929832883,0.0,-0.4756431703114411,1.6628177428113808,0.0,-0.5112254222730324,1.7203126809448073,0.0,-0.47682028311908764,1.6614032998574002,0.0,-0.4711740154840613,1.6694509002150861,0.0
-0.4239268524986746,1.5683025681683296,0.0,-0.4256769643130432,1.5509438001904765,0.0,-0.4303603282206101,1.5488742159653344,0.0,-0.43466400040398706,1.547209923084256,0.0,-0.41175305318198474,1.556891637307531,0.0,-0.4070487764366915,1.5582284743279144,0.0,-0.40258299430349076,1.5594702782213943,0.0,-0.43986345361568996,1.5479068762684136,0.0,-0.3970566396461406,1.56501477679366,0.0,-0.433762926953062,1.572372551708037,0.0,-0.4201652746960514,1.5797046322792527,0.0,-0.4787784818443286,1.582566339549332,0.0,-0.4022793699232291,1.6232640922558785,0.0,-0.5362436405760556,1.6277677595372408,0.0,-0.40491431319792637,1.6966529725871977,0.0,-0.48393951771705856,1.6603465697807414,0.0,-0.42993692668249,1.6434472591864844,0.0,-0.467514035228567,1.6794339687305815,0.0,-0.43678838945595244,1.6367013393491394,0.0,-0.4530842360864114,1.6699560838433194,0.0,-0.4345340068415241,1.6214473458965277,0.0,-0.45742191056232606,1.6649332855591505,0.0,-0.4356376177623,1.6229582702582972,0.0,-0.5323159669870517,1.7089350002886592,0.0,-0.48865679723852684,1.72835183867214,0.0,-0.6237856256163555,1.6912100431480304,0.0,-0.3986016428280875,1.7327381945324205,0.0,-0.6459891148796757,1.7898854354975597,0.0,-0.45080722435005277,1.8181599506711443,0.0,-0.6425081184609065,1.806979343383915,0.0,-0.4612169026900811,1.832059878707672,0.0,-0.674922730699381,1.8194150259110837,0.0,-0.46859178647989225,1.8533707983481287,0.0,-0.41846002743669447,1.5564608407634837,0.0,-0.440528918237972,1.602915216055764,0.0,-0.4755076439357691,1.66077932560571,0.0,-0.5104863623349469,1.7186434234970251,0.0,-0.4368027853174592,1.6262079384550265,0.0,-0.46653273685311286,1.670911557857505,0.0
-0.42422429727885036,1.566321950932286,0.0,-0.42719283851526907,1.5496309478368009,0.0,-0.43191948599057156,1.5477174565353133,0.0,-0.4361366418023078,1.54609321804676,0.0,-0.4130975413986612,1.5548968874108708,0.0,-0.40844341739715917,1.556007490035717,0.0,-0.4039645078356167,1.5569516011730706,0.0,-0.4415984508456121,1.5465085728342227,0.0,-0.39858493640060527,1.5613939091148359,0.0,-0.4342113833497604,1.5710844074981487,0.0,-0.42078535537233275,1.5779354048931964,0.0,-0.47988444437589745,1.581247557970379,0.0,-0.4025920492771192,1.620417787226467,0.0,-0.5350867316888934,1.6291862720999777,0.0,-0.39858996901338467,1.6937448220492946,0.0,-0.48386343355224587,1.6634393576972664,0.0,-0.37342577732884463,1.6406059231056727,0.0,-0.4668994363990612,1.6815105365192382,0.0,-0.3634172412817673,1.6287522760837234,0.0,-0.4544813079439799,1.6712397424638945,0.0,-0.3626927567181776,1.6165022851739046,0.0,-0.45870026225263,1.6662431844327021,0.0,-0.3690234981343663,1.6193326289559122,0.0,-0.532724884815817,1.7069622014338235,0.0,-0.4891159118973786,1.7264915177797584,0.0,-0.6246570952576879,1.691818184837489,0.0,-0.399564225156009,1.7369636882996027,0.0,-0.6474007601292873,1.7903704739991735,0.0,-0.4530789876631479,1.8215714264662426,0.0,-0.6443385661205416,1.807544349238836,0.0,-0.46369416160414995,1.8353150608023916,0.0,-0.6766521560190843,1.8195853105191877,0.0,-0.46841922387385215,1.8579138479221902,0.0,-0.420091701712069,1.5539512460990765,0.0,-0.4412382423792709,1.600832678914266,0.0,-0.476079337387021,1.6587797627417615,0.0,-0.5109203783062873,1.7167268630426973,0.0,-0.36415381926801915,1.6245321871430616,0.0,-0.46608395014047094,1.6733643243328782,0.0
-0.42475141326465027,1.5655408697370492,0.0,-0.4285439240058986,1.5495323643640386,0.0,-0.43336078727985045,1.5477170472925563,0.0,-0.43753941708998195,1.5460359343274415,0.0,-0.41430633925647325,1.5540961549268086,0.0,-0.4096817072666878,1.5549762213759817,0.0,-0.40517681636928804,1.5555935319949918,0.0,-0.4432289179031492,1.5463696174180537,0.0,-0.39995643289563104,1.559403264057402,0.0,-0.4354421186808321,1.570885584492217,0.0,-0.4217034033614928,1.5774745230642593,0.0,-0.48133024182847306,1.5813467695958656,0.0,-0.4031181576915638,1.618646784274699,0.0,-0.5361789390007045,1.6296896414126576,0.0,-0.38908038490031666,1.6907287627256744,0.0,-0.48444288131913016,1.6631632202547817,0.0,-0.3528751542619275,1.6444020922377387,0.0,-0.4669258475745227,1.6836711261450623,0.0,-0.3321083151213361,1.6289019196282726,0.0,-0.45444491191034586,1.6731482413863383,0.0,-0.33297365321202116,1.6184490492314976,0.0,-0.4589733067234891,1.6679203420458195,0.0,-0.3440909878050899,1.6224886559267173,0.0,-0.5344048393039524,1.7054620956456532,0.0,-0.4909691573397477,1.725373857201195,0.0,-0.6266877832093273,1.6926273451784286,0.0,-0.40183768517092566,1.738966194109894,0.0,-0.6492204136280827,1.7912280985082674,0.0,-0.4561135232662533,1.8230877285878142,0.0,-0.6465092260211527,1.8084608720707185,0.0,-0.4671038241537875,1.8365332739082902,0.0,-0.6771981525591706,1.8216648683548964,0.0,-0.47006495022319883,1.8599855893679047,0.0,-0.4215927005413724,1.5528864152596418,0.0,-0.44222419345661024,1.5999967795660577,0.0,-0.4774556164581347,1.6577073787549201,0.0,-0.512686985154662,1.7154179949827342,0.0,-0.33987990341754176,1.6311560494487036,0.0,-0.46730612965003115,1.6741607988673317,0.0
-0.426011979540539,1.5654887775031532,0.0,-0.4301568154776922,1.5495372641078484,0.0,-0.4350103832792313,1.547781040987735,0.0,-0.43916878068337956,1.5461027191509948,0.0,-0.4157663598230962,1.553839729010443,0.0,-0.4110648546898466,1.5546541638632914,0.0,-0.406484142072638,1.5551291129017257,0.0,-0.4449279907996004,1.5466673288928403,0.0,-0.4012743783780456,1.558882695384529,0.0,-0.43733915541344687,1.5708859900369538,0.0,-0.4229026960544979,1.5775554400686036,0.0,-0.4827665702819156,1.5824698216012043,0.0,-0.40362840388903565,1.6177624811787001,0.0,-0.5385003510656856,1.629789569239295,0.0,-0.3743238109643024,1.685098292719523,0.0,-0.4859548443994175,1.661977608541437,0.0,-0.33732253004614626,1.6394049197373015,0.0,-0.4687069593450588,1.6840441180677117,0.0,-0.3143983977632479,1.6229541893558448,0.0,-0.4548431995212204,1.6741997341594532,0.0,-0.3181734239860885,1.6125602175686948,0.0,-0.4594003168731904,1.6689649967119182,0.0,-0.331258932246146,1.6173125604223306,0.0,-0.536150011932741,1.7049326624516723,0.0,-0.49283938195410953,1.7251149826055732,0.0,-0.6286101605125409,1.6934438209086877,0.0,-0.4041934289513055,1.7415790638081712,0.0,-0.6493923029407996,1.7924283174063287,0.0,-0.4590635635902446,1.8253141668926893,0.0,-0.6466952963772503,1.8096633160570643,0.0,-0.4699971202155732,1.8388058955470996,0.0,-0.6751208208790392,1.8247886974889926,0.0,-0.4729571723498881,1.8622338375293008,0.0,-0.42310121217681734,1.552775000820229,0.0,-0.4431974812901039,1.600116155144148,0.0,-0.4788460816318038,1.6575699950430411,0.0,-0.5144946753601147,1.7150238228599806,0.0,-0.3243904637806234,1.6260971830333544,0.0,-0.46934437579155214,1.6737550159698444,0.0
-0.42799728623633543,1.5651287422849616,0.0,-0.43215584964536297,1.5488237492125094,0.0,-0.4369190093397486,1.5471637728177163,0.0,-0.4410468118966686,1.5456447697974285,0.0,-0.41773591125283127,1.5532627310024272,0.0,-0.412891964086617,1.5541872484256833,0.0,-0.40820139919181747,1.5547430249908452,0.0,-0.44675609022619567,1.5464804034212227,0.0,-0.4026636047546077,1.5585338261608819,0.0,-0.4392515461054008,1.5702824616692308,0.0,-0.42428361389744945,1.5770726940136086,0.0,-0.4839010899710553,1.5835772716471548,0.0,-0.40390007518603993,1.6168677933229698,0.0,-0.5407852199859152,1.6295077472536452,0.0,-0.35855132653374855,1.6746290405222544,0.0,-0.48809802384326023,1.6614633337379592,0.0,-0.32178856129809835,1.6287435502632934,0.0,-0.47155238673204997,1.6834452740256582,0.0,-0.3021506314939193,1.612124295607311,0.0,-0.4569887122804868,1.67388496110528,0.0,-0.30972443505177766,1.6008035953366928,0.0,-0.4612197579669119,1.6687365310391225,0.0,-0.3217098854955099,1.6060607146692178,0.0,-0.5368000819671929,1.7050682971714561,0.0,-0.4934920712616829,1.7252562372514186,0.0,-0.6293493486043258,1.69432093468909,0.0,-0.40664151398671955,1.7494668063205132,0.0,-0.6474691473187586,1.7938272203465717,0.0,-0.4619785551912202,1.8328940862390242,0.0,-0.6444325253211619,1.8110056355743627,0.0,-0.4727968438382765,1.8464784166720076,0.0,-0.6715454946918474,1.8274349624838107,0.0,-0.4758326746841478,1.8698285933747312,0.0,-0.42470985592298266,1.5525071145720308,0.0,-0.44390057560940915,1.6002225334941333,0.0,-0.47952331971595,1.6576924084528435,0.0,-0.5151460568880315,1.7151622715290116,0.0,-0.3110312817746599,1.6136235260790515,0.0,-0.4715886095830221,1.6733819844120676,0.0
-0.4298844080656524,1.5642299826167605,0.0,-0.4338582736552182,1.547777262466978,0.0,-0.43849813020098205,1.5462300355443372,0.0,-0.44264614428286114,1.544903695856335,0.0,-0.41964153008272553,1.552412200492457,0.0,-0.41474009244744814,1.5534809276822883,0.0,-0.41000762721713035,1.5541873303280163,0.0,-0.44850881260475384,1.5457281054958054,0.0,-0.4040993295751904,1.5576484928934047,0.0,-0.4405619438190785,1.5692707473274774,0.0,-0.4255724013559524,1.5759724000670712,0.0,-0.4850578614629146,1.5839257369000783,0.0,-0.40436316599617367,1.6154976757637294,0.0,-0.5426138423427553,1.62901145417224,0.0,-0.34970216778725766,1.6645389436628206,0.0,-0.4900264039629741,1.661130941552704,0.0,-0.3116710862713681,1.6196990511249423,0.0,-0.4739854832678511,1.6829589190221896,0.0,-0.29497017679348153,1.602721872909293,0.0,-0.45957802614403637,1.6729309579052527,0.0,-0.30463744604575765,1.590726705584801,0.0,-0.46363925069860906,1.6675662386522079,0.0,-0.3148310853190644,1.5961905584677003,0.0,-0.5365842825714848,1.7052532512569236,0.0,-0.4932282391983654,1.7253378279009202,0.0,-0.629206700138088,1.6951557109863284,0.0,-0.41051346806265293,1.7612187084585067,0.0,-0.6454398273327134,1.794987136761397,0.0,-0.46596172434701516,1.84457211294143,0.0,-0.642039450359417,1.812097264152336,0.0,-0.4771983364649939,1.8578125038221254,0.0,-0.6695517886214636,1.8285693367667957,0.0,-0.4790679940741638,1.8817785658511221,0.0,-0.4263040918479553,1.5516882913444372,0.0,-0.44471050796664574,1.5997117103258087,0.0,-0.4798084000045482,1.6575036163330137,0.0,-0.5149062387291959,1.7152955386274253,0.0,-0.3031551215376506,1.6032123128565177,0.0,-0.4735281067405186,1.673064976154091,0.0
-0.4306911039837277,1.5634434954569458,0.0,-0.43447965500254065,1.547193907578135,0.0,-0.4391055989766216,1.54565715918648,0.0,-0.443370035546606,1.5443761933822304,0.0,-0.4206348992191428,1.5519566341351823,0.0,-0.41585768152241576,1.5530905770614898,0.0,-0.41123865272979176,1.5538806415377127,0.0,-0.44978543706474666,1.544879662283046,0.0,-0.4054362438019197,1.5566597584665531,0.0,-0.4411243770667178,1.5685249386609974,0.0,-0.42646133416215287,1.5750587157908864,0.0,-0.48674178478761554,1.5835353682117832,0.0,-0.40559762362407586,1.613933498238901,0.0,-0.5442436231918049,1.6286901178747413,0.0,-0.3477901844710485,1.65922334987163,0.0,-0.4913856079825247,1.6603623513461365,0.0,-0.30745576483581566,1.6164435214852788,0.0,-0.47570286943481194,1.6823430795906564,0.0,-0.29000004413776187,1.599841446906724,0.0,-0.46101695617070076,1.672345650532831,0.0,-0.2985159413552514,1.5880301218518516,0.0,-0.46528500408339457,1.6665232874757996,0.0,-0.3083411440372906,1.5930329943934916,0.0,-0.5365380642100729,1.7051909193144528,0.0,-0.4931718265168334,1.7252534750906803,0.0,-0.6291833248217176,1.6953051597786903,0.0,-0.4142816035903863,1.7689055504163342,0.0,-0.645216520439372,1.795168890076962,0.0,-0.4698745787481419,1.852162503741443,0.0,-0.641716638622345,1.812258941281143,0.0,-0.4823850104394226,1.8642065272162336,0.0,-0.6705759524720878,1.8278193118410198,0.0,-0.4820127550790446,1.8896959437602028,0.0,-0.42761084115297876,1.550769716814312,0.0,-0.44616969616094937,1.5987344311967397,0.0,-0.4805123148931421,1.6569783232719189,0.0,-0.5148549265826596,1.7152222035338631,0.0,-0.2980696118239333,1.6004362004815946,0.0,-0.4749983210634461,1.6724483689093943,0.0
-0.43052536316147655,1.5631341503476939,0.0,-0.43423184045014074,1.5472179932920456,0.0,-0.4389720019277172,1.545559339503739,0.0,-0.44338180940295674,1.5441800094081608,0.0,-0.4207018128859821,1.5520984002498388,0.0,-0.41614992061419204,1.5532164259582317,0.0,-0.41174524165038306,1.5540154023360118,0.0,-0.45042922757481246,1.5443320246510417,0.0,-0.4064873317618407,1.5561805194586849,0.0,-0.4413113755109393,1.5683115190913532,0.0,-0.4269350363812886,1.5748083897276364,0.0,-0.48865960244486073,1.58293811949228,0.0,-0.4072941619645223,1.6127388962526366,0.0,-0.5457082660014154,1.6286640729913262,0.0,-0.3485964757198282,1.6568688442682984,0.0,-0.49224531960441753,1.6593041367556658,0.0,-0.306162636694175,1.6161705834992965,0.0,-0.47703963542648686,1.6810758601805682,0.0,-0.28640727596918425,1.6005479197775057,0.0,-0.46138062346023556,1.6720907220012797,0.0,-0.29248891956468226,1.589177409468555,0.0,-0.4658988865289536,1.6659880972335455,0.0,-0.30298295817758136,1.5934186452961057,0.0,-0.5370653010040295,1.7049792727716202,0.0,-0.49374374553042544,1.7251381305589117,0.0,-0.6296101775125885,1.694194172521087,0.0,-0.41532246448390975,1.7696271587866048,0.0,-0.646711027373007,1.7938806255869442,0.0,-0.47157875530666704,1.8524373568707508,0.0,-0.6433029756313138,1.8109892259452618,0.0,-0.4853431452004274,1.8630256038180057,0.0,-0.6734635580274084,1.825399714056919,0.0,-0.4837301421835607,1.8899665220792918,0.0,-0.4284582796050398,1.550256268155358,0.0,-0.44797687435289674,1.597838506270685,0.0,-0.48169071710696165,1.6564486012390782,0.0,-0.515404506023061,1.7150587113101692,0.0,-0.29470980319150375,1.601570350664251,0.0,-0.4759565796836254,1.671522645048431,0.0
-0.4303039388848212,1.5630905122443615,0.0,-0.4340619553116116,1.5473144923749682,0.0,-0.4389538958216963,1.5455160868272104,0.0,-0.44344533661210395,1.544043000618648,0.0,-0.4206209645405025,1.5522829834579497,0.0,-0.4162398817340219,1.553353459312157,0.0,-0.4120109899660577,1.554140017642913,0.0,-0.45075660978318166,1.5440930863387654,0.0,-0.40719282245556143,1.5561382859053428,0.0,-0.44162045099692165,1.568288077266428,0.0,-0.4272916529852293,1.5748580059060238,0.0,-0.4899934175794849,1.5825599151991718,0.0,-0.40856113652659304,1.6121775586334979,0.0,-0.5466826909568936,1.6287306756534607,0.0,-0.34907258378999656,1.6552354589033755,0.0,-0.49270031996067704,1.6584460549469833,0.0,-0.3053993391069197,1.6158701591721552,0.0,-0.47789847265532576,1.679661227962563,0.0,-0.2855696324720866,1.6003107913250738,0.0,-0.46162349416541315,1.671574600156298,0.0,-0.291068134548695,1.5887305114103965,0.0,-0.46621614285936935,1.6655032884061245,0.0,-0.30179397166852523,1.5926923785997027,0.0,-0.5376832478855217,1.7048107272323934,0.0,-0.4944272261627446,1.7251098232876163,0.0,-0.6299875765068246,1.6921306849150737,0.0,-0.41513900282107036,1.7680347413765525,0.0,-0.6485350920665216,1.7915581341298792,0.0,-0.4723268862409101,1.8502043534836385,0.0,-0.6452138756194019,1.808683803290705,0.0,-0.4862800750389841,1.8605425315111639,0.0,-0.6763449468236707,1.8221483746124099,0.0,-0.48529272942112817,1.8874599752729457,0.0,-0.428974698842839,1.5501156979836577,0.0,-0.4492772726210094,1.5973687446894171,0.0,-0.4826662477043416,1.6561645163769672,0.0,-0.5160552157273012,1.7149602762579863,0.0,-0.29380699070553723,1.6013804506651348,0.0,-0.4763995194447265,1.6706484684642664,0.0
-0.43054821203249605,1.5630456989936468,0.0,-0.43443076779614365,1.547110724252608,0.0,-0.4394336700343087,1.545249193730168,0.0,-0.44394267812346244,1.5437575370483145,0.0,-0.42094081045930404,1.5520745187633338,0.0,-0.41663642348867225,1.553102996896985,0.0,-0.41249357233032347,1.5538878953196016,0.0,-0.45117179539890906,1.5439575260351341,0.0,-0.4077703042980741,1.5561375534586537,0.0,-0.44221947151522306,1.5681030313355457,0.0,-0.42780350098336395,1.5747423259692315,0.0,-0.4905794079592193,1.5824541156139342,0.0,-0.4091465141559905,1.6120700742665288,0.0,-0.5471483938602673,1.6287721754946431,0.0,-0.3491750554509834,1.65445279271567,0.0,-0.49288624615539534,1.657973536274335,0.0,-0.3055426174167872,1.6150422677855356,0.0,-0.47801731423105,1.6788942213376536,0.0,-0.28713207398990154,1.5985561548605625,0.0,-0.4620651740773371,1.6706753499171563,0.0,-0.2942772200924562,1.586388605298208,0.0,-0.4668693082768519,1.6646174379260124,0.0,-0.30473610061970935,1.5904833817105883,0.0,-0.5379840129217042,1.7047822912379602,0.0,-0.49478985967500194,1.7252127058505193,0.0,-0.6299810736081397,1.6900373470042647,0.0,-0.4152765249297716,1.7677191824313185,0.0,-0.6494637004821883,1.78928579908734,0.0,-0.4730856045058948,1.849452954413478,0.0,-0.6461763775490761,1.8064180064999336,0.0,-0.48694836387777196,1.8599120798626223,0.0,-0.6779434937688352,1.8192533183163762,0.0,-0.48654068522226074,1.8865346917945391,0.0,-0.4294710681228658,1.5500475281536048,0.0,-0.44986295581806446,1.597262100493309,0.0,-0.48312491572248717,1.6561298204148962,0.0,-0.5163869160061803,1.7149975017243575,0.0,-0.29534891049075135,1.599536703197829,0.0,-0.47648610386302037,1.6700421039564353,0.0
-0.43112737242934873,1.5630420831414884,0.0,-0.4350362642691561,1.5468991991892675,0.0,-0.4400948812545372,1.5450237118760228,0.0,-0.4446137475996175,1.5435266036238329,0.0,-0.42155523465011574,1.551796647418654,0.0,-0.41731081499342554,1.5527999999300441,0.0,-0.4132271839748926,1.5535936102856789,0.0,-0.45173740829120607,1.5439058021215406,0.0,-0.40852810762093367,1.5561688443694666,0.0,-0.44295198126985424,1.5679431858125712,0.0,-0.4284832767817495,1.5746367734754716,0.0,-0.4910226466210622,1.582563243097408,0.0,-0.409573663204565,1.6121349238156097,0.0,-0.5476063242318645,1.628863353950652,0.0,-0.3502009658315374,1.6553524374992594,0.0,-0.49320038500382246,1.6577959293915918,0.0,-0.3076709745986663,1.6147546669963286,0.0,-0.47775272074368946,1.6788603653392167,0.0,-0.28842107226014574,1.5980956776442883,0.0,-0.4626080712581556,1.669776376605441,0.0,-0.297206451824585,1.5860565487433496,0.0,-0.46803826716954133,1.6634352702634214,0.0,-0.30797374764992036,1.5899411462809907,0.0,-0.5382058636546395,1.7048922810674922,0.0,-0.495084651268905,1.7254762009644675,0.0,-0.6299378718254359,1.6885793649470855,0.0,-0.41568857773602685,1.7682013043719829,0.0,-0.6491053616314495,1.787889159657055,0.0,-0.47380442435475933,1.849717238615897,0.0,-0.6458222830590931,1.8050221809312617,0.0,-0.4878312992336906,1.859955216135618,0.0,-0.6778846663000709,1.8175691606203879,0.0,-0.48726070528156556,1.8867985404795153,0.0,-0.4301327361992174,1.550037338508906,0.0,-0.45029814730896917,1.5973490825030712,0.0,-0.48347169603570156,1.6562666697782218,0.0,-0.5166452376590562,1.7151842452696509,0.0,-0.29750221990066983,1.5992327269768134,0.0,-0.4766581617067815,1.6696690015087152,0.0
-0.4317653438788728,1.5632605636546122,0.0,-0.43557786044678726,1.5470928131272903,0.0,-0.44064976224203783,1.5451956841403889,0.0,-0.44517557995699053,1.5436566558266898,0.0,-0.4221727938024697,1.5519372069972455,0.0,-0.41800790848490577,1.552926757823077,0.0,-0.4140014487794031,1.5537274148552411,0.0,-0.45222277539618666,1.5440747542669666,0.0,-0.40945943826822606,1.5564265060225078,0.0,-0.4436532333593882,1.568177310121533,0.0,-0.42916861531411865,1.5749259059119884,0.0,-0.491707822474468,1.5829040411307693,0.0,-0.41018509799352554,1.6122718226827408,0.0,-0.5484174725852701,1.6290497713915022,0.0,-0.35221029482470184,1.6573472359352193,0.0,-0.49393709983167466,1.6578419427156723,0.0,-0.31079108046280457,1.61561681770439,0.0,-0.47754214368545583,1.679240639639894,0.0,-0.2885880108558646,1.600145370411607,0.0,-0.46319865335058685,1.669275875146986,0.0,-0.29753732152920204,1.5890562363566154,0.0,-0.4693495429987187,1.662524055211545,0.0,-0.3092728921951101,1.5923286358299023,0.0,-0.5387090198635149,1.7050876213063657,0.0,-0.4956824186413289,1.7258685814190993,0.0,-0.6302703250051085,1.6878423333654096,0.0,-0.4162733931754386,1.768569607497856,0.0,-0.647989581745929,1.7874207242509466,0.0,-0.4748506314416814,1.8497546204064588,0.0,-0.644642380899465,1.8045413337432548,0.0,-0.4891847580003855,1.859557794298753,0.0,-0.6768017529759415,1.8170688207059507,0.0,-0.48825244586983707,1.8868556421486586,0.0,-0.43084110793955394,1.5502506262175049,0.0,-0.45094645138485606,1.5975879274707574,0.0,-0.4840711064139718,1.6565330176365376,0.0,-0.5171957075022422,1.715478122338859,0.0,-0.29882621705208207,1.6014331567651188,0.0,-0.4772290891401859,1.6694805582622345,0.0
-0.4324689986048595,1.563632440775803,0.0,-0.4361901011318619,1.5475720862274798,0.0,-0.4412366543621882,1.5456560874000644,0.0,-0.44571905624971825,1.5440835559743804,0.0,-0.4227809034704914,1.5523833448378606,0.0,-0.4186584123194691,1.553360416801058,0.0,-0.4147117883786005,1.5541603680107716,0.0,-0.45251500303919695,1.5444485688098704,0.0,-0.41029125678775974,1.5568181009335624,0.0,-0.44433487997530735,1.568727151697138,0.0,-0.429790717649956,1.5754900977632085,0.0,-0.4923693527923067,1.58340126142106,0.0,-0.41074908428983026,1.6124968447570893,0.0,-0.5493006236556899,1.6292732924951907,0.0,-0.35393918702095384,1.6590318450756159,0.0,-0.4948970150764562,1.6582102501529785,0.0,-0.3129880140687796,1.6168420292675583,0.0,-0.477170583127613,1.6800438362090133,0.0,-0.2900890459916038,1.6023035200848526,0.0,-0.46344277147175417,1.6695443819064937,0.0,-0.298414978463066,1.5919493732718428,0.0,-0.4698983359480798,1.662595530198718,0.0,-0.3106570879069996,1.594951608055236,0.0,-0.5393768187826824,1.7053254694050812,0.0,-0.49642059520218956,1.7262515194777417,0.0,-0.6308449001079929,1.6875923745239028,0.0,-0.4171987924358723,1.7692988994221217,0.0,-0.6471355724893637,1.7874144261165381,0.0,-0.47640755493946796,1.8500244939176904,0.0,-0.6436284092048858,1.804502984528256,0.0,-0.4909252391203876,1.8595537251871361,0.0,-0.6759159037782,1.8170934315799565,0.0,-0.49002108669396877,1.8870483537576788,0.0,-0.43140311956907723,1.5506333413427633,0.0,-0.4515592123226511,1.597949055961736,0.0,-0.48472895447835634,1.6568687863648353,0.0,-0.5178986900647873,1.7157885046835013,0.0,-0.3002051959863395,1.6033908673865647,0.0,-0.47801526147355516,1.6695953890804804,0.0
-0.43328805985275975,1.5638947525562532,0.0,-0.43700896252404686,1.5478462324782056,0.0,-0.44199792866740784,1.5459584995880318,0.0,-0.44638485287287527,1.5444189359554052,0.0,-0.42348404118852817,1.5525816686007008,0.0,-0.4193247939438595,1.55354015132079,0.0,-0.41537994712495874,1.5543373071344915,0.0,-0.45277233176235343,1.5448067524243458,0.0,-0.4108609577834591,1.5570638254012037,0.0,-0.44500528555493324,1.5691157649657035,0.0,-0.43038561651811363,1.5758489720971287,0.0,-0.4926585642118778,1.5838041835240766,0.0,-0.41100846393476254,1.6128159453598696,0.0,-0.5497611172846842,1.6294628220227576,0.0,-0.3548084882052699,1.6600857392069976,0.0,-0.4956684746885821,1.658976990855734,0.0,-0.31401884666826346,1.617739732696829,0.0,-0.4764460150856242,1.6813150603279161,0.0,-0.29413387649163386,1.6027309805691048,0.0,-0.46276848040374774,1.6707194843599635,0.0,-0.3021183216126244,1.5923285187128675,0.0,-0.46908665981807623,1.6638591739535515,0.0,-0.3139307979995739,1.5956200169549337,0.0,-0.5398513275824619,1.7055928598100487,0.0,-0.49688036746973036,1.7264886321798567,0.0,-0.6312479076438858,1.687494856923702,0.0,-0.4181425835330282,1.7704150744937783,0.0,-0.6470800305084382,1.7873906620228233,0.0,-0.47764592397001704,1.8509237798659925,0.0,-0.6434046697364767,1.8044438360995343,0.0,-0.49211359142962574,1.860528778608402,0.0,-0.6758854629668938,1.8170453057616063,0.0,-0.4916993272888022,1.8877829211940467,0.0,-0.4318166520156591,1.5509352910255456,0.0,-0.45183351104596947,1.5983100762974118,0.0,-0.48509967359194206,1.6571754214073728,0.0,-0.5183658296870011,1.7160407543656078,0.0,-0.3025483940588928,1.6031533379738814,0.0,-0.4786260936410339,1.6701202507619621,0.0
-0.43400991339680006,1.5639395717996452,0.0,-0.43776160054673674,1.5476774650343141,0.0,-0.4426941659479025,1.5458634424437312,0.0,-0.44700938960459047,1.544403442449605,0.0,-0.42414319989329513,1.5522538739341447,0.0,-0.41991665796517263,1.5531817057182704,0.0,-0.4159347823128972,1.5539797828768354,0.0,-0.45315221437770237,1.5449575438191392,0.0,-0.41120861121824265,1.5570940437721488,0.0,-0.4454926710015505,1.5690349634010727,0.0,-0.43087341247530064,1.575783128773386,0.0,-0.49262039650906947,1.5838943246308719,0.0,-0.41107503752186086,1.6131991984188159,0.0,-0.549746740827071,1.6295231929254839,0.0,-0.35574149847327985,1.6614803555994875,0.0,-0.4961319087216063,1.6598966998556015,0.0,-0.31525319857901823,1.6188461358253547,0.0,-0.47593501695208135,1.6825263234767711,0.0,-0.29801830840894433,1.6032687965979104,0.0,-0.4614547188263576,1.6721987644822487,0.0,-0.305839698860833,1.5923639896757522,0.0,-0.46756170901046384,1.665524734469366,0.0,-0.3171346309065761,1.5958669380487343,0.0,-0.540045232029101,1.7058394085999644,0.0,-0.49698952897459586,1.7265600058505994,0.0,-0.6313474219878205,1.687271084385313,0.0,-0.4186054322859961,1.7711145156103683,0.0,-0.6473986670341587,1.78713191516126,0.0,-0.4779208854013542,1.8517617485795774,0.0,-0.6436555977722109,1.804170355682474,0.0,-0.49221534526771193,1.8616226724557967,0.0,-0.6762331963311577,1.8167582675289289,0.0,-0.4923384983719735,1.888479957693195,0.0,-0.4321803955618058,1.5510257981962243,0.0,-0.45184770884897385,1.5985467589720666,0.0,-0.4851825400542806,1.6573732449623377,0.0,-0.5185173643350993,1.7161997190687435,0.0,-0.30532178152002515,1.6031712785922634,0.0,-0.4789548650041004,1.670831239728613,0.0
-0.4342925807170906,1.5638991329249683,0.0,-0.4380526107011567,1.5472977797223673,0.0,-0.44297213695539917,1.5455441078212033,0.0,-0.44729887973640436,1.5441373564097753,0.0,-0.42445681045273487,1.5516853750177382,0.0,-0.4202125132837667,1.552567348946653,0.0,-0.41620504742958303,1.5533620847613159,0.0,-0.4535685682763856,1.544891964987327,0.0,-0.41140432471873567,1.5570721972227821,0.0,-0.44562353262025506,1.5686227504535653,0.0,-0.43106557091134073,1.5754876373276363,0.0,-0.492515311022417,1.5836828980166273,0.0,-0.4111826967324889,1.6135731481468278,0.0,-0.5496384140800441,1.6293158240027354,0.0,-0.35770616579559494,1.6639033708892417,0.0,-0.4964369709916301,1.6604077296735253,0.0,-0.3172734974241679,1.6212163886529332,0.0,-0.47614908030827535,1.6829429808479086,0.0,-0.2987279075165011,1.606742707489504,0.0,-0.46065343056200164,1.6728693075814813,0.0,-0.30592195255743204,1.5950885092006304,0.0,-0.4666654321557922,1.666320290181622,0.0,-0.3173911097416243,1.5984334044264041,0.0,-0.540122724997054,1.7059748545000515,0.0,-0.4969936532936879,1.7265423018367212,0.0,-0.6313521275134943,1.687052151947514,0.0,-0.41875307704191383,1.771348363719143,0.0,-0.6474099449033783,1.7869119260884214,0.0,-0.47788485389819746,1.8521303674680525,0.0,-0.6436823573522232,1.8039537603190188,0.0,-0.49210548193908044,1.862097470391488,0.0,-0.6761931024533876,1.8165881906081371,0.0,-0.49224935271147346,1.8888693878431972,0.0,-0.4324864768471921,1.5509820638688663,0.0,-0.451848997697039,1.5986280260412686,0.0,-0.4852035640565632,1.6574433244628355,0.0,-0.5185581703111841,1.716258584448862,0.0,-0.3062706709727072,1.606274099532571,0.0,-0.47916333444911735,1.6711890317147795,0.0
-0.43417697249322285,1.5638849788512972,0.0,-0.43795635056643484,1.5470395018556924,0.0,-0.44289842455986256,1.5452894459573852,0.0,-0.44727352033763895,1.5438791438722559,0.0,-0.4244500911539081,1.5513057100060974,0.0,-0.4202450757043902,1.552137631139235,0.0,-0.41623586648686284,1.5529156590233526,0.0,-0.4538544244032881,1.5447476747871958,0.0,-0.41153967521005025,1.5571053095654612,0.0,-0.44553211688162503,1.568216182026142,0.0,-0.43099632014836525,1.5752183410526102,0.0,-0.4924778385822395,1.583390467771676,0.0,-0.4113630954781296,1.6138670104108004,0.0,-0.5497233318730268,1.628869763444326,0.0,-0.3603905031494392,1.6667316064429152,0.0,-0.4967330621900478,1.660320223915617,0.0,-0.31901664261274704,1.6249562214851787,0.0,-0.47677761075045794,1.6826597090041933,0.0,-0.29685121120764646,1.612707453405588,0.0,-0.46110815706144787,1.6724194075270935,0.0,-0.3029893823264561,1.6000923236360851,0.0,-0.4670119482462623,1.6659266469319887,0.0,-0.31500432291482466,1.6034300608887873,0.0,-0.5401785663314137,1.706009238791013,0.0,-0.49703088908124277,1.7265376255726321,0.0,-0.6314675541387449,1.6873761161189695,0.0,-0.4191658942850943,1.7719932472163502,0.0,-0.6470743401673265,1.7873073735945861,0.0,-0.4784020809880152,1.85269872007146,0.0,-0.6433444514090856,1.804348704315684,0.0,-0.49267160803338017,1.8625956893280102,0.0,-0.6757188163594601,1.8171175198215184,0.0,-0.4923829267701397,1.889585443909426,0.0,-0.4326970501474763,1.5509264868850408,0.0,-0.451920461736608,1.5986287443983869,0.0,-0.4852625880709879,1.657451095906569,0.0,-0.5186047074801152,1.7162734355313423,0.0,-0.3057085876682028,1.6120244827130552,0.0,-0.47942430994148355,1.6710450590521309,0.0
-0.4342591695664653,1.5638960998176774,0.0,-0.43802720903640796,1.5469651253344372,0.0,-0.4429545090732789,1.5451988651660222,0.0,-0.4473146035948216,1.5437761186150525,0.0,-0.4246031766352303,1.551194499387483,0.0,-0.42041349272304723,1.5520035418353824,0.0,-0.41637612446756056,1.5527686977376534,0.0,-0.45400950422012826,1.5447071180712904,0.0,-0.4117092108493926,1.5571502912796318,0.0,-0.4455608007544388,1.56803254474686,0.0,-0.4310057650915203,1.575048361204924,0.0,-0.49245091211305425,1.5832729350597943,0.0,-0.4114646764379731,1.6140893402891578,0.0,-0.549848447918798,1.6285601928749267,0.0,-0.3623170366631031,1.6686547156374973,0.0,-0.497049209573701,1.6603303136664616,0.0,-0.31910169819280243,1.6287872646909662,0.0,-0.4773617296072861,1.682650090480606,0.0,-0.2948680371171294,1.6178580114664314,0.0,-0.46236988840166243,1.6719429813352686,0.0,-0.3001132370632281,1.6047815542040482,0.0,-0.46807579968928487,1.6654973326323326,0.0,-0.3122936475332628,1.608539812803668,0.0,-0.5401829156356234,1.7060863242880553,0.0,-0.49703073829449407,1.7266052498608166,0.0,-0.6316685662987898,1.6884440943231223,0.0,-0.4198910592042898,1.7732811629582739,0.0,-0.6469599964502553,1.7884240930964908,0.0,-0.47900645026588307,1.8540751584251716,0.0,-0.6432151840483,1.8054621505846216,0.0,-0.4931406696132585,1.8641644223231861,0.0,-0.6753588424634671,1.8184683334681604,0.0,-0.4929818739335837,1.8909639369030526,0.0,-0.43285935926071245,1.5509287093594208,0.0,-0.45195778896055605,1.5986811428889791,0.0,-0.48528230206676776,1.6575134745755935,0.0,-0.5186068085415809,1.7163457942122935,0.0,-0.30467007738291124,1.6171226809059798,0.0,-0.4797755051373902,1.6711115069285527,0.0
-0.43487578465519855,1.5639180948473512,0.0,-0.43852166689414435,1.5469395570819133,0.0,-0.443355006453201,1.5452084957291035,0.0,-0.4476336481442504,1.5438114070014888,0.0,-0.4251906893993879,1.5511307256088758,0.0,-0.4209344490488827,1.5519697639741035,0.0,-0.41679304191966493,1.5527605395939397,0.0,-0.45412525704405327,1.5448429307641147,0.0,-0.41175526566207055,1.5571966444050958,0.0,-0.445771149660086,1.5680968977667107,0.0,-0.431293214639136,1.5749344386894841,0.0,-0.49232137398316683,1.5834190650646585,0.0,-0.4113540621476078,1.6142851567220624,0.0,-0.5496368680614531,1.6288101101677166,0.0,-0.3618124810307743,1.668493112068024,0.0,-0.497223780287039,1.6612133256699262,0.0,-0.3169161685094309,1.6305286517654913,0.0,-0.4778479761877627,1.6834966173671824,0.0,-0.29328502879845414,1.6196610168243069,0.0,-0.4633590050639863,1.6725628930052985,0.0,-0.29788834296109806,1.6075256420996602,0.0,-0.4689189357034689,1.6661972783570445,0.0,-0.3096679532654522,1.6115529514838276,0.0,-0.5401260369334211,1.7062855315549392,0.0,-0.49692597647326203,1.7267034524133198,0.0,-0.6318127755167844,1.6897200697942614,0.0,-0.4202840150149511,1.7741921952630086,0.0,-0.647564990061711,1.7896285065137423,0.0,-0.47844394235488596,1.8556766846808337,0.0,-0.6439458836924149,1.8066937077133298,0.0,-0.49198671604955574,1.8665469506949877,0.0,-0.6755322861712832,1.8200748721870421,0.0,-0.49329369268074574,1.8922222638873747,0.0,-0.43294024757675237,1.5510197856400585,0.0,-0.45183770893217223,1.5988521060867518,0.0,-0.48518185409836684,1.6576733132197716,0.0,-0.5185259926249798,1.71649450830745,0.0,-0.30238364832955295,1.6189900187745823,0.0,-0.4800089072802288,1.6720882114379232,0.0
-0.43538840476583396,1.5639854653774714,0.0,-0.4387809471178494,1.546966838951556,0.0,-0.4435272509422166,1.5453228630464824,0.0,-0.44779521231672254,1.5439540892972123,0.0,-0.4256097244711051,1.5510381470586119,0.0,-0.4212761210838699,1.5519402614059665,0.0,-0.41699792658838725,1.5528036060223305,0.0,-0.45411796446230895,1.5450541036053962,0.0,-0.4112419838673975,1.5574000354437327,0.0,-0.4457156039698027,1.5683568299252375,0.0,-0.4315297172411557,1.5748588277665803,0.0,-0.4920686954813872,1.583687541739074,0.0,-0.41105890591396255,1.6144419754734423,0.0,-0.54897762794341,1.6295872829476998,0.0,-0.35810645146266573,1.6653232908055844,0.0,-0.4969829967182747,1.6626577904837698,0.0,-0.3126485300273191,1.6280331245032658,0.0,-0.4780473578558224,1.684601897288485,0.0,-0.2907919134763051,1.6179562384196315,0.0,-0.46336734523916323,1.6739440371186793,0.0,-0.29435904290589426,1.607879866903163,0.0,-0.4688546608219917,1.6677247950994811,0.0,-0.3055012260384122,1.6113588728227375,0.0,-0.5400432507458353,1.7064989096567909,0.0,-0.4967621257489125,1.726744426072569,0.0,-0.6318396150645781,1.6905521214767492,0.0,-0.4197456393396768,1.7736233315077121,0.0,-0.6487836965045514,1.7902653407355589,0.0,-0.47643155539159365,1.8561400333639133,0.0,-0.6455064119781119,1.807399471265803,0.0,-0.4891315535367762,1.8679839959472664,0.0,-0.6761523501804652,1.8212509443340152,0.0,-0.492466009763425,1.892181547167853,0.0,-0.43268000538767143,1.551227046314071,0.0,-0.45156379601612523,1.5990647654956485,0.0,-0.4849832362892567,1.6578432261532778,0.0,-0.5184026697647615,1.7166216748551704,0.0,-0.29782494059410575,1.6168708939737981,0.0,-0.47977299692168346,1.673540386686373,0.0
-0.4348127177243661,1.5642950820947628,0.0,-0.4378539638821821,1.5472654484781025,0.0,-0.442648195879469,1.5456879382744872,0.0,-0.4470860688429802,1.5442830618947399,0.0,-0.4248859843998827,1.5511432721648064,0.0,-0.4205911995439333,1.5520884525880339,0.0,-0.41626041537729674,1.553044571700894,0.0,-0.4537262899403114,1.5452401373887448,0.0,-0.41002591443946984,1.5579343735628126,0.0,-0.44492599426472307,1.5687694265809216,0.0,-0.43122557866646527,1.5748578271535518,0.0,-0.4918300287352278,1.5838780721942867,0.0,-0.41078261872547694,1.6145332272386097,0.0,-0.5482561775248145,1.6303700346153474,0.0,-0.3523837212332016,1.6590578210495843,0.0,-0.49626216965586717,1.6634415221938479,0.0,-0.3070611504714999,1.621603265870978,0.0,-0.4775489263958913,1.6848817786991854,0.0,-0.28708448901813294,1.6148475832580396,0.0,-0.462576933089104,1.674753212607746,0.0,-0.28897698652620735,1.606774557107404,0.0,-0.4677887242955797,1.6687840361321435,0.0,-0.29946456533067195,1.6088384864319136,0.0,-0.5399729528164087,1.7065943916794248,0.0,-0.49664672536285553,1.7267432062992425,0.0,-0.6318035335080646,1.6908458360240084,0.0,-0.4183431145737941,1.7714390169644072,0.0,-0.6499651484127934,1.790344497999194,0.0,-0.474040025765362,1.8546264754397614,0.0,-0.647058814883315,1.807545435424524,0.0,-0.48629942413742105,1.8669259288470743,0.0,-0.6767285824220904,1.8218543287575906,0.0,-0.490535013372036,1.8904595583121238,0.0,-0.4318761289417434,1.5515872447291545,0.0,-0.4513063172809231,1.599205651948409,0.0,-0.4848080723284774,1.6579372348845391,0.0,-0.5183098205616617,1.7166688058744677,0.0,-0.2909198213538505,1.6124494858652547,0.0,-0.47899556792099135,1.6742340871177557,0.0
-0.4330598063327451,1.564946428070546,0.0,-0.4357128625713128,1.5479668976226437,0.0,-0.4406864611912971,1.5463899081945578,0.0,-0.4454019360760658,1.544891342899864,0.0,-0.42292723770934965,1.5516491144026634,0.0,-0.41881125273783343,1.5525943410359317,0.0,-0.41457761988461445,1.5536423044512708,0.0,-0.45284802468693747,1.5454656530939237,0.0,-0.4086941980651154,1.5587464806349662,0.0,-0.44355145182078504,1.569275029031526,0.0,-0.4304254512603764,1.5749707831833324,0.0,-0.4918543687504924,1.5839301366541771,0.0,-0.4108005694139236,1.614568393999976,0.0,-0.5480799997634577,1.6306643987557636,0.0,-0.34719751889915107,1.6512770121646638,0.0,-0.49570588083726475,1.66313056285989,0.0,-0.30047080110270535,1.6155895778488147,0.0,-0.4769467727769701,1.6843251820103449,0.0,-0.2823436396117786,1.6142779807709673,0.0,-0.4621491017725348,1.6746230240446462,0.0,-0.2828953435722453,1.6079103876496144,0.0,-0.46682153368597085,1.668942551874806,0.0,-0.29275428138531995,1.608106135722308,0.0,-0.5400141265854196,1.7065887065682095,0.0,-0.4967157849897294,1.7267973762672135,0.0,-0.6318479387808835,1.6908590055841872,0.0,-0.41659956003370846,1.7681563106395752,0.0,-0.6505460081174148,1.7902582520294505,0.0,-0.4722784426684221,1.8513558370349816,0.0,-0.6477466068030964,1.8074769156005899,0.0,-0.48474270392608987,1.8634476356548773,0.0,-0.6766830704338324,1.8222895618350219,0.0,-0.48831851412769267,1.8873948513370322,0.0,-0.43077107727945596,1.5521060852593278,0.0,-0.4513274636958294,1.5992492703712342,0.0,-0.4848461790294624,1.6579711755500748,0.0,-0.518364934347903,1.7166930420695172,0.0,-0.28247635066374616,1.6110581379587472,0.0,-0.47843732832534663,1.6739200061843025,0.0
-0.4310079598974864,1.5656614771850392,0.0,-0.4332750482147725,1.548879883335114,0.0,-0.43843946279509055,1.5472522024928583,0.0,-0.4433847175050541,1.5456647910695211,0.0,-0.42068261629991105,1.5524536074432023,0.0,-0.4168092017393937,1.5533901661019969,0.0,-0.41278284851735,1.5545363576581546,0.0,-0.45170662864981587,1.5457866800352111,0.0,-0.40799744838180696,1.5595534401226896,0.0,-0.44217676745098694,1.5697446513195699,0.0,-0.4296348982838433,1.5751868709515084,0.0,-0.49235497346238266,1.5838836952542525,0.0,-0.4112791406912513,1.614463599448799,0.0,-0.5487010259707549,1.6304726982883342,0.0,-0.3442730158061824,1.6445143882942204,0.0,-0.49619212339235963,1.6627204159586386,0.0,-0.2921863487528318,1.6172387904208443,0.0,-0.4774266675849867,1.6841857295930638,0.0,-0.27504766486754095,1.6212551495136505,0.0,-0.462862475814564,1.6746748924412875,0.0,-0.27564424541366606,1.6173251439467087,0.0,-0.4673070455189006,1.669078678747952,0.0,-0.28516580025759464,1.6158709616845288,0.0,-0.5403264657051043,1.706550806910672,0.0,-0.49707489807610916,1.7268593916367203,0.0,-0.6321322576671927,1.6906583836337694,0.0,-0.4151303279959277,1.7644660185526684,0.0,-0.6505931892761223,1.7901019454913896,0.0,-0.4713009123841874,1.847334375682224,0.0,-0.6475509352467538,1.8072793641948932,0.0,-0.48416956812460504,1.858994868896412,0.0,-0.675756046160429,1.822904101942036,0.0,-0.48676459521285664,1.8836244426104654,0.0,-0.42985203092200003,1.5526700757058838,0.0,-0.4518170521797662,1.599173653698772,0.0,-0.48525883958903016,1.6579394029097152,0.0,-0.5187006668567844,1.7167051136143292,0.0,-0.27376626071814675,1.6194825709074132,0.0,-0.47905350553567894,1.6737150860796677,0.0
-0.4295122042207794,1.566107655770977,0.0,-0.4313894399917525,1.5496224317675797,0.0,-0.4366695385894931,1.5479050131512415,0.0,-0.44173338783104144,1.546246877678404,0.0,-0.41905986592532984,1.5532747849772155,0.0,-0.4154286203451814,1.554249863658366,0.0,-0.4116426892864833,1.5555166891033725,0.0,-0.4506352410971612,1.546002430300943,0.0,-0.4079897583730805,1.5601305015690432,0.0,-0.4411972914688766,1.5700085024362955,0.0,-0.42918333785596907,1.575425354532729,0.0,-0.49323498506921815,1.5837346887445352,0.0,-0.4120633739418253,1.6140594434354383,0.0,-0.549603033446174,1.6302970765608733,0.0,-0.34412421638793755,1.6419367021459639,0.0,-0.4974922587202758,1.6631842671127852,0.0,-0.28576291812254107,1.634799616686608,0.0,-0.4781983506886394,1.6851828572486562,0.0,-0.26777305228006865,1.6416238524379818,0.0,-0.46327560279507574,1.6758134904410604,0.0,-0.269357304743182,1.6409947924445367,0.0,-0.4682370112607583,1.6699749138743252,0.0,-0.2790807616990184,1.638887782601564,0.0,-0.5409103198271988,1.7064451852294926,0.0,-0.4976365092272038,1.7267063311027289,0.0,-0.6326527750888195,1.690191125491445,0.0,-0.4144399783623058,1.761455549880525,0.0,-0.6506784903440254,1.7897144975220296,0.0,-0.4709740687475036,1.8440763450121895,0.0,-0.6472500296877037,1.8068190197434406,0.0,-0.48409911330319355,1.8554474754737864,0.0,-0.6744598507805896,1.8235316193714568,0.0,-0.48625419990279245,1.8804440784603862,0.0,-0.4293125099775498,1.553066459261523,0.0,-0.4526491742706928,1.5988970715710253,0.0,-0.48596128857420245,1.6577364246102948,0.0,-0.5192733962503718,1.7165757655973928,0.0,-0.2684083381893169,1.641368691919758,0.0,-0.48039733685684954,1.6742467550603917,0.0
-0.42901722865573594,1.5662347037039968,0.0,-0.43048255735254176,1.5498870825316098,0.0,-0.4357591942831748,1.5480448640810782,0.0,-0.4408156925888268,1.5463042543116765,0.0,-0.4183251597481939,1.5538782063843577,0.0,-0.41486733272267606,1.5549800665108209,0.0,-0.41128894981291786,1.5563958477155764,0.0,-0.44982303077420027,1.5458360610557653,0.0,-0.4081355499494373,1.5605480001696583,0.0,-0.4408055688704116,1.5699507303455975,0.0,-0.42911290552052866,1.575575040182745,0.0,-0.4938729130759401,1.5835081218563447,0.0,-0.41260490244892484,1.613573577928179,0.0,-0.5497034070040465,1.6307137230571511,0.0,-0.347790894764946,1.6480991494699608,0.0,-0.4976269197595827,1.6636551805417292,0.0,-0.2912428775365357,1.664201971322423,0.0,-0.4766618759635877,1.6854806308748642,0.0,-0.27208268916997674,1.6709325114391067,0.0,-0.4612539376355264,1.6767127325315598,0.0,-0.27439827023257696,1.6721287741894209,0.0,-0.46657599403902855,1.6707684123175788,0.0,-0.2843036003498614,1.6705024879123997,0.0,-0.5414458151900453,1.7062359602883181,0.0,-0.4980862645976259,1.7263129642571426,0.0,-0.6331203537370699,1.6896031151441884,0.0,-0.41436068801324283,1.7597673926521054,0.0,-0.6512135510138541,1.789114241170896,0.0,-0.4709236061085296,1.8423684547543329,0.0,-0.647563451703458,1.806172840114506,0.0,-0.48420346180066903,1.85355839824657,0.0,-0.6738696926883971,1.8236953064930608,0.0,-0.48611293735458266,1.8787742051322551,0.0,-0.4289792845329552,1.553192033562016,0.0,-0.4532389032675691,1.5985408574039406,0.0,-0.48650246655928153,1.657407671336649,0.0,-0.5197660232432548,1.7162744732062665,0.0,-0.2740562007893494,1.6711985659558986,0.0,-0.48023116312257486,1.6742383107088197,0.0
-0.4299329250577552,1.566173392885024,0.0,-0.4309043327051462,1.5495843977866923,0.0,-0.4359917458674234,1.5476453055220185,0.0,-0.44084098880600686,1.5458476793496685,0.0,-0.41849707825136706,1.5541185000091653,0.0,-0.41500507587864177,1.5554426423213987,0.0,-0.411523603078917,1.557022057311248,0.0,-0.44930061690791895,1.5453615233581703,0.0,-0.4080976551262523,1.5610167834714792,0.0,-0.44129360373810106,1.5696023733669757,0.0,-0.42951690881107585,1.575582845997237,0.0,-0.4934282283220489,1.5833854164447385,0.0,-0.4122892135347925,1.6137972805676999,0.0,-0.5482524973552653,1.6317559897508245,0.0,-0.3585914918594609,1.6638914455894285,0.0,-0.49537410985403735,1.663394198932146,0.0,-0.3070895618399128,1.692255689424551,0.0,-0.474634826976027,1.6832592321081454,0.0,-0.2901360392516094,1.6988532744276026,0.0,-0.460074606611926,1.676032389958217,0.0,-0.2927749198837582,1.697838350767075,0.0,-0.4638634596514022,1.6709547781584664,0.0,-0.30173260745481967,1.6966984943501546,0.0,-0.5414877986833228,1.7060681380533433,0.0,-0.49811269150236726,1.7261115108478933,0.0,-0.6331004949079755,1.6890979746525983,0.0,-0.41394909239711775,1.758448170218829,0.0,-0.6520174420380798,1.7884557982100653,0.0,-0.4702952686755787,1.8411972341571405,0.0,-0.6484279180120955,1.8055272463080319,0.0,-0.48370290400214966,1.8522337516111744,0.0,-0.6744422777565688,1.8231873051942369,0.0,-0.48533549355221883,1.8776648373131202,0.0,-0.42869911868294874,1.5531891560565285,0.0,-0.4528587130136707,1.5985913468271256,0.0,-0.48632947454445247,1.6573405982946925,0.0,-0.5198002295004506,1.716089837679558,0.0,-0.28979886781866293,1.6989911251447527,0.0,-0.4777603587204207,1.6736103999927459,0.0
-0.43238489440950884,1.565688118707747,0.0,-0.43275698806652546,1.5489249032531118,0.0,-0.4374722375333679,1.5470080717339838,0.0,-0.441889214324443,1.545272481729544,0.0,-0.4196012343069386,1.553985863359439,0.0,-0.4157721206476919,1.5555711719768808,0.0,-0.41219644375468634,1.557275890390086,0.0,-0.4490644927656031,1.5449751971982646,0.0,-0.4079919333639262,1.5614820772961049,0.0,-0.4427524274926605,1.5691688902664322,0.0,-0.4304606780582298,1.5754822823781616,0.0,-0.49159112523662113,1.5834812050994316,0.0,-0.4109642260632966,1.6152258791373664,0.0,-0.5457114869651742,1.6326380894937509,0.0,-0.3734146859438235,1.6783361217225572,0.0,-0.4942189476798115,1.6664850766990613,0.0,-0.3255165184074503,1.71243516380198,0.0,-0.4819839481131152,1.6830154681675464,0.0,-0.3153125551317241,1.7222807762707082,0.0,-0.4702850778743291,1.678112462583108,0.0,-0.3181993048984506,1.7160066988640403,0.0,-0.4701213006867279,1.6750812469365257,0.0,-0.32489631357306237,1.7139145807594576,0.0,-0.5407663844481282,1.7061264174805868,0.0,-0.4975455480086466,1.726500322688286,0.0,-0.6322983864031843,1.6887262688174831,0.0,-0.4125040033092154,1.7564520610143952,0.0,-0.6526397405842697,1.7878022866062475,0.0,-0.46852151168880873,1.839423971434804,0.0,-0.6492525392079588,1.8049150271737604,0.0,-0.48194175718730936,1.8504451516494398,0.0,-0.675383922826736,1.822325510796845,0.0,-0.4838096988974867,1.8757883190317888,0.0,-0.42852822048829614,1.5532286343502621,0.0,-0.45127766986154616,1.5993535460380766,0.0,-0.4852167885481887,1.6578334797608834,0.0,-0.5191559466301867,1.7163133747189785,0.0,-0.3107837764883204,1.7237170302088192,0.0,-0.4781517797221779,1.6789935181259048,0.0
-0.4349680457575821,1.5644075441446514,0.0,-0.4353031696151531,1.5482954457623044,0.0,-0.43962974579919056,1.5465006072223968,0.0,-0.44355321482461013,1.5449334709193372,0.0,-0.4212846226615378,1.5536423112353952,0.0,-0.4169368569988663,1.555412573258778,0.0,-0.4130765286638967,1.5571290987453923,0.0,-0.4490034645088713,1.5447718249938795,0.0,-0.40786692633215843,1.5614658712363045,0.0,-0.44450446046702957,1.5688128502263035,0.0,-0.4315269267389292,1.5752097243300678,0.0,-0.4889013957986778,1.5834561857584146,0.0,-0.40904207471526866,1.617085191633953,0.0,-0.5437161611825008,1.6318375285767195,0.0,-0.38293612612277644,1.6857244670557676,0.0,-0.5205967295388154,1.6889566324335206,0.0,-0.3432267108579879,1.7290850651075163,0.0,-0.5264992358718769,1.7028106524598963,0.0,-0.3402421440056988,1.7448735581504704,0.0,-0.5185138347800328,1.7002113607841611,0.0,-0.3425225689075027,1.7344303429490546,0.0,-0.5134638066563362,1.6995202017793198,0.0,-0.34693061236103107,1.7299429650045528,0.0,-0.5392983662945356,1.706272768958884,0.0,-0.49628648795779784,1.7270841850060072,0.0,-0.6307806411064207,1.6886130421591503,0.0,-0.41082414307076187,1.7558132392896135,0.0,-0.6529833202271272,1.787288616799802,0.0,-0.46652637352998116,1.8389971360830326,0.0,-0.6498495146495721,1.8044495691479898,0.0,-0.4798179857671686,1.850173112402789,0.0,-0.6759493643393808,1.8216646499075766,0.0,-0.4826089383942185,1.8750172075941987,0.0,-0.4284352310092377,1.5531188322760285,0.0,-0.4489717265659992,1.6002706856355928,0.0,-0.4833820711762013,1.6584745910823668,0.0,-0.5177924089269452,1.7166784846076666,0.0,-0.3400361226440596,1.7473649540821954,0.0,-0.523659005669884,1.7090871430580594,0.0
-0.43591609714594887,1.5628662314479977,0.0,-0.4372306936641045,1.5478515653128764,0.0,-0.44132220357255797,1.546127555814424,0.0,-0.4449074108254346,1.544673010151784,0.0,-0.42273565389475126,1.5532559420378744,0.0,-0.41795815639776007,1.5550637047955245,0.0,-0.4137552229340198,1.5566763292382768,0.0,-0.44877811506911314,1.544257464451725,0.0,-0.4074635737635517,1.5605611901856968,0.0,-0.4454448589823301,1.5683770240734287,0.0,-0.43196995834370394,1.5745162012286629,0.0,-0.48632604134530505,1.5826485167536426,0.0,-0.40722535106376456,1.6180250908820666,0.0,-0.5439914704390993,1.627594163088015,0.0,-0.39050227355594386,1.6895317993856258,0.0,-0.5888845600623843,1.669804477574012,0.0,-0.3671133261387189,1.7434756244519947,0.0,-0.6131264720170811,1.6822097301185994,0.0,-0.36658246888253215,1.7634144702005936,0.0,-0.6079808216733251,1.681115627621881,0.0,-0.36669258263661675,1.752540595846508,0.0,-0.5991607583052985,1.6820784120088281,0.0,-0.3701838814933803,1.7458078901649046,0.0,-0.5374800520128233,1.70608059690003,0.0,-0.4944938565338701,1.7269450095250245,0.0,-0.6290798734522904,1.6890410761422086,0.0,-0.4110694664842691,1.7611435781861997,0.0,-0.6533655837960652,1.7872247421152114,0.0,-0.4665643620931065,1.8444659384818274,0.0,-0.6505812924271416,1.804445855449361,0.0,-0.4797701287858221,1.8557432222248689,0.0,-0.6764338201329374,1.8215322822004316,0.0,-0.4832035844876216,1.880232273524543,0.0,-0.42812082940010515,1.5524093444848723,0.0,-0.4467756878976944,1.6003368019537352,0.0,-0.48138131561394426,1.6584248123845822,0.0,-0.5159869361828322,1.7165128110647472,0.0,-0.3665048286166524,1.7620218888964345,0.0,-0.6067469330595864,1.6795794775237003,0.0
-0.435492090798857,1.5614812010030525,0.0,-0.4379214700477381,1.5474669432360149,0.0,-0.44190486042368404,1.5456440994018716,0.0,-0.44534335078921494,1.544117468226484,0.0,-0.42350149052656966,1.552967437749852,0.0,-0.41854599188860353,1.554730826335067,0.0,-0.4141199765180479,1.5562446768411942,0.0,-0.44820891637330557,1.5430904376921222,0.0,-0.40684045627319243,1.5592192903873603,0.0,-0.44526816642070594,1.5676598125631263,0.0,-0.43168278030788093,1.5734337460907353,0.0,-0.48479612023812335,1.5808424912367152,0.0,-0.4064050346955088,1.617764827396966,0.0,-0.5473089365875965,1.6187576680006832,0.0,-0.4020325421839659,1.6910707070491608,0.0,-0.601638504616721,1.6478333998521741,0.0,-0.38564951662158364,1.747538180850448,0.0,-0.6321227230735214,1.6575523354887247,0.0,-0.3820289710459396,1.7671125751011008,0.0,-0.6284909859682691,1.656827122595627,0.0,-0.37980974917462185,1.7582187890097631,0.0,-0.6183253882554396,1.6587296425201792,0.0,-0.38388250513744293,1.7508655411738425,0.0,-0.5361054989483056,1.7054321904148684,0.0,-0.49292058993984494,1.72588213784442,0.0,-0.6279909619469912,1.6900070730760712,0.0,-0.4152077968614915,1.7715974825941,0.0,-0.6540337222839586,1.7877393739025185,0.0,-0.47065192992779453,1.854953629772315,0.0,-0.6516146124352046,1.8050155693874725,0.0,-0.4839942639736011,1.8660690031251816,0.0,-0.6771906633866357,1.821987102486469,0.0,-0.486804231110684,1.8909424837521118,0.0,-0.4275246974570407,1.5511548595635225,0.0,-0.44560057342469167,1.5993036667449765,0.0,-0.48005680143579327,1.6574804213527823,0.0,-0.5145130225973489,1.7156571640330893,0.0,-0.3801116427468796,1.7652488032851712,0.0,-0.6209957712801477,1.654150932632348,0.0
-0.43495513993585533,1.5606439933857037,0.0,-0.437907762091642,1.5473031420183871,0.0,-0.4417870234906375,1.5452445649495246,0.0,-0.44515687895632283,1.543504533005698,0.0,-0.42387804393441403,1.5531528313908556,0.0,-0.41894651070496114,1.554917306180729,0.0,-0.41449424742595076,1.5564594977731288,0.0,-0.44758032714424206,1.541846555072527,0.0,-0.4065485524103868,1.5586713164708883,0.0,-0.4447795238672053,1.5670160164408848,0.0,-0.4314076117965555,1.5726987787498246,0.0,-0.4848290418741662,1.5786967965716976,0.0,-0.40730327305784214,1.6174030799055168,0.0,-0.5534590392233266,1.603902674871018,0.0,-0.41539934596506123,1.6903916015087563,0.0,-0.6099237178059114,1.6285773626602578,0.0,-0.3968251607510563,1.746176713928761,0.0,-0.6318632934946494,1.633288410653367,0.0,-0.3881538541594988,1.7626414662079106,0.0,-0.6289489115723954,1.6319028163975804,0.0,-0.38536782331810354,1.7554115985013876,0.0,-0.620554458916659,1.6343051014180598,0.0,-0.3905679862277819,1.749032350767622,0.0,-0.5358568197717625,1.7048249736046281,0.0,-0.4925052854334196,1.7249192809191891,0.0,-0.6280029130493615,1.691042011329612,0.0,-0.4193962577794772,1.7776851887491143,0.0,-0.6549566590731121,1.788527002821057,0.0,-0.47497570334890604,1.8609511745660434,0.0,-0.6527458046518957,1.8058310816934753,0.0,-0.4885832163532273,1.8717402890987904,0.0,-0.6777053249470063,1.823047272741072,0.0,-0.48972938850540926,1.8975356414691527,0.0,-0.4270644341157735,1.5502589346063853,0.0,-0.44606614851749776,1.5980499355876374,0.0,-0.4801235701486839,1.6564610514585527,0.0,-0.514181031376679,1.7148721283218353,0.0,-0.38538319116973346,1.760785462204282,0.0,-0.6299049423350133,1.6324972681980479,0.0
-0.43498503929788696,1.5610185340907048,0.0,-0.4379146375150024,1.547956844713498,0.0,-0.44171113703770193,1.545645001260353,0.0,-0.4450367188281494,1.543677485858066,0.0,-0.4242329180735007,1.554310442860896,0.0,-0.4194122243407206,1.5561617425818244,0.0,-0.4150793688087373,1.557844514705684,0.0,-0.44730680269823425,1.5415383515092183,0.0,-0.4068582988504198,1.559746527766715,0.0,-0.4448434933546655,1.5672213880346604,0.0,-0.43171046838186017,1.5731743453897913,0.0,-0.48610503608688543,1.5772922980083082,0.0,-0.409648550864994,1.6180700746469976,0.0,-0.5591835818856957,1.5795146798200361,0.0,-0.42434144374758065,1.6900213747122945,0.0,-0.6135823385690303,1.6084607575549974,0.0,-0.40118730218573817,1.7440664008720705,0.0,-0.6199660625731397,1.6094464319706596,0.0,-0.3890632313933375,1.757703578268302,0.0,-0.6169011425129073,1.606920518063134,0.0,-0.3868215889120392,1.7510143612757088,0.0,-0.6131993840718583,1.6090617260296443,0.0,-0.3928364132318164,1.7459627892324252,0.0,-0.5366274072407764,1.7049019463015869,0.0,-0.4933897914329491,1.7252402179881066,0.0,-0.6288211446358951,1.6914413615996367,0.0,-0.41679012378193486,1.7727971509146025,0.0,-0.6558817713971368,1.7888967384143033,0.0,-0.4726307013605313,1.8558882398445167,0.0,-0.6537586959055172,1.8062118062268062,0.0,-0.4864093622396142,1.8664579090419293,0.0,-0.6772891333133474,1.8242644594347646,0.0,-0.4860186645276004,1.8929942620851061,0.0,-0.427082559656502,1.5506424317537737,0.0,-0.4478767887471065,1.597681191957697,0.0,-0.48144268550735814,1.6563761406341377,0.0,-0.5150085753433383,1.7150710774272167,0.0,-0.38653505466883803,1.7554526134460984,0.0,-0.6339112541509039,1.6072987832124928,0.0
-0.4353885592896184,1.5626541941383285,0.0,-0.43808083108934553,1.5495432763517503,0.0,-0.44195257479811856,1.5470544602731162,0.0,-0.4453141787760944,1.5449248843409595,0.0,-0.4245363501716232,1.5562919962872033,0.0,-0.41987502727083564,1.5582628192144017,0.0,-0.41571998032935076,1.5601035336823743,0.0,-0.44758928461092035,1.5424545401086638,0.0,-0.40748731613887934,1.562022503430092,0.0,-0.44559261930538374,1.5685158110152173,0.0,-0.4323637393123804,1.5747978923545334,0.0,-0.4876641769108314,1.577276108578634,0.0,-0.41217161948901637,1.6198119167171197,0.0,-0.5560922058299032,1.5515269785887376,0.0,-0.4269591818062634,1.6917438198134447,0.0,-0.5156273698013389,1.5979995209133455,0.0,-0.39818671527363375,1.743018806831536,0.0,-0.5090885625350696,1.5993842595073042,0.0,-0.3849991693798394,1.7549995835678072,0.0,-0.5044746823735374,1.5958424181420845,0.0,-0.38206617768936674,1.748759898305112,0.0,-0.5061351951997097,1.5970316490685024,0.0,-0.3885484919085331,1.7442636167887269,0.0,-0.5377157501736051,1.7058539669101664,0.0,-0.49481901223682523,1.7269016886473028,0.0,-0.6296514932583225,1.6907314109469924,0.0,-0.41026388555189236,1.7582002749558892,0.0,-0.6562995482091131,1.7883004078575866,0.0,-0.46621079388531805,1.8412198064638507,0.0,-0.6543747251726697,1.8056386338098882,0.0,-0.47989672023446117,1.8519092789732563,0.0,-0.676026548434514,1.8246321611389769,0.0,-0.4790407103246071,1.8785224563488492,0.0,-0.42753830447716495,1.5522385240413772,0.0,-0.44991789412425265,1.5985440193116225,0.0,-0.4830926333608065,1.6574609362543524,0.0,-0.5162673658495065,1.7163778412131832,0.0,-0.3823077140492902,1.7526204480555534,0.0,-0.49528464949119,1.5971114198545489,0.0
-0.4356964706168105,1.5647878366417654,0.0,-0.4380260115899767,1.5511489754263985,0.0,-0.4421570484805338,1.5485881079827464,0.0,-0.4456666809027756,1.5463841847315136,0.0,-0.4245187174857113,1.5580664221893885,0.0,-0.42006374030077936,1.5601364227884131,0.0,-0.41608193646875163,1.562103589461753,0.0,-0.4482415510573668,1.5439111543388577,0.0,-0.4080586063358726,1.5643887432973027,0.0,-0.4464800136171956,1.5701932245945232,0.0,-0.4327428761905326,1.576577635785502,0.0,-0.48878437412453674,1.578281420674929,0.0,-0.41387631084497867,1.6218383174398028,0.0,-0.5539150087799705,1.5450637557003053,0.0,-0.4268726646435854,1.6941153225679,0.0,-0.4941521712295323,1.5600805260871433,0.0,-0.3917780948547263,1.7412889412059864,0.0,-0.4832024459878021,1.563040177123727,0.0,-0.3786483068838248,1.7522039797869629,0.0,-0.47626113475897425,1.5588158169369384,0.0,-0.37330461154788497,1.7469817526779847,0.0,-0.4803103842693995,1.559606069993783,0.0,-0.3803120441979122,1.7421965186553197,0.0,-0.5387147439895921,1.707255797031937,0.0,-0.49608768205947146,1.7288444585732747,0.0,-0.6301350064548663,1.689277805871108,0.0,-0.4071780446017551,1.7438193482476103,0.0,-0.6559786313929175,1.7870629532139497,0.0,-0.4627537711702757,1.8270878163507955,0.0,-0.6544730632839407,1.8044426047514206,0.0,-0.4759990965527334,1.8383186114284527,0.0,-0.674616267933143,1.8239653831960962,0.0,-0.475721308571476,1.8643428484676838,0.0,-0.4281500594003839,1.5541499627027884,0.0,-0.451330335893031,1.6000598712925382,0.0,-0.48436576986831176,1.6590550111560451,0.0,-0.5174011967307415,1.7180501392399958,0.0,-0.3753518822438236,1.7499210749711036,0.0,-0.47382514623949146,1.561275117298328,0.0
-0.43553099677082624,1.5666059228701725,0.0,-0.4373320058952569,1.5518463387730843,0.0,-0.44175759060787056,1.5492855568527615,0.0,-0.44546112203766447,1.5470869309264816,0.0,-0.42395103854034893,1.5587779707550202,0.0,-0.4196988507445002,1.5608990099353512,0.0,-0.41583569296931927,1.5629508836878419,0.0,-0.44869226821650504,1.5451030894736357,0.0,-0.4083329695410513,1.5661219205572041,0.0,-0.44677552993979763,1.5713996527195373,0.0,-0.4324628741646898,1.5776996365499918,0.0,-0.48948979648948865,1.5792984390170506,0.0,-0.4148251616591441,1.6232713114014121,0.0,-0.5608096090792193,1.5632081571938008,0.0,-0.4281886898987883,1.6954813300645712,0.0,-0.5003025466519638,1.5748698698191093,0.0,-0.38852911169720505,1.738887516040181,0.0,-0.49448397094595686,1.5773814834168394,0.0,-0.37545408940305514,1.7494644351421362,0.0,-0.486216898920139,1.5731397315932836,0.0,-0.3678817802799918,1.7451551861708083,0.0,-0.4879240034243063,1.5746727117322648,0.0,-0.37538295665157906,1.739819942375406,0.0,-0.5397202899255761,1.7083650619012976,0.0,-0.4971055997894554,1.729978134346994,0.0,-0.6305993936106179,1.68782580512794,0.0,-0.40719108196506965,1.736652745798554,0.0,-0.6557098379091291,1.7858017898279228,0.0,-0.46200378192991975,1.8204254566681057,0.0,-0.6547544145191876,1.803220348581179,0.0,-0.4746499287687594,1.8323269008113183,0.0,-0.673874554343846,1.8229392898950936,0.0,-0.4752506760808283,1.8575820743779639,0.0,-0.42851263844465615,1.5556125007189745,0.0,-0.45215747619404084,1.6012848837616844,0.0,-0.4852852031487736,1.660228247529479,0.0,-0.518412923365215,1.7191715993079948,0.0,-0.37192863876521814,1.7471795901179872,0.0,-0.4799561270116462,1.5756687446075965,0.0
-0.43493047115970485,1.5677266166554513,0.0,-0.4362323862744312,1.551713108813906,0.0,-0.440839873550274,1.5491622654255734,0.0,-0.44468742179457116,1.5470089878462723,0.0,-0.42305174040247195,1.5586281426293156,0.0,-0.41892418596993036,1.560743929746472,0.0,-0.4150928370409984,1.5628218063559354,0.0,-0.44861676876880474,1.545719771621048,0.0,-0.4082907963577463,1.5670914591930525,0.0,-0.4463870821599589,1.5719127960541854,0.0,-0.43181798528632354,1.5781467937974345,0.0,-0.49022760079122435,1.5797706446218691,0.0,-0.41547335871918756,1.6235910108037634,0.0,-0.5632099749875299,1.5841279251563702,0.0,-0.43122360398690013,1.695318275190135,0.0,-0.583913537590258,1.6421663834446982,0.0,-0.3901647503270824,1.7374033041222672,0.0,-0.5884961457350915,1.644528825416722,0.0,-0.37747940624196646,1.7493113956537534,0.0,-0.5808216203511222,1.6416051643113088,0.0,-0.3693608132496583,1.7448398038429138,0.0,-0.5775629370809615,1.6436716137869016,0.0,-0.3766418342407177,1.7388635279101534,0.0,-0.540794859222577,1.7087081587630528,0.0,-0.4980528892937229,1.7300684191205882,0.0,-0.6312883136499214,1.6865314308437989,0.0,-0.40797472493350956,1.7339536809026923,0.0,-0.6566020505187328,1.7844550884375412,0.0,-0.4621396671911333,1.8181466627604366,0.0,-0.6561515355809355,1.8018940121195093,0.0,-0.4744209011317695,1.8304243130021918,0.0,-0.6743689829954929,1.8217845264825887,0.0,-0.4752604561306102,1.855347997976899,0.0,-0.42845379381791127,1.5564056036796055,0.0,-0.45285047733227407,1.601680837069338,0.0,-0.4861371711457782,1.6605345747621636,0.0,-0.5194238580410934,1.7193883005674,0.0,-0.3740965574438346,1.7466848649578268,0.0,-0.5968959595517231,1.6578530565503014,0.0
-0.43438465821536026,1.5681890122970672,0.0,-0.43550848013322463,1.551454949643878,0.0,-0.4401761793204983,1.548884469074268,0.0,-0.44407753556329915,1.5467689228313939,0.0,-0.4224079063712276,1.5584459639808501,0.0,-0.4183118362065357,1.5605364557936172,0.0,-0.4144424475905157,1.5625905677894225,0.0,-0.448327949461131,1.5459018601194627,0.0,-0.40812054351550114,1.5674838180979371,0.0,-0.4459639183026305,1.5720816738707908,0.0,-0.43146050998262364,1.5783657557252122,0.0,-0.4912265448715195,1.5800395504406983,0.0,-0.41589430422598844,1.6228586433713517,0.0,-0.5624768909122493,1.5964347029578962,0.0,-0.43341621726493784,1.6941738117845375,0.0,-0.611931136487305,1.633195792978911,0.0,-0.3929871838653414,1.7368642367349996,0.0,-0.625091451955107,1.6382549470981218,0.0,-0.38194524158667215,1.7519021945448257,0.0,-0.618863956462028,1.6375803717311759,0.0,-0.37462522878534665,1.7461915822674003,0.0,-0.6116900341323135,1.638907056247812,0.0,-0.38072963247446634,1.7391387921033645,0.0,-0.5418269896814775,1.7084083775368906,0.0,-0.498996074390111,1.7295897233686488,0.0,-0.6321042271986268,1.6853672633782677,0.0,-0.4088471394290495,1.7311195857831743,0.0,-0.6585921493154856,1.7829798546394935,0.0,-0.4628720777393704,1.8154024737524186,0.0,-0.6583400782832648,1.800422775355056,0.0,-0.47517953163227566,1.827653840257324,0.0,-0.6758287266811133,1.8205571248318786,0.0,-0.4751311439573954,1.8528966031561531,0.0,-0.42822424415906235,1.5566928397668753,0.0,-0.45356042022214055,1.6014491030994575,0.0,-0.48698597147122014,1.660224088842927,0.0,-0.5204115160431151,1.7189990625621636,0.0,-0.3786989755389394,1.7487040550148039,0.0,-0.6303593525158924,1.6418569619018277,0.0
-0.4340643451122467,1.5682869702677122,0.0,-0.43532982621683264,1.5514343062758689,0.0,-0.4400192639992736,1.5488108805892615,0.0,-0.4439213839266655,1.5467025945498138,0.0,-0.4221625535677587,1.5586430804582192,0.0,-0.41806927986991804,1.5607290230562296,0.0,-0.41414515980560473,1.5627470534923034,0.0,-0.44812628595291387,1.5458773850960517,0.0,-0.40793271253581304,1.5675713790150971,0.0,-0.4458428236301043,1.5722059063290301,0.0,-0.4315123056226041,1.5786120666023828,0.0,-0.4921112324812739,1.580545625239475,0.0,-0.41585854091764385,1.621703227567379,0.0,-0.5611817058937557,1.6045181624343896,0.0,-0.4329267587794156,1.6931283395474708,0.0,-0.6081137960348016,1.6444490910477314,0.0,-0.3945464987039962,1.73766972211043,0.0,-0.6243211693567703,1.6517761399737738,0.0,-0.3862412421447932,1.7562352650264357,0.0,-0.6189203591215126,1.6523780475261305,0.0,-0.3800959085453192,1.7492712593671529,0.0,-0.6103562892372764,1.652927101194885,0.0,-0.3847847739116248,1.740771168489844,0.0,-0.5426780863715198,1.707890481556938,0.0,-0.4998083713648444,1.7289931887573684,0.0,-0.6329452979841108,1.6848101205743578,0.0,-0.4096531241701747,1.7278966684022992,0.0,-0.6602418571241031,1.7821996777656544,0.0,-0.46396380677858434,1.811995710718361,0.0,-0.6597295981983754,1.7996368969730767,0.0,-0.476521227878046,1.8239907337652042,0.0,-0.6771606237841741,1.8199211062790983,0.0,-0.47504298067838585,1.849855271597746,0.0,-0.4280294945889065,1.5567243899609677,0.0,-0.45398487761520845,1.6011244239356472,0.0,-0.48761407183182315,1.6597831293576992,0.0,-0.521243213692735,1.718441848942458,0.0,-0.38337175968379117,1.7524838843178503,0.0,-0.6258438504248865,1.6544620908196386,0.0
-0.4334938448060826,1.5683051153910152,0.0,-0.4348455721831671,1.5515590294198551,0.0,-0.43958890309892984,1.5488709004857715,0.0,-0.4435188041740814,1.5467418855024666,0.0,-0.42169691181192287,1.5589385145508552,0.0,-0.4176388484256506,1.5610033030339496,0.0,-0.41366761956393105,1.5629784424935753,0.0,-0.44775398506353287,1.545782259410814,0.0,-0.40751444892776834,1.5675232591385084,0.0,-0.44545149693704666,1.572236898833618,0.0,-0.43137525055251036,1.5787502595296765,0.0,-0.49216067644251044,1.5811828152448753,0.0,-0.41512693375768644,1.620859303094085,0.0,-0.5585778894544791,1.6117469552247392,0.0,-0.4304471880986732,1.6926796378835653,0.0,-0.6068600443633956,1.6500344683626078,0.0,-0.3957715043517405,1.7401620144116987,0.0,-0.6231208340666516,1.6550846216444748,0.0,-0.39027280791919894,1.7608608923311437,0.0,-0.6180357175476314,1.6548112081330144,0.0,-0.3851919983490828,1.7536029061205964,0.0,-0.6093087954338764,1.6561966014346705,0.0,-0.3889038483972382,1.7440282821433544,0.0,-0.5429730944890415,1.7074923981168362,0.0,-0.5000482087132319,1.7284826553109338,0.0,-0.6334543866024255,1.6852660998894893,0.0,-0.4098956411173263,1.7271843835802259,0.0,-0.6601877510038285,1.7828117569869824,0.0,-0.4645147376551034,1.8110834506624476,0.0,-0.6591332756948165,1.8002246000838855,0.0,-0.47727849662712496,1.822858672930738,0.0,-0.6777792986008008,1.8202241651898265,0.0,-0.47498805957159956,1.8491150687231528,0.0,-0.42763418557767896,1.556652773226628,0.0,-0.45364379840263047,1.6010210610647997,0.0,-0.4875772413216438,1.6595042883792352,0.0,-0.5215106314750267,1.7179875304090935,0.0,-0.3878653213327107,1.7569497022854668,0.0,-0.6260296480000279,1.6569004198277724,0.0
-0.4323814375864074,1.5683271080976762,0.0,-0.4334974631269293,1.5517380338068825,0.0,-0.4383383287742508,1.549030244234067,0.0,-0.4423659650013979,1.5468796452943432,0.0,-0.42053315201950636,1.558927411391137,0.0,-0.4165067149548046,1.56088884797344,0.0,-0.41246207740391055,1.5628005893314885,0.0,-0.44697559905518547,1.5457497553993655,0.0,-0.4065634387067498,1.5673571563627855,0.0,-0.4442616286844316,1.5720777268489845,0.0,-0.4306133492189254,1.5786484754556587,0.0,-0.4910444745698364,1.5817045643109104,0.0,-0.4136370926385724,1.6206470658051333,0.0,-0.5541271147447516,1.6186639115122352,0.0,-0.428037965502945,1.69265738133763,0.0,-0.6102824121152403,1.6440348145738737,0.0,-0.3967465507570345,1.742435152353176,0.0,-0.6276574313198917,1.6445845847068128,0.0,-0.39375778013619595,1.763372275886716,0.0,-0.6233345808066113,1.642156178652828,0.0,-0.3896029192913213,1.7563877986937997,0.0,-0.6142969339724609,1.645412445609021,0.0,-0.39256644774355937,1.7465992102559524,0.0,-0.5422099105422283,1.7073996457891698,0.0,-0.49923391578965925,1.7282850615371954,0.0,-0.6329646124180391,1.6863175054132216,0.0,-0.40911203716313116,1.730971685151776,0.0,-0.6585632411086836,1.7841670746506915,0.0,-0.4637614237537847,1.814851025332392,0.0,-0.6570096391496907,1.8015424982094914,0.0,-0.47657163162610344,1.8265756991799447,0.0,-0.6782025430200926,1.8205463084912399,0.0,-0.47454163057353455,1.8527967969704195,0.0,-0.4267694985893363,1.5565534584985874,0.0,-0.45234077593836547,1.6011758149999396,0.0,-0.48653131716941156,1.659509110087548,0.0,-0.5207218974285861,1.7178423663584408,0.0,-0.39157142564206204,1.7602551488212406,0.0,-0.630625116800088,1.643146355676313,0.0
-0.431278596618351,1.5682723170889463,0.0,-0.4320379694196432,1.5518867020578748,0.0,-0.43697795881778195,1.5492443618612743,0.0,-0.4411260959962788,1.5471064695335415,0.0,-0.41916255924533047,1.558565161647528,0.0,-0.4150896685608041,1.5603852630474668,0.0,-0.41092783253941695,1.5622552714582005,0.0,-0.4461996908520194,1.5458373435881965,0.0,-0.4052456473004933,1.5671069123005639,0.0,-0.4427771634554217,1.571813996542113,0.0,-0.42964643155707233,1.5784918882606158,0.0,-0.48922666171058987,1.5821437084525576,0.0,-0.41175050888994996,1.6209492099206857,0.0,-0.5488753030421484,1.624421982119833,0.0,-0.4266681481752132,1.692854249525016,0.0,-0.6097994850163102,1.6336601743515564,0.0,-0.39534552573623183,1.7426123890362732,0.0,-0.6290444054243793,1.6333544062919085,0.0,-0.39486721081575427,1.7629973552422908,0.0,-0.6255201895644166,1.6288184025678805,0.0,-0.3918418455037662,1.7554408003491746,0.0,-0.616460726836942,1.6329146168255806,0.0,-0.39397340638284767,1.7459798508677549,0.0,-0.5406573690253672,1.7075418241266673,0.0,-0.49772095785814774,1.728508495584473,0.0,-0.6315765418352682,1.6871806706484913,0.0,-0.4081890899933311,1.73914877707784,0.0,-0.6565115802680282,1.7852014431875642,0.0,-0.46266788843156353,1.823139012728162,0.0,-0.6546368264598309,1.8025451544701396,0.0,-0.47547006286150195,1.834872457764848,0.0,-0.6783624159990681,1.8202969103058104,0.0,-0.4742177475379883,1.8608576447142726,0.0,-0.4257226668079289,1.5564721336950056,0.0,-0.4504885766492423,1.601546457147795,0.0,-0.48483889065496855,1.6597858111376693,0.0,-0.519189151580058,1.7180251804680713,0.0,-0.39313661610173084,1.7610366912565492,0.0,-0.6299444522982125,1.6306944895539646,0.0
-0.4308619133932042,1.5681399055268461,0.0,-0.4314198541531848,1.5518459078247653,0.0,-0.436405098893738,1.5492735129742778,0.0,-0.4406287182237246,1.5471575651371083,0.0,-0.4184347839121805,1.5582006178672718,0.0,-0.4142924764644135,1.5599652553305583,0.0,-0.4100540248882788,1.561876940350644,0.0,-0.4459334284899087,1.5458706062443466,0.0,-0.40429462754955503,1.5669934328807327,0.0,-0.44186191411918463,1.5715839717238005,0.0,-0.4292199727507527,1.5785819191603894,0.0,-0.4875754025677822,1.5824868201310618,0.0,-0.41023807631294923,1.6215682628863337,0.0,-0.5447923401641386,1.628002036148132,0.0,-0.42498262541655935,1.6935089951183369,0.0,-0.606011296407738,1.635026247233751,0.0,-0.39226283513301624,1.742359731529139,0.0,-0.6244849636607678,1.6388134259324993,0.0,-0.39395178578190576,1.7625952381249803,0.0,-0.620220839154293,1.6327354309004325,0.0,-0.39278160944225504,1.7530467343678953,0.0,-0.6123917395010219,1.635845230578044,0.0,-0.39437762488574324,1.744077069267334,0.0,-0.5396236341145012,1.7074959492980288,0.0,-0.4968410573074309,1.7287747612406144,0.0,-0.6306272426907107,1.6875155643791506,0.0,-0.40881567388038054,1.7482863687126258,0.0,-0.6547406059177348,1.7857416999270868,0.0,-0.46324893894470726,1.8323061212611005,0.0,-0.6525932567414328,1.8030537741647314,0.0,-0.476187305402442,1.8438892156649664,0.0,-0.6768702846045707,1.8206620114321432,0.0,-0.4753813259798591,1.8698414330236421,0.0,-0.4251140143982568,1.5564320303424732,0.0,-0.4489067356789228,1.6020275491908786,0.0,-0.4835695579401905,1.6600814480981325,0.0,-0.5182323273292342,1.7181353625562177,0.0,-0.3935843172731391,1.760868861142138,0.0,-0.6263520845652784,1.6359575528965975,0.0
-0.4308540315306478,1.5681603037174416,0.0,-0.43135306735540463,1.5517761420489167,0.0,-0.4363143873778151,1.5491299653015087,0.0,-0.4405812550885406,1.54694369151996,0.0,-0.41843004768571285,1.5582939811260972,0.0,-0.41435106194749605,1.5600867466549568,0.0,-0.41018638904840726,1.5620670233479765,0.0,-0.4460071812996976,1.5456735940987338,0.0,-0.40426542100144724,1.5672017564692327,0.0,-0.441558999771741,1.5715603591027534,0.0,-0.42946318646863746,1.5790166986975085,0.0,-0.4866496073688421,1.5824366704035864,0.0,-0.40975145092150256,1.6223753075245573,0.0,-0.5429895932894668,1.6290330095671914,0.0,-0.4213690771344709,1.6948866958957731,0.0,-0.599511811226475,1.6535756056892894,0.0,-0.40083383214457446,1.7499800969278536,0.0,-0.6142570378481848,1.6622395742117917,0.0,-0.4034485420313808,1.7703728901415683,0.0,-0.6073700328116242,1.6556193271822686,0.0,-0.4049039676433851,1.7585039909564464,0.0,-0.6013751468550838,1.6571807135383296,0.0,-0.4065133330630102,1.75029442762483,0.0,-0.5401215303567477,1.7068732758500909,0.0,-0.4975496020441508,1.7285704562127058,0.0,-0.6312933283900792,1.6876749478299768,0.0,-0.4107171034473151,1.7528457140084865,0.0,-0.6536886950318568,1.7863069687145774,0.0,-0.4654676001948787,1.8366590916385832,0.0,-0.6511285449157839,1.8035628272640052,0.0,-0.47880699749713623,1.847777989163789,0.0,-0.6738989464237366,1.8223721399060442,0.0,-0.4777211200477226,1.8741550340256985,0.0,-0.4251362965590236,1.5564376678797456,0.0,-0.44820052106134817,1.6024059882003872,0.0,-0.4835180625867489,1.6600639250872675,0.0,-0.5188355505264897,1.717721878669154,0.0,-0.40501336782010633,1.7680595237886367,0.0,-0.617913550674162,1.6622928861371713,0.0
-0.43049871109985544,1.5683961751799542,0.0,-0.4310340452650603,1.5523740971700999,0.0,-0.4359327572983579,1.5494869194613257,0.0,-0.44025208155487094,1.5470702075265732,0.0,-0.41856145023687935,1.559125102028176,0.0,-0.4146638173642884,1.560847034003198,0.0,-0.41067633114501395,1.5627477283943163,0.0,-0.44589314132062596,1.5454088603661034,0.0,-0.4047671885707759,1.5674336486832712,0.0,-0.44142429402970246,1.5721929736822595,0.0,-0.42991685109973626,1.579793043216013,0.0,-0.48644213200335545,1.5818308245435593,0.0,-0.41020586083693567,1.6230188344338194,0.0,-0.5435173311046309,1.627523652039083,0.0,-0.4132755799720244,1.696390814826727,0.0,-0.5806357566211381,1.6767102623319927,0.0,-0.4286193089289359,1.753149506722978,0.0,-0.592582655308482,1.6877418511320015,0.0,-0.43097938315793105,1.773301939566441,0.0,-0.5827760635014343,1.6821281221180446,0.0,-0.43522512735836616,1.7602558260191117,0.0,-0.5774176899698952,1.682926794563467,0.0,-0.43675726071755655,1.752983364604845,0.0,-0.5415749633220373,1.7057748775988595,0.0,-0.4992305567549827,1.7279128076833221,0.0,-0.6330670637948518,1.6881661267496113,0.0,-0.4124001500586109,1.7521955469555655,0.0,-0.654273679516775,1.7870605524793894,0.0,-0.46775498096230017,1.835611024293372,0.0,-0.6511080832082397,1.8042156690020503,0.0,-0.48164411060374296,1.8460351060450997,0.0,-0.6733280163570095,1.8237495573987337,0.0,-0.47984601313512776,1.873159677868135,0.0,-0.42533017700480275,1.5564212455560587,0.0,-0.44832398781377214,1.6024248279108717,0.0,-0.4843633704460669,1.6596343491895271,0.0,-0.5204027461400784,1.7168438585844745,0.0,-0.4344172261078832,1.7707767115627568,0.0,-0.5938805449613107,1.692176049571303,0.0
-0.4298275592928819,1.5682817485496197,0.0,-0.43071108616394527,1.5541749251730927,0.0,-0.4355284876176517,1.5510014685889673,0.0,-0.4398585120658134,1.5482433887964653,0.0,-0.41855437650972344,1.5607227752720032,0.0,-0.41470436879809935,1.5621512129271846,0.0,-0.41079008926212346,1.563735772506917,0.0,-0.4454599385420285,1.5452519774224542,0.0,-0.40476204908281116,1.566991434027113,0.0,-0.441562408706283,1.5739754140225084,0.0,-0.4302676216305035,1.5810112090628154,0.0,-0.486604592115083,1.5808405020640925,0.0,-0.4107936791565838,1.6228062818909827,0.0,-0.5466087544168541,1.6226126619729198,0.0,-0.39649489537987925,1.6948369383148458,0.0,-0.5757656885361734,1.6768986945935924,0.0,-0.42772321698833377,1.7446543153392904,0.0,-0.5883115092166742,1.688674643941351,0.0,-0.42991981635209225,1.7643061185114215,0.0,-0.5769416477994198,1.6852850504027725,0.0,-0.43652440578387197,1.75169034161831,0.0,-0.5704745429347599,1.6858177768249527,0.0,-0.43731412305614703,1.744902222213895,0.0,-0.5424526005520777,1.704559228608513,0.0,-0.5003427187742097,1.7271400738671552,0.0,-0.6343083782945442,1.6889583103430683,0.0,-0.4132835501041477,1.7505894257579595,0.0,-0.6567945584617066,1.7875696671549985,0.0,-0.4691746531103597,1.833646537245292,0.0,-0.6529648776593282,1.8045888495045292,0.0,-0.4834405815418698,1.8435486929979823,0.0,-0.6777245013395888,1.8232219928227775,0.0,-0.4811180762860432,1.8712424025382794,0.0,-0.425110984359253,1.5561217072222049,0.0,-0.4486991298296108,1.6018233955746497,0.0,-0.48504838880023987,1.6588365326374006,0.0,-0.5213976408318071,1.7158496578137168,0.0,-0.4347932874634061,1.761810897095426,0.0,-0.5872220297454386,1.6937322099485168,0.0
-0.42915555906122677,1.5672811131788067,0.0,-0.43126497701082467,1.5565925375120009,0.0,-0.4359610862412888,1.5531750039118593,0.0,-0.4401738958002583,1.5500694971472875,0.0,-0.4186388241108532,1.5628050449819444,0.0,-0.41455657788482103,1.563856120813632,0.0,-0.41048203860358917,1.56502363696166,0.0,-0.44495768723073503,1.544794337012525,0.0,-0.40368589603843125,1.5655400130466126,0.0,-0.4423406834601483,1.5765363159660688,0.0,-0.43052530700496366,1.582569807475799,0.0,-0.4867128857893946,1.5795704083531314,0.0,-0.4107669380118094,1.62129131697512,0.0,-0.5523340462087807,1.6118082144540293,0.0,-0.37623157672413876,1.6861001088406964,0.0,-0.5825853471103799,1.6654920941451616,0.0,-0.4133042840245459,1.7317355500842635,0.0,-0.5972728098195592,1.6782478258525328,0.0,-0.41636229264675717,1.7514088706942041,0.0,-0.5859246452550444,1.6771713973403541,0.0,-0.4246872272525043,1.7403195835083196,0.0,-0.5779169050156029,1.6768963751070267,0.0,-0.42457409319621897,1.7332924609849796,0.0,-0.5419519149119384,1.7032968647425908,0.0,-0.5000140346159139,1.7261955745799837,0.0,-0.6341203425521936,1.689664054991057,0.0,-0.4136668129681178,1.7521441442385883,0.0,-0.65966028679997,1.7875289579880989,0.0,-0.46973876346206284,1.8350792726925478,0.0,-0.6553141748672042,1.8044236415886448,0.0,-0.48401664119077265,1.8449641910092318,0.0,-0.6837493253402765,1.8211276046363853,0.0,-0.48169865046256277,1.8726699038021366,0.0,-0.42432178963863454,1.5551671808132128,0.0,-0.44873990278579934,1.6004308602408401,0.0,-0.484861433334508,1.657588549629658,0.0,-0.5209829565359754,1.7147462273924097,0.0,-0.42174865631107256,1.7482590718264344,0.0,-0.5946736534292242,1.6818776928052466,0.0
-0.42840347707485443,1.5654167768650882,0.0,-0.4325894770727495,1.558007891908452,0.0,-0.4371212626913932,1.554378144038601,0.0,-0.44113607450904985,1.5510016462201328,0.0,-0.4188600047400137,1.5645438869283197,0.0,-0.4144617614410082,1.565391903587461,0.0,-0.41010481548997424,1.5662690149660747,0.0,-0.44457970968941174,1.5433275392973633,0.0,-0.4020065360436071,1.5635062494064373,0.0,-0.443418182375404,1.5782791357707144,0.0,-0.4305898219063365,1.5836882795083431,0.0,-0.48647010392155954,1.5778091516755501,0.0,-0.41017236174569366,1.6188831792227147,0.0,-0.5569630455303067,1.5972039453153821,0.0,-0.365214590914665,1.6769492581694654,0.0,-0.5850309562527336,1.6520609643066557,0.0,-0.4056609373732253,1.7196232805042633,0.0,-0.6009168697747561,1.665930056492815,0.0,-0.4103230516316753,1.7399512391121046,0.0,-0.5904708108998132,1.6665754346615298,0.0,-0.41965311042751235,1.7306549821257495,0.0,-0.5817079588971169,1.6649307243158784,0.0,-0.4193071892110668,1.7231970153926002,0.0,-0.5405288131245839,1.7018410686059717,0.0,-0.49859069714837123,1.724739346801207,0.0,-0.6329572834752984,1.6901000965837938,0.0,-0.41517746878332046,1.7589651307563041,0.0,-0.6609541179695315,1.787290658106518,0.0,-0.47114797733201974,1.841968753187317,0.0,-0.65635932889934,1.8041194113667904,0.0,-0.485192493145582,1.852182517338016,0.0,-0.6868100162974216,1.8195493523772195,0.0,-0.48327987847463133,1.879504221999466,0.0,-0.4232930978628363,1.5534169140117742,0.0,-0.4483212257218596,1.598346166630387,0.0,-0.48394046403236785,1.6558182145113274,0.0,-0.5195597407247995,1.71329022242416,0.0,-0.41514758107028726,1.7355712517057187,0.0,-0.597262185785189,1.668340154004917,0.0
-0.4277154548674203,1.563180849645984,0.0,-0.4335901059733399,1.5572853069136465,0.0,-0.4379954202123305,1.5534856946518405,0.0,-0.44189636354070994,1.5499721901087151,0.0,-0.41882360272362235,1.564887900159976,0.0,-0.41428397716334536,1.5657789621471199,0.0,-0.40973490340499036,1.5665872462645414,0.0,-0.44440497105835053,1.5408898739721368,0.0,-0.40055700479283085,1.561579302623489,0.0,-0.4440029824806246,1.5777227454375313,0.0,-0.430180456215423,1.5834008928188688,0.0,-0.485938269207011,1.5754731104912387,0.0,-0.4096375923534656,1.6165416862124755,0.0,-0.5578938447935098,1.588427182399391,0.0,-0.3619951268993736,1.6724260862522111,0.0,-0.5806013386638267,1.6457112977112345,0.0,-0.403452154915685,1.7141189387827287,0.0,-0.5966026723268076,1.6601361069005887,0.0,-0.4098255024814898,1.734987336213119,0.0,-0.5873550815805475,1.6619386033472283,0.0,-0.4194053032205329,1.7269883487490916,0.0,-0.5784487410669181,1.6592727785510948,0.0,-0.4194243921517618,1.719403427335667,0.0,-0.5390047956306392,1.7003488182658966,0.0,-0.4968726936494846,1.722888177142986,0.0,-0.6316091594928649,1.6900870275317705,0.0,-0.4188115920693522,1.7680061932088253,0.0,-0.6606111712613192,1.7869823901874846,0.0,-0.4746567916882926,1.851094175753781,0.0,-0.6560066450254536,1.8038084818619617,0.0,-0.4884769696609625,1.8616095018717498,0.0,-0.6861932034212074,1.8194586963962152,0.0,-0.487030054937184,1.8885507746497774,0.0,-0.42248099949869805,1.5512345882566696,0.0,-0.4477879231361424,1.5960073985437546,0.0,-0.4828633501105765,1.6538129419458456,0.0,-0.5179387242339275,1.711618501330144,0.0,-0.41369272982703775,1.7295935896531822,0.0,-0.5927385954716591,1.6620606704908951,0.0
-0.42717339073238436,1.5611852450037143,0.0,-0.433594822749455,1.5551053998935878,0.0,-0.4380175246829837,1.5512498914361113,0.0,-0.4419762959593953,1.5477461993429757,0.0,-0.4181698047338059,1.5635991133261047,0.0,-0.4136325727256348,1.5645953901027227,0.0,-0.4090562036630399,1.565465195507432,0.0,-0.44439246512098696,1.5384229542189285,0.0,-0.3995099643007458,1.5600442703963802,0.0,-0.4438208649075649,1.5752510791883279,0.0,-0.4292110698096978,1.5817777296921645,0.0,-0.48537051763183137,1.5729542370635095,0.0,-0.40951901250295286,1.6148466035491102,0.0,-0.5573884112987599,1.585557245782259,0.0,-0.3623712207640061,1.6711489695427917,0.0,-0.5761512519179908,1.6442518448253431,0.0,-0.4024233919233831,1.7141931643836374,0.0,-0.5917887389540528,1.6591097963268548,0.0,-0.41040607273399454,1.7349689889845952,0.0,-0.5837050539756586,1.661502036708999,0.0,-0.41971038022314555,1.7273609110596433,0.0,-0.5746579158828539,1.658645663247464,0.0,-0.41999436091256154,1.7198206239342375,0.0,-0.537710770724718,1.6991972537922506,0.0,-0.49527109557876703,1.7211519956364814,0.0,-0.630362143919721,1.6893689477083538,0.0,-0.4214968190766435,1.7729837144986733,0.0,-0.6597332495094126,1.786153069067382,0.0,-0.47726586172437085,1.8561228331253832,0.0,-0.6551178434310828,1.8029761796485675,0.0,-0.49097505887741927,1.8667824445621268,0.0,-0.6841343447756368,1.819525773246118,0.0,-0.48985574727393316,1.8935071777917116,0.0,-0.4219512220866263,1.5492336075081978,0.0,-0.4474447592629545,1.5939004239073316,0.0,-0.4819678395995421,1.6520375321044496,0.0,-0.5164909129140189,1.7101746284762838,0.0,-0.4135042979705499,1.729077643388672,0.0,-0.5880737708044855,1.6607584658153811,0.0
-0.42656420286673324,1.5593951054090271,0.0,-0.43294120149779997,1.5529476612705568,0.0,-0.43751540442831227,1.549175838852886,0.0,-0.44162285847847954,1.5457577786298466,0.0,-0.41704881306832914,1.5613378255792272,0.0,-0.41245488625869875,1.5623058957187383,0.0,-0.4079157200435911,1.563225171235029,0.0,-0.4442712900110854,1.5363777693210376,0.0,-0.39839542479749585,1.5585167534767728,0.0,-0.44324869172815035,1.5725230693047596,0.0,-0.42800008764170916,1.5797820983059436,0.0,-0.48467155791951066,1.570533596642822,0.0,-0.40939808632537245,1.6134559180414418,0.0,-0.556365902278223,1.5848630706024711,0.0,-0.364834100750675,1.6718247613745396,0.0,-0.5750935099948263,1.6435689208573145,0.0,-0.40242108622737055,1.7170375653890155,0.0,-0.5897774510559635,1.659361226915384,0.0,-0.41172049146141604,1.7374140151226363,0.0,-0.5823713733854315,1.6617154791226323,0.0,-0.42070210316667195,1.7294769115249193,0.0,-0.5732055993119223,1.6591030947914196,0.0,-0.42098942944968815,1.7218352074628789,0.0,-0.5364409862149299,1.698226536689591,0.0,-0.4936655596268616,1.7195197186065687,0.0,-0.6291324750447005,1.6887840553462685,0.0,-0.4231578201924795,1.775714288037025,0.0,-0.6584855995754959,1.7855736315984638,0.0,-0.47875991465077344,1.8589651514302723,0.0,-0.6535440007978548,1.8023038325660403,0.0,-0.49236024766854886,1.8697633153653639,0.0,-0.6821280571624803,1.819488009576549,0.0,-0.4914802045530059,1.8963053264310015,0.0,-0.4213333866599307,1.547447250120331,0.0,-0.4470348197793592,1.5919947670051393,0.0,-0.481044064748754,1.650433946346242,0.0,-0.5150532572219038,1.7088731403255308,0.0,-0.4143601609921728,1.7312429407039418,0.0,-0.586155717450699,1.6606640242296495,0.0
-0.4256891774107096,1.5570250282802724,0.0,-0.4321982967695508,1.550947247837674,0.0,-0.4369103648975236,1.5473259196194036,0.0,-0.44111635364350693,1.5439768312638495,0.0,-0.4159472230433126,1.5585028111654853,0.0,-0.4111768382972602,1.5593267509080242,0.0,-0.4066092355594209,1.5602257225058667,0.0,-0.4437233298654615,1.5339856979094058,0.0,-0.3969514258761158,1.5562760494348924,0.0,-0.44261671472521236,1.5701593366010784,0.0,-0.4269184591407721,1.5776974215129826,0.0,-0.4834050783172144,1.5678736152769477,0.0,-0.4085640866848091,1.6115456563508248,0.0,-0.5543380118745342,1.5855917352093434,0.0,-0.36862595489288597,1.6731720817811264,0.0,-0.5751480796591885,1.6435920905852301,0.0,-0.40426934663450753,1.7199324041627142,0.0,-0.5885458097196509,1.6604600957124793,0.0,-0.4141214319724633,1.7401660817404554,0.0,-0.5808933574766357,1.6625353014751056,0.0,-0.42304866505121536,1.7317323656862649,0.0,-0.5718515615996363,1.660005397609753,0.0,-0.42355839201692264,1.7238411174655186,0.0,-0.5348365155766545,1.696628453651173,0.0,-0.4917812605490236,1.7173499818391824,0.0,-0.6278332958489421,1.6909300842013792,0.0,-0.43540018763795074,1.7877086740599548,0.0,-0.6560169236247286,1.7880666433137744,0.0,-0.49080374648269676,1.8710917948411234,0.0,-0.6504793534131293,1.8046091443050483,0.0,-0.5042025317723535,1.8821390549233874,0.0,-0.6796622903551756,1.821978993078653,0.0,-0.5035051251557042,1.908438406790359,0.0,-0.4203373922052777,1.5451308667165518,0.0,-0.44598457610113995,1.5897096383820717,0.0,-0.47964674876417907,1.6483494248504211,0.0,-0.5133088697487567,1.7069892251267211,0.0,-0.41663528846702674,1.7337677818833332,0.0,-0.5847472790407184,1.66154955043737,0.0
-0.4243818858226766,1.5537123702477642,0.0,-0.4311917115490491,1.5480519775093313,0.0,-0.43591775654014925,1.5445621483206122,0.0,-0.44012490920399283,1.54126218255278,0.0,-0.4148268850114743,1.5549325276330093,0.0,-0.4098602066947756,1.555628255693918,0.0,-0.40516208463638576,1.556446071269424,0.0,-0.4425852680076648,1.5307256219480636,0.0,-0.3952107261375792,1.5530314204348334,0.0,-0.44158662773342827,1.567390235251586,0.0,-0.4256755491538352,1.5748240167455836,0.0,-0.48144215559399606,1.5646402701567221,0.0,-0.40684682658141447,1.6087306102504975,0.0,-0.5507377007701493,1.5879542199663452,0.0,-0.3727058681313148,1.673748035902811,0.0,-0.5736653532712424,1.6451505738337044,0.0,-0.40744843556601396,1.721181495950778,0.0,-0.5864888306857134,1.6625283724110782,0.0,-0.4170325625932928,1.74147072754728,0.0,-0.5777744434690779,1.6646086395430881,0.0,-0.42602750449481275,1.732712950006724,0.0,-0.5688669791512343,1.6618503684524715,0.0,-0.4271104041310604,1.7246555287456264,0.0,-0.5326760045932526,1.6939067552334521,0.0,-0.4895311558683011,1.714441086107425,0.0,-0.6257831777162614,1.6973602850857286,0.0,-0.46523412712797185,1.8012674953848604,0.0,-0.6517580862476654,1.7951106411852595,0.0,-0.5208750276642597,1.8844924276550707,0.0,-0.645840782156676,1.811521141945122,0.0,-0.534118080720524,1.8957259021092399,0.0,-0.6759557702510848,1.8286311263139603,0.0,-0.5332891039943464,1.9219355198504637,0.0,-0.4188979727990107,1.541878546599516,0.0,-0.4441444877398441,1.5866854479467083,0.0,-0.4776240513783733,1.6454296837832867,0.0,-0.5111035641680874,1.704173932769788,0.0,-0.41974677738612537,1.7350769981926242,0.0,-0.5821698242741389,1.6636516269407164,0.0
-0.4223407631330336,1.5499851308558592,0.0,-0.429061614752491,1.5438061260334863,0.0,-0.43377841830182323,1.5404206077093683,0.0,-0.4379990163219604,1.537220034684956,0.0,-0.4127630234359228,1.550535045370569,0.0,-0.40769040037138515,1.5511384819290468,0.0,-0.40285472401877465,1.551818263001639,0.0,-0.4408608218880867,1.527244370820698,0.0,-0.3929845828286561,1.5489976676124695,0.0,-0.4394262644540866,1.5636904907539102,0.0,-0.4233871614973316,1.5707090015309741,0.0,-0.47912496876381805,1.561046247664967,0.0,-0.4045540888233351,1.605177926366125,0.0,-0.5457578029627607,1.5911374132057388,0.0,-0.37634144645227946,1.6729784978444575,0.0,-0.5709083678228077,1.6473917395473778,0.0,-0.41090302962673747,1.720543990510378,0.0,-0.5842797893480154,1.6646594757149635,0.0,-0.4201579923817646,1.7405254110001769,0.0,-0.57449206596043,1.6669882097189213,0.0,-0.42901742138610566,1.731614350979603,0.0,-0.5654096258777921,1.6640066403536027,0.0,-0.43049326563767304,1.7235976129685535,0.0,-0.5298693468003834,1.6903708088569867,0.0,-0.4869115728916536,1.7112936761735673,0.0,-0.6218636659804871,1.70513284780788,0.0,-0.48722443155694156,1.8014550485737069,0.0,-0.6460859031712062,1.8033321920840841,0.0,-0.5440562142395251,1.8838713554612991,0.0,-0.6403717731919357,1.8198145384423756,0.0,-0.5574707108109369,1.8948995322960749,0.0,-0.6710530278568981,1.8362835732284595,0.0,-0.5559314257624616,1.9214888220900799,0.0,-0.4169226962108986,1.538121015422493,0.0,-0.44183952210972716,1.583112089116307,0.0,-0.47511498596556845,1.6419721768721751,0.0,-0.5083904429085098,1.7008322527374264,0.0,-0.4231728616026203,1.7344646735884837,0.0,-0.5794167968762378,1.6658909727247377,0.0
-0.4192318526393653,1.5461737573624663,0.0,-0.425202871406851,1.538508837319394,0.0,-0.43008526846389405,1.5352531152503368,0.0,-0.4344885349447704,1.5322274893260575,0.0,-0.408903727861453,1.54521431813628,0.0,-0.4039031005131678,1.5457183926858074,0.0,-0.3990959044640666,1.5462639255291457,0.0,-0.4385518682769583,1.523907193241993,0.0,-0.39002827231809223,1.5442997778133944,0.0,-0.43586143848693787,1.5592361446980472,0.0,-0.4196387573023435,1.5656190711768547,0.0,-0.4766512679779974,1.5572371173410622,0.0,-0.4018174947977176,1.6009215263639913,0.0,-0.5400759296560838,1.5936064055937378,0.0,-0.37949451089415,1.6708826232106433,0.0,-0.5680983885109064,1.6484866565467067,0.0,-0.4137537330681295,1.7186663528694992,0.0,-0.5822821409824945,1.6655180086450452,0.0,-0.42315813928761997,1.7380559112543221,0.0,-0.5724153212775245,1.6679187273533278,0.0,-0.43176259921039584,1.7291866026310823,0.0,-0.5630026085731151,1.6650299161535276,0.0,-0.4332149706441078,1.721226888135823,0.0,-0.5263695352293147,1.6864107159461066,0.0,-0.483745444510715,1.7080052431776351,0.0,-0.616562810484773,1.7097783357241587,0.0,-0.495190737529701,1.7974377664638013,0.0,-0.6400493329912539,1.8081562359424115,0.0,-0.5539295454732552,1.8785059575453866,0.0,-0.6348015294322102,1.8247929297455796,0.0,-0.5678757407787867,1.8888535678522873,0.0,-0.6653995618160415,1.8408138037165689,0.0,-0.5654373511053891,1.9162374411342271,0.0,-0.414290065711627,1.5341034870196029,0.0,-0.4392343769967997,1.5790793278622504,0.0,-0.47214595069513765,1.6381436550161996,0.0,-0.5050574750553871,1.6972079939180227,0.0,-0.4262916323753823,1.7323460924517662,0.0,-0.5773116142484769,1.6666451659738637,0.0
-0.4154965563998633,1.542006735637201,0.0,-0.4203843883653539,1.5324035068772166,0.0,-0.4255523653921476,1.5293257030624143,0.0,-0.4302537216424935,1.5264908328204767,0.0,-0.40412177164808766,1.538876917387081,0.0,-0.3993786891225018,1.5393712905938817,0.0,-0.3948138254466155,1.5399531318430009,0.0,-0.43568471295534184,1.5200890712622066,0.0,-0.3869008872265602,1.53923098076072,0.0,-0.4317279200392086,1.5543149870437258,0.0,-0.4154322966781055,1.560203810836206,0.0,-0.4739130048068448,1.553070391105173,0.0,-0.398711131859299,1.5961180333781404,0.0,-0.5343825552284033,1.5941659663998506,0.0,-0.3826986730537964,1.667787216751105,0.0,-0.565145102362111,1.6475585299155453,0.0,-0.41540948563731417,1.7166439651509187,0.0,-0.5795438322462079,1.6646683842459664,0.0,-0.4247171546021297,1.7364386199119222,0.0,-0.5709415135621339,1.6668891682685758,0.0,-0.43334394896556055,1.7278475354519116,0.0,-0.5613748567670342,1.6642974428734325,0.0,-0.43499934635200876,1.7196332431119115,0.0,-0.5223943798419418,1.6821997280632146,0.0,-0.48001613374869806,1.704272810630023,0.0,-0.6111975915469964,1.710393027732919,0.0,-0.4960954198408542,1.7929893677791124,0.0,-0.6339128725827301,1.80895186294452,0.0,-0.5564255026593601,1.8728804202880285,0.0,-0.6288537503644795,1.8256469012875574,0.0,-0.5709060748556285,1.8824659526901522,0.0,-0.6589179963762126,1.841874417803847,0.0,-0.567904188524133,1.910620772897666,0.0,-0.411292773228383,1.5296600400778153,0.0,-0.4363120622245796,1.5745942153024652,0.0,-0.46875865270641837,1.6339152502863032,0.0,-0.5012052365885113,1.693236273204043,0.0,-0.4276590530223013,1.7305824834709596,0.0,-0.5750153088232147,1.6653684714517427,0.0
-0.41308015605588,1.537893545166536,0.0,-0.41710902414114465,1.526286837841391,0.0,-0.4223160381672678,1.5233865564870406,0.0,-0.4271086456032599,1.5206948005293628,0.0,-0.40136658642428547,1.5325580519038833,0.0,-0.39685594878267627,1.5332901937034547,0.0,-0.3925068964783176,1.534158430748498,0.0,-0.4329753542315856,1.5159556600196502,0.0,-0.3851927093086372,1.5350004977553722,0.0,-0.42896388795163937,1.5497477311293837,0.0,-0.41293977595292475,1.555687497767169,0.0,-0.4712802365163346,1.5492263045430472,0.0,-0.3959873980145285,1.592114644105463,0.0,-0.5296643536346294,1.5932343459139506,0.0,-0.38750309365246915,1.6650590562412633,0.0,-0.561869804575254,1.6457691826857737,0.0,-0.41752773107510416,1.7156110124023856,0.0,-0.5761789052879832,1.6634781653747603,0.0,-0.42556416474584835,1.737635278996043,0.0,-0.5693922820214922,1.6656107639034072,0.0,-0.43417639934735897,1.7292594960698484,0.0,-0.5596902347435623,1.6631650867467132,0.0,-0.43675165232691276,1.7204910027077793,0.0,-0.5187803699020059,1.6786166558179978,0.0,-0.47653834939032563,1.7009493318562958,0.0,-0.6065549072509078,1.7098657061809246,0.0,-0.49497747282419025,1.7892056046113345,0.0,-0.6288852531419157,1.8085124681307618,0.0,-0.556371302051352,1.8682821301843278,0.0,-0.6239995899417857,1.82525908922248,0.0,-0.5711511601844436,1.8773994322046184,0.0,-0.6533595435110733,1.8418315309224873,0.0,-0.5671161152748437,1.9062379391346609,0.0,-0.40908400757596847,1.5254780918314592,0.0,-0.4336338128763388,1.5706704804019769,0.0,-0.46564660264635727,1.6302267371395396,0.0,-0.4976593431307256,1.689783004755175,0.0,-0.42808682216863164,1.7308701011483114,0.0,-0.5721041523424343,1.6633723959972118,0.0
-0.4138802436650291,1.5352973370077143,0.0,-0.41772522656209193,1.5220277104155724,0.0,-0.42253855229050186,1.519263347614422,0.0,-0.4270266741425739,1.5166834137611598,0.0,-0.4029478389023016,1.5284687048234242,0.0,-0.39833041814217535,1.5296414195458619,0.0,-0.39387298324257564,1.530871027780889,0.0,-0.43194274995195886,1.5133113403760852,0.0,-0.38609673396464833,1.5330768677927296,0.0,-0.4292623608959079,1.547134601313233,0.0,-0.4136326379041278,1.553735212795058,0.0,-0.46984633620801153,1.5473692228488323,0.0,-0.3948118671091329,1.5907080004865275,0.0,-0.5271574825325879,1.5927657573415543,0.0,-0.39589380537085367,1.6641361973317679,0.0,-0.5596471427704678,1.6451253039644786,0.0,-0.4251663938490858,1.7151273209501074,0.0,-0.5743594898527923,1.663919594768689,0.0,-0.43158586439480695,1.7393636311956804,0.0,-0.5688158023214691,1.6662916895068831,0.0,-0.43877468648605694,1.7308860125109942,0.0,-0.5584704242431865,1.6637655287352107,0.0,-0.44217313261719593,1.7217076735531025,0.0,-0.5166703900464805,1.6771999375695692,0.0,-0.47460666894731035,1.6998666550917831,0.0,-0.6033371232770444,1.7114015443525956,0.0,-0.495311066376055,1.7876191415564622,0.0,-0.627080655075015,1.8097177316696325,0.0,-0.5580890308598468,1.8656013596522687,0.0,-0.6227704736462993,1.8266216175822336,0.0,-0.57309609145356,1.8743396395116074,0.0,-0.65110089959809,1.8433655947138805,0.0,-0.5663263304276539,1.9041790907948868,0.0,-0.4090197309171144,1.5231941101645814,0.0,-0.43232909480220844,1.569038613436697,0.0,-0.4639838053194799,1.6287859625621404,0.0,-0.49563850896501377,1.6885332997642126,0.0,-0.43347504197236625,1.7317195046653682,0.0,-0.5700926684910472,1.6626040334814745,0.0
-0.4171097341865202,1.5348639253855874,0.0,-0.42149802203101017,1.520616155080951,0.0,-0.42579682411838143,1.5180093015020593,0.0,-0.429842152612255,1.5156010631465857,0.0,-0.40732865144058344,1.527396684038403,0.0,-0.40220677843922276,1.5289722612930035,0.0,-0.3973588565554248,1.530415477143814,0.0,-0.43312598614259945,1.5133824372154063,0.0,-0.38871425610337085,1.533384454238135,0.0,-0.4320009616841633,1.547056808736138,0.0,-0.4163597622516887,1.5546866814389042,0.0,-0.470228112474616,1.5481241969346522,0.0,-0.39535357060192655,1.5917386919957548,0.0,-0.5270972454576877,1.5940732399142357,0.0,-0.40692747180112965,1.6642570723787766,0.0,-0.5599483757379223,1.6462067548949284,0.0,-0.44032789572042014,1.7126449924217833,0.0,-0.575315530497751,1.6660771816138573,0.0,-0.44670124766894836,1.735913322508527,0.0,-0.5705040878575122,1.668784334289823,0.0,-0.4504275903346857,1.7275527345052655,0.0,-0.5591282870678494,1.6661486638307879,0.0,-0.4532701485729441,1.7184179628270815,0.0,-0.5164222071949351,1.6782021816357748,0.0,-0.47458250952206815,1.7012797988131116,0.0,-0.6021222933961311,1.7147585460680606,0.0,-0.49739129045771235,1.7885089823806017,0.0,-0.6249403474189636,1.8132936383012899,0.0,-0.5625259321961676,1.864533831012304,0.0,-0.6203518700558269,1.8301241135881814,0.0,-0.5779104223519634,1.8725890693830618,0.0,-0.6471150940322749,1.848185348592249,0.0,-0.5674181436733099,1.9036766555289997,0.0,-0.41092010243083965,1.5233834574979948,0.0,-0.43279083831277837,1.5699314524814225,0.0,-0.4641465942510271,1.6298362352202895,0.0,-0.49550234429409046,1.689741005521674,0.0,-0.44767971949249463,1.729682741137556,0.0,-0.570560947456617,1.6635845658797201,0.0
-0.4204659040001963,1.5352513204462928,0.0,-0.4254227497821376,1.5203620817933237,0.0,-0.4294259262600592,1.51805006814136,0.0,-0.4332165672272284,1.5159484502100422,0.0,-0.4110246082521832,1.5270185811889867,0.0,-0.4053004907146642,1.5287736729278636,0.0,-0.4000892828360199,1.5302786373982575,0.0,-0.43514500475457635,1.5149495992642994,0.0,-0.3912847005438402,1.5338703276183194,0.0,-0.43475718578105343,1.5476314581695956,0.0,-0.4187410884291182,1.556150225857546,0.0,-0.471633628332562,1.5499912706129482,0.0,-0.39636168476833056,1.592916271628012,0.0,-0.5274595224955281,1.5972023114603096,0.0,-0.4157670105702722,1.663742142698307,0.0,-0.5612173054910062,1.6487533757767838,0.0,-0.45511606124440906,1.7074300281486345,0.0,-0.5761217887691724,1.6689165267433643,0.0,-0.46310493869569713,1.7266304949052256,0.0,-0.5727180121436303,1.671352038165869,0.0,-0.46343542387417924,1.7192721963493407,0.0,-0.5610687416444889,1.668494611262948,0.0,-0.4644552185587214,1.7104857547518661,0.0,-0.5171684339065924,1.6798119426820581,0.0,-0.4754602476732436,1.703126399936407,0.0,-0.6025604383317691,1.7170822812322926,0.0,-0.49954909073511117,1.7900107978083022,0.0,-0.6124125268307942,1.8177439141566958,0.0,-0.5682269623383949,1.8628506846555033,0.0,-0.6047948415636266,1.8334375400623004,0.0,-0.584253042962975,1.869539043376293,0.0,-0.6291185150504037,1.8555600587512873,0.0,-0.5712703002650052,1.902180476652746,0.0,-0.4132148475313669,1.5244099707021501,0.0,-0.43399765326205925,1.571453779125311,0.0,-0.4651560111365257,1.6314614716323266,0.0,-0.4963143198233832,1.691469174182909,0.0,-0.46374612978996355,1.7238573258867436,0.0,-0.5719155236083626,1.6660785921454486,0.0
-0.42331875289870496,1.5347205645734874,0.0,-0.4280340427343341,1.5192213779416996,0.0,-0.43189650799962287,1.517322984210448,0.0,-0.43557932097957786,1.515599419639606,0.0,-0.41317014349428416,1.5249811916765181,0.0,-0.40709972660048155,1.5266880005578796,0.0,-0.4016876774820588,1.528209454024154,0.0,-0.4368041205353371,1.5161053519742806,0.0,-0.3935875885008371,1.532926834014329,0.0,-0.4362798189450602,1.5469275501477762,0.0,-0.4202724043048584,1.5554354078909711,0.0,-0.4729715809774362,1.5514341664987652,0.0,-0.3967467153295852,1.5926432802607382,0.0,-0.5251673748658682,1.6026299860287057,0.0,-0.41954043044354017,1.6624524288993616,0.0,-0.5592934971130116,1.6539379573909032,0.0,-0.46102423340063997,1.7041186408257323,0.0,-0.572083135074802,1.6735892513416069,0.0,-0.47020904117590906,1.7206346110980872,0.0,-0.5710656457747353,1.6744226117488017,0.0,-0.4704955312254853,1.7145661961353573,0.0,-0.5605569643746735,1.670821233164972,0.0,-0.4700180946778757,1.7061899441964659,0.0,-0.5179384105830784,1.6803636163296904,0.0,-0.4763003996164756,1.7038031717581932,0.0,-0.6034724053259308,1.717306928291779,0.0,-0.500885426521856,1.7905484736810224,0.0,-0.5834099202169358,1.8164397920759514,0.0,-0.5754818176224753,1.8573143152366685,0.0,-0.571308246717746,1.8290043661401085,0.0,-0.5925151767895774,1.860695746597498,0.0,-0.5902907235209369,1.8572050392883066,0.0,-0.5802494977212995,1.8964725030236076,0.0,-0.41519583727576137,1.524516108391431,0.0,-0.4348591427224433,1.572038727678516,0.0,-0.46598924785919327,1.6320610816778782,0.0,-0.4971193872139238,1.6920834024375735,0.0,-0.471582457646884,1.719378329382301,0.0,-0.5699221195787157,1.6713059560547998,0.0
-0.42640394350867533,1.533540182006481,0.0,-0.43028116194087396,1.5176335015687967,0.0,-0.43411795103840767,1.5160417933454289,0.0,-0.43775246329323997,1.514550862753637,0.0,-0.4152504514823726,1.522261414846884,0.0,-0.4091459793166929,1.5238285107524447,0.0,-0.4035477952062622,1.525338147324688,0.0,-0.43918509964523283,1.516300560293432,0.0,-0.396129389782204,1.5314295846802484,0.0,-0.43770993663150176,1.545915133110283,0.0,-0.422274286083195,1.5532676898639781,0.0,-0.4744243688419839,1.5525869863471728,0.0,-0.3969834251036334,1.5914627041282479,0.0,-0.5202468578591816,1.6095581399010084,0.0,-0.4197306675761659,1.6612870096546286,0.0,-0.5533052609057992,1.6615604680502216,0.0,-0.4575139546517315,1.7063358980076404,0.0,-0.563972842642901,1.6811532542579428,0.0,-0.46635797018316527,1.7252936547339779,0.0,-0.564830204716232,1.679258151108591,0.0,-0.47023217363714115,1.7195242010894725,0.0,-0.5555784271688564,1.6743378083865739,0.0,-0.4697580559230218,1.7114003983393684,0.0,-0.518742439360648,1.6802171416570277,0.0,-0.4772390693648604,1.7038942824247292,0.0,-0.6037593283232001,1.7183353938012114,0.0,-0.5022752103146972,1.7905104622063437,0.0,-0.5601641136218324,1.8096003117376318,0.0,-0.5863842362071267,1.8448056823209802,0.0,-0.5464636012803075,1.8203991535493451,0.0,-0.6031307332970355,1.840209571162492,0.0,-0.5583794609465702,1.8509036511815735,0.0,-0.5973207065684483,1.882706712126486,0.0,-0.4176572125080353,1.523865091257996,0.0,-0.43570389143171917,1.5720248494054392,0.0,-0.4668473177144015,1.6320402926248723,0.0,-0.4979907381496433,1.6920557233841234,0.0,-0.4678507316273886,1.721746453994787,0.0,-0.5637187066932207,1.679058329060643,0.0
-0.4291824510917832,1.5328986740221715,0.0,-0.4326932303408939,1.5164130688524646,0.0,-0.4369632540464661,1.5147852455833986,0.0,-0.44086912255487426,1.5132064698956036,0.0,-0.4170931556214504,1.5206964851143527,0.0,-0.41098395718960634,1.5222378559181815,0.0,-0.4050965381620222,1.523747632363797,0.0,-0.4437318699383255,1.5151251990801187,0.0,-0.39770814853537284,1.5308227377164005,0.0,-0.44033093809053236,1.5463292208186752,0.0,-0.4249999675319621,1.5524303353351612,0.0,-0.47666993199332375,1.5534009658803023,0.0,-0.3980663733661121,1.5898687841755963,0.0,-0.5180823625866675,1.6136539610700635,0.0,-0.4192349327708756,1.660187791386112,0.0,-0.549847650238073,1.6664561072892707,0.0,-0.4504494472732114,1.7100138208131113,0.0,-0.5605253499200197,1.6875335568165428,0.0,-0.45859999952389785,1.7349121550548448,0.0,-0.5613029350045133,1.6831248478664893,0.0,-0.46618477994528496,1.7285475429978001,0.0,-0.551669160238356,1.6769050884957282,0.0,-0.46675422816099543,1.7200613571898413,0.0,-0.519810202859404,1.6800521921186085,0.0,-0.47837997600066884,1.703857086959261,0.0,-0.6025500364839367,1.7228890044087772,0.0,-0.5047798658426982,1.7900673924334316,0.0,-0.5637786998413881,1.8163053383432133,0.0,-0.5959755908667176,1.831366773799423,0.0,-0.551017755744373,1.8281997626103874,0.0,-0.6070640080176603,1.8180020288467431,0.0,-0.5598133883261693,1.8574566097571084,0.0,-0.6137819897377742,1.8665665835080953,0.0,-0.42072002861357755,1.5229739528679358,0.0,-0.4373681443159669,1.5716348732101837,0.0,-0.4682315927320775,1.6317947766120007,0.0,-0.4990950719891601,1.6919546487343076,0.0,-0.4593915446047175,1.72627337460131,0.0,-0.5601472163308109,1.6840212412599784,0.0
-0.4300840285985243,1.5314670730184075,0.0,-0.43410447747974595,1.5136389642531567,0.0,-0.4393912419199934,1.511614176050414,0.0,-0.44404785125517693,1.5096890365496942,0.0,-0.4167488269664127,1.5189704417030299,0.0,-0.4104121287327799,1.5207690842495392,0.0,-0.4042493150923539,1.52248902166878,0.0,-0.44897932620002035,1.51100769078919,0.0,-0.39668782247473444,1.5302429571397234,0.0,-0.4432581547901851,1.546478059036989,0.0,-0.4268629806423379,1.552608424885871,0.0,-0.479069402587871,1.5520175649717718,0.0,-0.399636831282663,1.5866425244074622,0.0,-0.521071802556885,1.611860787092818,0.0,-0.41979214357623235,1.6572586278732742,0.0,-0.5534594908733569,1.6642834710230228,0.0,-0.4467652607185332,1.709502575615615,0.0,-0.5663034059571187,1.6873587363316418,0.0,-0.45488824906674746,1.7391878620459023,0.0,-0.5655207914368153,1.6816376273113443,0.0,-0.4634820501613167,1.7329057388264075,0.0,-0.55428771375194,1.6748522958703282,0.0,-0.46499801408064484,1.7232410381755927,0.0,-0.5205156009040045,1.6786141564683161,0.0,-0.4788913454288682,1.702078130387526,0.0,-0.5990394669683734,1.7287626859951482,0.0,-0.5074071190963819,1.7876118758086417,0.0,-0.5770976944659653,1.8274966042312462,0.0,-0.5936628642228904,1.838427676466911,0.0,-0.5650319479572293,1.8400956829309612,0.0,-0.6005047897058272,1.8224665531277018,0.0,-0.5745649033493339,1.8687608236416784,0.0,-0.6148950521197382,1.871673558037338,0.0,-0.42283354872994444,1.5206253376469694,0.0,-0.43935311163393065,1.5693300496002907,0.0,-0.46952828773460664,1.6298381083424374,0.0,-0.4997034571106279,1.6903461550697374,0.0,-0.4546293600514852,1.7263100184835505,0.0,-0.5641391641120642,1.681620125043393,0.0
-0.4293939822015683,1.5274103869950444,0.0,-0.43373758437464244,1.507611243700335,0.0,-0.4399990090677655,1.5049991501799145,0.0,-0.44539440215477827,1.502673851093385,0.0,-0.4142929164648489,1.5151041484687675,0.0,-0.40768654408276417,1.5175092423601555,0.0,-0.401470808768806,1.5197824488570155,0.0,-0.4516811080168352,1.5037282432430876,0.0,-0.39444763361545904,1.528284750070317,0.0,-0.44445932925534215,1.5431830266697733,0.0,-0.4268677920033549,1.5506049604379484,0.0,-0.48060486475448644,1.5473918151620205,0.0,-0.4008341650207594,1.5812305010713714,0.0,-0.5250466905516518,1.6054464183972534,0.0,-0.42134249164233706,1.6517448912447839,0.0,-0.5599199969667399,1.6562494955147908,0.0,-0.44665956388707106,1.7048111232292733,0.0,-0.5752144721820336,1.6794244379060883,0.0,-0.45493708032276786,1.7361270314597912,0.0,-0.5730707284579906,1.6731030767000328,0.0,-0.46293593715815834,1.731465483983951,0.0,-0.5609553107025482,1.6667379841505396,0.0,-0.4649653175344974,1.7205593398115144,0.0,-0.5205749189334963,1.6745536377518788,0.0,-0.4786745224302277,1.69752086415842,0.0,-0.5942279944366652,1.731615858391484,0.0,-0.5087611831933131,1.7825147686324945,0.0,-0.5777726371544711,1.8314108943778258,0.0,-0.5811505971331221,1.8516672950745643,0.0,-0.5604693977989148,1.8336283096972934,0.0,-0.5936304639222587,1.8395916034799222,0.0,-0.5787626899324821,1.8727409153055914,0.0,-0.603182228990225,1.884388872695379,0.0,-0.42306438214389774,1.516006490849476,0.0,-0.4407195097378446,1.5643111634457807,0.0,-0.4701721074705029,1.625174213913598,0.0,-0.4996246988755163,1.6860372521646911,0.0,-0.4538968133830239,1.7218978553279158,0.0,-0.5717149518146121,1.672847508445387,0.0
-0.42883294983147263,1.5225635213114594,0.0,-0.4324931963222781,1.500902649786671,0.0,-0.43887126756423045,1.49772619626665,0.0,-0.4442620443333919,1.495072807225359,0.0,-0.41248614978066567,1.510752332336798,0.0,-0.4060351844261765,1.5140525477070372,0.0,-0.4000780855587519,1.517018072636411,0.0,-0.45063729747205306,1.4963292338041074,0.0,-0.3944438095301347,1.5259488754203225,0.0,-0.443542925152801,1.5369982387634786,0.0,-0.4261806372719874,1.545816862086021,0.0,-0.48190783919205654,1.5417139992188185,0.0,-0.4022117567740692,1.5757280499523838,0.0,-0.5267316816290932,1.59947415837862,0.0,-0.42284710380428303,1.6462053735060505,0.0,-0.564030475001725,1.64852413450376,0.0,-0.4466309886124552,1.6999762387353576,0.0,-0.5805762794821097,1.6694508683750677,0.0,-0.45526989779610627,1.731974709805392,0.0,-0.5781136225021133,1.6624013550658583,0.0,-0.4633133472620643,1.7294557218715048,0.0,-0.5664248726626423,1.6569326406964133,0.0,-0.46570425271952287,1.7180052136116926,0.0,-0.5214678137582531,1.6692451987407368,0.0,-0.47951005734818397,1.6921074688155586,0.0,-0.591307796959115,1.730915688457471,0.0,-0.5099497552858195,1.7769755767424271,0.0,-0.5719646235837001,1.830191413761135,0.0,-0.5730652358066433,1.8546848765880422,0.0,-0.5855067277809793,1.8191945761791428,0.0,-0.5865878828733002,1.8655801700156713,0.0,-0.5789180029264318,1.87094434433194,0.0,-0.5948037967685309,1.8876018845260094,0.0,-0.422540555686324,1.5111390537041234,0.0,-0.4420597922517531,1.5587210285359603,0.0,-0.4712743584416278,1.6196986928712502,0.0,-0.5004889190325246,1.6806763446389719,0.0,-0.45369789738127014,1.7171341230609585,0.0,-0.5774826098129198,1.6638099142394824,0.0
-0.42933319689828997,1.5177038209982463,0.0,-0.43130469995467186,1.4958360822456442,0.0,-0.43675830928684095,1.4923457537351525,0.0,-0.4412659711483267,1.4894952430938626,0.0,-0.4131807302835228,1.5070715264672359,0.0,-0.40751406799704576,1.511193802631268,0.0,-0.40210498252518034,1.51456062017862,0.0,-0.4470131508343835,1.4904998023736253,0.0,-0.39768755483770346,1.5228758132229816,0.0,-0.4421497054042912,1.5296498214415262,0.0,-0.42655605504892735,1.539329037479161,0.0,-0.48360894102448443,1.5362877206324868,0.0,-0.4040235785870911,1.5705600314064763,0.0,-0.5260203685553456,1.5958417603928625,0.0,-0.422612166111816,1.641604630752107,0.0,-0.5636138679463324,1.644666231188468,0.0,-0.4441528148613937,1.6963127615511395,0.0,-0.5798182106290343,1.663758584162057,0.0,-0.4546050322961286,1.7308547815652606,0.0,-0.5774263870087576,1.6558331942016042,0.0,-0.4629216162658807,1.7294647607918578,0.0,-0.566531819033295,1.650600192079555,0.0,-0.46524906473364247,1.7174733876135861,0.0,-0.5236276948826074,1.6639033028160857,0.0,-0.48154176856151376,1.6865287646154872,0.0,-0.5902851753017138,1.7290005597442768,0.0,-0.5120581698929568,1.771369322153727,0.0,-0.5743687181509509,1.8288829625115703,0.0,-0.5722804430682235,1.8513416734851325,0.0,-0.5907427415346941,1.8228654562902757,0.0,-0.5836125387681179,1.864500435190245,0.0,-0.5854851523444906,1.8687022508680124,0.0,-0.5936109062676234,1.8845245875220424,0.0,-0.42235032962822217,1.506687821321522,0.0,-0.44381625344266057,1.5534238784914147,0.0,-0.47320048585666746,1.614319964661952,0.0,-0.5025847119769518,1.67521603859892,0.0,-0.4515069626231219,1.7133495072725535,0.0,-0.57795401077328,1.6591222090803412,0.0
-0.42804158082234744,1.5068322717453309,0.0,-0.4279444874981219,1.487262164212343,0.0,-0.4319455691735183,1.4839023085416634,0.0,-0.4352596086363623,1.4811194034910653,0.0,-0.4134420912244194,1.4979616490519336,0.0,-0.40889766894162655,1.5021586202835573,0.0,-0.40427889421476065,1.5053314680397176,0.0,-0.44009589620119843,1.4811336700125404,0.0,-0.3998765833539049,1.5120151070012036,0.0,-0.4393821643697858,1.5168440899958286,0.0,-0.425976890218047,1.5268663373223632,0.0,-0.48245720192508634,1.5261471270833424,0.0,-0.40248631154575,1.5595099490865294,0.0,-0.5219801402483185,1.5876560710125296,0.0,-0.4163750566291449,1.6316207904514313,0.0,-0.556738537449522,1.6385378356137543,0.0,-0.43570255539300223,1.6871494039368211,0.0,-0.5708529544489389,1.6585554646656029,0.0,-0.4493162557669062,1.7255943144057169,0.0,-0.5681630188784659,1.649803960468517,0.0,-0.45642787763546816,1.723994501070016,0.0,-0.5580717170475953,1.6434829870310257,0.0,-0.4576514294129705,1.7103726168058933,0.0,-0.5221506323190589,1.654414094948081,0.0,-0.47920697472546103,1.6753659203679487,0.0,-0.5844201000120217,1.723720558922472,0.0,-0.5106239992149062,1.7598771120874523,0.0,-0.5822558520846667,1.8248400131422655,0.0,-0.5700393449399365,1.84045077935068,0.0,-0.599073974348624,1.8294735632293229,0.0,-0.5812986826477694,1.8536718502961245,0.0,-0.5913576369011233,1.865167526672704,0.0,-0.5913239718127418,1.8736631129508257,0.0,-0.41998624239588794,1.4965743866307384,0.0,-0.4424717507516637,1.5428285414600842,0.0,-0.47157527060270044,1.6038592841864363,0.0,-0.5006787848604478,1.66489001434325,0.0,-0.4434027896230004,1.7040325489898205,0.0,-0.569615365866114,1.6543113033059655,0.0
-0.4192043453982981,1.4822530972385946,0.0,-0.41780042965892755,1.4663278560436788,0.0,-0.42052927383657035,1.4635164081151133,0.0,-0.4229721682992602,1.461184533853885,0.0,-0.40709045616419415,1.4746376097183211,0.0,-0.4035369134324471,1.477829353495999,0.0,-0.39981273928337024,1.4802449158758886,0.0,-0.4266189132574085,1.4601728147438118,0.0,-0.3944790839832397,1.48481950869774,0.0,-0.4296573813746178,1.490946552532226,0.0,-0.4180858825742964,1.5004282768903605,0.0,-0.47276243944489965,1.5040324663887892,0.0,-0.3915671340209854,1.5342937217691837,0.0,-0.5100841934871551,1.5669013737452502,0.0,-0.3989193367705517,1.6073609223250749,0.0,-0.5402118945879834,1.6206547157000555,0.0,-0.41680192826647655,1.6633715645769416,0.0,-0.5507195718837995,1.6425852552499098,0.0,-0.43245707004975054,1.7035058632030067,0.0,-0.5478414163684037,1.6330680756353946,0.0,-0.43734871545498344,1.7011737246434095,0.0,-0.5391090007862746,1.625262096541139,0.0,-0.43683765588900636,1.685685891094227,0.0,-0.5091939301914293,1.6340530009305356,0.0,-0.4647247127146716,1.6515351464780776,0.0,-0.5661652852604918,1.7077763843105278,0.0,-0.4974665489073076,1.7355419504665384,0.0,-0.5752095618928201,1.808513810578017,0.0,-0.5542852123357264,1.817967302452916,0.0,-0.5797988800345767,1.8253440566216264,0.0,-0.564542157425789,1.8319803135491417,0.0,-0.5802653701267064,1.8495453793695578,0.0,-0.575707550391922,1.8510909779205929,0.0,-0.41054901846008035,1.4724961510062156,0.0,-0.4321647802220232,1.5191630961434932,0.0,-0.4595620286915682,1.5809786055383683,0.0,-0.48695930561774187,1.6427940872776159,0.0,-0.42461921657580204,1.6802008306799638,0.0,-0.5497206754002939,1.6386602170974345,0.0
-0.40256897004912745,1.4433915334075107,0.0,-0.4013307450034573,1.4306775538593959,0.0,-0.40334963190165185,1.4285379016723159,0.0,-0.40540254701065204,1.4268859766015682,0.0,-0.3934010636872685,1.436073331647004,0.0,-0.3905043375088852,1.4377480159340545,0.0,-0.3875400183422677,1.4391259221297226,0.0,-0.4077255842994726,1.4251320170974735,0.0,-0.3813344249987095,1.4411096017485328,0.0,-0.41092796748943755,1.4506829287586378,0.0,-0.4010146957869885,1.4582235612663204,0.0,-0.4541533020667699,1.469179399363994,0.0,-0.37095557741041046,1.493398396289646,0.0,-0.4883365266521499,1.5338084949319455,0.0,-0.3712985736746494,1.5668337626733462,0.0,-0.5144264237422748,1.5896333766134838,0.0,-0.38900358691104653,1.6229007906878195,0.0,-0.5208540839184778,1.6105985614059573,0.0,-0.4036309928502306,1.6597340895503798,0.0,-0.5188578182860253,1.6008103861164207,0.0,-0.4072928522850732,1.6568017953019587,0.0,-0.5121362986000608,1.5928246842720357,0.0,-0.40575913168484246,1.6414651917306446,0.0,-0.4818550998709046,1.6017652591409925,0.0,-0.43591466110040633,1.6149034782560365,0.0,-0.5346465409288504,1.6785372351897039,0.0,-0.46973668110604483,1.6984812379553684,0.0,-0.5459304832795439,1.7790484317591715,0.0,-0.5211531200164311,1.784380300660643,0.0,-0.5418958425040548,1.7960201935035351,0.0,-0.5290609816675788,1.7998410615303353,0.0,-0.549918808335298,1.8201974791071045,0.0,-0.5425718415645504,1.8175063147813615,0.0,-0.39453001737006305,1.433120801982109,0.0,-0.4125544324211958,1.481288897097644,0.0,-0.43571964916230044,1.5448116423058569,0.0,-0.458884861632154,1.6083343744326415,0.0,-0.39683264774117116,1.639724583381373,0.0,-0.5209437397496082,1.6089242963730013,0.0
-0.38949945571107436,1.3961979359490944,0.0,-0.39013932450593264,1.386132398458166,0.0,-0.3918629923741316,1.3845155602970587,0.0,-0.3937203899914511,1.3833678931366795,0.0,-0.3840113734100176,1.3893781030608556,0.0,-0.3815921206327242,1.389840406344885,0.0,-0.379142788456713,1.3901509198162771,0.0,-0.39476494705187504,1.3806464598902979,0.0,-0.3724036088201484,1.388500895025659,0.0,-0.3941030554848788,1.4023991522540875,0.0,-0.3861943978344986,1.4068611709129164,0.0,-0.43530959530627633,1.42811716425261,0.0,-0.34982842806908193,1.4423084026709603,0.0,-0.4622609386362805,1.4960806686479409,0.0,-0.34332386280680355,1.5154559338192795,0.0,-0.4840236886548888,1.5537303248182828,0.0,-0.3624936356032241,1.5710391951036835,0.0,-0.48664305311889955,1.5697358586857888,0.0,-0.37388886565699336,1.6001619725198344,0.0,-0.48654525836812473,1.560711690139509,0.0,-0.3777444414816687,1.596600527849195,0.0,-0.48201215283592214,1.5543524809106948,0.0,-0.37646723759648604,1.5842028215167658,0.0,-0.4443812745532691,1.5631345039552849,0.0,-0.3973833280583607,1.5717559737373183,0.0,-0.49503178672464276,1.641335515279794,0.0,-0.4322948086848037,1.6548845456851786,0.0,-0.5037451077385914,1.7421021071032143,0.0,-0.47627745388126336,1.7448168873948913,0.0,-0.4969818196807894,1.7581824353816382,0.0,-0.4814243010096851,1.7614024041851561,0.0,-0.5112545589939433,1.7827562455916424,0.0,-0.4976303216309187,1.7779853887651318,0.0,-0.38358425987079026,1.3845736879149178,0.0,-0.3925690068204395,1.4352127957985044,0.0,-0.4067256449378388,1.501329026957448,0.0,-0.4208822822596921,1.567445244221915,0.0,-0.3706219512629879,1.587720462400046,0.0,-0.488467812559711,1.5736015290048984,0.0
-0.40574404709729583,1.354064405422584,0.0,-0.4091930036018381,1.347362934725978,0.0,-0.41067860075573964,1.3461822215346262,0.0,-0.4121963241840029,1.3452057158342297,0.0,-0.4045628030066478,1.3489553841527844,0.0,-0.40260520631495167,1.3485203562556713,0.0,-0.40056552915426386,1.347780285466443,0.0,-0.4121013958760736,1.3411412029846246,0.0,-0.3933660536696033,1.3416064588975152,0.0,-0.40586035305374174,1.3603436280961696,0.0,-0.40031047204423076,1.3612536874670405,0.0,-0.4310729778470788,1.392144172441475,0.0,-0.3444782826095696,1.3890168801938378,0.0,-0.44171942963887745,1.46447719326344,0.0,-0.3289302789976625,1.4607882551704237,0.0,-0.4503888587919154,1.5254849070633483,0.0,-0.35179831964157815,1.5149549593454512,0.0,-0.44925774882207814,1.535078295786473,0.0,-0.35996685947180596,1.5347027975425336,0.0,-0.4512860927621249,1.527371749261156,0.0,-0.3643253035024781,1.5301311360074286,0.0,-0.4488620256245981,1.5233023620503627,0.0,-0.36378003296035893,1.5219392988118112,0.0,-0.4035304333230491,1.524274277649374,0.0,-0.3558182875536581,1.5268603677524417,0.0,-0.4525398999957803,1.6035140702529198,0.0,-0.3924531130236594,1.6092439857623568,0.0,-0.4588591272429013,1.704459081807722,0.0,-0.4271968103778661,1.7031331473201716,0.0,-0.4500902163811072,1.7195397059722783,0.0,-0.42912726315328703,1.7203912687314196,0.0,-0.47317767273474326,1.7432421978428068,0.0,-0.44876505895091257,1.7361619998248106,0.0,-0.40273372292934734,1.3413738328353113,0.0,-0.38777562285742834,1.3905805413945433,0.0,-0.3837249813780206,1.4580739390646502,0.0,-0.3796743407225271,1.5255673230063727,0.0,-0.36125826187590754,1.5309187836679814,0.0,-0.4499741980732429,1.5458427814513087,0.0
-0.45394801171046767,1.3571017966221381,0.0,-0.4597947859284629,1.354136075195373,0.0,-0.4610039261340933,1.3535799588762512,0.0,-0.46200884351435434,1.3529487098642767,0.0,-0.4564254164102302,1.353334736649364,0.0,-0.4548099807321757,1.351747152355125,0.0,-0.4532396665514194,1.3499794680004078,0.0,-0.4613704575114399,1.3480059763908563,0.0,-0.44612956066865445,1.340115179710726,0.0,-0.449707300098822,1.3635819009601837,0.0,-0.44603922457049827,1.3608569543337656,0.0,-0.4484213990776872,1.3834705166038221,0.0,-0.3677204893856643,1.3519144652830366,0.0,-0.4312038965516916,1.4545266243198605,0.0,-0.3361267618627456,1.4182070520748726,0.0,-0.39898781565342956,1.5070549431249365,0.0,-0.36571516979352997,1.4690155675048497,0.0,-0.39445820719206526,1.5118847628606433,0.0,-0.37168326246704464,1.480767300981014,0.0,-0.398496728074024,1.504850783043858,0.0,-0.37663965276794137,1.4751669894005255,0.0,-0.39788810652798656,1.502327191907526,0.0,-0.3764457447034965,1.4704395212521084,0.0,-0.3662756768557866,1.489921977626524,0.0,-0.3191185236487209,1.4822187563947324,0.0,-0.4109951574276237,1.5716596104083924,0.0,-0.3575282864859227,1.5637899588647892,0.0,-0.4147958257040386,1.672730787859991,0.0,-0.3821330524957711,1.660830695947062,0.0,-0.40398815482742045,1.686424336454763,0.0,-0.380903680028968,1.6781528795825442,0.0,-0.43548104364051854,1.708525656113878,0.0,-0.40360983800851763,1.6939190946439073,0.0,-0.453750013151026,1.3440605742576728,0.0,-0.4080709395820308,1.3676924841016331,0.0,-0.37538399660373667,1.426881420434225,0.0,-0.34269708197038173,1.4860703567093134,0.0,-0.37844995734097875,1.4825122107986024,0.0,-0.38094418928888196,1.516491178641507,0.0
-0.47547587857552115,1.3847384966849279,0.0,-0.4831495736128,1.3840212448859075,0.0,-0.4841884756813293,1.3842802025188152,0.0,-0.4848012311504487,1.3847937103975714,0.0,-0.4804120611664925,1.3801113605505322,0.0,-0.47891078324073677,1.37716486241824,0.0,-0.47783929473764586,1.3746024326291157,0.0,-0.4845546002347261,1.3801243360380666,0.0,-0.47201309004004255,1.3638788894832168,0.0,-0.468681992297562,1.38985506910527,0.0,-0.4655655193500532,1.384151510603949,0.0,-0.4591572839189664,1.4037361805450752,0.0,-0.39470062649756377,1.345824519248408,0.0,-0.4194598551890624,1.4651326542974015,0.0,-0.34515129438769016,1.4000253898116286,0.0,-0.3603450346849019,1.482526277890315,0.0,-0.37974782365079496,1.4475654706595178,0.0,-0.3541779797630202,1.4853138518913591,0.0,-0.3839239763178325,1.4551533489140782,0.0,-0.35996869476272225,1.4780071303021922,0.0,-0.3901322058635146,1.4494799446881388,0.0,-0.36034418315267874,1.4758996076552582,0.0,-0.39003806154659837,1.446479789708789,0.0,-0.339629575608178,1.464744782083988,0.0,-0.29619059926204055,1.444840208490453,0.0,-0.3757953230295301,1.550610440346494,0.0,-0.33476999846170186,1.526331317889051,0.0,-0.3729356264793885,1.6517126170116925,0.0,-0.3508725277783188,1.6251392513431904,0.0,-0.3610341148316427,1.6644669513100105,0.0,-0.3477447818760736,1.6422210137854705,0.0,-0.3969184943796392,1.6853871308414705,0.0,-0.37013842909964934,1.6595619108941122,0.0,-0.47828383433406507,1.3720016183920716,0.0,-0.42692895499777284,1.3747803399235685,0.0,-0.3724195040564897,1.4147864167560915,0.0,-0.3179100679370822,1.4547924905395675,0.0,-0.39528764079558115,1.457706884623264,0.0,-0.3406604962309597,1.4773172531291097,0.0
-0.47534728774991303,1.3934539267427524,0.0,-0.4843641890096198,1.392610297684112,0.0,-0.4853498179318625,1.3934364774212458,0.0,-0.48589370018196826,1.3955035418995898,0.0,-0.4818877594765518,1.3867696449440357,0.0,-0.4804926981836198,1.3831731528314037,0.0,-0.4798092618216927,1.3803706381715046,0.0,-0.48606170683208727,1.3917045891965552,0.0,-0.4755061543875545,1.3714919999038093,0.0,-0.468990670253483,1.3958198657636491,0.0,-0.4654588035082199,1.3891552845119604,0.0,-0.45563021950465693,1.4145274158111827,0.0,-0.4031235428335231,1.345596507612958,0.0,-0.4150455766024046,1.47534106228533,0.0,-0.34924935790420536,1.3955008449048931,0.0,-0.3543397909055694,1.4859197071825267,0.0,-0.3777495352901232,1.4469276765499395,0.0,-0.3486929306240014,1.4883772169671134,0.0,-0.37962482344135423,1.4544088326447087,0.0,-0.35515426397125843,1.4807841035174905,0.0,-0.3867796180576953,1.4500214715944568,0.0,-0.35553537946552144,1.478643773575288,0.0,-0.38708484945486715,1.4472534808569424,0.0,-0.32766705013034875,1.4529679237513062,0.0,-0.2881729652844574,1.4260726829432018,0.0,-0.35518388914336374,1.541983069238635,0.0,-0.32661744333837456,1.5076275298916386,0.0,-0.3455902684747979,1.6426696643408012,0.0,-0.33615049963781185,1.607284039972325,0.0,-0.33341081234751746,1.6551588545202458,0.0,-0.3324253306262599,1.6242455410379406,0.0,-0.3689344321119664,1.6767900520653551,0.0,-0.3506896616733109,1.6439542896522414,0.0,-0.48078391187329383,1.3815983035060748,0.0,-0.42937686378427814,1.380061966378889,0.0,-0.3686484234885937,1.409791126553764,0.0,-0.3079199971173366,1.4395202838929064,0.0,-0.3910710433611977,1.4598455562826878,0.0,-0.3365298012728115,1.4760495875080426,0.0
-0.4700934611796707,1.3840706686403976,0.0,-0.47917704329551647,1.3808410015465942,0.0,-0.48005436727639134,1.3816399312457823,0.0,-0.4806245955854971,1.384388778477477,0.0,-0.4773101798096123,1.3756229928488966,0.0,-0.47630078611739934,1.3726445052057317,0.0,-0.47585686666748056,1.3702206056010824,0.0,-0.4799113833758432,1.3810973202478654,0.0,-0.47153709759891005,1.3635146545854284,0.0,-0.46559022780743403,1.383088109129187,0.0,-0.46199376481533955,1.3778709037859347,0.0,-0.4494502443455551,1.4110815762990678,0.0,-0.3993658471099886,1.3403710795278978,0.0,-0.42476070123149534,1.479899010847334,0.0,-0.35784902403712004,1.4009452001098897,0.0,-0.37768134195574565,1.5196561998213542,0.0,-0.3701489802080161,1.4584403320974828,0.0,-0.3729632314634874,1.5222190059155478,0.0,-0.3692445246420153,1.4672011343580553,0.0,-0.378287442986864,1.5149396913104314,0.0,-0.37514867317063516,1.4646110314501306,0.0,-0.37843096083554273,1.5130227739987114,0.0,-0.3761724985778821,1.4615689657496602,0.0,-0.3259185362599176,1.4546539041915811,0.0,-0.28633349453610984,1.4278927161076536,0.0,-0.35151447460962415,1.5442402898503211,0.0,-0.3282171453903368,1.5077358795265856,0.0,-0.34294198707838514,1.6450189604524215,0.0,-0.3306936006622905,1.6078166785499557,0.0,-0.33091334324497923,1.657653466791165,0.0,-0.3267919411968754,1.6247384531607771,0.0,-0.363144679620507,1.6810883664420033,0.0,-0.3410176743119091,1.645889082565977,0.0,-0.4757242115798806,1.3723060039992143,0.0,-0.42440806909319556,1.3757263030038316,0.0,-0.36526702203501615,1.4084998133179876,0.0,-0.3061259870063247,1.4412733169659009,0.0,-0.37505711996503743,1.4763357046335046,0.0,-0.35964361498495595,1.51020869227519,0.0
-0.465351240939301,1.377264682236811,0.0,-0.4724497489142541,1.3713626691174,0.0,-0.47309125664841006,1.37179278139205,0.0,-0.47342545377119066,1.3738495276459477,0.0,-0.47164994019251066,1.368166199375615,0.0,-0.4712471818629273,1.3664004710361877,0.0,-0.471026304443061,1.3646183524544806,0.0,-0.4710147620653323,1.370637907557752,0.0,-0.4654035530467492,1.3584399711702921,0.0,-0.4609288135669535,1.3734127933020752,0.0,-0.45831300520873025,1.3704202301968182,0.0,-0.442081620919644,1.4098953496902114,0.0,-0.3932690054495572,1.3383010079373139,0.0,-0.42879323276125697,1.4817899362537208,0.0,-0.36864019806726817,1.407484044364401,0.0,-0.3918943789985189,1.5311414786402273,0.0,-0.36208678577524106,1.4659137620721516,0.0,-0.38705097066297367,1.5344630112521112,0.0,-0.3587767423167583,1.474808547317621,0.0,-0.39038627424884714,1.5277153372526322,0.0,-0.36170797716040715,1.4734762799392633,0.0,-0.39067801738471936,1.5259847959278467,0.0,-0.3633040673395351,1.4704132380315889,0.0,-0.3254827819534703,1.4572526141653843,0.0,-0.2822185365222928,1.4369710515231768,0.0,-0.3532987116490598,1.5461747520758535,0.0,-0.3290838863083929,1.513995787439943,0.0,-0.35010486731892887,1.6472669246175236,0.0,-0.3230219135997981,1.6139235195804775,0.0,-0.33787825503826524,1.6597099537918447,0.0,-0.31796758748717807,1.6305374652319713,0.0,-0.37047594105837117,1.6832415016003734,0.0,-0.3337001367171336,1.6518981162911512,0.0,-0.4682091812797351,1.3645389264164485,0.0,-0.41767536619132994,1.3740981344174086,0.0,-0.3607630017883068,1.4106049721811396,0.0,-0.30385065053948296,1.4471118049793321,0.0,-0.3580281684433783,1.484020717073779,0.0,-0.3715350430753626,1.530806167030436,0.0
-0.47140887778997265,1.3888655724244015,0.0,-0.4777878314285466,1.3827401302008062,0.0,-0.47815458189012533,1.3829804983959972,0.0,-0.4780010517764376,1.3839550794537943,0.0,-0.4781361509946493,1.3807865901179663,0.0,-0.47833735024356605,1.3797467608789076,0.0,-0.47851772675076354,1.3784090543915561,0.0,-0.4751125637463165,1.3808188536806842,0.0,-0.4728175489026624,1.3713327301155236,0.0,-0.46691546437257686,1.3832964359973328,0.0,-0.46593333013991195,1.381364235708659,0.0,-0.42718761108522463,1.4260874996385227,0.0,-0.41880949959187525,1.3398423348587787,0.0,-0.4104365859840295,1.49725502028555,0.0,-0.39472073159593707,1.409215254206197,0.0,-0.37978558696759424,1.5507116981118567,0.0,-0.3752217405437189,1.4646838802214703,0.0,-0.37472981890112184,1.5566923085220699,0.0,-0.37038868097457733,1.4729488308588516,0.0,-0.3773121382172229,1.5506919492047824,0.0,-0.37167215906164186,1.4725136639537684,0.0,-0.3777316702099014,1.5481408516491635,0.0,-0.37344246852271556,1.4696784370461784,0.0,-0.3205855766275262,1.4457178052033317,0.0,-0.27677485085083714,1.4266453899694178,0.0,-0.34959018579781004,1.5342593502670903,0.0,-0.3281633219474053,1.5007290993256472,0.0,-0.3414959732384867,1.6350775614882997,0.0,-0.31213818686820033,1.599549614450612,0.0,-0.3266576134273851,1.644250461848108,0.0,-0.3039890908203443,1.6148845952515887,0.0,-0.37252167358079036,1.6624007522364967,0.0,-0.32819550700720085,1.6355809468466749,0.0,-0.47396506273208294,1.3760757873311835,0.0,-0.42299855502367983,1.3829649104251651,0.0,-0.3608393765754292,1.4095732354398745,0.0,-0.2986802107705649,1.4361815550423611,0.0,-0.36664999884326344,1.4811416880432346,0.0,-0.3638210180808505,1.5633508251927906,0.0
-0.4696652387533784,1.4245378141223157,0.0,-0.47918261856924405,1.422263766469734,0.0,-0.479284118344377,1.4226256332034015,0.0,-0.4786610306237772,1.4231805947107832,0.0,-0.4807531579187768,1.4202282229424366,0.0,-0.48155737130023235,1.4191881272906606,0.0,-0.4824125352228622,1.4179636877504878,0.0,-0.4774609410616626,1.420001150771078,0.0,-0.47952093924626416,1.4098682189792338,0.0,-0.467855048970201,1.4186911898373666,0.0,-0.46871364620945954,1.4165043726083886,0.0,-0.4050163513983724,1.4433747375248598,0.0,-0.45049915103931926,1.3696201706364457,0.0,-0.3729884106927472,1.509098582901883,0.0,-0.40238595134731237,1.425099812828358,0.0,-0.3590905622150644,1.5691314901496787,0.0,-0.3794269152036263,1.4792280105023028,0.0,-0.3554745992969812,1.5799349473382651,0.0,-0.3735378968613254,1.4876133254293518,0.0,-0.3594135446054446,1.575873756636572,0.0,-0.3763194240503844,1.4887848641730446,0.0,-0.3591993395830074,1.571129245705092,0.0,-0.37805728562332,1.4861997610911608,0.0,-0.28622405927723227,1.4205047356067109,0.0,-0.29942556250927604,1.3745824422367676,0.0,-0.3130342360157901,1.5097352627745237,0.0,-0.35709055978669596,1.443892752022659,0.0,-0.2507681548080808,1.589439485509802,0.0,-0.3228074890635002,1.537951086186403,0.0,-0.23337596169186153,1.5907924975211383,0.0,-0.309076001282199,1.548581967893744,0.0,-0.2907585193316243,1.5789551362373435,0.0,-0.34742072766183807,1.5687777455899647,0.0,-0.4784909270046477,1.414934694260501,0.0,-0.42775772759746666,1.4064974314990395,0.0,-0.3602912654604623,1.4020205003887767,0.0,-0.2928248170463636,1.397543570189137,0.0,-0.3711094882996176,1.4958157952782736,0.0,-0.35533462205673305,1.5891441837873332,0.0
-0.4343574822812759,1.4397628357089363,0.0,-0.44270144380280285,1.4446094028969627,0.0,-0.4424985834186287,1.4451465682261748,0.0,-0.4415159311511616,1.4458415009020253,0.0,-0.44583776013328896,1.4422022555137246,0.0,-0.44738301887328114,1.4409678697975556,0.0,-0.4491107308649691,1.4397282336703496,0.0,-0.44308729490873716,1.4421267948060787,0.0,-0.45093793169526925,1.4310867473252602,0.0,-0.4308776754732015,1.4349116181530692,0.0,-0.4338143915248173,1.4322949679563484,0.0,-0.3735660081039364,1.4387724933868042,0.0,-0.43481328797143437,1.3774765562546247,0.0,-0.32274920288666714,1.491337359452419,0.0,-0.3629480868166339,1.392584949462561,0.0,-0.3290232586250417,1.55263773766922,0.0,-0.34058122782477784,1.4469605206587808,0.0,-0.3284755421348332,1.5692611732796748,0.0,-0.33344209176876416,1.4563492889027707,0.0,-0.3348344116358451,1.568785346782691,0.0,-0.3395823791026246,1.4602256109399552,0.0,-0.33325302626851777,1.5611276938575427,0.0,-0.34134049386587423,1.457849264412064,0.0,-0.26888473703223453,1.3549062659008129,0.0,-0.3060146451355765,1.3248312490233762,0.0,-0.2598335579825808,1.4476367825240346,0.0,-0.38557788440452323,1.3672442412622343,0.0,-0.17116825086015292,1.398971689246764,0.0,-0.29629396993259277,1.4125286953324687,0.0,-0.15419683921070138,1.3949355760769502,0.0,-0.2789466104737703,1.4117296193849478,0.0,-0.19844675034599435,1.3679066880364996,0.0,-0.3320394753842971,1.4292126182609675,0.0,-0.4470125994643853,1.4366067791076154,0.0,-0.40418964524963796,1.4081245123910004,0.0,-0.3458196572535391,1.3739966509463517,0.0,-0.28744970916977786,1.3398687484862868,0.0,-0.33430773633153255,1.464424125629165,0.0,-0.3322522831212868,1.5727421748389154,0.0
-0.39766304996493546,1.4143837472258654,0.0,-0.40131805276971877,1.4230120866864369,0.0,-0.40074809651327886,1.4236074063688162,0.0,-0.3993971317124985,1.4243662277278228,0.0,-0.4063116830909375,1.4206609677210071,0.0,-0.40872350743451086,1.4194196110789075,0.0,-0.41136813228137065,1.4182276535489244,0.0,-0.40347480571959277,1.4197438911317115,0.0,-0.4179359958763795,1.4092176894008042,0.0,-0.3892804788690271,1.4068279297375386,0.0,-0.3945668065176535,1.4042203600331151,0.0,-0.34354961005179785,1.4004060784450234,0.0,-0.4130625276851289,1.3486723807018512,0.0,-0.2800849543285249,1.4367055317592587,0.0,-0.3411367253541938,1.3338551730905364,0.0,-0.2979043324942425,1.49569341107966,0.0,-0.3188312857815475,1.3882559680254245,0.0,-0.3006642573561543,1.518157232737526,0.0,-0.3101474528702462,1.3991554369914891,0.0,-0.3092266832861806,1.5220169215733608,0.0,-0.31951535233818523,1.4060731511461069,0.0,-0.3061637118162684,1.5115189763515553,0.0,-0.3213834870358305,1.4035899948099617,0.0,-0.2613086077524871,1.2916810619788304,0.0,-0.30259587961121004,1.2676290787257865,0.0,-0.2168931326394023,1.2097778378305868,0.0,-0.30624826799095045,1.177541171586456,0.0,-0.15060373463610538,1.1333871073512911,0.0,-0.2328404865875991,1.1094706435048558,0.0,-0.1345011486953805,1.1266769844823523,0.0,-0.21794734243124814,1.1005395931913902,0.0,-0.1716815242822873,1.0978219893559282,0.0,-0.27085851550940915,1.0989481000299004,0.0,-0.41070541435673946,1.4144807794904792,0.0,-0.37830607459435617,1.3745392258407225,0.0,-0.33012914740262567,1.3270971547243329,0.0,-0.2819522613114838,1.27965506147176,0.0,-0.3138515965412113,1.4061315628168471,0.0,-0.30355122726875283,1.5152568354351554,0.0
-0.3723424461379105,1.373600195854827,0.0,-0.3714502586481709,1.3843022616621168,0.0,-0.3704929489048729,1.3849106177288135,0.0,-0.36870152426034936,1.3854944693496236,0.0,-0.3782903873143407,1.3821992284610718,0.0,-0.381561602810504,1.3810512684468912,0.0,-0.38508089778065085,1.3799646805238999,0.0,-0.3748141172507047,1.3800124541799565,0.0,-0.3957509862080291,1.370454009250823,0.0,-0.35918434281571576,1.3621236006094422,0.0,-0.36687532361279657,1.3596694109401382,0.0,-0.322859201029697,1.3530423807972753,0.0,-0.3968820398869829,1.307997508418852,0.0,-0.2533334583936623,1.3756606023872628,0.0,-0.32926941482359956,1.2793373686009115,0.0,-0.27629553352690245,1.4328431456194985,0.0,-0.3065778509529132,1.3335782392906348,0.0,-0.28183183944176887,1.461190499192574,0.0,-0.29646088786639146,1.346509252773347,0.0,-0.29217180261514625,1.4690754849994234,0.0,-0.30846216990951564,1.356020119378664,0.0,-0.2878462415894814,1.4559802926355312,0.0,-0.31041529150274605,1.3529797362142628,0.0,-0.2546715716535332,1.234752020220977,0.0,-0.29765145424262535,1.2138746063828443,0.0,-0.21600997835155666,1.1499808355014565,0.0,-0.2751627659813181,1.1265623514932424,0.0,-0.15842401532553294,1.066832264538599,0.0,-0.2256169627706393,1.0395709004875322,0.0,-0.14302899608496183,1.0586278507583748,0.0,-0.2129168015668251,1.0277271127504677,0.0,-0.17675104638471067,1.0297745964124376,0.0,-0.2550587848548816,1.0133168806688124,0.0,-0.38528253202646023,1.3752332486359486,0.0,-0.3598706257935684,1.3305199402523649,0.0,-0.3180160742758757,1.277416616978744,0.0,-0.27616153077198646,1.2243133049002517,0.0,-0.3023715140444206,1.3516514494064307,0.0,-0.28270387955053167,1.4521705379513425,0.0
-0.3537936665186698,1.327777682265125,0.0,-0.34846022498561163,1.3399974335828149,0.0,-0.34714244335274314,1.3406640269556789,0.0,-0.34490497592666003,1.3410696620637064,0.0,-0.3570054661392397,1.3379835993670817,0.0,-0.36107272342788027,1.3368629458360028,0.0,-0.3654342271837989,1.3358641448974606,0.0,-0.35307668587011076,1.3349140165328999,0.0,-0.38008494036174356,1.3257799284389689,0.0,-0.3358447103930999,1.3120659511121506,0.0,-0.3458087657667694,1.3095982076538817,0.0,-0.3078457182625436,1.3040861080851247,0.0,-0.38385206285193624,1.2624753308484682,0.0,-0.23576297016069048,1.3163127291666294,0.0,-0.3199364137404592,1.226313742373899,0.0,-0.2616569550439035,1.372228752735898,0.0,-0.29689970487468886,1.2804089285618627,0.0,-0.2697880478062109,1.4063892913876832,0.0,-0.28568372640849204,1.2947097821651776,0.0,-0.2818956101921684,1.4178429249277027,0.0,-0.30014050613268906,1.3065851941862878,0.0,-0.2763789965117763,1.4021381106131825,0.0,-0.30208002454757527,1.3035151089037484,0.0,-0.24865376757147137,1.1806976386644912,0.0,-0.2923199017086543,1.1612964674252564,0.0,-0.21191740218827004,1.095074557583334,0.0,-0.26366500744131166,1.0758092286808187,0.0,-0.15854743071534128,1.009159051789684,0.0,-0.22357664062720342,0.9840747094961209,0.0,-0.1436540348367877,1.000075782438874,0.0,-0.21218388556708284,0.9709684310501393,0.0,-0.1753243891674187,0.9713743392793308,0.0,-0.2470199020320667,0.9523492002175425,0.0,-0.3665808268949257,1.3303469649862132,0.0,-0.3458488955424363,1.283280714366577,0.0,-0.30816786853342193,1.227138870533338,0.0,-0.2704868494819672,1.1709970379228094,0.0,-0.29331254031513937,1.298615148501767,0.0,-0.2684796008139323,1.3914138119696948,0.0
-0.3381667956843334,1.2774846786395349,0.0,-0.32802829639910847,1.2909174725336872,0.0,-0.32638512344002935,1.2916638638512046,0.0,-0.32375453694032685,1.2919894242843968,0.0,-0.33823713764973196,1.288886589931598,0.0,-0.3430895707971603,1.287739878072285,0.0,-0.34830398229635584,1.2868008477404669,0.0,-0.33431167631362946,1.2851724065946515,0.0,-0.3673127913987053,1.2761862051554953,0.0,-0.3151358915019068,1.257034142723775,0.0,-0.32728951574986365,1.2544796002426157,0.0,-0.2953097950800523,1.2520034866900882,0.0,-0.37231725195383536,1.2122760051953771,0.0,-0.22233676284025014,1.256514517915286,0.0,-0.3115257582711026,1.1710781293014938,0.0,-0.2503715151555271,1.3113884899562467,0.0,-0.287506767615559,1.224744386968352,0.0,-0.2613987638862009,1.350646421764234,0.0,-0.2750829769389206,1.238204556086371,0.0,-0.27550968213833166,1.365708993581354,0.0,-0.2920594914234011,1.2529824652558272,0.0,-0.26870077638549306,1.3472432991968315,0.0,-0.2939792849636255,1.251255627932408,0.0,-0.24276279264764972,1.1252170314121013,0.0,-0.28674045620567595,1.1065327646639098,0.0,-0.2068564259810838,1.039242585277191,0.0,-0.254744555217967,1.0222390325505089,0.0,-0.15613771592845826,0.9517357830193228,0.0,-0.22014953246077246,0.928294987692416,0.0,-0.1416188053296218,0.9420651957611632,0.0,-0.2097199365743941,0.9144099982357997,0.0,-0.17170037133057517,0.9134349398010888,0.0,-0.23929987697847643,0.893807906790502,0.0,-0.3508122320427133,1.2806793027950711,0.0,-0.3338135288752149,1.2321397414495252,0.0,-0.2992825805590931,1.1740073061501228,0.0,-0.26475163929935475,1.1158748826556462,0.0,-0.2840648219506021,1.242978618625237,0.0,-0.25771178322411264,1.330381527043266,0.0
-0.3243285038620723,1.2236019829947937,0.0,-0.309155216895086,1.2380674279066373,0.0,-0.30717767943826574,1.2388705280055534,0.0,-0.30416115294708007,1.2391245635577612,0.0,-0.32111814073717726,1.2360817107320292,0.0,-0.3268030441926333,1.2349292725700267,0.0,-0.33290706046035023,1.2340525650253205,0.0,-0.31723090333439247,1.2315121002211273,0.0,-0.35649394902265386,1.222906812301987,0.0,-0.2960612792406517,1.1980090627175608,0.0,-0.3105058073235574,1.195437685668114,0.0,-0.28391242390544036,1.1967744896092816,0.0,-0.3617445678439283,1.1586880278411065,0.0,-0.21082524257917534,1.1948570009476303,0.0,-0.3035102079859451,1.1139484478891615,0.0,-0.24058557628330246,1.248814601735194,0.0,-0.2784925923749506,1.1671565115000209,0.0,-0.2546843432943858,1.2930385772295558,0.0,-0.26424041081269783,1.1802453636708021,0.0,-0.270946777507944,1.3121427041315665,0.0,-0.28410251689125954,1.1982932794319137,0.0,-0.26280639604937034,1.2909102609184715,0.0,-0.28616498869233137,1.197241633999118,0.0,-0.2364887599439451,1.0677769426505634,0.0,-0.2807110516971541,1.0496792735179152,0.0,-0.2008083650318132,0.9817084700586045,0.0,-0.24636080554432405,0.9663172225423001,0.0,-0.15210976246411073,0.893061563182206,0.0,-0.21544506057891374,0.8710989686352688,0.0,-0.13790455898913415,0.8829357932297925,0.0,-0.20575282661376834,0.8566895965695476,0.0,-0.16653850862067948,0.8543193108116728,0.0,-0.2312356151250566,0.8349499322524385,0.0,-0.33686240463312705,1.2272094773676687,0.0,-0.3228285016324118,1.1777312549707264,0.0,-0.2907142182023187,1.118229664864062,0.0,-0.2585999225637371,1.058728096974951,0.0,-0.27493376147565174,1.1853682911139867,0.0,-0.24836443244289216,1.2676322633847188,0.0
-0.31312914455614904,1.16878135409727,0.0,-0.2932980176274788,1.184195693995569,0.0,-0.2909204916626285,1.1850525773122507,0.0,-0.2874468083776042,1.1852060645785234,0.0,-0.30710824489794236,1.1823073522201906,0.0,-0.31365229858446575,1.1811738858325718,0.0,-0.32065821788103355,1.180372089295569,0.0,-0.3026734589611919,1.1767499849692444,0.0,-0.34845826926368434,1.1686717412374426,0.0,-0.27979955051019695,1.1380490412358184,0.0,-0.29668620368728316,1.1354703587826958,0.0,-0.2742411551570708,1.141033509123131,0.0,-0.3527663419281635,1.1043972396262896,0.0,-0.2015598435888895,1.1331063541659683,0.0,-0.2961871709447619,1.0575819847068024,0.0,-0.2329465699683387,1.1861343991243924,0.0,-0.272230427053697,1.1112760583668875,0.0,-0.24980662203690387,1.2371234148481076,0.0,-0.2561955079949288,1.1294094699213608,0.0,-0.268059952886711,1.260435733233684,0.0,-0.2794364293657042,1.1497633602191317,0.0,-0.25866856598653226,1.2366063551647655,0.0,-0.2817150891513566,1.1460187434809954,0.0,-0.23055818978282525,1.0106840021136199,0.0,-0.27498581904223385,0.9930964362124122,0.0,-0.19511172279764755,0.924518924885852,0.0,-0.23931967885339683,0.9102888435795424,0.0,-0.14776064041720988,0.835144974608375,0.0,-0.21085378084465947,0.8143097218163885,0.0,-0.133783317693623,0.8247068966063965,0.0,-0.20167392250895266,0.7995686362559605,0.0,-0.16146589739803074,0.7961409137238665,0.0,-0.22469341992436342,0.7773697863207025,0.0,-0.32556584439745656,1.1727108809448936,0.0,-0.3135037549256856,1.1227153719208849,0.0,-0.283137877979545,1.0623027909236975,0.0,-0.2527720235586778,1.0018902139970725,0.0,-0.2693714778390684,1.1296107414420222,0.0,-0.2407486075208704,1.2049424613089046,0.0
-0.30477539808612597,1.1159880893766103,0.0,-0.2808340568416151,1.1322094020492826,0.0,-0.27803952166129603,1.1331472545610184,0.0,-0.2740860367994871,1.1332139987246796,0.0,-0.29640969072499784,1.1303806183266092,0.0,-0.3037542284051707,1.1292627084285636,0.0,-0.3116049016826374,1.1285388730532173,0.0,-0.2910821341852965,1.1240787787630602,0.0,-0.34314083688427544,1.116367186775744,0.0,-0.2667832317966836,1.0802933175641545,0.0,-0.2859981536125558,1.0776514288346468,0.0,-0.2667939940403552,1.0877465436990357,0.0,-0.34579184889922243,1.0521409243703748,0.0,-0.1947058763807472,1.0755516214245633,0.0,-0.29015632845890305,1.0042080593644067,0.0,-0.22736164864118047,1.1278077280821186,0.0,-0.2679333428139642,1.058642589151129,0.0,-0.24667804742994293,1.1865200831581284,0.0,-0.25144617765788635,1.0827721075881263,0.0,-0.2665629611926742,1.213411835114567,0.0,-0.27751525597700005,1.104444994787688,0.0,-0.2559472558991572,1.1870246945599798,0.0,-0.2796981855468599,1.0983256732369957,0.0,-0.22582361814379326,0.9565109719903877,0.0,-0.27037548292268165,0.9392405330653242,0.0,-0.19101777738799003,0.8700851309202532,0.0,-0.2344953561888687,0.8565254349321139,0.0,-0.1443182109744054,0.780369031542365,0.0,-0.20753653309388054,0.7601121525421688,0.0,-0.13047457206890917,0.7697542925088835,0.0,-0.19871183882229249,0.7451557434284642,0.0,-0.15798653185526376,0.7413520116831974,0.0,-0.2205910534298158,0.7228875109309919,0.0,-0.3171114524185203,1.1202229976043276,0.0,-0.3062929284218627,1.0699437328570336,0.0,-0.27719625226380773,1.0089097270733465,0.0,-0.24809956712228054,0.9478757408083193,0.0,-0.2661099137405822,1.0771090262869656,0.0,-0.2350130335056651,1.1466775797710727,0.0
-0.29611112935526623,1.0643751927923963,0.0,-0.2676040183034709,1.0812386468429858,0.0,-0.26452532919748906,1.082245333430225,0.0,-0.2602274267491519,1.0822166841715588,0.0,-0.2847345882117002,1.079446514399168,0.0,-0.2928115701128022,1.0783390686370233,0.0,-0.30145227034080696,1.0776903234550788,0.0,-0.27951852904404745,1.0725371949007823,0.0,-0.33722500406677625,1.0651103384268459,0.0,-0.2534506587484412,1.023556571253104,0.0,-0.2746549381903654,1.020908148741706,0.0,-0.2592457264329919,1.0357126491547333,0.0,-0.33856638536542893,1.0008320776771302,0.0,-0.18741148783610853,1.0221018078070447,0.0,-0.284125334694745,0.9515467585220555,0.0,-0.2204042419456309,1.0741458115077565,0.0,-0.2600645373074646,1.0051942855215823,0.0,-0.2426681337119232,1.136735354310711,0.0,-0.24345714135869734,1.0233021499748736,0.0,-0.2642876819993838,1.1666116946005995,0.0,-0.27083694671360725,1.0481045045169064,0.0,-0.252323065759948,1.1373647701451357,0.0,-0.2726550958421874,1.047352750635764,0.0,-0.22061909406502042,0.9037090444800937,0.0,-0.26524561579835937,0.8866324442937433,0.0,-0.18629587995096336,0.8170904002498872,0.0,-0.22928589351069015,0.8039519186143864,0.0,-0.14017387629505274,0.7270760193457,0.0,-0.2032061542056146,0.7072971393137772,0.0,-0.12647548300837055,0.716274489627273,0.0,-0.19466956756436515,0.6921744381304586,0.0,-0.15382022857180885,0.688051310455928,0.0,-0.215304776157311,0.6697509305683947,0.0,-0.3083717481516034,1.0688237780641292,0.0,-0.2989060624943565,1.0182723614664417,0.0,-0.2709192093019969,0.9567215493366317,0.0,-0.24293237566043535,0.8951707434252202,0.0,-0.258298106162981,1.0236662620018957,0.0,-0.22839413327441072,1.0928748432409208,0.0
-0.2840792753305918,1.0077397243392143,0.0,-0.24971798824588662,1.0253548101158403,0.0,-0.24644876365520638,1.0263691274177174,0.0,-0.24189737007727033,1.0261769051681275,0.0,-0.26847646122117713,1.0236609223127302,0.0,-0.27737878437217034,1.0225651166179202,0.0,-0.2869085559166493,1.0219881088286642,0.0,-0.264535956753397,1.0156784255567564,0.0,-0.32810847352608713,1.0087949851259725,0.0,-0.23592636479621096,0.9612737787955695,0.0,-0.25923056684239254,0.958744240166944,0.0,-0.248770796955058,0.9784898877922709,0.0,-0.32838972034853753,0.94429561579032,0.0,-0.17713611671252713,0.963865065621172,0.0,-0.2756899773351009,0.8931526028886214,0.0,-0.2100090257274195,1.01598485071119,0.0,-0.24634056492819328,0.9440995470113652,0.0,-0.23600439613161847,1.0787553278210846,0.0,-0.22674405788995622,0.9494222044666413,0.0,-0.2601869008539258,1.1126986502662686,0.0,-0.2560365476434838,0.980186714796765,0.0,-0.24681860021272814,1.0804045903773027,0.0,-0.2580898020955547,0.9870208302280933,0.0,-0.21242229924519238,0.8457311904116692,0.0,-0.2571479922349985,0.828916045377441,0.0,-0.17762048849009315,0.7593037264689806,0.0,-0.22000403371829194,0.7467607211474785,0.0,-0.1325901384431854,0.6687383050022151,0.0,-0.19483044485740098,0.6498659865757125,0.0,-0.11912090815560133,0.6576523292510819,0.0,-0.18655289368100963,0.6345999606001769,0.0,-0.14526864535928025,0.6293885108887599,0.0,-0.20513196054779617,0.6117874727028937,0.0,-0.2963222292667654,1.0122366969993164,0.0,-0.2885802654157169,0.9613927502531814,0.0,-0.2616827071934807,0.8993581809620894,0.0,-0.23478516712645817,0.8373236187893167,0.0,-0.24202563862458362,0.9621471397891257,0.0,-0.21878481483807266,1.034358759347975,0.0
-0.2739341495403777,0.945912144361377,0.0,-0.23435431454460548,0.9645964374943472,0.0,-0.230611281673265,0.9656445977887458,0.0,-0.22551838977339872,0.9653234327006719,0.0,-0.2552551741474933,0.9630035175248302,0.0,-0.26517295102261595,0.9618966878216102,0.0,-0.2757629477479281,0.9613754031470454,0.0,-0.25065858705680244,0.9536042530365085,0.0,-0.3216542679323068,0.9473258726878875,0.0,-0.21999656150843316,0.8939119814900294,0.0,-0.24624302667974227,0.8913346613627131,0.0,-0.2393637023777883,0.9162373906260778,0.0,-0.319280417765878,0.8827450063923562,0.0,-0.16884756334722512,0.8969271090846764,0.0,-0.267377776403279,0.8307932354703655,0.0,-0.20296649874241235,0.9482398598629195,0.0,-0.2404353771233188,0.8830530311561117,0.0,-0.2317838591624617,1.0193688684863416,0.0,-0.2160175496298128,0.902350046610629,0.0,-0.2586188186721,1.059181326023245,0.0,-0.25122159539125904,0.9357550101026182,0.0,-0.2440938381305261,1.0245079113331648,0.0,-0.2543638196010537,0.9321139531422988,0.0,-0.2047220484356032,0.7829788023810734,0.0,-0.24956800999368142,0.7664870939228204,0.0,-0.169277695604668,0.6968128554658641,0.0,-0.21099961572702858,0.6849907754948503,0.0,-0.12518806660798365,0.6057857572712351,0.0,-0.18714479132547862,0.5877629681728636,0.0,-0.1118758471067832,0.594511723616569,0.0,-0.1790854572170197,0.5723806232186073,0.0,-0.13674034123310458,0.566090722501398,0.0,-0.19638583983944827,0.5494132945543779,0.0,-0.28615640207895787,0.9504650804549484,0.0,-0.2793220668661165,0.899491197071462,0.0,-0.25323355577597595,0.8371120658291186,0.0,-0.2271450498998531,0.7747329473135753,0.0,-0.2369834423765327,0.9012853744114748,0.0,-0.21153594420083313,0.966710907414229,0.0
-0.27882491711961,0.8991924859812958,0.0,-0.23837746219536207,0.9188754165851075,0.0,-0.2336608952352394,0.9201864582634399,0.0,-0.2275495784774302,0.9200273742642268,0.0,-0.2616147660330017,0.9170453419863599,0.0,-0.2724427200236589,0.915824652427155,0.0,-0.283959704110352,0.9152617021934696,0.0,-0.2513823681302435,0.9075243652949144,0.0,-0.330466999855875,0.9005987470086309,0.0,-0.22158214877164586,0.8437211187892809,0.0,-0.2511781805168528,0.8404144952894058,0.0,-0.24288193681302384,0.869699991596391,0.0,-0.3230455254886497,0.8368028754503631,0.0,-0.1743610311345827,0.8441990441239524,0.0,-0.2698867686339143,0.7861371350333448,0.0,-0.2116333698980762,0.8932691257219124,0.0,-0.25649581163455587,0.8433879987361577,0.0,-0.24002699204417074,0.9911254749727122,0.0,-0.23372263250579578,0.9182082469541484,0.0,-0.2670882016788023,1.035191527993841,0.0,-0.27660681240723883,0.9439327607340369,0.0,-0.2515802117831677,0.9995216765801355,0.0,-0.27977348652238304,0.9078063681017046,0.0,-0.20876736106876928,0.7364730172595964,0.0,-0.2536755422303953,0.720151498313881,0.0,-0.17414594418799018,0.6499731325858826,0.0,-0.21576096203568898,0.638348958241581,0.0,-0.12945878280809717,0.5592378825525723,0.0,-0.19312015551207734,0.5408313032050157,0.0,-0.11599374049294775,0.5481468204597915,0.0,-0.18522551358117223,0.5253637878471342,0.0,-0.14172967641378695,0.5197590780555942,0.0,-0.20371900552079844,0.5028344767220772,0.0,-0.2909247072478376,0.9040615478048729,0.0,-0.2829637378089415,0.8532514317787536,0.0,-0.2570926064367549,0.7907818312760055,0.0,-0.23122146910354568,0.7283122481277973,0.0,-0.2562141487590248,0.8619421050229612,0.0,-0.21835470499138232,0.9124899125859061,0.0
-0.306322365200695,0.8966603868082248,0.0,-0.2696468724587212,0.916924583862402,0.0,-0.26393244746162936,0.9187965012847792,0.0,-0.2568413976215477,0.9191802566948113,0.0,-0.29427073061440867,0.9140878614288248,0.0,-0.305453765385689,0.9125084349172277,0.0,-0.3173531274815722,0.9116182339615972,0.0,-0.27594357773344325,0.9073030183703821,0.0,-0.36045014210689963,0.8968082954320866,0.0,-0.2504725368362143,0.8418209269169491,0.0,-0.28216771296708576,0.8368792633434042,0.0,-0.2673301847761246,0.8679671918205265,0.0,-0.34768141547822584,0.8355310865559008,0.0,-0.1999276422165751,0.8396421129416597,0.0,-0.29250792896507655,0.7870671095386471,0.0,-0.24120170108723551,0.8853974646425516,0.0,-0.28727660154727774,0.8456300016933597,0.0,-0.26618816996801986,1.0181545023375176,0.0,-0.27770995378450325,0.9726050269705852,0.0,-0.28978643996052544,1.0604141744682363,0.0,-0.3223155038411213,0.9855404574166401,0.0,-0.27268967099455566,1.0248798017778553,0.0,-0.3222464299675907,0.9252451774517231,0.0,-0.23273768717322987,0.7352712118899384,0.0,-0.2776065311784094,0.7188418615199603,0.0,-0.2011088493094101,0.6476328117973837,0.0,-0.2444145574962372,0.6350118917197567,0.0,-0.15343447868836338,0.5584308926661957,0.0,-0.22138509087915575,0.5375852894429509,0.0,-0.13953077952407777,0.5478949459861993,0.0,-0.21357585073699442,0.5220744812446151,0.0,-0.16911985497338827,0.5201801435860801,0.0,-0.23567113241459,0.5008156897506811,0.0,-0.31819686374613765,0.9020556595986637,0.0,-0.3075058065779947,0.8517491369438207,0.0,-0.2813389583751792,0.7894028260619355,0.0,-0.255172125398481,0.7270565237049049,0.0,-0.289039643641961,0.8641023019467073,0.0,-0.24593574400130946,0.9052016013517163,0.0
-0.3463138292362965,0.941054074217004,0.0,-0.31344312456476725,0.961871476816448,0.0,-0.30740446891702394,0.9643862586507699,0.0,-0.300071265448501,0.9654302998163518,0.0,-0.33794718913546945,0.9572607320346749,0.0,-0.3489605520731009,0.9550058216535464,0.0,-0.3607721870243957,0.9533842568162414,0.0,-0.31531030946270006,0.9551466634421031,0.0,-0.40085608111511134,0.9382032718572515,0.0,-0.2949726270525929,0.8907601316984501,0.0,-0.3267735411175295,0.8836632766042682,0.0,-0.3045894363150141,0.9129488395600476,0.0,-0.3851348262816199,0.8809979185215616,0.0,-0.23656467351076887,0.8861524875245173,0.0,-0.3300975660034986,0.8323792938657375,0.0,-0.28242464265103173,0.9273102738520786,0.0,-0.32820586856280776,0.8911449352292894,0.0,-0.3040422734058311,1.0813706866552835,0.0,-0.33485702339505324,1.0124728840727655,0.0,-0.3229150915930975,1.1171094582320467,0.0,-0.3727542419608979,1.0218239514009553,0.0,-0.3031149537250907,1.0821726590872052,0.0,-0.36733189596109495,0.9727672843034066,0.0,-0.269424694147264,0.7808601133011958,0.0,-0.31424160689811675,0.7642896260596193,0.0,-0.23990808081150966,0.6924879338973469,0.0,-0.28752314595254913,0.6781775200679455,0.0,-0.188235759651851,0.6055408280411252,0.0,-0.2607538760346747,0.5817114361216478,0.0,-0.17399326083483088,0.5954675837602658,0.0,-0.25290293670172886,0.56622169260686,0.0,-0.20761385782586544,0.569021789916456,0.0,-0.2781359531667766,0.5463001690043082,0.0,-0.35808320602129023,0.9466749686548872,0.0,-0.3448621375831604,0.8969733763831196,0.0,-0.31834764490802325,0.834774115104307,0.0,-0.29183316861361996,0.7725748617932083,0.0,-0.3319004048955817,0.9093296704586864,0.0,-0.28604389090480187,0.9473481388876848,0.0
-0.3775961473350843,0.9969754978580463,0.0,-0.34484217966398967,1.0186903242344196,0.0,-0.33914768609254853,1.0216272827334993,0.0,-0.3322506048795707,1.0230937085971055,0.0,-0.36857125465370894,1.0122627509842108,0.0,-0.37939605739310006,1.009225997559539,0.0,-0.3911323654760092,1.006709634308851,0.0,-0.3473756703527986,1.013869249488768,0.0,-0.4317918482238579,0.9903599256633543,0.0,-0.32992434863317255,0.9520006656712693,0.0,-0.36105463994754095,0.9430409517539854,0.0,-0.33518521092812376,0.9683084326142988,0.0,-0.41596329894834566,0.9369504719682771,0.0,-0.26574704937200117,0.9454227480780713,0.0,-0.3649872943776151,0.884089166267884,0.0,-0.3165412947491798,0.9803089169920411,0.0,-0.36581094042953555,0.9428794778103302,0.0,-0.3370088253440997,1.1356704399930926,0.0,-0.3788387359738369,1.013569116270077,0.0,-0.35342860846264523,1.1665282133555006,0.0,-0.40892807185885494,1.0325709340083482,0.0,-0.33070540959211125,1.1323296842749073,0.0,-0.3997792682870538,1.0145548894559426,0.0,-0.30010497383085877,0.836410344319781,0.0,-0.3449977040647969,0.8200463751165706,0.0,-0.26791391797796754,0.7489768926066379,0.0,-0.31912129443272724,0.7336775012199266,0.0,-0.21478035658664943,0.6629149809111909,0.0,-0.2879454016278719,0.6385441060755802,0.0,-0.20059787326553083,0.6527574128094809,0.0,-0.27997804257213527,0.6231139216230055,0.0,-0.23393778482960823,0.6262797004085295,0.0,-0.3029931976523602,0.6020796263852389,0.0,-0.38958374042446603,1.0021145927309183,0.0,-0.375574261117833,0.9526294493588741,0.0,-0.34906280603007733,0.8904288932956057,0.0,-0.3225513563348409,0.82822834988414,0.0,-0.37194212657484055,0.9603935507383808,0.0,-0.3199130941601906,1.0003899020734432,0.0
-0.3888240387259575,1.0258825655452097,0.0,-0.3538685903643833,1.04854022934839,0.0,-0.3485499734995285,1.0515917262223151,0.0,-0.34207494405102584,1.0531555092206146,0.0,-0.37726532325021295,1.0411210113634988,0.0,-0.38816903638540895,1.0375869319185758,0.0,-0.4000570990031422,1.0344908832457156,0.0,-0.35906798823625435,1.0438512178657917,0.0,-0.4430928632004309,1.0168343499632555,0.0,-0.3419341455895974,0.9838154613110485,0.0,-0.37297199081603855,0.9739268830063988,0.0,-0.34716088324744365,0.9961481075475852,0.0,-0.4281169656278763,0.9652525750923455,0.0,-0.277057350576456,0.9753897948985845,0.0,-0.38158423693496435,0.9084408171303056,0.0,-0.33094820835071803,1.005270818865064,0.0,-0.3862503006437349,0.9670514558705754,0.0,-0.3518071775042674,1.1549562739662593,0.0,-0.39539526452549134,1.000964145588272,0.0,-0.3685355262711363,1.1857011987044574,0.0,-0.42350127547470306,1.0311951376420325,0.0,-0.34417852615439903,1.152178872886654,0.0,-0.4139172579444327,1.0299967055522818,0.0,-0.31257026011128514,0.8640794348858798,0.0,-0.35760767955181827,0.8481179949107944,0.0,-0.2769103164386335,0.7780024869110486,0.0,-0.328746943495233,0.7627000291899158,0.0,-0.22485953569710534,0.6912814155673591,0.0,-0.29647489985969516,0.6679328705142642,0.0,-0.2109431703031748,0.6807622047073517,0.0,-0.28844744443405346,0.6525338652881842,0.0,-0.2410294354025457,0.6532329572817888,0.0,-0.3063090736192466,0.6297309926710368,0.0,-0.4010804358025915,1.0303427690034446,0.0,-0.38763893080862244,0.9807003388806972,0.0,-0.3613639631669,0.9183995162466716,0.0,-0.33508898939782295,0.8560987111229896,0.0,-0.3941867255735103,0.9838248679686398,0.0,-0.3344980650739443,1.0253210934355568,0.0
-0.3868159000367241,1.0245468981090402,0.0,-0.35071890446406473,1.047598895718757,0.0,-0.3454320751628591,1.0506096964694587,0.0,-0.33898722933754544,1.0521239584682254,0.0,-0.3743040485626108,1.0401203686478009,0.0,-0.3853636224673376,1.0365155813131937,0.0,-0.39741353694301274,1.0333378748378046,0.0,-0.3568371160404825,1.0423780022197169,0.0,-0.441459357822506,1.0152072484896602,0.0,-0.3392074663197572,0.9826213390044009,0.0,-0.3706328585874329,0.9726731403702397,0.0,-0.34562799020009094,0.9944210035290336,0.0,-0.42663291930968156,0.9636537699837446,0.0,-0.27578655750469194,0.972797240765815,0.0,-0.38091751795740036,0.9061822747748551,0.0,-0.329817593899265,1.0024240403070985,0.0,-0.38763685845478846,0.9645931435182395,0.0,-0.35099479564025604,1.1509678675384691,0.0,-0.392468398433776,0.9991609221448743,0.0,-0.36859923018657015,1.1834866629863936,0.0,-0.42268956702706184,1.0320827240817532,0.0,-0.34417572701401566,1.1502723419509808,0.0,-0.4140872441360185,1.0269369455104893,0.0,-0.311254331722141,0.8622249273061469,0.0,-0.3563595449398822,0.8464560828170018,0.0,-0.27441926698273744,0.7766442603243896,0.0,-0.32579803115803063,0.7616317653780575,0.0,-0.22327664424040122,0.689384532328968,0.0,-0.29418689451453456,0.666642106972648,0.0,-0.20947947079814772,0.6787094666196123,0.0,-0.28616481478035105,0.651240300607747,0.0,-0.23788150551466525,0.6507083269624602,0.0,-0.30239011127578136,0.6280571140472903,0.0,-0.399148239763339,1.0287926113655295,0.0,-0.38613046200875856,0.9790373866416163,0.0,-0.359968713000539,0.9166889358647061,0.0,-0.3338069582740626,0.8543405024019768,0.0,-0.39439120600803373,0.9818764586865579,0.0,-0.3334618660959941,1.022457369368034,0.0
-0.3838679225943989,1.0163289802162145,0.0,-0.3482852671867891,1.0392176249710854,0.0,-0.34287240519551654,1.0421989921254675,0.0,-0.33628887764696636,1.0436881981839332,0.0,-0.3720372370940747,1.0319841775196101,0.0,-0.3831160819479535,1.0284955177027175,0.0,-0.3951656209666314,1.0254552279542914,0.0,-0.35365859319812887,1.0338716250279658,0.0,-0.43863551954930297,1.0075806933348423,0.0,-0.335947894758447,0.973673894970894,0.0,-0.36753801626031146,0.9639350667922663,0.0,-0.3424897244898547,0.9864375067775936,0.0,-0.4234622514422639,0.9555850987837022,0.0,-0.27294774955423085,0.9638692423552024,0.0,-0.3766016020582714,0.8990435192014508,0.0,-0.3261834634236501,0.9949024328734907,0.0,-0.38224091414314554,0.9575685333687802,0.0,-0.34719642725487876,1.1457397834034226,0.0,-0.3874229674118177,1.0046420301801606,0.0,-0.364825876766925,1.178679077651543,0.0,-0.41882714980425395,1.034596700090164,0.0,-0.3408355768185837,1.1453911822417273,0.0,-0.4105299390386423,1.0227053176987229,0.0,-0.30799617808096263,0.8542795908160404,0.0,-0.3530786816399158,0.8384459371379518,0.0,-0.2717141140396382,0.768463016750772,0.0,-0.3228907343581072,0.7534879546258191,0.0,-0.2204192465395241,0.6812926974961905,0.0,-0.29168196633878185,0.6583653392150447,0.0,-0.2065601434376162,0.6706981571991615,0.0,-0.28367715257110254,0.642954552112879,0.0,-0.2355292492575562,0.6428110310528847,0.0,-0.3009903843503374,0.620031962134437,0.0,-0.3961470696445048,1.0207261647598571,0.0,-0.38297599448985886,0.9710113007424889,0.0,-0.35675671236282375,0.9086870224057699,0.0,-0.33053744657760276,0.8463627521147459,0.0,-0.3881600345126298,0.9751554093883867,0.0,-0.3297572910816444,1.0149484486616354,0.0
-0.3844089339579362,1.0159311444534287,0.0,-0.34937665536402285,1.0386386926927569,0.0,-0.3439326763618209,1.0416344322281723,0.0,-0.33731726049357813,1.043142457123426,0.0,-0.37307334015313387,1.031457566477626,0.0,-0.3840903606129763,1.028011481869752,0.0,-0.39607311399798073,1.025020907811742,0.0,-0.3542581268827377,1.0335005982111378,0.0,-0.4390392408663054,1.0073731802281902,0.0,-0.3367554999765551,0.9731382950776027,0.0,-0.36820966216057804,0.9634457625454512,0.0,-0.3428015121495951,0.9862334523907289,0.0,-0.42375013692973595,0.9553183857357122,0.0,-0.2731921815013538,0.9638738029370876,0.0,-0.3764000467379953,0.8991860453143509,0.0,-0.32627855077588885,0.9951617805351808,0.0,-0.38116680217135074,0.9577885808116767,0.0,-0.3471254238842053,1.1468447584427441,0.0,-0.38819581741874215,1.0063272897755833,0.0,-0.3643864632676912,1.1791000637234583,0.0,-0.4188855233476451,1.0347645548272717,0.0,-0.34047626197585035,1.1456826612169146,0.0,-0.4102166460005671,1.0235611794154345,0.0,-0.3082001643952855,0.8541350311853868,0.0,-0.35325170866577404,0.8382135025280935,0.0,-0.27249443105012267,0.768077067221076,0.0,-0.3238365578435073,0.7529848696883934,0.0,-0.22079455439887075,0.6811463433943113,0.0,-0.2924113817845132,0.6579335284378283,0.0,-0.20687734901535124,0.6706282438888104,0.0,-0.28440672492242736,0.6425226598353203,0.0,-0.23662199877573892,0.6429541604390266,0.0,-0.3025504553174796,0.6198114399303106,0.0,-0.39664866233542895,1.0204368889462032,0.0,-0.38327583044799896,0.9707759154125999,0.0,-0.35700089572882854,0.9084750788937118,0.0,-0.3307259549537861,0.8461742598550129,0.0,-0.38739819105958356,0.9752672531468705,0.0,-0.32980139285091226,1.0152168192242987,0.0
-0.38572110731062603,1.0193762093262964,0.0,-0.3505515902912096,1.0421227148321364,0.0,-0.3451580889633254,1.045132708951474,0.0,-0.33859840371233757,1.0466537628972323,0.0,-0.3741659472489069,1.0348463866974666,0.0,-0.3851642101377591,1.0313579878969257,0.0,-0.39713583254288226,1.028317113266805,0.0,-0.35568319340165216,1.0370703276214737,0.0,-0.440273787376897,1.010597077583289,0.0,-0.3382424342211801,0.9768696395621073,0.0,-0.3696007830132662,0.9670972484446183,0.0,-0.3441632779660863,0.989607398613088,0.0,-0.42512177748918917,0.9587182005812869,0.0,-0.27441211650712316,0.9676941991179991,0.0,-0.37818617024023804,0.9022388286432267,0.0,-0.3278072440634926,0.9984522955833223,0.0,-0.3831877237424905,0.9608217919230132,0.0,-0.34870438029814327,1.149236196026785,0.0,-0.39035499356293507,1.0041301072152344,0.0,-0.365899380110902,1.1812002342820576,0.0,-0.4204129188045819,1.0336136104496196,0.0,-0.3418175349337912,1.1477906409866587,0.0,-0.4115549717186468,1.0254750627048286,0.0,-0.30959707617470444,0.8575012302495176,0.0,-0.3546535056761113,0.8415935315936666,0.0,-0.27372793456948874,0.7715112469031797,0.0,-0.3251833950719172,0.7563838869834603,0.0,-0.22203531915786254,0.6845762050460228,0.0,-0.2935468295166377,0.6614026947202724,0.0,-0.20813579941016583,0.6740347452952068,0.0,-0.2855345460344575,0.6459957899057196,0.0,-0.23775422024408543,0.6463392205541159,0.0,-0.3033296930551763,0.6231876449980982,0.0,-0.3979784949041874,1.0238336899566727,0.0,-0.3846425358998781,0.9741628018789454,0.0,-0.3583839268885417,0.9118550826281203,0.0,-0.3321253118001355,0.8495473808629002,0.0,-0.3898150242862718,0.9781542205347179,0.0,-0.33135349765753896,1.0185032077459721,0.0
-0.38566299003648474,1.0200462185487351,0.0,-0.3502282921361665,1.042878282610464,0.0,-0.34485615330475045,1.0458838399673003,0.0,-0.3383189208096899,1.0473982911746968,0.0,-0.37385491521408515,1.0355652907283364,0.0,-0.3848777747154806,1.0320520315188102,0.0,-0.3968772972386953,1.0289819783600376,0.0,-0.35561599846043473,1.0377458860217086,0.0,-0.4402646241342983,1.0111511767153318,0.0,-0.33809068946475734,0.9776411103337136,0.0,-0.3694948365017016,0.9678371399042333,0.0,-0.34421511113817477,0.9901809114179393,0.0,-0.4251855514211311,0.9593230274907424,0.0,-0.27447254632504087,0.9682403669791216,0.0,-0.378528415233336,0.9026133958123486,0.0,-0.3279784629847254,0.9988053310284701,0.0,-0.38395950645932614,0.9611580998612349,0.0,-0.34895785073695623,1.1490744813260156,0.0,-0.3903267619869541,1.0030399825447673,0.0,-0.36630736393946156,1.181299358180084,0.0,-0.4206080151693033,1.03335080773176,0.0,-0.34216539281153885,1.147947604243095,0.0,-0.41188768123767355,1.0253631058374135,0.0,-0.3097021771194459,0.8580470190063739,0.0,-0.3547730104323245,0.8421801762068915,0.0,-0.2735558384775503,0.7721731885445628,0.0,-0.3249516713994196,0.757092817028776,0.0,-0.2220450032041515,0.6851303149693144,0.0,-0.2933840329832971,0.6620886941250876,0.0,-0.20817388640738343,0.6745515087178935,0.0,-0.28537064444827465,0.6466823640380658,0.0,-0.23742870746726738,0.6467572452779569,0.0,-0.302744169471443,0.6237679126977055,0.0,-0.39794029953372106,1.0244485310885307,0.0,-0.38470033816014304,0.9747519683520506,0.0,-0.3584689728433942,0.9124327746869434,0.0,-0.3322376132335443,0.8501135935414611,0.0,-0.3905067659375902,0.97852092184966,0.0,-0.33155129148335677,1.0188515249222483,0.0
-0.3850679474435012,1.0186064312525918,0.0,-0.34965468075096434,1.0414340569319456,0.0,-0.3442631604918393,1.0444325786838067,0.0,-0.33770436222022576,1.0459402149724593,0.0,-0.373320052858184,1.0341580709904452,0.0,-0.38435505159767863,1.0306599612737992,0.0,-0.39636380191378423,1.027607976754151,0.0,-0.3549690829065279,1.0362512037946585,0.0,-0.4397119422397359,1.0097927067236592,0.0,-0.33740340575874334,0.9760886607720046,0.0,-0.3688574557247008,0.966315578628168,0.0,-0.3436144148907373,0.988758304485795,0.0,-0.42458227629868134,0.9578936544941925,0.0,-0.27393676534508044,0.9666124698711654,0.0,-0.37778091401601704,0.9013029912109939,0.0,-0.32732022687211026,0.9973908093377964,0.0,-0.3831622842915924,0.9598522864931223,0.0,-0.3482894589059641,1.1479853989603643,0.0,-0.38934653719606094,1.0038606284705942,0.0,-0.3656918730025045,1.1803802015689178,0.0,-0.41994458845978644,1.0338283668054862,0.0,-0.34161755525724213,1.1470337811151718,0.0,-0.41132969169569067,1.0244907315308824,0.0,-0.3090937502919261,0.8566236999464317,0.0,-0.35416460704252484,0.8407569237235248,0.0,-0.27297613313981245,0.7707377855794539,0.0,-0.32431327059056114,0.7556800839511595,0.0,-0.22148971185972885,0.6836804687441088,0.0,-0.2928491634973916,0.6606416226383849,0.0,-0.207614974383938,0.6731064116763333,0.0,-0.2848389801419724,0.6452336258452884,0.0,-0.23687100356753787,0.6453064319510886,0.0,-0.3023045430172917,0.6223442305285224,0.0,-0.39734051308680846,1.0230219512355254,0.0,-0.38409835111733837,0.973325974825266,0.0,-0.35786376596641045,0.9110081365491465,0.0,-0.33162919755411074,0.8486903061484894,0.0,-0.38951199289520444,0.9772883237357606,0.0,-0.3308864305847501,1.0174381828362757,0.0
-0.3850046406810951,1.0180896660391863,0.0,-0.34971349140495056,1.040878280374917,0.0,-0.34430946543227037,1.0438777370169416,0.0,-0.3377373444916706,1.0453873126548021,0.0,-0.3733792258855006,1.0336242787904013,0.0,-0.3844050399482157,1.030139581804706,0.0,-0.39640268693556796,1.0271033842962376,0.0,-0.3549020090745202,1.0357236836596695,0.0,-0.4396331389718579,1.009340065184874,0.0,-0.3373681980473425,0.9755094865042345,0.0,-0.36880928397506607,0.9657551783316191,0.0,-0.343501043967922,0.9882872864752476,0.0,-0.424463175928924,0.9574076104988162,0.0,-0.2738293241603999,0.9661228037145777,0.0,-0.3775158173487317,0.9009380062440633,0.0,-0.32714505766390706,0.9970183164294377,0.0,-0.3826976870510797,0.9595052953264906,0.0,-0.3480758372841448,1.1478931006144772,0.0,-0.3892128546987433,1.0044741909038382,0.0,-0.3654169572966476,1.1801966612103036,0.0,-0.41975869374891134,1.034019408245307,0.0,-0.3413797564298812,1.1468251680617405,0.0,-0.4110980180971539,1.0244101219501733,0.0,-0.30895535748285524,0.8561649847763102,0.0,-0.3540197770331073,0.8402799349954764,0.0,-0.272965993691908,0.7702252486275336,0.0,-0.32432050098508197,0.7551498935539014,0.0,-0.22140207703670034,0.6832138097819731,0.0,-0.29284188430888536,0.6601162371156519,0.0,-0.20751405840891407,0.6726572023018711,0.0,-0.28483269115505555,0.6447077255850675,0.0,-0.23693262881341626,0.6448999376740339,0.0,-0.30249971147928123,0.6218693964797422,0.0,-0.39726757650953476,1.0225318602106002,0.0,-0.38398211471080673,0.972847441830294,0.0,-0.3577348539460954,0.9105349412561787,0.0,-0.3314875874864549,0.8482224580042547,0.0,-0.38905562491982226,0.9769383335050372,0.0,-0.33069836486646936,1.0170679797939883,0.0
-0.38526203027530115,1.018657346717282,0.0,-0.3499797674556478,1.0414420408977725,0.0,-0.3445825436176085,1.044444795407852,0.0,-0.3380180811440386,1.0459577219709326,0.0,-0.37362817341901705,1.0341747643428971,0.0,-0.3846471517230758,1.0306853005963807,0.0,-0.3966389787141897,1.0276433860249037,0.0,-0.35518211856606247,1.036314355972681,0.0,-0.4398691989960543,1.009880960461975,0.0,-0.3376712411881773,0.9761182592560311,0.0,-0.3690879784094934,0.9663529345637665,0.0,-0.34375337772739073,0.988854201752281,0.0,-0.4247158004376925,0.9579752880900655,0.0,-0.2740534472664542,0.9667785923444636,0.0,-0.37781074682749705,0.9014705393677656,0.0,-0.3274135843942986,0.997597351414691,0.0,-0.3829836763607542,0.9600386187636334,0.0,-0.34834309902534255,1.148368549203456,0.0,-0.3896310182470866,1.004198934054751,0.0,-0.3656512104540516,1.1805820712126833,0.0,-0.42002683827456994,1.033834122959737,0.0,-0.3415892760949184,1.147204392763326,0.0,-0.41131193446995234,1.0247893129392753,0.0,-0.30920736089197726,0.8567340953979258,0.0,-0.3542707954392781,0.8408462515309335,0.0,-0.27322435854245863,0.7707916955168832,0.0,-0.3246080598522731,0.7557034710318418,0.0,-0.22163770799184834,0.683793733036322,0.0,-0.29308048339682113,0.6606860458577413,0.0,-0.20774930480521647,0.6732376314917062,0.0,-0.28506999542704153,0.6452782074288922,0.0,-0.23719203064378122,0.6454895050551662,0.0,-0.30272655874779764,0.6224362396542428,0.0,-0.39752564616260727,1.02309766309763,0.0,-0.3842345944255663,0.9734147397867172,0.0,-0.35798684828790917,0.9111024436635364,0.0,-0.3317390960807585,0.8487901650204254,0.0,-0.38942893764034564,0.9774395612988885,0.0,-0.3309678901312723,1.0176468377880548,0.0
-0.38532937429911407,1.018975128195106,0.0,-0.34999365940483634,1.0417767279480745,0.0,-0.34460307583236754,1.0447795619540974,0.0,-0.3380457497058124,1.046292125415713,0.0,-0.37363927906485034,1.0344975805457277,0.0,-0.3846613426662954,1.031001378638736,0.0,-0.39665726940920926,1.027951516966316,0.0,-0.35525458022595685,1.0366404401543285,0.0,-0.43994025194016023,1.0101659220461132,0.0,-0.3377328763236616,0.976470254589487,0.0,-0.36915174221298314,0.9666948415100369,0.0,-0.3438424249092622,0.9891513143890793,0.0,-0.424807464040288,0.9582792616780657,0.0,-0.27413555810044943,0.9670976172685433,0.0,-0.3779744549458629,0.9017147857103078,0.0,-0.3275328703128299,0.9978519209255053,0.0,-0.3832350960400647,0.9602750519268707,0.0,-0.34847944604774356,1.1484817221556922,0.0,-0.3897539932257465,1.0038820288401662,0.0,-0.36581005925950866,1.180722546035472,0.0,-0.42015052368658085,1.0337203861128041,0.0,-0.34172773109341054,1.1473551775742352,0.0,-0.41144794859806605,1.0248829072289243,0.0,-0.30930759647257433,0.8570260107717204,0.0,-0.35437377381603247,0.8411459485681657,0.0,-0.2732678333767504,0.7711073979372747,0.0,-0.32464804718852003,0.7560251395371921,0.0,-0.2217126042858731,0.6840908113334148,0.0,-0.29311972216225735,0.6610079627484213,0.0,-0.2078300993064958,0.6735269541594346,0.0,-0.2851085954554401,0.6456004564138186,0.0,-0.23720339753994626,0.6457608470919449,0.0,-0.3026727866207024,0.6227348206807167,0.0,-0.39759742465163,1.023403177961889,0.0,-0.3843249518342421,0.9737152881867492,0.0,-0.35808281952469345,0.9114006276541105,0.0,-0.33184070433191004,0.8490859748360663,0.0,-0.38969061330661475,0.9776721922349424,0.0,-0.3310931169061282,1.017900353215899,0.0
-0.3852240695875145,1.0187685266047413,0.0,-0.34987627184083814,1.0415744510410045,0.0,-0.3444836418703143,1.044575817430426,0.0,-0.3379239602500016,1.046086822454434,0.0,-0.3735292441354591,1.0342994623640902,0.0,-0.38455484175540783,1.0308043789618937,0.0,-0.3965540003790144,1.0277558791183525,0.0,-0.35513985438426476,1.036424786473934,0.0,-0.43984507563704306,1.0099663754469883,0.0,-0.3376062215651625,0.9762504028963972,0.0,-0.36903633381860024,0.9664784051967135,0.0,-0.3437426758602317,0.9889419352429378,0.0,-0.4247079802154827,0.9580705781178982,0.0,-0.27404741744623706,0.9668515800716777,0.0,-0.37786682495446333,0.901512847822574,0.0,-0.3274303779899593,0.9976307884519867,0.0,-0.383144765269271,0.9600715574233674,0.0,-0.3483801047860327,1.1482856537992938,0.0,-0.38958491405449924,1.0039575272807835,0.0,-0.3657289346429419,1.1805710077713358,0.0,-0.42004885876930265,1.0337862794375878,0.0,-0.3416546157261215,1.147207975150967,0.0,-0.4113724802571035,1.0247269379211972,0.0,-0.30920967980932806,0.8568148667129468,0.0,-0.35427671343410694,0.8409372347672236,0.0,-0.27315849569402106,0.7709010454774627,0.0,-0.32452512768443037,0.755825460616988,0.0,-0.22161819986890158,0.6838756130047707,0.0,-0.29301860060778195,0.6608010536709902,0.0,-0.20773676090038617,0.6733103550780531,0.0,-0.28500795729957895,0.6453932960031059,0.0,-0.23708874983892644,0.6455374737956522,0.0,-0.30256297700460233,0.6225257440905605,0.0,-0.3974924853340687,1.0231955639050891,0.0,-0.38422533393369623,0.9735062529950519,0.0,-0.35798426622929985,0.9111911441434808,0.0,-0.3317432148980304,0.8488760433198893,0.0,-0.3895620616260699,0.9774828325503209,0.0,-0.33099107576966763,1.0176791406144254,0.0
-0.3851779317139073,1.0185946701975375,0.0,-0.349852301621615,1.0413936473650802,0.0,-0.34445638257357586,1.0443947558671762,0.0,-0.3378931425028517,1.0459056878258355,0.0,-0.3735076373813774,1.0341246143102365,0.0,-0.3845323859022366,1.0306327233773034,0.0,-0.3965301945362173,1.027587995245219,0.0,-0.3550900094824189,1.036245816998209,0.0,-0.4397988230840292,1.0098082947426883,0.0,-0.33755942781612175,0.9760591725844578,0.0,-0.3689902880213833,0.9662922182254452,0.0,-0.3436876435494185,0.9887769262473953,0.0,-0.42465181490738374,0.9579025978110032,0.0,-0.273997254503763,0.9666712140523293,0.0,-0.3777771347417185,0.9013726496267692,0.0,-0.32736137600048665,0.9974830734868718,0.0,-0.38301816415846146,0.9599346743076965,0.0,-0.34830392530496124,1.1482051730373228,0.0,-0.3895040161901778,1.0041111492646964,0.0,-0.365645417973783,1.1804850207340098,0.0,-0.4199778502881153,1.0338472942288928,0.0,-0.3415814616052196,1.1471180190591828,0.0,-0.41129990715266007,1.0246613368701072,0.0,-0.3091499172029523,0.8566519178714297,0.0,-0.35421585107716314,0.8407711647411131,0.0,-0.2731224072776869,0.7707281663007296,0.0,-0.3244885279835017,0.755650913241801,0.0,-0.22157029909744666,0.6837097307081914,0.0,-0.2929856612419896,0.6606252927442914,0.0,-0.20768637485867292,0.6731477389156043,0.0,-0.2849753777262415,0.6452173480221411,0.0,-0.23706624636957918,0.6453818498310535,0.0,-0.30257035206369776,0.6223600585736481,0.0,-0.39744441495435356,1.0230270592938175,0.0,-0.38416973538639787,0.9733397590314484,0.0,-0.35792631632835326,0.9110256403937452,0.0,-0.33168290260830846,0.8487115344309437,0.0,-0.3894252366013495,0.9773497142671409,0.0,-0.3309194753240209,1.0175318869757404,0.0
-0.38521815204498516,1.018661068730126,0.0,-0.34990128520835256,1.0414570725092804,0.0,-0.3445057862478473,1.044458800423169,0.0,-0.33794306415416636,1.045970420527901,0.0,-0.37355368003209244,1.03418707541764,0.0,-0.3845767144124457,1.0306951660684158,0.0,-0.3965728686163774,1.027650398061097,0.0,-0.3551338808034383,1.0363155214972724,0.0,-0.4398344673169676,1.0098739356764939,0.0,-0.3376091131921109,0.9761289039932488,0.0,-0.36903504088390143,0.966361180961997,0.0,-0.3437240118056656,0.9888459097485484,0.0,-0.42468789243424365,0.9579708189204792,0.0,-0.27402915199282996,0.9667542970266328,0.0,-0.3778117762792786,0.90144206149055,0.0,-0.3273968499508646,0.9975599614341902,0.0,-0.3830394944927488,0.9600052759374814,0.0,-0.3483368986400404,1.1482809967416983,0.0,-0.38956759825558157,1.0041005677584025,0.0,-0.3656691072129275,1.1805400318386,0.0,-0.4200126838597262,1.0338269992148434,0.0,-0.34160312654713076,1.1471704838560501,0.0,-0.41132275046985717,1.0247214097285344,0.0,-0.3091847369948109,0.8567220058981434,0.0,-0.35425011987904326,0.8408396892712074,0.0,-0.27316595057506976,0.7707945971146385,0.0,-0.32453809402452727,0.755714096919426,0.0,-0.22160534776897584,0.6837811945316332,0.0,-0.2930259948714913,0.6606915376461704,0.0,-0.20772056903290811,0.6732203260850932,0.0,-0.28501554892140585,0.6452836773714838,0.0,-0.23711423272012974,0.6454585468939157,0.0,-0.30262071663909335,0.6224288174281276,0.0,-0.3974841799838498,1.0230947176553307,0.0,-0.3842059591517017,0.973408363628018,0.0,-0.3579617124455962,0.9110945935584824,0.0,-0.33171744863442243,0.8487808456160403,0.0,-0.38946205025594716,0.9774146116958057,0.0,-0.33095435479275376,1.0176088804177044,0.0
-0.38524494746298726,1.018749103381547,0.0,-0.3499194564806387,1.0415477686919994,0.0,-0.34452549680674394,1.0445497061042208,0.0,-0.3379644496792562,1.0460614631933907,0.0,-0.37357034558040647,1.0342749535768414,0.0,-0.38459350135147663,1.030781609108824,0.0,-0.3965900107168874,1.0277351428510282,0.0,-0.3551628868576515,1.0364063456058603,0.0,-0.43986061583661695,1.0099547725210227,0.0,-0.3376376307165434,0.9762252331118724,0.0,-0.3690624759225557,0.966455130943745,0.0,-0.34375422540910067,0.9889303635418193,0.0,-0.42471857051228684,0.9580564907349888,0.0,-0.27405650394864667,0.9668477808077532,0.0,-0.37785728371198063,0.9015154394380329,0.0,-0.32743319723892617,0.9976378564544044,0.0,-0.38309949651847447,0.9600773581990174,0.0,-0.3483760875172771,1.1483285653695918,0.0,-0.389613493109152,1.0040300190499327,0.0,-0.36571018213430995,1.1805869193413114,0.0,-0.420049788486845,1.0337965286853998,0.0,-0.34163924568705906,1.147218766534071,0.0,-0.41135874144543544,1.0247599163174306,0.0,-0.3092168367918895,0.856805709158019,0.0,-0.3542826299151794,0.8409245566145278,0.0,-0.27318873402136845,0.7708822061675377,0.0,-0.32456201638208726,0.755801962170763,0.0,-0.22163214957544727,0.6838664225931164,0.0,-0.2930468794465116,0.6607804103638066,0.0,-0.2077483563991507,0.6733042585188129,0.0,-0.2850362474198659,0.6453726468305361,0.0,-0.23713159076641743,0.6455399544912883,0.0,-0.3026250125437296,0.622513534208914,0.0,-0.3975117741569595,1.02318054186685,0.0,-0.3842364047894019,0.9734934258995322,0.0,-0.35799308127291046,0.9111792670248541,0.0,-0.33174975168724075,0.8488651256291596,0.0,-0.3895290121142534,0.9774841247936811,0.0,-0.3309917764715716,1.0176865847670074,0.0
-0.3852309405540526,1.0187326403897374,0.0,-0.34990024948490744,1.0415330358484656,0.0,-0.34450633442290307,1.044534727079307,0.0,-0.33794530853367083,1.0460461961683492,0.0,-0.37355223005651567,1.0342602265359087,0.0,-0.3845761732738778,1.0307666730166034,0.0,-0.3965734786948712,1.0277199674903388,0.0,-0.35514761419370594,1.0363888148438325,0.0,-0.4398486016247533,1.0099375525857002,0.0,-0.3376196755469569,0.9762085238769462,0.0,-0.36904656985305245,0.9664384063182769,0.0,-0.3437424675461531,0.9889122000675916,0.0,-0.4247070133798668,0.9580388536661949,0.0,-0.27404631857318984,0.9668246548141141,0.0,-0.37784861415724424,0.9014954092659915,0.0,-0.32742276802779513,0.9976151531626474,0.0,-0.383099006721724,0.960056595234136,0.0,-0.34836721052099984,1.148301747352601,0.0,-0.38959191049839165,1.0040240816069026,0.0,-0.36570575612837364,1.1805693359459781,0.0,-0.4200397730798204,1.033801018169795,0.0,-0.34163497746739346,1.1472025368278274,0.0,-0.4113539369395071,1.0247387929536684,0.0,-0.30920606261176614,0.8567869394505556,0.0,-0.3542721650018836,0.8409066645378177,0.0,-0.27317263905001166,0.7708656676849579,0.0,-0.3245433922658931,0.75578691932419,0.0,-0.22162047318026748,0.6838472662692902,0.0,-0.2930319373237914,0.66076414641526,0.0,-0.2077372126405609,0.6732844020894708,0.0,-0.2850213500171576,0.6453563596317435,0.0,-0.23711268139519467,0.6455178739049684,0.0,-0.3026030630008085,0.6224955169969406,0.0,-0.397498090433651,1.0231631841509976,0.0,-0.38422474771888093,0.9734755267482681,0.0,-0.35798194235132774,0.9111611496600663,0.0,-0.33173913054416015,0.8488467902067407,0.0,-0.38952260854306364,0.9774655450507773,0.0,-0.3309817745321294,1.0176638056313219,0.0
-0.3852168321367865,1.0186906597519403,0.0,-0.34988918522539186,1.0414901256041773,0.0,-0.3444945863038254,1.0444916855633868,0.0,-0.3379328121417699,1.046003049582366,0.0,-0.37354200663109677,1.034218581502273,0.0,-0.3845660146253162,1.0307256402062999,0.0,-0.39656328124345314,1.0276796603841296,0.0,-0.3551322845710377,1.0363454235265506,0.0,-0.4398350474756387,1.0098986892129234,0.0,-0.3376041589061903,0.9761627870872753,0.0,-0.36903184916658943,0.9663937346195808,0.0,-0.3437271599649629,0.9888715700098732,0.0,-0.4246915278379236,0.9579977569150825,0.0,-0.27403253304156266,0.9667792225792816,0.0,-0.37782691325882034,0.9014594638501369,0.0,-0.32740490969329455,0.9975767802012215,0.0,-0.3830720298929783,0.9600211226003021,0.0,-0.3483483123275198,1.1482763575263704,0.0,-0.3895680689786567,1.0040548466286932,0.0,-0.3656866857401119,1.180545650075445,0.0,-0.42002162695172574,1.0338153806599701,0.0,-0.3416181544286739,1.147178429982954,0.0,-0.41133707952774634,1.0247183297776412,0.0,-0.3091900573571851,0.856746544687317,0.0,-0.3542560225706685,0.8408658804909463,0.0,-0.2731600046446915,0.7708238593420985,0.0,-0.3245298637810044,0.755745222380046,0.0,-0.22160670585907485,0.6838061291078477,0.0,-0.2930203292673581,0.6607218126401115,0.0,-0.2077230837790375,0.6732437401340698,0.0,-0.2850098321955699,0.6453139789433721,0.0,-0.2371020544494821,0.6454780061893619,0.0,-0.30259783307539,0.6224547789807194,0.0,-0.39748367421446,1.0231220556528267,0.0,-0.3842093500502367,0.9734346604405814,0.0,-0.357966201727453,0.9111204277841629,0.0,-0.33172305911326144,0.848806207646574,0.0,-0.38949161903910684,0.9774315524994276,0.0,-0.3309635024698358,1.0176255061098256,0.0
-0.38522096055983723,1.0186916746324524,0.0,-0.3498960985440823,1.0414902204991086,0.0,-0.34450137605275843,1.0444918710318787,0.0,-0.3379394790538871,1.0460033483543836,0.0,-0.37354855757530037,1.0342188653797815,0.0,-0.38457222208349395,1.0307261105831864,0.0,-0.39656912566829106,1.0276803480015617,0.0,-0.35513678682842986,1.0363467008860334,0.0,-0.4398383566520354,1.0099005127663425,0.0,-0.3376098363747365,0.9761633406953106,0.0,-0.3690367278160639,0.9663944564153318,0.0,-0.3437301033938923,0.9888735490782521,0.0,-0.424694354252216,0.9579994291226871,0.0,-0.27403500142103804,0.9667827003399314,0.0,-0.3778275027368411,0.9014629903298047,0.0,-0.32740687063462204,0.9975811373388954,0.0,-0.38306815330681293,0.9600250489145248,0.0,-0.34834941939166175,1.1482845267593815,0.0,-0.3895741306431106,1.0040621514513521,0.0,-0.36568576975214917,1.1805499341349306,0.0,-0.4200233613163132,1.033815523574547,0.0,-0.3416175079559428,1.1471820429510144,0.0,-0.41133667111951505,1.0247246906126128,0.0,-0.3091924480862858,0.8567488424702091,0.0,-0.35425825376299336,0.8408677255494751,0.0,-0.27316529375253074,0.7708249418021745,0.0,-0.3245361521576665,0.7557456506817669,0.0,-0.22160984084587312,0.6838084878041557,0.0,-0.29302525669256857,0.6607226922408835,0.0,-0.20772592504922072,0.6732464849142606,0.0,-0.28501475322860226,0.6453148618674245,0.0,-0.23710891028752556,0.6454818693668918,0.0,-0.3026068708490197,0.6224566875573684,0.0,-0.3974876110132274,1.023123600945391,0.0,-0.38421223520807646,0.9734364866980656,0.0,-0.35796880534782377,0.9111223726096839,0.0,-0.3317253690481443,0.848808276156238,0.0,-0.38948978069694595,0.9774347271349785,0.0,-0.3309652036755812,1.0176299093481036,0.0
-0.38522791289353797,1.0187106711190475,0.0,-0.34990214206779346,1.04150948081839,0.0,-0.3445077076845908,1.0445112039625815,0.0,-0.33794612780442335,1.0460227455828455,0.0,-0.3735541689781623,1.0342375866676918,0.0,-0.3845777524108567,1.0307445854324109,0.0,-0.3965746184321619,1.0276985301529407,0.0,-0.35514437894836326,1.0363663560991698,0.0,-0.43984497152592117,1.0099182191840068,0.0,-0.3376176903597714,0.9761839386310802,0.0,-0.3690441037268479,0.966414601956358,0.0,-0.3437374097285787,0.9888920931305344,0.0,-0.4247017227173864,0.9580181361063602,0.0,-0.27404155294901544,0.9668036258965113,0.0,-0.3778373210799658,0.9014796665346422,0.0,-0.3274151725396575,0.9975990293964573,0.0,-0.38307966024958473,0.960041573984002,0.0,-0.348358058539536,1.1482971710661998,0.0,-0.38958573581216804,1.004049469988372,0.0,-0.3656941798137477,1.1805612256295772,0.0,-0.4200317559296416,1.033809116756375,0.0,-0.3416249505353684,1.1471934216988324,0.0,-0.4113441630666509,1.0247348502023867,0.0,-0.30919999142403976,0.8567673215564878,0.0,-0.3542658344962374,0.8408863107532406,0.0,-0.2731717630240975,0.7708438712430834,0.0,-0.32454317393802556,0.7557644310573458,0.0,-0.22161649234399508,0.6838273092798498,0.0,-0.2930312106552628,0.6607418267258712,0.0,-0.2077326942772193,0.673265151634005,0.0,-0.28502066573283824,0.6453340179066612,0.0,-0.23711471607101145,0.6455003488511889,0.0,-0.3026105851673141,0.6224752613163681,0.0,-0.3974946701056421,1.0231423019349282,0.0,-0.38421957299364673,0.9734551132273566,0.0,-0.35797624954611085,0.9111409543236381,0.0,-0.33173293106590895,0.8488268082509253,0.0,-0.38950340334907935,0.9774504716707928,0.0,-0.33097365560004466,1.0176477747790624,0.0
-0.3852271445728668,1.0187131061400296,0.0,-0.349899938556168,1.0415123792742318,0.0,-0.3445056032408424,1.0445140727770579,0.0,-0.33794412649267985,1.0460255732990447,0.0,-0.3735520626146329,1.0342403187111906,0.0,-0.38457578787848457,1.0307471964839399,0.0,-0.39657281108989495,1.0277009994153359,0.0,-0.35514349167970166,1.0363687838288975,0.0,-0.4398444715630292,1.0099201067597365,0.0,-0.3376163154752307,0.9761868338315903,0.0,-0.36904301484667673,0.9664173531934038,0.0,-0.3437372262699101,0.988894021985493,0.0,-0.42470160116582617,0.958020227307907,0.0,-0.2740414683233196,0.9668052429056936,0.0,-0.3778385741331106,0.9014806183627035,0.0,-0.32741558064516013,0.9975997924037239,0.0,-0.3830831731813783,0.9600423234685116,0.0,-0.34835890081228055,1.148295429094108,0.0,-0.3895848047314807,1.0040442810336923,0.0,-0.3656958950575057,1.1805610219244216,0.0,-0.42003228016843863,1.0338080912038976,0.0,-0.3416263983563052,1.1471935322973839,0.0,-0.4113455119924534,1.024733543515216,0.0,-0.309200085113268,0.8567690929318471,0.0,-0.35426600542508546,0.8408883013146264,0.0,-0.27317039377962105,0.7708462560501391,0.0,-0.3245414399792673,0.7557670867868815,0.0,-0.2216161171597849,0.6838291051371994,0.0,-0.2930299256881254,0.6607443335593028,0.0,-0.20773246869903025,0.6732667508393703,0.0,-0.2850193773577284,0.6453365265119039,0.0,-0.23711254341857432,0.645501417917662,0.0,-0.30260711690984243,0.6224772216669144,0.0,-0.3974940064037601,1.0231444473603315,0.0,-0.38421942008078036,0.9734571221863145,0.0,-0.35797624578460935,0.91114290046839,0.0,-0.33173306579020206,0.8488286960731974,0.0,-0.38950631822302517,0.9774514418221624,0.0,-0.3309741996596227,1.0176485136551525,0.0
-0.38522388080807013,1.018704918468386,0.0,-0.3498969131005574,1.0415041471005537,0.0,-0.34450246352441555,1.0445058035371249,0.0,-0.33794086011499286,1.0460172689879763,0.0,-0.3735492457447314,1.0342323031795804,0.0,-0.38457302886082206,1.0307392731978906,0.0,-0.3965700927281664,1.0276931859801977,0.0,-0.3551399707463701,1.0363603032021564,0.0,-0.4398414477282862,1.0099124186840966,0.0,-0.33761260321583003,0.9761780010312532,0.0,-0.3690395603882229,0.9664087015641821,0.0,-0.3437338991163194,0.9888859587630309,0.0,-0.4246982555120035,0.9580121155699198,0.0,-0.2740384947887824,0.9667960639555168,0.0,-0.377834337453399,0.9014732451660821,0.0,-0.3274118963701692,0.9975918452991211,0.0,-0.3830785207415553,0.9600349875045486,0.0,-0.34835513097463566,1.1482894571202091,0.0,-0.3895794352806557,1.0040491496076696,0.0,-0.36569236019236084,1.1805558898361712,0.0,-0.42002857153624856,1.0338107750509047,0.0,-0.3416232570658937,1.1471884086560946,0.0,-0.411342333229001,1.0247287521224884,0.0,-0.3091967016590921,0.856761048383006,0.0,-0.35426261689017263,0.840880242347866,0.0,-0.2731672706005729,0.7708381023615973,0.0,-0.32453801370970187,0.7557590409971764,0.0,-0.2216130627615752,0.6838209106987235,0.0,-0.29302704645428335,0.6607361063629624,0.0,-0.20772938413436817,0.6732585960531963,0.0,-0.28501651620728297,0.6453282899139844,0.0,-0.2371095962577785,0.6454932668369644,0.0,-0.3026049118733648,0.6224691632096887,0.0,-0.3974907093850481,1.0231363517412682,0.0,-0.38421608450188616,0.9734490368690991,0.0,-0.35797287795912913,0.9111348287315959,0.0,-0.3317296760130311,0.848820633581205,0.0,-0.38950063805660456,0.9774444850064641,0.0,-0.3309704704020243,1.0176405745348456,0.0
-0.3852237511281478,1.0187026332731095,0.0,-0.34989745354755103,1.0415016495141303,0.0,-0.3445029422214528,1.0445033136367177,0.0,-0.33794127336089647,1.046014792215951,0.0,-0.3735497741909742,1.0342299130611747,0.0,-0.3845735024336388,1.0307369513321694,0.0,-0.39657050193262894,1.0276909443639357,0.0,-0.3551398456198512,1.0363579791886774,0.0,-0.43984122410792553,1.0099104570297943,0.0,-0.3376126678906078,0.9761754139539041,0.0,-0.36903953578269305,0.9664062065116734,0.0,-0.34373349676114495,0.9888839224374381,0.0,-0.424697822580231,0.958009999059593,0.0,-0.27403810163798864,0.9667939985893794,0.0,-0.37783315287830654,0.9014717516860222,0.0,-0.3274111745328218,0.9975903495857863,0.0,-0.3830762593308108,0.9600335904447602,0.0,-0.3483542013876159,1.1482893843782134,0.0,-0.3895790591416972,1.0040522649872354,0.0,-0.36569107452019584,1.1805552541184523,0.0,-0.42002779394862444,1.0338116916538165,0.0,-0.34162215097351717,1.1471876332022313,0.0,-0.4113412658747285,1.0247286629013685,0.0,-0.30919615823039037,0.8567590668321284,0.0,-0.35426203803802736,0.8408781602741174,0.0,-0.27316742294457613,0.7708358290608294,0.0,-0.324538283775234,0.7557566624833352,0.0,-0.22161277953300174,0.6838188954587694,0.0,-0.2930271979343056,0.6607337671738582,0.0,-0.20772902921552838,0.673256675047476,0.0,-0.28501667195504454,0.6453259485060816,0.0,-0.23711013570600747,0.6454915842298325,0.0,-0.3026061449706043,0.6224670947557123,0.0,-0.3974905282473868,1.0231342089856397,0.0,-0.3842156657678079,0.9734469575911118,0.0,-0.35797238938493847,0.9111327788663448,0.0,-0.3317291187106858,0.848818612660396,0.0,-0.38949848073055243,0.9774430495509518,0.0,-0.3309696823615785,1.0176390905721988,0.0
-0.3852251883028969,1.0187059240193321,0.0,-0.3498988773836606,1.041504928323767,0.0,-0.3445044079709864,1.0445066102403213,0.0,-0.3379427860269571,1.0460181065425194,0.0,-0.37355110262608576,1.0342331109461562,0.0,-0.384574796603488,1.030740118165752,0.0,-0.39657176811468714,1.0276940740639757,0.0,-0.3551413909698952,1.0363613957526658,0.0,-0.4398425315157553,1.0099135728802626,0.0,-0.3376143278219171,0.9761789486883766,0.0,-0.36904106652989394,0.9664096738973086,0.0,-0.34373491107261556,0.9888871925966711,0.0,-0.4246992405619059,0.958013278843637,0.0,-0.274039358689506,0.9667977649218955,0.0,-0.37783485679890283,0.901474794455925,0.0,-0.3274127006837513,0.9975936495381295,0.0,-0.38307798667792525,0.9600366311172562,0.0,-0.34835573446787427,1.1482920136488526,0.0,-0.3895813936645105,1.004050513299013,0.0,-0.365692448256844,1.1805574213170662,0.0,-0.4200293225405458,1.033810587205926,0.0,-0.3416233753228958,1.147189775451103,0.0,-0.41134251285780377,1.0247307599735374,0.0,-0.3091975876098462,0.8567623508167597,0.0,-0.354263464332948,0.8408814355056384,0.0,-0.27316884089983284,0.7708391178357772,0.0,-0.3245398555476174,0.7557598869154154,0.0,-0.22161410067084045,0.6838222415948949,0.0,-0.2930285063078397,0.6607370789535427,0.0,-0.20773035303191262,0.6732600176627276,0.0,-0.28501797286133795,0.6453292641679872,0.0,-0.2371115333083475,0.6454949612838853,0.0,-0.30260731465234425,0.6224703718182121,0.0,-0.39749197282528553,1.0231374792395973,0.0,-0.3842170829104672,0.9734502351749059,0.0,-0.3579738110585815,0.9111360545419399,0.0,-0.33173054454466566,0.8488218865838882,0.0,-0.38950069255375014,0.9774459114961258,0.0,-0.33097121702698806,1.017642389013281,0.0
-0.38522546983988687,1.018707458150266,0.0,-0.3498988756469203,1.04150656073373,0.0,-0.34450444028605615,1.0445082418964693,0.0,-0.3379428548120413,1.046019734992329,0.0,-0.37355109182674695,1.0342346828848579,0.0,-0.3845748052347704,1.0307416547799986,0.0,-0.3965718013872016,1.0276955690502572,0.0,-0.3551417062505848,1.036362971147941,0.0,-0.43984285495439857,1.0099149401615286,0.0,-0.3376145752977367,0.9761806600047952,0.0,-0.36904133449948445,0.9664113337270274,0.0,-0.3437353185747004,0.9888886151042595,0.0,-0.42469966233832873,0.9580147387845424,0.0,-0.27403973824744365,0.9667992755977732,0.0,-0.37783565911211814,0.9014759389745068,0.0,-0.3274132684628316,0.9975948339995647,0.0,-0.38307927566548683,0.9600377320611087,0.0,-0.3483563965052523,1.1482924581166443,0.0,-0.3895819287524379,1.0040488639704286,0.0,-0.3656932459255101,1.1805580483966134,0.0,-0.420029915697932,1.033810022394005,0.0,-0.34162406979913656,1.1471904614464559,0.0,-0.41134319337703407,1.0247311312502951,0.0,-0.3091980585882446,0.8567637423642814,0.0,-0.3542639507374311,0.8408828708284153,0.0,-0.27316899797896166,0.7708406410060838,0.0,-0.3245399830994035,0.7557614475468784,0.0,-0.22161443851507978,0.6838236576678586,0.0,-0.2930286471816782,0.6607386351671638,0.0,-0.20773072344628335,0.6732613909233022,0.0,-0.28501811068968413,0.6453308219649623,0.0,-0.237111513625262,0.6454962327945103,0.0,-0.3026069492346693,0.6224718013020061,0.0,-0.3974922783747761,1.0231389469020673,0.0,-0.384217496612892,0.9734516739423938,0.0,-0.35797425712825,0.9111374796781526,0.0,-0.3317310226109228,0.8488232982449246,0.0,-0.389501991627872,0.9774470087187983,0.0,-0.33097181668414855,1.0176435678165454,0.0
