# left_hand_wrist_x, left_hand_wrist_y, left_hand_wrist_z,left_hand_thumb_cmc_x, left_hand_thumb_cmc_y, left_hand_thumb_cmc_z,left_hand_thumb_mcp_x, left_hand_thumb_mcp_y, left_hand_thumb_mcp_z,left_hand_thumb_ip_x, left_hand_thumb_ip_y, left_hand_thumb_ip_z,left_hand_thumb_tip_x, left_hand_thumb_tip_y, left_hand_thumb_tip_z,left_hand_index_finger_mcp_x, left_hand_index_finger_mcp_y, left_hand_index_finger_mcp_z,left_hand_index_finger_pip_x, left_hand_index_finger_pip_y, left_hand_index_finger_pip_z,left_hand_index_finger_dip_x, left_hand_index_finger_dip_y, left_hand_index_finger_dip_z,left_hand_index_finger_tip_x, left_hand_index_finger_tip_y, left_hand_index_finger_tip_z,left_hand_middle_finger_mcp_x, left_hand_middle_finger_mcp_y, left_hand_middle_finger_mcp_z,left_hand_middle_finger_pip_x, left_hand_middle_finger_pip_y, left_hand_middle_finger_pip_z,left_hand_middle_finger_dip_x, left_hand_middle_finger_dip_y, left_hand_middle_finger_dip_z,left_hand_middle_finger_tip_x, left_hand_middle_finger_tip_y, left_hand_middle_finger_tip_z,left_hand_ring_finger_mcp_x, left_hand_ring_finger_mcp_y, left_hand_ring_finger_mcp_z,left_hand_ring_finger_pip_x, left_hand_ring_finger_pip_y, left_hand_ring_finger_pip_z,left_hand_ring_finger_dip_x, left_hand_ring_finger_dip_y, left_hand_ring_finger_dip_z,left_hand_ring_finger_tip_x, left_hand_ring_finger_tip_y, left_hand_ring_finger_tip_z,left_hand_pinky_mcp_x, left_hand_pinky_mcp_y, left_hand_pinky_mcp_z,left_hand_pinky_pip_x, left_hand_pinky_pip_y, left_hand_pinky_pip_z,left_hand_pinky_dip_x, left_hand_pinky_dip_y, left_hand_pinky_dip_z,left_hand_pinky_tip_x, left_hand_pinky_tip_y, left_hand_pinky_tip_z,
0.08220316892598861,1.5195698489986431,0.0,0.08508831122667991,1.5305233826157563,0.0,0.08759993987573103,1.54005885980535,0.0,0.08961898186778706,1.5477242162177347,0.0,0.09116873012540502,1.5536078842071204,0.0,0.08948941470551303,1.5472323103272594,0.0,0.0925842972882351,1.558982129361542,0.0,0.09418316910306489,1.565052295704895,0.0,0.09300168329465067,1.560566747707702,0.0,0.08939126563399806,1.5468596842558706,0.0,0.09232443681039344,1.5579955608598173,0.0,0.0907404326063711,1.5519818384810034,0.0,0.08952776834031317,1.5473779204998594,0.0,0.08884519085948407,1.5447864941741958,0.0,0.09158416323544886,1.555185088948949,0.0,0.09014001564934952,1.5497023368459888,0.0,0.08904492457521823,1.5455447892653806,0.0,0.08877850435474723,1.5445333167392383,0.0,0.09110453867026476,1.5533641791802129,0.0,0.09237711339393308,1.5581955491571242,0.0,0.09328691037455439,1.561649622066229,0.0
0.08220315953255321,1.5195698514728584,0.0,0.08508830183707113,1.5305233850889637,0.0,0.08759993047629808,1.540058862281145,0.0,0.08961897245485453,1.5477242186970857,0.0,0.09116872070150635,1.55360788668936,0.0,0.08948940528157732,1.5472323128095085,0.0,0.09258428784060088,1.5589821318500332,0.0,0.09418315942409893,1.5650522982543185,0.0,0.09300167362141129,1.5605667502556173,0.0,0.08939125620504348,1.5468596867394415,0.0,0.09232442735993776,1.5579955633490516,0.0,0.09074042298184533,1.5519818410160875,0.0,0.08952775872126721,1.5473779230335003,0.0,0.08884518142944478,1.5447864966580525,0.0,0.09158415378852035,1.5551850914372543,0.0,0.09014000608938763,1.549702339364067,0.0,0.08904491502723227,1.5455447917803042,0.0,0.088778494921374,1.5445333192239732,0.0,0.09110452922299284,1.5533641816686086,0.0,0.09237710393838357,1.5581955516477002,0.0,0.093286900918978,1.561649624556812,0.0
0.08220316042146902,1.5195698512387195,0.0,0.08508830273562401,1.5305233848522863,0.0,0.08759993133169998,1.5400588620558338,0.0,0.08961897325388739,1.5477242184866218,0.0,0.09116872145547616,1.5536078864907654,0.0,0.08948940603183225,1.5472323126118925,0.0,0.09258428849876288,1.5589821316766745,0.0,0.09418315962919628,1.5650522982002963,0.0,0.0930016738799657,1.5605667501875147,0.0,0.08939125693683866,1.546859686546688,0.0,0.09232442800972555,1.5579955631778986,0.0,0.09074042336474021,1.5519818409152337,0.0,0.08952775916656248,1.5473779229162103,0.0,0.0888451821591813,1.544786496465841,0.0,0.09158415445606778,1.5551850912614233,0.0,0.09014000660750135,1.5497023392275966,0.0,0.08904491565679211,1.545544791614479,0.0,0.08877849563928045,1.544533319034878,0.0,0.09110452988845123,1.5533641814933281,0.0,0.0923771045837627,1.5581955514777086,0.0,0.09328690158000065,1.5616496243827,0.0
0.08220317182978451,1.519569853681836,0.0,0.08508831413866325,1.5305233872967927,0.0,0.08759994274207157,1.5400588644984088,0.0,0.0896189846753229,1.5477242209262827,0.0,0.09116873288614506,1.5536078889279943,0.0,0.08948941746132905,1.54723231504943,0.0,0.09258429994999932,1.5589821341084857,0.0,0.09418317144308418,1.5650523005365857,0.0,0.09300168569913173,1.5605667525224138,0.0,0.08939126837129202,1.5468596889829198,0.0,0.09232443946442355,1.557995565608798,0.0,0.09074043511732648,1.5519818432676697,0.0,0.08952777092799696,1.5473779252663158,0.0,0.08884519359535706,1.5447864989016193,0.0,0.0915841659088979,1.5551850936928149,0.0,0.09014001826183793,1.5497023416059117,0.0,0.08904492732204775,1.5455447939899183,0.0,0.08877850707889481,1.5445333214697505,0.0,0.09110454134134216,1.5533641839247037,0.0,0.09237711604832567,1.5581955539060097,0.0,0.09328691304990222,1.561649626809595,0.0
0.08220317701607247,1.519569852315776,0.0,0.08508831930169056,1.5305233859368594,0.0,0.08759994800375161,1.5400588631124905,0.0,0.08961899006637623,1.5477242195062877,0.0,0.09116873838075322,1.553607887480723,0.0,0.08948942296382234,1.5472323136000818,0.0,0.09258430566509203,1.5589821326031392,0.0,0.09418317829042887,1.565052298733006,0.0,0.09300169242910698,1.5605667507497492,0.0,0.089391273916602,1.5468596875222937,0.0,0.09232444519935011,1.5579955640982275,0.0,0.09074044154768436,1.551981841573924,0.0,0.08952777722225534,1.5473779236084182,0.0,0.08884519914583738,1.5447864974396315,0.0,0.09158417160361029,1.5551850921928365,0.0,0.09014002435761512,1.5497023400002936,0.0,0.08904493317311468,1.5455447924487564,0.0,0.08877851265690279,1.5445333200005118,0.0,0.09110454704073112,1.5533641824234934,0.0,0.09237712179640808,1.5581955523919737,0.0,0.09328691876491961,1.5616496253042682,0.0
0.08220315377334345,1.5195698584378792,0.0,0.08508829606287152,1.5305233920579329,0.0,0.08759992478188555,1.5400588692290984,0.0,0.08961896686351452,1.5477242256178898,0.0,0.09116871519226294,1.5536078935885398,0.0,0.08948939978060501,1.5472323197065099,0.0,0.0925842825051746,1.5589821387034302,0.0,0.09418315470433679,1.5650523049455507,0.0,0.09300166879163979,1.560566756975826,0.0,0.08939125073678861,1.5468596936278252,0.0,0.09232442203841151,1.557995570198787,0.0,0.09074041795748468,1.55198184778755,0.0,0.08952775356640079,1.5473779298393378,0.0,0.08884517596393021,1.5447865035457145,0.0,0.09158414843326153,1.555185098295875,0.0,0.0901400008735235,1.5497023461859714,0.0,0.08904490958209153,1.5455447986625999,0.0,0.08877848947662247,1.5445333261061662,0.0,0.09110452387182558,1.5533641885261518,0.0,0.09237709861792193,1.5581955584971556,0.0,0.09328689556337288,1.5616496314155244,0.0
0.08220312682908493,1.5195698655349532,0.0,0.08508826917177684,1.5305233991410037,0.0,0.08759989767662925,1.5400588763685792,0.0,0.08961893947631701,1.5477242328316334,0.0,0.09116868757910583,1.553607900861801,0.0,0.08948937215165326,1.547232326983931,0.0,0.0925842544102313,1.5589821461035926,0.0,0.09418312394192879,1.5650523130483185,0.0,0.09300163827349231,1.5605667650142558,0.0,0.08939122301355278,1.5468597009300806,0.0,0.09232439389891646,1.5579955776106846,0.0,0.09074038812309707,1.5519818556458798,0.0,0.08952772401320155,1.547377937623603,0.0,0.08884514822846361,1.5447865108511913,0.0,0.09158412038022289,1.555185105685,0.0,0.09013997182065743,1.5497023538384491,0.0,0.08904488103856213,1.5455448061809192,0.0,0.0887784616803493,1.5445333334276594,0.0,0.09110449580884995,1.5533641959178939,0.0,0.09237707044318229,1.5581955659183362,0.0,0.09328686745454909,1.5616496388193428,0.0
0.08220319699355941,1.5195698470537393,0.0,0.08508833934548057,1.5305233806573586,0.0,0.0875999677402661,1.5400588579139254,0.0,0.08961900940243767,1.547724214413201,0.0,0.09116875739693141,1.5536078824718933,0.0,0.08948944195239546,1.5472323085985236,0.0,0.09258432400176535,1.5589821277732903,0.0,0.09418319358304887,1.5650522947049552,0.0,0.09300170811156076,1.5605667466190167,0.0,0.08939129277488633,1.5468596825550534,0.0,0.09232446347768995,1.5579955592837433,0.0,0.09074045808659267,1.551981837217603,0.0,0.0895277942179358,1.5473779191317845,0.0,0.08884521799033608,1.5447864924760222,0.0,0.09158419000914969,1.5551850873448485,0.0,0.09014004181143594,1.5497023354029866,0.0,0.08904495143957973,1.5455447876374004,0.0,0.08877853141807321,1.544533315058851,0.0,0.0911045654312068,1.5533641775794729,0.0,0.09237714004917098,1.5581955475842264,0.0,0.09328693713418322,1.561649620465835,0.0
0.0822032898469958,1.519569828044356,0.0,0.08508843208353636,1.5305233616783664,0.0,0.08760006091851003,1.5400588388189884,0.0,0.08961910316267829,1.5477241951649672,0.0,0.09116885162425437,1.5536078631006307,0.0,0.08948953620915671,1.5472322892195067,0.0,0.09258441922654853,1.558982108139298,0.0,0.09418329477000209,1.5650522735005366,0.0,0.0930018088205625,1.5605667255404896,0.0,0.08939138722849327,1.5468596631241878,0.0,0.09232455879746618,1.5579955396247303,0.0,0.09074055731388607,1.5519818165293573,0.0,0.08952789289992005,1.547377898587172,0.0,0.08884531247138577,1.5447864730379282,0.0,0.09158428515315396,1.5551850677321333,0.0,0.09014013930603279,1.5497023151711296,0.0,0.08904504793739731,1.5455447676680933,0.0,0.08877862602650187,1.5445332955872055,0.0,0.0911046605951415,1.553364157961508,0.0,0.09237723545668851,1.5581955279021023,0.0,0.09328703241963922,1.5616496008158616,0.0
0.08220311131808379,1.5195698641724749,0.0,0.08508825349511197,1.5305233978221608,0.0,0.08759988272397681,1.5400588748590327,0.0,0.08961892547107826,1.5477242310725396,0.0,0.09116867433167379,1.553607898903102,0.0,0.08948935896458815,1.5472323250093316,0.0,0.09258424277499193,1.558982143720245,0.0,0.094183120220231,1.5650523085805546,0.0,0.09300163367051113,1.5605667607786204,0.0,0.08939121013819809,1.5468596988733774,0.0,0.09232438240641162,1.557995575189741,0.0,0.09074038138415,1.5519818519728577,0.0,0.08952771624844993,1.547377934220776,0.0,0.08884513538915094,1.5447865087849946,0.0,0.09158410859099012,1.555185103342214,0.0,0.09013996273069423,1.5497023507846803,0.0,0.08904487011126917,1.5455448036111001,0.0,0.08877844904108308,1.544533331308771,0.0,0.09110448405434798,1.55336419356596,0.0,0.09237705903458787,1.5581955634752906,0.0,0.093286855792197,1.5616496364431365,0.0
0.0822028989338576,1.5195698983219044,0.0,0.08508804134796724,1.5305234319091434,0.0,0.08759966972865446,1.5400589091694235,0.0,0.0896187113483085,1.5477242656798982,0.0,0.0911684593025139,1.5536079337492021,0.0,0.08948914388601856,1.5472323598684468,0.0,0.09258402580648084,1.5589821790771674,0.0,0.09418289060474265,1.5650523472686688,0.0,0.09300140491770796,1.560566799239505,0.0,0.08939099467295483,1.5468597338343413,0.0,0.09232416524659441,1.5579956105970532,0.0,0.0907401556707149,1.5519818896331798,0.0,0.08952749150684003,1.547377971625121,0.0,0.08884491986546215,1.5447865437613535,0.0,0.09158389176519421,1.5551851386615456,0.0,0.09013974066128563,1.5497023874851716,0.0,0.0890446498413949,1.5455448398375968,0.0,0.08877823326615987,1.5445333663513043,0.0,0.09110426719134213,1.5533642288950924,0.0,0.09237684166872981,1.5581955989368734,0.0,0.09328663862909171,1.5616496718513149,0.0
0.08220317072284603,1.5195698594214566,0.0,0.08508831334961765,1.530523392952681,0.0,0.08759994056610819,1.5400588705196085,0.0,0.08961898068427064,1.5477242274255736,0.0,0.0911687274432016,1.5536078958097106,0.0,0.0894894119030169,1.5472323219615345,0.0,0.0925842914180936,1.5589821418038294,0.0,0.0941831477094506,1.5650523122360183,0.0,0.09300166365152973,1.560566763777749,0.0,0.08939126221559286,1.5468596960523748,0.0,0.0923244306587887,1.5579955733762414,0.0,0.0907404171676041,1.5519818534436578,0.0,0.08952775494038273,1.5473779349254881,0.0,0.08884518737040938,1.5447865059893144,0.0,0.091584157671502,1.5551851013105853,0.0,0.09014000482713706,1.5497023505926462,0.0,0.08904491740246176,1.5455448020507792,0.0,0.08877850047052387,1.5445333286584384,0.0,0.09110453303746034,1.553364191559986,0.0,0.09237710708058133,1.5581955617161523,0.0,0.09328690456705244,1.5616496344920172,0.0
0.08220376488855301,1.5195697519515226,0.0,0.08508890705867746,1.5305232856030269,0.0,0.08760053577271455,1.5400587627755034,0.0,0.0896195778970374,1.5477241191530493,0.0,0.09116932627277345,1.553607787111323,0.0,0.08949001080097144,1.5472322132451348,0.0,0.0925848937166326,1.5589820321917218,0.0,0.09418377532477631,1.5650521959555237,0.0,0.09300228989387836,1.5605666478588938,0.0,0.08939186181529042,1.5468595871511375,0.0,0.09232503331641707,1.5579954636695506,0.0,0.09074103756883271,1.5519817390633317,0.0,0.08952837382917322,1.5473778209435354,0.0,0.08884578708765252,1.5447863970571156,0.0,0.09158475975141052,1.5551849917560645,0.0,0.0901406180070055,1.5497022381144154,0.0,0.08904552771729686,1.5455446903271917,0.0,0.08877910064628447,1.5445332196054669,0.0,0.09110513517998958,1.5533640819889711,0.0,0.09237771019733046,1.5581954518885295,0.0,0.09328750740946093,1.5616495247366553,0.0
0.08220336763256074,1.5195698130037905,0.0,0.08508850917456874,1.5305233468207395,0.0,0.08760014098887627,1.5400588231766095,0.0,0.08961918713691601,1.5477241784943139,0.0,0.09116893872244355,1.5536078456071327,0.0,0.08948962354940036,1.5472322716622529,0.0,0.09258451297406604,1.558982088894377,0.0,0.09418342209021076,1.5650522454125027,0.0,0.09300193256487753,1.5605666983943418,0.0,0.08939147585784703,1.546859645227384,0.0,0.09232465313952237,1.5579955202232085,0.0,0.09074067210590045,1.5519817917413985,0.0,0.08952800353928313,1.547377874893017,0.0,0.08884540125389018,1.5447864551007844,0.0,0.09158437827821807,1.5551850486511654,0.0,0.09014024415876963,1.54970229300113,0.0,0.08904514533473636,1.545544747461841,0.0,0.08877871563723591,1.5445332774319072,0.0,0.09110475386208729,1.5533641388431687,0.0,0.09237733017616018,1.5581955084011698,0.0,0.09328712612306765,1.561649581582553,0.0
0.08220190337430026,1.519570067933382,0.0,0.08508704572211787,1.5305236015380823,0.0,0.0875986752449642,1.5400590784975197,0.0,0.08961771827958162,1.5477244346352956,0.0,0.09116746734479841,1.553608102411961,0.0,0.08948815212018202,1.5472325284806647,0.0,0.09258303616224701,1.5589823471305586,0.0,0.0941818981315997,1.5650525160671858,0.0,0.09300041028450731,1.5605669686069779,0.0,0.08939000330131862,1.5468599023427279,0.0,0.09232317571826178,1.5579957786199163,0.0,0.09073916010437211,1.5519820592464537,0.0,0.08952649327959399,1.5473781419392731,0.0,0.08884392847711134,1.544786712274142,0.0,0.09158290170710616,1.5551853068239452,0.0,0.09013874542164071,1.5497025570123906,0.0,0.08904365010284633,1.5455450105498219,0.0,0.08877724211683063,1.544533534801135,0.0,0.09110327720381323,1.5533643970389073,0.0,0.09237585178413671,1.558195767053575,0.0,0.09328564791549297,1.561649840186375,0.0
0.08220232381295989,1.5195700116712403,0.0,0.0850874678327312,1.5305235448355505,0.0,0.08759908967211279,1.5400590238187972,0.0,0.08961812268761508,1.5477243825955855,0.0,0.09116786374803237,1.553608052480697,0.0,0.08948854784008001,1.547232478729394,0.0,0.09258341555780163,1.558982301679083,0.0,0.09418220031748559,1.5650524909519503,0.0,0.09300072216288542,1.5605669409387628,0.0,0.08939039575630241,1.5468598534514273,0.0,0.09232355364731697,1.5579957335547125,0.0,0.09073949355931998,1.5519820258959198,0.0,0.08952683808122588,1.54737810560005,0.0,0.08884432058209299,1.5447866634750302,0.0,0.09158328281236106,1.5551852609221377,0.0,0.0901391020470867,1.5497025175586232,0.0,0.08904402693370438,1.5455449657740132,0.0,0.08877763213266246,1.5445334865522997,0.0,0.09110365793353219,1.5533643512360138,0.0,0.09237622903847825,1.558195722166089,0.0,0.09328602805208198,1.561649794539709,0.0
0.08220567162682103,1.5195694349516347,0.0,0.08509081441485028,1.5305229684403838,0.0,0.087602438768352,1.5400584467614171,0.0,0.08962147534170899,1.5477238046010762,0.0,0.0911712193178567,1.5536074737181922,0.0,0.08949190329425762,1.5472318999973473,0.0,0.09258677749945209,1.5589817212382535,0.0,0.09418564126740499,1.565051889701135,0.0,0.09300416264342062,1.5605663398115817,0.0,0.0893937526211686,1.5468592743478093,0.0,0.09232691645237613,1.5579951528864637,0.0,0.09074291843812038,1.5519814288772793,0.0,0.08953026290717038,1.5473775085953314,0.0,0.08884767781973651,1.5447860842732244,0.0,0.09158664479455157,1.55518468047063,0.0,0.09014250517686952,1.5497019262688085,0.0,0.08904742906985441,1.5455443747459157,0.0,0.08878099032263866,1.5445329070996525,0.0,0.09110701998324658,1.5533637707667212,0.0,0.09237959377949725,1.5581951409879127,0.0,0.09328939335478206,1.5616492132135866,0.0
0.08220592125783772,1.5195693528546281,0.0,0.08509105990358833,1.5305228874344459,0.0,0.0876027022310315,1.5400583610211638,0.0,0.08962176233646436,1.5477237126624928,0.0,0.09117152513835766,1.5536073768209215,0.0,0.08949221059864099,1.5472318027092402,0.0,0.09258712337819656,1.5589816137896861,0.0,0.09418618596801623,1.5650517298800153,0.0,0.09300468558286039,1.5605661857223372,0.0,0.08939406767870531,1.5468591750175238,0.0,0.09232726589114448,1.5579950445001869,0.0,0.09074338791754942,1.5519812888739108,0.0,0.0895307070791511,1.5473773752579254,0.0,0.08884799378320526,1.5447859847043126,0.0,0.09158698687626575,1.5551845740221957,0.0,0.09014291569039044,1.5497018017961155,0.0,0.08904779421483974,1.545544262223309,0.0,0.08878131126397609,1.5445328062195696,0.0,0.09110736292477846,1.553363664091807,0.0,0.09237994537558315,1.5581950320333968,0.0,0.09328973871624809,1.561649105901258,0.0
0.0821985031062739,1.519570631221497,0.0,0.08508364309935586,1.5305241654464303,0.0,0.08759528588951533,1.5400596389112686,0.0,0.08961434600722892,1.5477249905493629,0.0,0.09116410866417321,1.5536086547459713,0.0,0.08948479488310888,1.547233080434458,0.0,0.09257970622211217,1.558982891894347,0.0,0.09417865975809625,1.5650530367118942,0.0,0.09299715307447488,1.560567494213248,0.0,0.0893866514356996,1.5468604528816778,0.0,0.09231984801218068,1.5579963227952538,0.0,0.09073587223711696,1.5519825929283726,0.0,0.08952318297499791,1.5473786815312218,0.0,0.08884057701508503,1.5447872627067816,0.0,0.09157956834830408,1.5551858524882074,0.0,0.09013542856650861,1.5497030983296127,0.0,0.08904029399306226,1.5455455622068945,0.0,0.08877389405330029,1.544534084338608,0.0,0.09109994453650834,1.553364942521024,0.0,0.09237252390968795,1.5581963112732595,0.0,0.09328231389419425,1.5616503860251216,0.0
0.08219544159783017,1.5195712305789302,0.0,0.08508059127822623,1.5305247622522389,0.0,0.0875921941631199,1.540060246228031,0.0,0.08961120183527999,1.5477256116801366,0.0,0.09116092248344984,1.5536092869417353,0.0,0.08948160565060549,1.5472337134341057,0.0,0.09257643052656449,1.558983547668101,0.0,0.09417490436184735,1.5650538188246599,0.0,0.09299344405642483,1.5605682641100995,0.0,0.08938344474440141,1.5468610904799116,0.0,0.092316564137815,1.5579969807232799,0.0,0.09073228765202897,1.5519833300696093,0.0,0.08951965195520711,1.5473794045634715,0.0,0.0888373681273856,1.5447879008835272,0.0,0.09157630065272968,1.5551865061547854,0.0,0.0901319851187277,1.549703798291768,0.0,0.08903694724995864,1.5455462366973205,0.0,0.08877067392130034,1.5445347254770574,0.0,0.09109667497168945,1.5533655966799438,0.0,0.0923692340165901,1.5581969707865888,0.0,0.09327903676437763,1.5616510421766268,0.0
0.08221095255065607,1.5195685942033932,0.0,0.08509610249758019,1.5305221258064987,0.0,0.08760769088281108,1.5400576136014241,0.0,0.08962668082685792,1.547722983722978,0.0,0.09117638761991798,1.5536066626339022,0.0,0.08949706806580154,1.5472310898430996,0.0,0.09259186697069985,1.5589809309176619,0.0,0.09419042188746793,1.5650511807225964,0.0,0.09300899127580432,1.5605656181870355,0.0,0.08939890244274366,1.5468584681312652,0.0,0.0923319994326955,1.557994364275532,0.0,0.09074783952714469,1.5519806829103904,0.0,0.08953524068759389,1.5473767476965115,0.0,0.08885282625485812,1.5447852784218266,0.0,0.09159174285458353,1.5551838878877875,0.0,0.09014752094868915,1.5497011553610738,0.0,0.08905254492120634,1.5455435774790731,0.0,0.0887861292401795,1.5445321037550963,0.0,0.09111211623134001,1.5533629786610912,0.0,0.09238467527487634,1.5581943527680957,0.0,0.09329448981035428,1.5616484210532333,0.0
0.08222303237342307,1.5195663548011484,0.0,0.08510816081861217,1.5305198920677683,0.0,0.08761983325353342,1.54005535772413,0.0,0.08963893410833516,1.547720698631925,0.0,0.09118872985727351,1.5536043541119717,0.0,0.0895094161860136,1.547228779771719,0.0,0.09260439904001018,1.558978572394259,0.0,0.0942040512194102,1.565048533137227,0.0,0.0930225272592152,1.5605629951893227,0.0,0.0894112878841859,1.5468561482295036,0.0,0.09234454934355983,1.5579920010526742,0.0,0.09076109856740625,1.5519781329291362,0.0,0.08954839277743334,1.547374225885522,0.0,0.08886521673665172,1.5447829571924232,0.0,0.09160425903623112,1.5551815335491626,0.0,0.0901604602102248,1.5496986895952485,0.0,0.089065289513894,1.5455411629878097,0.0,0.0887985438361344,1.5445297761740329,0.0,0.0911246362612957,1.5533606233088204,0.0,0.09239724061399074,1.5581919854813988,0.0,0.09330703068058169,1.5616460602116402,0.0
0.08219250933336628,1.5195714799156819,0.0,0.08507762992750423,1.5305250192502418,0.0,0.08758936304799181,1.5400604689216228,0.0,0.0896085408506274,1.5477257895604428,0.0,0.09115839750595237,1.5536094289969868,0.0,0.08947909188033305,1.5472338525381282,0.0,0.09257419470642518,1.55898361355847,0.0,0.09417403741685039,1.5650535240864871,0.0,0.09299241579214833,1.5605680118652754,0.0,0.0893809866874187,1.546861214908543,0.0,0.09231435359271796,1.5579970399559862,0.0,0.09073088205990691,1.551983177297712,0.0,0.08951805805607217,1.5473793013941937,0.0,0.08883491628492395,1.5447880236749811,0.0,0.09157403650636858,1.5551865795063597,0.0,0.09013017173887773,1.549703752917259,0.0,0.08903479760213136,1.5455462799051747,0.0,0.08876825778383463,1.5445348388633995,0.0,0.0910944171307141,1.553365668370377,0.0,0.09236703678017737,1.558197026513686,0.0,0.0932767923112982,1.5616511103402535,0.0
0.08215529327936426,1.5195782037107006,0.0,0.08504045914815803,1.5305317311199882,0.0,0.08755202541495469,1.5400672247407445,0.0,0.08957098198240808,1.547732603653317,0.0,0.09112066092215426,1.5536162899004768,0.0,0.08944134490393375,1.5472407161786768,0.0,0.09253607822262612,1.55899057452784,0.0,0.09413354009179073,1.5650611120734614,0.0,0.09295209354027233,1.560575553736252,0.0,0.08934316432694325,1.546868098405508,0.0,0.09227620023968021,1.5580040106367965,0.0,0.09069114046660162,1.5519905663921414,0.0,0.08947851490778339,1.5473866382157495,0.0,0.08879708294135759,1.5447949100650324,0.0,0.09153594929335587,1.5551935327657422,0.0,0.09009111882709041,1.5497109605777357,0.0,0.08899610981715261,1.5455533913824224,0.0,0.08873037555240001,1.544541738130715,0.0,0.09105632248725272,1.5533726235871472,0.0,0.09232884631131741,1.5582040069706418,0.0,0.09323864472889139,1.5616580795012553,0.0
0.08221076051907276,1.5195690425381738,0.0,0.08509595916753748,1.5305225613132232,0.0,0.08760733386263116,1.5400581053902458,0.0,0.08962604426307291,1.5477235491356347,0.0,0.0911755274852039,1.5536072869285389,0.0,0.08949618998599204,1.5472317188692768,0.0,0.09259053120539489,1.5589816804844114,0.0,0.09418677591015473,1.5650525381963625,0.0,0.0930056063014667,1.560566906924611,0.0,0.08939793245551966,1.5468591213619194,0.0,0.09233062164561477,1.557995124909093,0.0,0.09074506722424387,1.551981811068566,0.0,0.08953277234881916,1.5473777958063961,0.0,0.088851845705149,1.5447859344328152,0.0,0.09159045270551304,1.555184625440023,0.0,0.0901454412553243,1.5497021009501757,0.0,0.08905100960220443,1.5455443797350976,0.0,0.08878508972730233,1.5445327752938784,0.0,0.09111081581794728,1.5533637189150138,0.0,0.09238327322065938,1.5581951197925443,0.0,0.09329316306274092,1.5616491682407625,0.0
0.08231243105737467,1.5195509594379097,0.0,0.08519753985804336,1.5305045018788177,0.0,0.08770922178719687,1.540039965034363,0.0,0.08972834219818232,1.5477053007909047,0.0,0.09127815545055072,1.5535889516603985,0.0,0.08959883391241273,1.547213379392623,0.0,0.09269386636041284,1.5589631589516213,0.0,0.09429499592600711,1.5650327301580915,0.0,0.09311352936101391,1.560547177092258,0.0,0.08950071843513614,1.5468407444723329,0.0,0.0924340283237262,1.557976584538797,0.0,0.09085185120533634,1.5519623812055323,0.0,0.08963922535491448,1.5473584531059457,0.0,0.0889546543507602,1.5447675515747463,0.0,0.09169373964819624,1.5551661166055182,0.0,0.09025082110773736,1.5496830409213287,0.0,0.08915576966311048,1.5455254829025773,0.0,0.08888799093166037,1.5445143680588516,0.0,0.09121411591603705,1.5533452066173032,0.0,0.09248676446685142,1.5581765571476653,0.0,0.09339658960909591,1.5616306226389234,0.0
0.08222311727211888,1.5195652756642637,0.0,0.08510812268834031,1.5305188453356011,0.0,0.08762033531477927,1.5400541686874103,0.0,0.08964014282874934,1.5477193234217312,0.0,0.09119050378753704,1.5536028299925424,0.0,0.08951123526664001,1.5472272437868462,0.0,0.09260737502952776,1.5589767316100616,0.0,0.09421294766915371,1.5650451290109508,0.0,0.09303076459551116,1.560559764730204,0.0,0.08941333922730825,1.5468545510464613,0.0,0.09234763149290713,1.5579901322970475,0.0,0.09076765750461531,1.551975349810197,0.0,0.08955418415371974,1.5473716450166703,0.0,0.0888672947663983,1.5447813529702064,0.0,0.09160711960459546,1.555179723170474,0.0,0.0901652929950667,1.549696360251516,0.0,0.08906874938077039,1.5455391955389255,0.0,0.08880077091765595,1.5445281326753468,0.0,0.09112752279955029,1.5533588060793675,0.0,0.09240038400983908,1.5581901005871015,0.0,0.09330998340961319,1.5616442255326257,0.0
0.08196638147302356,1.5196103924967042,0.0,0.08485155225305746,1.530563918612367,0.0,0.08736325919208666,1.5400993751801686,0.0,0.08938238469339614,1.54776470959587,0.0,0.09093219480679182,1.5536483612922,0.0,0.08925290890099792,1.5472727796380592,0.0,0.09234788163752775,1.5590225749256106,0.0,0.09394396526096262,1.5650934749892944,0.0,0.09276220106997354,1.5606080003268423,0.0,0.08915477033635595,1.5469001507990385,0.0,0.09208801060388773,1.5580360092042669,0.0,0.09050130209454103,1.5520229997851678,0.0,0.08928827892660626,1.5474191763531358,0.0,0.08860868195986672,1.5448269643001282,0.0,0.09134769027770626,1.5552255496077856,0.0,0.08990159018888505,1.5497433121625392,0.0,0.08880591982447404,1.5455859172091801,0.0,0.08854199887716743,1.544573785963754,0.0,0.09086807321935207,1.5534046378616748,0.0,0.09214058003684704,1.5582360257244476,0.0,0.09305024760902035,1.5616901327169272,0.0
0.0820787611306358,1.5195937437338451,0.0,0.08496421815998983,1.5305471944471236,0.0,0.0874745716558937,1.5400830074187375,0.0,0.08949193576252248,1.547748805586956,0.0,0.09104033966314654,1.5536328275134823,0.0,0.08936092845065353,1.5472572790003307,0.0,0.09245303967721738,1.5590078276556825,0.0,0.09403648556310559,1.5650820362166964,0.0,0.09285646450891992,1.5605961026614281,0.0,0.08926221880667257,1.5468848004826574,0.0,0.09219291488462686,1.5580213287292444,0.0,0.0905987768675584,1.552010284714238,0.0,0.08938780059206691,1.5474059224500942,0.0,0.08871607195209051,1.5448116293378,0.0,0.09145315661876158,1.5552107211487851,0.0,0.09000306418810557,1.5497295383553085,0.0,0.0889110330692004,1.5455711859915704,0.0,0.08864902421002029,1.544558546971686,0.0,0.0909734727908204,1.5533898269402746,0.0,0.09224538657222515,1.5582213709599222,0.0,0.09315557969884587,1.561675339500545,0.0
0.08268889518992643,1.5194874646967569,0.0,0.08557408024810416,1.530440987051531,0.0,0.08808510396712595,1.5399766235581573,0.0,0.09010339343768581,1.5476421781439391,0.0,0.09165254999851906,1.5535260019534476,0.0,0.08997313658232571,1.5471504538999157,0.0,0.09306688272626279,1.5589005722114946,0.0,0.09466664518402006,1.5649705038910922,0.0,0.09348627416601633,1.5604846624081081,0.0,0.0898747748843338,1.5467778838153379,0.0,0.09280695656256369,1.557914021004427,0.0,0.09122563826261612,1.5518995918044067,0.0,0.09001434370392335,1.5472953132625116,0.0,0.08932870608968221,1.5447046921512224,0.0,0.0920669611401506,1.5551034758418474,0.0,0.09062520131997101,1.549620095361353,0.0,0.08953243395901064,1.545461936412914,0.0,0.08926189001083965,1.544451548832184,0.0,0.09158729983656042,1.5532825757391082,0.0,0.09285980270187273,1.5581139646428181,0.0,0.0937700217963368,1.5615679263402655,0.0
0.08264454932863387,1.5194887004130644,0.0,0.08552900462256151,1.5304424149635627,0.0,0.08804327154744425,1.539977196845412,0.0,0.09006580033619653,1.5476416339932555,0.0,0.09161834721339816,1.5535245641190858,0.0,0.08993920680203712,1.5471489447478954,0.0,0.09303988449238221,1.5588972358321267,0.0,0.09467570601731581,1.5649575492278838,0.0,0.09349135097006206,1.5604727579648874,0.0,0.08984223484060247,1.5467760081938093,0.0,0.09278059053907313,1.5579105179125905,0.0,0.09121891597435157,1.5518909582342,0.0,0.09000297563149973,1.5472879044128873,0.0,0.08929632308364172,1.5447027749585827,0.0,0.09203926186438412,1.555100324179958,0.0,0.09060860512062235,1.5496140363498783,0.0,0.089507553209134,1.5454580634151889,0.0,0.0892303986835397,1.5444493964352295,0.0,0.09155975732815148,1.5532793825843212,0.0,0.0928337834808605,1.5581103700241032,0.0,0.09374283768603962,1.5615646384936066,0.0
0.08126915357867266,1.5197257931537367,0.0,0.0841539687187027,1.530679412939192,0.0,0.08666783615685109,1.5402143001544355,0.0,0.08868973244289545,1.5478789041822412,0.0,0.09024174454293395,1.5537619754135494,0.0,0.08856270515031997,1.5473863291172452,0.0,0.09166207702893293,1.5591349647613229,0.0,0.09327122454140807,1.565202415197818,0.0,0.09208629474136898,1.5607177757563933,0.0,0.08846542710489859,1.547013473340701,0.0,0.09140255399950253,1.5581483072637266,0.0,0.08982035477165683,1.552134109746916,0.0,0.08860354452669313,1.5475312858064392,0.0,0.087919394124206,1.5449402721283518,0.0,0.09066130425171924,1.5553380926604856,0.0,0.08921655939694692,1.5498554979118688,0.0,0.08811431362049166,1.5456998414542258,0.0,0.08785325385036055,1.5446869506038388,0.0,0.09018180222281236,1.5535171504637248,0.0,0.09145502701559123,1.5583483491667562,0.0,0.09236363081024138,1.561802736138667,0.0
0.08090505982701574,1.5198025222953773,0.0,0.08379162312717407,1.5307556815250538,0.0,0.08629812835222853,1.540292506744212,0.0,0.08831036620908797,1.5479596521257732,0.0,0.08985464848613815,1.5538447571307923,0.0,0.08817501501816197,1.5474692694087542,0.0,0.0912585031081719,1.559222083826501,0.0,0.09278769344760947,1.5653101777336285,0.0,0.09161151101302811,1.560823236188301,0.0,0.08807453416732598,1.547097255859454,0.0,0.09099749222009912,1.558235817575856,0.0,0.0893588565321658,1.5522367510442996,0.0,0.08815218141304151,1.5476312596963369,0.0,0.08752811148566451,1.545024156580285,0.0,0.0902592391415341,1.5554248144774165,0.0,0.08878213598355429,1.5499508489008316,0.0,0.08769819279507551,1.5457903809572207,0.0,0.08745991339756096,1.5447713759395705,0.0,0.08977938968634407,1.5536039631502438,0.0,0.09104895940065717,1.5584361236423652,0.0,0.09196000152030501,1.56188986834393,0.0
0.08384498695440827,1.519300142419261,0.0,0.08673133812327764,1.5302533575511952,0.0,0.08923624900508784,1.5397906016593317,0.0,0.09124663690392312,1.5474582323227628,0.0,0.09278950258030542,1.5533437088689699,0.0,0.09110944239507172,1.5469683341105775,0.0,0.09419048089538298,1.5587217909339477,0.0,0.09574608713220825,1.5648031887791953,0.0,0.09457417538615005,1.5603151299103686,0.0,0.09100856264922642,1.5465964246920343,0.0,0.0939294780191734,1.5577355222447975,0.0,0.09232222341907223,1.5517279720936743,0.0,0.091120964697314,1.5471210650094502,0.0,0.09046227880451123,1.5445232884927649,0.0,0.09319206030574438,1.5549242997859685,0.0,0.09173810227252863,1.5494441411285391,0.0,0.09066315101185198,1.5452813408531436,0.0,0.09039386777806323,1.5442705632726226,0.0,0.09271208847890432,1.5531034801108234,0.0,0.09398220608240464,1.557935496620977,0.0,0.09489506580831167,1.5613887613557138,0.0
0.08565501334732688,1.5189542633631468,0.0,0.08853739706150897,1.5299085232158565,0.0,0.09105818225496226,1.5394415838845223,0.0,0.09308948253646471,1.5471037009980193,0.0,0.09464911603472949,1.5529847563473935,0.0,0.09297018930563315,1.5466090883493195,0.0,0.09608581833966054,1.5583534232075205,0.0,0.09786413431330589,1.5643734649693448,0.0,0.09667426294259145,1.5598901341013676,0.0,0.09287630892466438,1.546235332492399,0.0,0.09582813143775352,1.5573662796551333,0.0,0.09433854775353408,1.5513284765268827,0.0,0.09311662629237283,1.546727006833184,0.0,0.09233094328032014,1.5441619528408543,0.0,0.09508431271393795,1.5545567447929736,0.0,0.09370037267246009,1.5490584866292871,0.0,0.09258801967177245,1.544905524174903,0.0,0.09226705241836078,1.5439080345602936,0.0,0.09460507609486249,1.5527357303171996,0.0,0.09588355749593223,1.557565540622816,0.0,0.0967915939182748,1.5610200767802558,0.0
0.07970067066104997,1.5199634579856933,0.0,0.08258218833576386,1.53091794568192,0.0,0.0851118926809971,1.540448643433381,0.0,0.08715439778805156,1.5481077812688187,0.0,0.08872289307751272,1.5539864793558316,0.0,0.08704517566422564,1.5476105082908371,0.0,0.0901779828995669,1.5593502725289052,0.0,0.09199450908523484,1.565358894927843,0.0,0.09078968768185744,1.5608795584885289,0.0,0.08695453394058404,1.5472358856402337,0.0,0.08992138582304195,1.5583628362915092,0.0,0.08840521004836936,1.5523316558773528,0.0,0.08716508487335374,1.5477350587719316,0.0,0.08640917725581666,1.545162497422599,0.0,0.0891735344528195,1.555554372722717,0.0,0.0877654562220816,1.5500622466708978,0.0,0.08662289105624567,1.5459174944240823,0.0,0.08634730438316637,1.5449080369117938,0.0,0.08869482891384876,1.5537332108855024,0.0,0.08997493990869278,1.5585625895331132,0.0,0.09087718953415656,1.5620186415901156,0.0
0.07368451929024011,1.521039150757527,0.0,0.07657458877204283,1.5319913853782252,0.0,0.07907191946329105,1.541530617167135,0.0,0.08107159039776628,1.5492010497265405,0.0,0.08260569212643853,1.5550888167529604,0.0,0.08092588792164195,1.548713393740145,0.0,0.08398737902627264,1.5604719573325017,0.0,0.08535674337172136,1.5665979798435317,0.0,0.08418643888381082,1.5621095015984936,0.0,0.08082074202114832,1.5483425968364595,0.0,0.08372376463009797,1.5594863709108155,0.0,0.08187889429833076,1.5535474838411052,0.0,0.08067799306039916,1.5489404835571885,0.0,0.08027333870671696,1.5462697494022641,0.0,0.08298882218272433,1.5566745027610591,0.0,0.08138558063055855,1.5512361436888427,0.0,0.08031438797979819,1.547072374644981,0.0,0.08020206484688976,1.5460177687648031,0.0,0.08250865101929346,1.554853730926201,0.0,0.08377071116933293,1.5596878581958125,0.0,0.08468187354182508,1.5631415711743784,0.0
0.08488096782686522,1.5191989018366676,0.0,0.08777585810963741,1.5301498632121442,0.0,0.09024246033548955,1.539697086743801,0.0,0.09220292910055215,1.5473776324090378,0.0,0.0937060976553891,1.5532733726481478,0.0,0.0920217263152237,1.5468992757064868,0.0,0.09502126679113083,1.5586737949099456,0.0,0.09635693777797473,1.564807251808884,0.0,0.09523702226311154,1.5603059365799568,0.0,0.091904349466773,1.546531592026082,0.0,0.09475275559347383,1.5576894512932415,0.0,0.09256604291978345,1.5518677493212638,0.0,0.09142603680235917,1.547245303923911,0.0,0.09135631400423955,1.5444588610836245,0.0,0.09403106149425149,1.5548741608311354,0.0,0.09232362251996762,1.5494676106351188,0.0,0.09136627157394484,1.545276202099577,0.0,0.09127753129810581,1.5442087745551527,0.0,0.0935492990805973,1.5530537526914068,0.0,0.09480202714744575,1.5578903066993395,0.0,0.09572834472334776,1.5613399858084647,0.0
0.10213166488618168,1.5159759130018464,0.0,0.10500911645815152,1.5269314694572456,0.0,0.10753743624576036,1.536462534600008,0.0,0.10957992310402453,1.5441216773019293,0.0,0.11114887288551971,1.5500002541071143,0.0,0.10946885377950885,1.5436249058128055,0.0,0.11260602806342847,1.5553635038147622,0.0,0.1149069977769714,1.561203781966836,0.0,0.11372067407684067,1.5567195110529515,0.0,0.10937980748856202,1.5432498615877381,0.0,0.11235161811979885,1.554375488871646,0.0,0.11106926950357282,1.5482903012661344,0.0,0.10985379985304979,1.5436871231327214,0.0,0.10883603518088475,1.5411760532440408,0.0,0.11160571992188174,1.551566509894319,0.0,0.11036889116581228,1.5460333021898216,0.0,0.1092639020903649,1.5418783743337927,0.0,0.10877549829395393,1.5409212379202795,0.0,0.11112658871375951,1.549745462584593,0.0,0.1124160771345089,1.5545723458330125,0.0,0.11332859145409453,1.5580257018563486,0.0
0.08288394099696005,1.5192493443153332,0.0,0.08574480313072862,1.5302092445269244,0.0,0.08836293726734422,1.539716030384757,0.0,0.09052197849002154,1.547343137339124,0.0,0.0921849300085553,1.5531958171457012,0.0,0.09050876126543365,1.5468204026952777,0.0,0.09383307317751996,1.5585073824526996,0.0,0.09391666424988489,1.5522307334224563,0.0,0.09262500139280562,1.5477756625347772,0.0,0.09045574327989549,1.5464352166176605,0.0,0.09359370370077345,1.5575151284081654,0.0,0.09230385417489088,1.5514315263198968,0.0,0.09096467370765376,1.54686280537466,0.0,0.0899153169783805,1.5443602065283808,0.0,0.092809462843919,1.55471668578896,0.0,0.09155318784933217,1.5491878607771763,0.0,0.09025490288068014,1.5450892167958288,0.0,0.08987870063133623,1.5440985514514518,0.0,0.09233528843257456,1.552893990238868,0.0,0.09366112447763561,1.5577110164026684,0.0,0.09453059330750208,1.5611754606815176,0.0
0.03804310775639572,1.5267069393608874,0.0,0.04093726004986951,1.5376580957974766,0.0,0.04344722612581964,1.5471940107510391,0.0,0.04546057508692003,1.554860864437879,0.0,0.04700485744626941,1.5607459694213022,0.0,0.04532966369316503,1.5543693189927477,0.0,0.048406545166343865,1.566123864749145,0.0,0.049397441828560734,1.5723223673361444,0.0,0.04818335085844082,1.5678455344526343,0.0,0.04522648197026198,1.5539980180781876,0.0,0.04814152078180836,1.5651386549368032,0.0,0.045880386208767415,1.559345452315592,0.0,0.04462318140473251,1.5547534972330608,0.0,0.0446770686826597,1.5519257064144838,0.0,0.047399197144685976,1.562328723265477,0.0,0.045494610484804965,1.5569884346470637,0.0,0.04433084211289262,1.5528495858310039,0.0,0.0446065357167553,1.551673540472084,0.0,0.04692018820923678,1.5605076549852888,0.0,0.04817244865245941,1.5653443300894754,0.0,0.04906399888157838,1.5688031576937826,0.0
0.06681244196472522,1.5225905506593678,0.0,0.0697551746540783,1.5335287529392436,0.0,0.07203059040698764,1.5431233392698473,0.0,0.07374262394998855,1.5508630524843157,0.0,0.07505221088702915,1.5568047905066156,0.0,0.07332574132119928,1.5504451387160916,0.0,0.07591528869065131,1.5623165661770413,0.0,0.07692348095532936,1.5685122791201718,0.0,0.07619563676431171,1.5639311992928597,0.0,0.07312077842283217,1.5500970723184513,0.0,0.07560447939001898,1.5613417364038724,0.0,0.07635804951067696,1.5675147468721171,0.0,0.07570039658686832,1.5627994411523276,0.0,0.07256375748091431,1.5480251337915523,0.0,0.07495859048745054,1.558508335489346,0.0,0.07572873194610678,1.564125542536145,0.0,0.07657094283215199,1.559909489029714,0.0,0.0724341472639765,1.5477859110887167,0.0,0.07446990960072866,1.5566881714082446,0.0,0.07563361101028789,1.5615469141788088,0.0,0.07660868848755248,1.564983129265309,0.0
0.17778203688465238,1.5001862047732175,0.0,0.18066544574192583,1.511140194829734,0.0,0.18310526347740033,1.5206942983000582,0.0,0.1850379461806979,1.5283818829053128,0.0,0.18652093668229985,1.5342827309666909,0.0,0.1848246094100678,1.527911704165313,0.0,0.18779649568115322,1.5396932336725953,0.0,0.18973466212812248,1.5456637295766282,0.0,0.1887271435478957,1.5411359314515898,0.0,0.18470437019060457,1.5275446613132275,0.0,0.18753242857005314,1.5387076952507732,0.0,0.18879162306417502,1.5326176742825186,0.0,0.1877993655623694,1.5279612764849304,0.0,0.1841617296103185,1.525470491791064,0.0,0.18682722596144283,1.5358881629400285,0.0,0.18691540795858325,1.5302190927509824,0.0,0.18621644081908345,1.5259769386656665,0.0,0.18408263447068254,1.5252204259054065,0.0,0.18634290724808003,1.5340683484898403,0.0,0.18762230569959415,1.5388979159532248,0.0,0.18859489406908372,1.542334836387406,0.0
0.1494429476841638,1.5058210868905744,0.0,0.1521935722234454,1.5168091717755927,0.0,0.15525677744055524,1.5261820249965639,0.0,0.158017776368248,1.5336124425094533,0.0,0.16019748189717758,1.5392929488670297,0.0,0.15840575212420696,1.5329866769060032,0.0,0.1627275744057463,1.5443426620110488,0.0,0.16201029516009127,1.5381065718096498,0.0,0.16050487562352433,1.533719116787712,0.0,0.15853091171242922,1.5325383613112795,0.0,0.16257098505829412,1.5433221013048253,0.0,0.16152214504428275,1.5371923492060193,0.0,0.1599532307878654,1.532697338254388,0.0,0.15802420767070688,1.530445416857461,0.0,0.16159945870357434,1.5405869316860161,0.0,0.16053705077071106,1.535017602978071,0.0,0.15896874712914605,1.5310144979290476,0.0,0.1581288659990268,1.5301308499635449,0.0,0.16115194731430013,1.5387480157649918,0.0,0.16280070534483526,1.5434642832762622,0.0,0.16343309768660694,1.5469797391689493,0.0
-0.18728421228258008,1.6157313198040963,0.0,-0.18443431092334264,1.626694075253302,0.0,-0.1815954989822094,1.6361373135996997,0.0,-0.1791589703100202,1.6436803599023664,0.0,-0.177268560115161,1.649463578553471,0.0,-0.178949329521536,1.6430960941257764,0.0,-0.17520855906944716,1.6546565085631575,0.0,-0.17668299773409665,1.6485549234297336,0.0,-0.17824224783903558,1.644186309386258,0.0,-0.17893186136193828,1.6426876191930844,0.0,-0.17542940865412535,1.6536577634910368,0.0,-0.1771333592700126,1.6476769208692632,0.0,-0.17878664720760232,1.6432122535362255,0.0,-0.17947296158790843,1.6406106287145092,0.0,-0.17631830812514046,1.6508907505277792,0.0,-0.17792549686382106,1.645453556653067,0.0,-0.17962213303967078,1.6415031323679476,0.0,-0.1794582196249333,1.6403313929047783,0.0,-0.1767749284888304,1.6490603399069825,0.0,-0.17542507497279858,1.6538706910133338,0.0,-0.17476635862790643,1.657381309617559,0.0
-0.3018803784827772,1.6665710882392812,0.0,-0.29851163328953445,1.677385684885457,0.0,-0.29784113904689896,1.6872235729298795,0.0,-0.2980072458183654,1.6951486362125952,0.0,-0.2979515607390055,1.701232727586272,0.0,-0.30160185425505454,1.695175695710306,0.0,-0.3020565014447178,1.7073177647873685,0.0,-0.30115816850563343,1.7135303575188123,0.0,-0.2989472266754424,1.717608075725618,0.0,-0.3026941183978623,1.6947799816950853,0.0,-0.30287510650673716,1.7062942547591051,0.0,-0.30186635207589496,1.712430731000896,0.0,-0.29961442317662357,1.7166254218872308,0.0,-0.3031329943254845,1.6926177118750878,0.0,-0.3028811089809551,1.7033680279978367,0.0,-0.3018604858789474,1.7089451653779448,0.0,-0.2998405879935444,1.7127404833986393,0.0,-0.30339377003956736,1.6923416024683817,0.0,-0.30321045065023083,1.7014718248692804,0.0,-0.3024694696993537,1.7064127285833348,0.0,-0.30130437709124336,1.7097892518576343,0.0
-0.37993949474350397,1.6728737349292175,0.0,-0.3759927496729405,1.683491039113635,0.0,-0.3777361734226313,1.6931964024418682,0.0,-0.3800231306992558,1.700786135369282,0.0,-0.38109149740324755,1.706775948493004,0.0,-0.39203777847818605,1.6987953991310383,0.0,-0.39558884667945277,1.7104154877782551,0.0,-0.39444701329595006,1.7165879692112407,0.0,-0.39223654769664457,1.7206659455948028,0.0,-0.39399861206818165,1.6973430026481595,0.0,-0.39685619698196994,1.7084985147094167,0.0,-0.3955596415529091,1.7145806911444752,0.0,-0.3932866956704801,1.7187640310081276,0.0,-0.39307956953609613,1.6953978127953555,0.0,-0.39520299674140213,1.7059393401927296,0.0,-0.3939386249849935,1.7114663191988908,0.0,-0.39183502830465894,1.7152158934883468,0.0,-0.3922810676602402,1.6955474054652668,0.0,-0.39426959399046824,1.7044603359666435,0.0,-0.39363752997394547,1.7094163502281379,0.0,-0.3922536829976656,1.712709269564168,0.0
-0.3853630674060702,1.7021105194407964,0.0,-0.3813714678248414,1.7127110419552578,0.0,-0.38424326359030764,1.722144301878818,0.0,-0.3873149046629569,1.7294517802821654,0.0,-0.3887556968925217,1.7353630734082535,0.0,-0.40307777914278137,1.7245713772249964,0.0,-0.4075354304606326,1.7358747347026526,0.0,-0.40610490237299474,1.7419867638179882,0.0,-0.4036928189341355,1.7459488217472197,0.0,-0.4047466136127386,1.7226210528103667,0.0,-0.40842641857662926,1.7335329855592472,0.0,-0.4068548482134616,1.7395499692522132,0.0,-0.40440553102374704,1.7436325494049405,0.0,-0.40305433786145356,1.7212681445271487,0.0,-0.40595876519915924,1.731621745099211,0.0,-0.4044762292141833,1.737094241780453,0.0,-0.40222736596866554,1.7407585344064072,0.0,-0.40173305366895673,1.7220713136982737,0.0,-0.4044865331161385,1.7307783750867287,0.0,-0.40376739922873,1.735722505822571,0.0,-0.4022271749788879,1.7389452468093023,0.0
-0.14521664649041732,1.5731869821669913,0.0,-0.14169694607919647,1.5839533953957188,0.0,-0.14470831992961625,1.593343029639767,0.0,-0.14789346995386254,1.6006017512088602,0.0,-0.14939486618286923,1.60649794303366,0.0,-0.16317638256834865,1.5954524043351848,0.0,-0.167452150329711,1.6068258099636727,0.0,-0.1655957397685876,1.6128222297575816,0.0,-0.16283490502177345,1.6165496740631866,0.0,-0.16483464370317358,1.5934733822421794,0.0,-0.16842460946621485,1.6044152004964074,0.0,-0.16648640631529427,1.610324286272868,0.0,-0.16376004218790657,1.6142273048539366,0.0,-0.1632013638848503,1.5920693969891782,0.0,-0.16599259999990656,1.6024540849438462,0.0,-0.16423143637781729,1.607843373910786,0.0,-0.16178006040773962,1.6113753963058155,0.0,-0.16192261125818191,1.592867441989227,0.0,-0.16462939321546088,1.6015891332543504,0.0,-0.16373401718646624,1.6065044037502458,0.0,-0.1620316220636131,1.609644499457871,0.0
-0.07873119809157336,1.4878972645114743,0.0,-0.07577679312782898,1.4988323198888682,0.0,-0.07857808115805587,1.5082867574224132,0.0,-0.08165895257570105,1.5155903490595812,0.0,-0.08314235235256218,1.5214910942475486,0.0,-0.09528488057512918,1.5112270039131575,0.0,-0.09897668204277127,1.5228031495352004,0.0,-0.09653637069428339,1.5285865906422467,0.0,-0.09329348336730886,1.531903174929605,0.0,-0.09705629690708817,1.509358732216455,0.0,-0.100202346841884,1.5204363497715134,0.0,-0.09775386229866911,1.5261528915241331,0.0,-0.09463136596699878,1.5297468631514528,0.0,-0.09572504044379837,1.5076761666898684,0.0,-0.0980396357218351,1.518177375747149,0.0,-0.09587955784878943,1.5234195314540437,0.0,-0.0931327596027991,1.5267270268420206,0.0,-0.09463134448261079,1.508234302210707,0.0,-0.09696545971641574,1.5170630321965939,0.0,-0.0958034301460266,1.5219221750797227,0.0,-0.09387933206800247,1.5249315266367036,0.0
-0.2395789978654384,1.5302685198340835,0.0,-0.2372468795161542,1.5413529760138607,0.0,-0.2400491942091108,1.5508071092933124,0.0,-0.24311726800054317,1.5581160861509102,0.0,-0.2446044201508233,1.5640158867537466,0.0,-0.25555665319435944,1.553996471168049,0.0,-0.2587204477015164,1.5657279224787655,0.0,-0.2555651674857881,1.5711544791472676,0.0,-0.25180342046298104,1.5738683894049965,0.0,-0.2572757842441816,1.552250958154603,0.0,-0.25993296540564975,1.5634558958681068,0.0,-0.2567718629128483,1.5688113937159087,0.0,-0.25314069521904514,1.5718905553840832,0.0,-0.256077326393849,1.5504625982989058,0.0,-0.2578218536014917,1.5610734120182967,0.0,-0.25505861666111707,1.5660242356350598,0.0,-0.25187650647821513,1.5689153601791663,0.0,-0.2550427618812684,1.5509393146929937,0.0,-0.2569526158786852,1.5598694336617942,0.0,-0.2553684083017791,1.5646077739444662,0.0,-0.2530954649309505,1.5673631466307585,0.0
-0.28512668631876514,1.5394922998580862,0.0,-0.28351420273701705,1.550704072309178,0.0,-0.28655958636426804,1.560082731182752,0.0,-0.28973864326721416,1.5673441233841419,0.0,-0.29121389323864455,1.5732469113858498,0.0,-0.30139495747966527,1.5630219513164536,0.0,-0.30413913821499194,1.5748585900974206,0.0,-0.3001410362920337,1.5796978556956152,0.0,-0.2958886585377558,1.5815507812163867,0.0,-0.30299525307905567,1.5613353345507142,0.0,-0.3052473856031846,1.5726286573558999,0.0,-0.301261210613439,1.5774019513044153,0.0,-0.29712194841988193,1.5797542106209583,0.0,-0.3018007943238307,1.5595414836696575,0.0,-0.3030323496155664,1.570223993418271,0.0,-0.2995686624454984,1.5747127576202375,0.0,-0.2959293766372905,1.577001867742499,0.0,-0.3007390986189215,1.5600510532202518,0.0,-0.3023245632161277,1.5690444324015933,0.0,-0.300251760483956,1.5735903174765398,0.0,-0.29759543920437426,1.5759782679506915,0.0
-0.3013297426143972,1.5536574998149633,0.0,-0.3000224188067165,1.5649089374679186,0.0,-0.30317739200943533,1.5742513005412595,0.0,-0.30647902570864116,1.5814577861209886,0.0,-0.30798801125171177,1.5873520402130783,0.0,-0.31776883644161863,1.5770681242931064,0.0,-0.3203071998341852,1.5889506011740646,0.0,-0.31568036729817966,1.5931927387484477,0.0,-0.31115792095795985,1.5942240140028956,0.0,-0.3194436860375985,1.5752974835559779,0.0,-0.32170823002358034,1.5865883241546188,0.0,-0.31726544754669506,1.5909398307938056,0.0,-0.3128633421032817,1.5927531380111146,0.0,-0.31836155674687705,1.5734037135439651,0.0,-0.3196166392620246,1.5840834846485345,0.0,-0.31582383763910793,1.5882978397263787,0.0,-0.3119854055321344,1.590234554807597,0.0,-0.3174050900625218,1.573856335475924,0.0,-0.3190998632299415,1.5828297579556345,0.0,-0.3168793844154466,1.5873053647430433,0.0,-0.3140743653406846,1.589516748517421,0.0
-0.3084938647623085,1.5627553129622251,0.0,-0.3065440178063449,1.5739133612523513,0.0,-0.3094604698503614,1.5833329106672092,0.0,-0.31283650921605194,1.5905048405118105,0.0,-0.3146176523516513,1.5963226405944722,0.0,-0.324827066251915,1.5862399392827937,0.0,-0.3276829059320198,1.5980501351008471,0.0,-0.3232811394823692,1.602525373936816,0.0,-0.3188131501702722,1.6037716167131604,0.0,-0.3268239615053714,1.5842125121280124,0.0,-0.32976782722098685,1.595345566315287,0.0,-0.3258464394539803,1.600172226045222,0.0,-0.3216810908684705,1.602477976803753,0.0,-0.32592978858794136,1.5821456252243185,0.0,-0.32808601272149046,1.592680493066476,0.0,-0.32489089778423486,1.5973642280515787,0.0,-0.3214357683310096,1.599922842287277,0.0,-0.3251927011877522,1.582441821532124,0.0,-0.32757549457791196,1.5912575383349818,0.0,-0.32589970403194807,1.595964268444854,0.0,-0.3234380411091245,1.5985524272231664,0.0
-0.31613425461290795,1.5716490846942603,0.0,-0.31287269623853897,1.582496489073514,0.0,-0.31536533027244457,1.5920369491922406,0.0,-0.3187311279715967,1.5992136911649575,0.0,-0.32099601573035036,1.6048607746698793,0.0,-0.3323289254408703,1.595229453247164,0.0,-0.3358280038677458,1.6068653028380535,0.0,-0.3326977427956593,1.6123063299595457,0.0,-0.3289053434762206,1.614977239346351,0.0,-0.33459948957871627,1.59299010014123,0.0,-0.3382601216514038,1.6039084797699468,0.0,-0.3356871121124205,1.6095700650673797,0.0,-0.33249108591120513,1.6130988087418932,0.0,-0.33375832864119126,1.5908685452465325,0.0,-0.3368748989068343,1.601160276526795,0.0,-0.33485606083948344,1.606458429575808,0.0,-0.3324296221223597,1.6100076296966388,0.0,-0.33315082893042447,1.5910616052965125,0.0,-0.3361464102432038,1.5996883694457695,0.0,-0.33519087848484524,1.604592300658571,0.0,-0.3333513899788354,1.6076541027820952,0.0
-0.32782931877070876,1.592891899412139,0.0,-0.3237917810196672,1.603475010188531,0.0,-0.3260460650999248,1.6130745834597495,0.0,-0.3292957998342737,1.6203046210565357,0.0,-0.33198015986245855,1.6257647932067885,0.0,-0.34413946157154046,1.6163925459167208,0.0,-0.34807209405112044,1.627889108329885,0.0,-0.3462705871842244,1.6339022508963603,0.0,-0.34353630779521765,1.637649218440049,0.0,-0.3462272869081288,1.6142909323590922,0.0,-0.3499268583835769,1.6251961793432927,0.0,-0.34817311705615456,1.6311626119059133,0.0,-0.345668668431931,1.6352116059152815,0.0,-0.34519678409422305,1.6123435522342333,0.0,-0.3483943885533592,1.6226103954047866,0.0,-0.34691853018257324,1.6280846967248028,0.0,-0.34498736352982484,1.631925923313404,0.0,-0.3445435986595775,1.6125652978331793,0.0,-0.34753093866922913,1.6211949193054753,0.0,-0.3467736092736415,1.6261333435954386,0.0,-0.3451520660612242,1.6293159443900127,0.0
-0.34252269218766407,1.6255098502238265,0.0,-0.3390578379357501,1.6362940391042877,0.0,-0.3414473563864742,1.6458608465800157,0.0,-0.34451707858274977,1.653169131271533,0.0,-0.3473984919003731,1.658527930200802,0.0,-0.3595558479450207,1.6484918594759015,0.0,-0.3638356489311866,1.6598637480199403,0.0,-0.36282348138646947,1.666058812779703,0.0,-0.36072244919591817,1.6701942345580554,0.0,-0.36105269381215094,1.6467946542503338,0.0,-0.36456515301952025,1.6577615987293093,0.0,-0.3630594688867095,1.6637954069347471,0.0,-0.36071744334566974,1.6679404680638974,0.0,-0.35965990575115525,1.6451646603362151,0.0,-0.3625901217845669,1.6555109919065525,0.0,-0.36126470214667217,1.661023649673586,0.0,-0.35938526731861253,1.664890450815711,0.0,-0.3588389136351378,1.6455146165387182,0.0,-0.3616693941829011,1.65419695187877,0.0,-0.3609263411953156,1.6591375444078864,0.0,-0.3593311842476054,1.6623334518720556,0.0
-0.3546514533644453,1.6530173777662642,0.0,-0.3524837589232858,1.664135158372403,0.0,-0.3551744608133448,1.6736216607332748,0.0,-0.35811738019288597,1.680981921939244,0.0,-0.36105947021357176,1.686307649587321,0.0,-0.3730307050135579,1.6749377849964098,0.0,-0.3780978277133483,1.6859813719628123,0.0,-0.3776173110479409,1.6922401589259943,0.0,-0.37578730672158245,1.6965024509990594,0.0,-0.3740161682633666,1.6735456913729345,0.0,-0.3780765761178143,1.68432179126779,0.0,-0.37697792149479054,1.69044281113274,0.0,-0.37484575939341186,1.694699629213504,0.0,-0.3722803076799507,1.6722324537431488,0.0,-0.3757523857717522,1.682409752829363,0.0,-0.3748887332960252,1.6880133442914629,0.0,-0.37320876540805553,1.691970885730419,0.0,-0.37128980863484873,1.6727550293877786,0.0,-0.3745723365423837,1.681276741517664,0.0,-0.37422129268713283,1.6862605503515589,0.0,-0.3728895436345859,1.689574882059219,0.0
-0.3578805484395925,1.6643223556964233,0.0,-0.3565056596536717,1.6755657371105186,0.0,-0.35935893579290995,1.6850046151676423,0.0,-0.3623047373161528,1.6923637233255806,0.0,-0.36534669199479647,1.6976330477988304,0.0,-0.3776182681150826,1.6850279966265804,0.0,-0.38372421035667653,1.6955329485484862,0.0,-0.3836479421270093,1.701809690830385,0.0,-0.38190548163841304,1.7061085140410186,0.0,-0.37837192882343446,1.6837261484343138,0.0,-0.38354642141111633,1.6940138045010953,0.0,-0.38315164956709635,1.7002200981904867,0.0,-0.38146084107097783,1.7046706916372896,0.0,-0.3764178956028849,1.682662541339495,0.0,-0.38109889570413924,1.6923435010552403,0.0,-0.38100376321354235,1.6980124588679415,0.0,-0.37974754103290437,1.7021241899119832,0.0,-0.37531088768880166,1.6833642314258235,0.0,-0.3794459128034419,1.6915064752436952,0.0,-0.3797758127108949,1.6964917283297665,0.0,-0.3789130529365638,1.6999578494729402,0.0
-0.3525160965085609,1.6649549073183776,0.0,-0.35112784704426186,1.6761966468733283,0.0,-0.35398396204711896,1.6856346663050974,0.0,-0.35699621848971846,1.6929668236014592,0.0,-0.36018235065407994,1.6981502424059292,0.0,-0.3728858651438671,1.6850390719776538,0.0,-0.37950506775972226,1.695228414560445,0.0,-0.37954878080767623,1.7015054679842794,0.0,-0.37776721190210005,1.705788231319474,0.0,-0.3735752976636024,1.6837409098032547,0.0,-0.37934126571956156,1.6937091018793549,0.0,-0.3793238509819231,1.6999279138957066,0.0,-0.3778924211100642,1.7044685772746881,0.0,-0.3715310973147189,1.6827993852770227,0.0,-0.3768625645530237,1.6921379183552265,0.0,-0.3771413861522788,1.6978008143801187,0.0,-0.3760989971924705,1.7019718875756085,0.0,-0.3703474508135158,1.6836217913992197,0.0,-0.3748824765327354,1.6915482098094725,0.0,-0.3755469308484962,1.6964999855256562,0.0,-0.37490873221377247,1.7000143919776758,0.0
-0.34508008029371573,1.66552443937877,0.0,-0.3435608479110517,1.6767492279186016,0.0,-0.3464221174276183,1.6861856859647948,0.0,-0.34947418286685517,1.693501362013472,0.0,-0.3527245387333637,1.6986447515002177,0.0,-0.36531752066127754,1.6857419355562449,0.0,-0.37182909958329236,1.6960003898979867,0.0,-0.37170801181646856,1.7022764275228706,0.0,-0.36979660611223614,1.7065028418168593,0.0,-0.36602300820263334,1.6844399783151098,0.0,-0.3716451182488217,1.6944900091367996,0.0,-0.37144393034633477,1.7007055903321264,0.0,-0.3698549822022461,1.7051935586023654,0.0,-0.3640074076428816,1.6834618842551252,0.0,-0.36917475384627413,1.6928922223286043,0.0,-0.36925917219773813,1.698561349811285,0.0,-0.36805388368225883,1.7026882985558318,0.0,-0.36281570126472545,1.6842823045667148,0.0,-0.36718273618911085,1.6923025023858198,0.0,-0.3677051409755949,1.6972712724066779,0.0,-0.3669274436163514,1.7007574647457184,0.0
-0.3400995391222569,1.6684791557547627,0.0,-0.3386979345006285,1.6797192380178556,0.0,-0.3416168134076794,1.689138035692186,0.0,-0.3446758376403616,1.696450804677901,0.0,-0.3479001022036833,1.7016105902061007,0.0,-0.36004554240932435,1.6889842306677962,0.0,-0.36631937572666023,1.6993897850040878,0.0,-0.365959515541596,1.7056566670967586,0.0,-0.36388985222805187,1.7098078769588558,0.0,-0.36078615526637653,1.687674669687871,0.0,-0.36609712096981206,1.6978925405123284,0.0,-0.36553918289105375,1.7040862979557612,0.0,-0.3636547571622312,1.7084584318823268,0.0,-0.35884604876132575,1.6866054908952994,0.0,-0.36364515637970696,1.6962284482906649,0.0,-0.36339447744530007,1.7018926598814157,0.0,-0.3619282891759329,1.7059342831078474,0.0,-0.3577032425840038,1.687360876599731,0.0,-0.3618095305636637,1.6955176508467285,0.0,-0.36208735225796823,1.7005060771905058,0.0,-0.361096502208181,1.7039377774085023,0.0
-0.3374555672590407,1.6700163508193926,0.0,-0.33621602518388854,1.6812754573665567,0.0,-0.3391902848489216,1.6906769138042026,0.0,-0.34225948332817835,1.6979854184521797,0.0,-0.34545513757330815,1.7031629721812003,0.0,-0.3573165445815033,1.690603791751025,0.0,-0.36353122453602565,1.7010447830163258,0.0,-0.3630005463529721,1.7072995165184235,0.0,-0.3607882252332119,1.711376486571498,0.0,-0.35808694126359764,1.6892712268079415,0.0,-0.3633066478856612,1.6995360163171302,0.0,-0.3625400857514646,1.7057074269064707,0.0,-0.36046471748276515,1.7099922211779088,0.0,-0.3562034093708394,1.6881413077966057,0.0,-0.36087257772963294,1.6978279795574873,0.0,-0.36044782492745847,1.7034818028594658,0.0,-0.3588268413714154,1.707463867481832,0.0,-0.35511107669727654,1.6888496390111236,0.0,-0.3591412404066599,1.69704429260746,0.0,-0.35931803864534084,1.7020373202124226,0.0,-0.3582252234611248,1.7054379238618511,0.0
-0.3359452373869021,1.668710910544511,0.0,-0.3347685881851985,1.6799767634395473,0.0,-0.33777500195631105,1.6893679869988532,0.0,-0.34086980165950026,1.6966656876156032,0.0,-0.3440745974685623,1.7018375878943721,0.0,-0.3558136351039323,1.6892911903403431,0.0,-0.36205157625620793,1.6997183009525874,0.0,-0.36138798757002555,1.7059603327189117,0.0,-0.3590473465767865,1.7099650111443752,0.0,-0.3566083741026219,1.6879316967853957,0.0,-0.36184164327561813,1.6981895783723187,0.0,-0.3609590553413829,1.7043454669926683,0.0,-0.35876412294922666,1.7085702613300457,0.0,-0.35476000822391246,1.6867663819486463,0.0,-0.3594229892077007,1.6964560337128043,0.0,-0.3589042163140244,1.7021020063976247,0.0,-0.35718183785540186,1.7060412752118763,0.0,-0.35369563654127006,1.6874547918794172,0.0,-0.3577157487343147,1.695654381201067,0.0,-0.3578533590872229,1.7006486424749583,0.0,-0.3567017571898185,1.7040297906937227,0.0
-0.3356108740483254,1.6668896807576714,0.0,-0.3344582549977294,1.6781580175524549,0.0,-0.3374946991191214,1.6875395745022186,0.0,-0.34061660179962483,1.6948257218482472,0.0,-0.3438384127182041,1.699987039807474,0.0,-0.355413233266577,1.6875335106762732,0.0,-0.36160772608422487,1.6979864913168052,0.0,-0.36078059717889144,1.7042089641604738,0.0,-0.35830620213723746,1.7081324089132952,0.0,-0.35623235618349064,1.6861551503133134,0.0,-0.36139639352521147,1.6964480585137045,0.0,-0.36033908179402935,1.70257635502015,0.0,-0.35798849089828855,1.7067165648989042,0.0,-0.3544232850066128,1.6849476109605288,0.0,-0.3589902528981064,1.694682884312823,0.0,-0.3583103475615568,1.7003117262546688,0.0,-0.35644323520974835,1.7041844924251712,0.0,-0.3533819700062656,1.685613940585235,0.0,-0.35731805701320973,1.693854194596013,0.0,-0.3573580461519885,1.6988501913083718,0.0,-0.3561007519602192,1.7021934773449985,0.0
-0.33669731851010454,1.6664515054558595,0.0,-0.3356041312164802,1.6777257631404048,0.0,-0.3386798219842731,1.6870945266663409,0.0,-0.34182107807084866,1.6943723511828517,0.0,-0.3450436261280961,1.6995332089303625,0.0,-0.35637990084860377,1.6872095664636952,0.0,-0.36248405780584986,1.697715555868817,0.0,-0.36146316590760846,1.70390918890996,0.0,-0.3588449891517392,1.7077381835594247,0.0,-0.35722542270405155,1.6858164423484179,0.0,-0.3622605776290475,1.6961730081773814,0.0,-0.36097035730220267,1.702256531636365,0.0,-0.35842456686257573,1.7062796605725012,0.0,-0.3554660117002864,1.6845548699279012,0.0,-0.3598655596076577,1.6943669401058283,0.0,-0.35897061786925244,1.6999656196070867,0.0,-0.35692359400941753,1.7037463761005587,0.0,-0.3544568608675188,1.685186723973177,0.0,-0.3582656372338058,1.6934865908203014,0.0,-0.3581679042600221,1.698481791571718,0.0,-0.35677482782147973,1.7017708169963293,0.0
-0.3384461988797394,1.6669595922944684,0.0,-0.3374353740950685,1.6782415326440343,0.0,-0.34055287893926184,1.6875964654204056,0.0,-0.34371179889455233,1.694866640398399,0.0,-0.34692870113684293,1.700031019222116,0.0,-0.358035511897106,1.6878056940841186,0.0,-0.36407072722925116,1.6983514383174039,0.0,-0.3628585362175702,1.704510488850354,0.0,-0.3600962376436101,1.7082368484866346,0.0,-0.3589070712224445,1.6863955524103422,0.0,-0.3638397901169687,1.6968012972273157,0.0,-0.36232805074693597,1.7028335911728143,0.0,-0.3595958550531005,1.7067325297578475,0.0,-0.3571961228303451,1.6850823956405643,0.0,-0.36145474658904636,1.6949564458048914,0.0,-0.36036040235692235,1.7005195873251628,0.0,-0.3581436806836475,1.7042034129682813,0.0,-0.3562219259147621,1.6856794557024315,0.0,-0.35992703413604205,1.6940261161218437,0.0,-0.35970795819891505,1.699017467443369,0.0,-0.3581913487810542,1.7022513886052117,0.0
-0.3398926738749206,1.6670003648173022,0.0,-0.3389515720470396,1.6782883350576079,0.0,-0.3421108362806521,1.6876292479255355,0.0,-0.3452948227746232,1.6948884799441986,0.0,-0.3485134060589115,1.7000518112635516,0.0,-0.3594238799694268,1.6879009182265006,0.0,-0.3654122434337269,1.6984733374651926,0.0,-0.36401998721404394,1.7045941979549428,0.0,-0.3611207915443643,1.708215069952061,0.0,-0.36032034489799486,1.6864712173724257,0.0,-0.3651787135878115,1.696911882799599,0.0,-0.3634699653536249,1.7028913564921553,0.0,-0.360572437350866,1.706669047171989,0.0,-0.35865083207037135,1.6851146451063228,0.0,-0.36280341738632543,1.6950337568689529,0.0,-0.36153225939131556,1.7005591790451013,0.0,-0.3591617674875344,1.7041459874425169,0.0,-0.3577068042088116,1.6856836867404392,0.0,-0.3613300703606015,1.6940661988628087,0.0,-0.36100565922323824,1.699051812134521,0.0,-0.3593764535340991,1.7022304972447257,0.0
-0.34078963446474997,1.6657686504928149,0.0,-0.33989933890627155,1.6770607414690257,0.0,-0.3431016867552828,1.686386971787752,0.0,-0.3463155852777684,1.6936330104145976,0.0,-0.34954104911269823,1.6987920463440007,0.0,-0.36025665917170885,1.6867289962288823,0.0,-0.3661921996798194,1.6973311613104025,0.0,-0.364616560315763,1.7034073995472288,0.0,-0.3615849255761509,1.7069181317153357,0.0,-0.36117874534110955,1.685279878038047,0.0,-0.3659550316507673,1.6957583478679668,0.0,-0.364045673486496,1.7016768170592642,0.0,-0.36098680588294796,1.705325096706336,0.0,-0.3595500917301344,1.6838805496883285,0.0,-0.3635912469738629,1.6938455789036349,0.0,-0.3621367952427501,1.699325606552727,0.0,-0.3596116242112727,1.702805252742708,0.0,-0.35863451137597985,1.6844226078654339,0.0,-0.36217032229065915,1.6928423826999537,0.0,-0.3617337224427411,1.6978194262856496,0.0,-0.35998755278972533,1.700935391906488,0.0
-0.34147877481435507,1.6637386023344538,0.0,-0.3406365010462708,1.6750343767521758,0.0,-0.34387659063318793,1.684347562199312,0.0,-0.3471113719047368,1.691584302461323,0.0,-0.35033975639626935,1.696741511226357,0.0,-0.36085044373158126,1.6847871079269703,0.0,-0.36672612139559047,1.695422565487785,0.0,-0.36495071710863114,1.7014434665942706,0.0,-0.36178269828682796,1.7048316381211128,0.0,-0.3617993517150944,1.6833211965719763,0.0,-0.3664841960156315,1.6938408674208238,0.0,-0.3643576356375517,1.699684810193147,0.0,-0.3611310726171535,1.703185653873558,0.0,-0.36021849556341407,1.681871956009989,0.0,-0.3641315939279027,1.6918879634059358,0.0,-0.36247718341825846,1.6973109753678006,0.0,-0.35979022187135795,1.7006672626009112,0.0,-0.35933493175952674,1.6823817623880988,0.0,-0.36277166344019635,1.690842462267155,0.0,-0.36221566508151615,1.6958075854384633,0.0,-0.3603489346854445,1.6988528551860789,0.0
-0.3426264251221637,1.6625148533121192,0.0,-0.34184819739924166,1.6738152208463077,0.0,-0.3451186966162771,1.6831177709577216,0.0,-0.34836381020455515,1.6903498838781446,0.0,-0.3515892231692625,1.6955089516116026,0.0,-0.36189693291969033,1.683656013960066,0.0,-0.3677130749127231,1.6943241458422706,0.0,-0.3657278895688697,1.7002791731022235,0.0,-0.36241991881261754,1.7035308463678491,0.0,-0.36287058111514137,1.682176439992301,0.0,-0.3674650605099671,1.6927358907345929,0.0,-0.3651140898316765,1.6984932219772455,0.0,-0.3617192529831822,1.7018311402164148,0.0,-0.36133906870255633,1.6806761478559549,0.0,-0.3651161756021063,1.690744226443014,0.0,-0.3632545324111092,1.6960996365582492,0.0,-0.3604038762846947,1.6993180501417713,0.0,-0.36048791117399404,1.6811529077614629,0.0,-0.3638166785867317,1.689656664260815,0.0,-0.36313853019778675,1.6946065831534527,0.0,-0.36114841115845825,1.6975726877397177,0.0
-0.34516909395963863,1.6635588010168596,0.0,-0.34446759176801073,1.6748641908585062,0.0,-0.3477817899898297,1.6841512621864594,0.0,-0.3510540196084917,1.6913711467296724,0.0,-0.35427973981034233,1.6965300223678987,0.0,-0.36438445805643227,1.6847500946759189,0.0,-0.37013308225028285,1.6954547602670107,0.0,-0.36795203214316297,1.7013408736660598,0.0,-0.364515472354324,1.704456336130661,0.0,-0.36537941464939533,1.6832551656628418,0.0,-0.36987451397111154,1.6938573033235342,0.0,-0.3673078187490505,1.6995217540299008,0.0,-0.36375817226093066,1.702694548572359,0.0,-0.3638847117641737,1.6817170305414948,0.0,-0.36752428484836924,1.6918356396717371,0.0,-0.36546205984612123,1.6971170562348434,0.0,-0.36245538113683756,1.7001902157628868,0.0,-0.3630595107833175,1.6821690869768189,0.0,-0.36627738935755333,1.69071542096104,0.0,-0.36546656771324915,1.69564534495054,0.0,-0.36334482885151026,1.6985187705037685,0.0
-0.3496885969793662,1.6667864683262106,0.0,-0.34903928126899547,1.6780949754736962,0.0,-0.3524216439079326,1.6873574387898298,0.0,-0.35575130655685866,1.6945510169077709,0.0,-0.35898817023761415,1.6997029080346793,0.0,-0.36887958080341876,1.6879998434509234,0.0,-0.3745561037207726,1.69874291717812,0.0,-0.37219679100046,1.704559871192379,0.0,-0.3686507612972184,1.707550142567076,0.0,-0.36989932931262454,1.6864824105784537,0.0,-0.37428795053035924,1.6971290647334272,0.0,-0.37152057867254595,1.702698227971149,0.0,-0.36783609304112497,1.7057133865127727,0.0,-0.36843407118222676,1.6849138742681717,0.0,-0.37194975555113374,1.695076192231316,0.0,-0.3697012912352748,1.7002810496830874,0.0,-0.36655479090293536,1.7032108896111808,0.0,-0.36763319368272196,1.6853445179756308,0.0,-0.3707581257934149,1.693925273559607,0.0,-0.3698122268046118,1.6988310719028026,0.0,-0.367564357088724,1.7016069378843937,0.0
-0.3555573537534666,1.670707946270399,0.0,-0.354918540092387,1.6820170515357544,0.0,-0.3583484505844127,1.6912620132836844,0.0,-0.36171053311491164,1.6984404964488586,0.0,-0.3649565362386944,1.703586634067666,0.0,-0.3746422150833972,1.6920168461090614,0.0,-0.38027256972458523,1.7027841880351675,0.0,-0.3777079960449534,1.7085136096777045,0.0,-0.37404955221520925,1.7113652475045,0.0,-0.3756958059051033,1.6904777866234861,0.0,-0.380007848404577,1.7011556857788022,0.0,-0.3770354151658225,1.7066181547085952,0.0,-0.3732203682357693,1.709466317681595,0.0,-0.3742838342808214,1.6888549729230868,0.0,-0.3776963833793051,1.6990523868901797,0.0,-0.37525859400354045,1.7041713043374882,0.0,-0.37198097621849147,1.7069536860511993,0.0,-0.3735202959776473,1.6892482392639625,0.0,-0.37657250854769986,1.697855129847419,0.0,-0.37551905281333803,1.7027389616726214,0.0,-0.37317367748732,1.7054329484557118,0.0
-0.36118764176114254,1.6736628752220768,0.0,-0.36058219560406596,1.6849738159321748,0.0,-0.36399299281654934,1.6942258463082227,0.0,-0.36730972671440654,1.701425394609705,0.0,-0.3705426485347796,1.7065797602520192,0.0,-0.38006706436702864,1.6951540023769094,0.0,-0.3856738956541399,1.7059336122240745,0.0,-0.38285424698448267,1.71154190001055,0.0,-0.37905970764088764,1.7142097682082902,0.0,-0.3811513989304319,1.6936091090103376,0.0,-0.3854160155092357,1.704306037837069,0.0,-0.3822105531036348,1.709635103133543,0.0,-0.37825098026067316,1.712278661020285,0.0,-0.37981792388899954,1.6919086483520709,0.0,-0.383104492662522,1.702147359631462,0.0,-0.3804458156087765,1.7071551105434821,0.0,-0.3770244344161746,1.7097586806079461,0.0,-0.37910018416533897,1.6922518661106187,0.0,-0.38204364134601404,1.700896553896416,0.0,-0.38089469680083315,1.7057588073568208,0.0,-0.3784540526286746,1.7083667962816953,0.0
-0.36529641343398017,1.6746396894464515,0.0,-0.36485572362638524,1.6859582466552987,0.0,-0.36828198910960136,1.6952045598958567,0.0,-0.3715866941320013,1.7024096375643831,0.0,-0.37479747090954973,1.707577826914249,0.0,-0.3841384795357928,1.696163575929421,0.0,-0.3896539143173807,1.706990233987625,0.0,-0.3866252180687094,1.712488443655282,0.0,-0.38270572648214074,1.7149690958383623,0.0,-0.38522287185772736,1.694623185070015,0.0,-0.38936588709935765,1.7053677960725588,0.0,-0.3859356971833515,1.7105550615668186,0.0,-0.3818406800065054,1.7129835281036705,0.0,-0.3839132663414166,1.6928991647154081,0.0,-0.3870024475194918,1.7031991502792256,0.0,-0.38412301976051777,1.7080833112771658,0.0,-0.38055232107553116,1.7104780006613445,0.0,-0.3832055825629771,1.6932319302674341,0.0,-0.38596549796974244,1.701936953761709,0.0,-0.38464913243102694,1.7067565765736727,0.0,-0.3820522237568787,1.7092090071120354,0.0
-0.3677459976932948,1.673457091391025,0.0,-0.3677354592775165,1.68478421961217,0.0,-0.3714372758000719,1.6939237030842997,0.0,-0.3749459975640519,1.7010316627829438,0.0,-0.3781354416784893,1.7062130443469856,0.0,-0.3870316942834573,1.6945843972142722,0.0,-0.3922720181055486,1.7055468582417446,0.0,-0.3892062477008963,1.7110244820278575,0.0,-0.38523552889254703,1.7134222813721784,0.0,-0.38804993297668844,1.6930569397235522,0.0,-0.3918867276115095,1.7039146672859187,0.0,-0.3883308926771655,1.7090166241739673,0.0,-0.3841619784261216,1.711315921755125,0.0,-0.3866071854790213,1.691464069054873,0.0,-0.38947747566045504,1.701827185248383,0.0,-0.3864810816094322,1.7066404747227388,0.0,-0.38280803302996486,1.70887500833818,0.0,-0.38579776527547555,1.6919109106378736,0.0,-0.3883826329757149,1.7006695079034544,0.0,-0.3867998569704435,1.7054083265746272,0.0,-0.38400782724529176,1.7076360878323091,0.0
-0.3692283219978745,1.67090194572391,0.0,-0.3702083973550442,1.6821865988905225,0.0,-0.37451587829013183,1.691056729199478,0.0,-0.37836590021995775,1.6979857659748483,0.0,-0.3814206715627256,1.7032476706409094,0.0,-0.3894060799336872,1.6911790073700306,0.0,-0.39411723302751617,1.7023790779977424,0.0,-0.3911595364859279,1.7079158046195027,0.0,-0.3872376708287991,1.7103927017344507,0.0,-0.3902325006751852,1.6897494474347978,0.0,-0.3935936894168976,1.7007636950773266,0.0,-0.39005399180464884,1.7058768611201662,0.0,-0.3859008424753343,1.708204513595878,0.0,-0.38846262784846514,1.6885098169104191,0.0,-0.3912054582130553,1.6989073947320517,0.0,-0.3882519545391069,1.7037471208524972,0.0,-0.3845698729355356,1.7059667382542818,0.0,-0.3873246138462442,1.6893121053911986,0.0,-0.38985585569790876,1.6980863507591355,0.0,-0.3880398870558502,1.7027407938162777,0.0,-0.3851384749650227,1.7048240984235208,0.0
-0.3701719408533043,1.6687589090788935,0.0,-0.3729965051639068,1.6797282199620682,0.0,-0.3780376892426608,1.6882028920376186,0.0,-0.38201351172248416,1.6950605195503599,0.0,-0.38458955064718026,1.7005726236975764,0.0,-0.3913040747766657,1.688039315199148,0.0,-0.3952355246505726,1.6995362820786422,0.0,-0.3923454452400596,1.7051086021984092,0.0,-0.38850943592927484,1.707716490638925,0.0,-0.3917473492223737,1.6869497198458219,0.0,-0.39460690285565614,1.6981047274167178,0.0,-0.39116913345189397,1.703286972846487,0.0,-0.3870930347448879,1.70574706120466,0.0,-0.38948998755290304,1.6862748652613826,0.0,-0.3922105550205334,1.696678290448305,0.0,-0.38939390479091723,1.7015989219481182,0.0,-0.38578269685219446,1.7039320750868918,0.0,-0.38765175877114405,1.6877553751501289,0.0,-0.39019897172123325,1.696524997335564,0.0,-0.3883578505957947,1.7011695484745422,0.0,-0.3855095333769042,1.7033248765766955,0.0
-0.36996849123630793,1.6690952950495748,0.0,-0.37495926854398104,1.679263681679797,0.0,-0.38053053808873644,1.6873996855738274,0.0,-0.3841949461682357,1.6944286494321408,0.0,-0.3859601339882646,1.7002513103900991,0.0,-0.3916929290553473,1.6877057745104462,0.0,-0.3948098948904517,1.6994497546501612,0.0,-0.3918252262525328,1.7049719882234589,0.0,-0.38799006787067075,1.7075811278779498,0.0,-0.3916298352004758,1.6871836896802852,0.0,-0.39413583086477183,1.6984234061633152,0.0,-0.39077999035567645,1.703659078101598,0.0,-0.38675834310720597,1.7062072085551154,0.0,-0.38883530404265954,1.6870963790115157,0.0,-0.39152280768277864,1.6975083945296643,0.0,-0.3888113484473307,1.7024877641371,0.0,-0.3852695314097157,1.7049249671277684,0.0,-0.38595413223297825,1.689365199823944,0.0,-0.38841488673764263,1.6981594737767018,0.0,-0.3867512515681521,1.7028705140337952,0.0,-0.3840690272381672,1.7052293321384817,0.0
-0.36763371402551986,1.6728579348386412,0.0,-0.37389783175,1.6822953483577323,0.0,-0.3796287524383527,1.690319695793369,0.0,-0.3828542124924605,1.6975605953876134,0.0,-0.3840232672176658,1.703531573508557,0.0,-0.3894997487452814,1.6913018408769784,0.0,-0.3921645370806687,1.7031566056855612,0.0,-0.3890411247139097,1.708601567182524,0.0,-0.3851382870961876,1.711108339625387,0.0,-0.38907496352346843,1.6912066858211203,0.0,-0.3914451470081973,1.7024758238155315,0.0,-0.3880990160413569,1.707717706465931,0.0,-0.3840668642503231,1.7102491817933512,0.0,-0.3859346901619074,1.691433992593992,0.0,-0.38852826806816376,1.7018698009771507,0.0,-0.3858279620795198,1.7068552277834175,0.0,-0.38229017612357896,1.7092982785146982,0.0,-0.3822532774850611,1.6941341685722906,0.0,-0.3845248243549597,1.7029792034453837,0.0,-0.3830205734919505,1.7077435304306205,0.0,-0.3804524326269408,1.7102260699982461,0.0
-0.3634882877312996,1.6789419741596594,0.0,-0.36989062162343406,1.6882861737257053,0.0,-0.3755545588261199,1.6963579405129725,0.0,-0.37864460590985904,1.70365765478922,0.0,-0.3797368049362349,1.7096431681304542,0.0,-0.38528615868884675,1.6974663895629845,0.0,-0.38793413100001944,1.7093249218574336,0.0,-0.384773867491745,1.7147485779190308,0.0,-0.380834720652806,1.7171978985864569,0.0,-0.38481076363528877,1.6974286143079964,0.0,-0.38718359271282693,1.708697195543323,0.0,-0.3838188245958403,1.7139271345187526,0.0,-0.37976324401170386,1.7164209030575006,0.0,-0.3816445092436168,1.6976595399648178,0.0,-0.38417013029417985,1.7081120028934664,0.0,-0.38144187665980894,1.7130821905136164,0.0,-0.37787908725696356,1.7154886314575493,0.0,-0.3778787089998038,1.700373855396532,0.0,-0.38004342445896155,1.7092456406773682,0.0,-0.3785441222190182,1.714011527276357,0.0,-0.3759600754851556,1.7164775063282902,0.0
-0.35973780405201833,1.684689329865394,0.0,-0.36581154968670865,1.6942503736766914,0.0,-0.3714067520690722,1.7023699373351888,0.0,-0.374594978111341,1.7096273083604274,0.0,-0.3758361503131534,1.7155837133363134,0.0,-0.3814732651572982,1.7032869338739134,0.0,-0.3842349067461394,1.7151195109927837,0.0,-0.38111340497919477,1.7205655680284007,0.0,-0.3771870841095466,1.7230353967631855,0.0,-0.38109585200538404,1.7031348613099482,0.0,-0.38349635150431777,1.71439758047736,0.0,-0.3801316181828685,1.7196275418389129,0.0,-0.3760790726340574,1.7221262394945098,0.0,-0.37802510556643537,1.7032788498321807,0.0,-0.3805570659848552,1.7137297789490287,0.0,-0.3778250419831603,1.7186978950635245,0.0,-0.3742597553041781,1.7211006345921325,0.0,-0.3744799219250524,1.705880830950829,0.0,-0.37667108439206454,1.7147461213652226,0.0,-0.3751207900826924,1.719495665536556,0.0,-0.3724975414710773,1.7219199008652772,0.0
-0.35764259678841653,1.6877223102530265,0.0,-0.36357181433543384,1.6973736481953334,0.0,-0.3691645186955931,1.70549493267772,0.0,-0.37241477982483856,1.7127247336491362,0.0,-0.37371308974992057,1.7186689459611038,0.0,-0.3793585485521417,1.7063426911114405,0.0,-0.3821474718442253,1.718168867687583,0.0,-0.37904996288618553,1.7236286065797917,0.0,-0.3751418466511243,1.7261271415593056,0.0,-0.37902382988641126,1.7061409615027658,0.0,-0.3814293467862442,1.7174026101091193,0.0,-0.3780778350521884,1.7226410540826953,0.0,-0.3740397551223591,1.7251630623855334,0.0,-0.37598508038689743,1.7062573836198687,0.0,-0.37854482953277724,1.7167015411864697,0.0,-0.37582730906386924,1.7216776054318363,0.0,-0.3722763464803266,1.7241014641480044,0.0,-0.37251594818302103,1.708821911574593,0.0,-0.3747522967567812,1.717675911356896,0.0,-0.373195919505634,1.722423465688679,0.0,-0.3705783675718874,1.7248538508601075,0.0
-0.35522559287523653,1.6873616894227916,0.0,-0.3612321530811546,1.69696508357742,0.0,-0.36683167205266476,1.705081670975563,0.0,-0.3700434733798436,1.7123286394265296,0.0,-0.37129477007627015,1.7182829257186745,0.0,-0.376921809802232,1.7060050613113096,0.0,-0.37967570318385263,1.717839444133489,0.0,-0.37656819810373215,1.723293499752316,0.0,-0.3726584418359772,1.72578946759613,0.0,-0.37656234642914643,1.7058318488814974,0.0,-0.37896175579514674,1.71709480034116,0.0,-0.3756174226889253,1.722337830213518,0.0,-0.37158455434095516,1.7248681638451198,0.0,-0.37350041888683405,1.7059634738404381,0.0,-0.37606178358064013,1.7164072353213964,0.0,-0.3733512220414283,1.7213870936542304,0.0,-0.36980794131758604,1.7238221682029273,0.0,-0.3699702756052592,1.7085514060048368,0.0,-0.3722016487535364,1.7174066609961698,0.0,-0.3706690421352059,1.7221619421902286,0.0,-0.36807330246942066,1.724615610015104,0.0
-0.34989666813637543,1.6853371861205222,0.0,-0.35593361205380214,1.6949215094108914,0.0,-0.3615126597747303,1.703052181599069,0.0,-0.3646848202287308,1.7103165891832184,0.0,-0.36591146852115847,1.7162760021272923,0.0,-0.3715554977901888,1.704023979380574,0.0,-0.3743004752558056,1.7158604334210579,0.0,-0.37118399180041595,1.7213093637186956,0.0,-0.36726708306736566,1.7237940921802297,0.0,-0.3711837973513291,1.7038645165390194,0.0,-0.3735844025961317,1.71512721316758,0.0,-0.3702404419855353,1.7203704806223823,0.0,-0.36620614112583033,1.7228985296671315,0.0,-0.3681158215521306,1.7039935013539207,0.0,-0.3706646111845734,1.7144403388837848,0.0,-0.36795173328469766,1.7194189357115381,0.0,-0.36440751712903013,1.7218526485515357,0.0,-0.36456113254063566,1.706582497164906,0.0,-0.3667703180467935,1.7154433135205112,0.0,-0.3652467438484458,1.7202014963609713,0.0,-0.3626560137502835,1.7226604530026866,0.0
-0.3415595128643012,1.6845176725540913,0.0,-0.3475218320981777,1.6941485964012524,0.0,-0.35307229171930543,1.7022988112265331,0.0,-0.3562493616182958,1.709561073019632,0.0,-0.35750063368927687,1.715515364486775,0.0,-0.363178674586851,1.7032503442997624,0.0,-0.36594600196146915,1.7150815929549517,0.0,-0.3628358123241426,1.7205341181438984,0.0,-0.35891973640807573,1.723020158966211,0.0,-0.3628266716794292,1.7030679231880432,0.0,-0.36523429830141874,1.7143291209457177,0.0,-0.36189241491899604,1.719573712600565,0.0,-0.3578598582391818,1.7221045429037185,0.0,-0.35977973762211357,1.7031729414894232,0.0,-0.36232535964990337,1.7136205513336629,0.0,-0.35961215296297866,1.7185989689885988,0.0,-0.35606867738411013,1.721033759979141,0.0,-0.35626680049716514,1.7057333612801413,0.0,-0.35847340048793797,1.7145948218577831,0.0,-0.3569432664725367,1.7193508992516058,0.0,-0.3543476231265858,1.7218046689694035,0.0
-0.3332999306493899,1.6858421757829654,0.0,-0.3391919600296496,1.6955162615061035,0.0,-0.3447247401404182,1.7036784884050495,0.0,-0.34791385478397596,1.710935468995131,0.0,-0.3491872064382242,1.7168850777415896,0.0,-0.3548867958775147,1.7046120557490068,0.0,-0.35766947635072877,1.7164397028067788,0.0,-0.3545674489247635,1.7218968757346593,0.0,-0.3506558972071008,1.7243900289009637,0.0,-0.35455372136582897,1.7044077412963592,0.0,-0.3569659926105042,1.7156679450392085,0.0,-0.35362951204500576,1.720915975489183,0.0,-0.34960217444394,1.7234551027499394,0.0,-0.3515241640370392,1.7044935287287237,0.0,-0.35407439729392054,1.7149400139415272,0.0,-0.35136532888489874,1.7199206847023978,0.0,-0.34782673126863567,1.7223625596492043,0.0,-0.34804630117669144,1.707030717825965,0.0,-0.3502609609247774,1.7158901675429952,0.0,-0.34872856699089755,1.7206455172790849,0.0,-0.3461341667856574,1.7231006013473826,0.0
-0.3297823040827662,1.687645746974542,0.0,-0.33565206983601764,1.6973333573506062,0.0,-0.34117243655664375,1.7055039849258786,0.0,-0.34435479321758156,1.7127639315907763,0.0,-0.3456278074525827,1.7187136125426254,0.0,-0.3513389025951623,1.7064503795126214,0.0,-0.35412193537926234,1.7182779436769728,0.0,-0.3510215090667872,1.7237360264170147,0.0,-0.3471114657192273,1.7262315445136844,0.0,-0.35101038143483665,1.706240707974362,0.0,-0.35342434338594886,1.7175005493847437,0.0,-0.35009302001941167,1.7227518550124301,0.0,-0.34607002009187343,1.7252978493137399,0.0,-0.34798564578357444,1.7063174903371308,0.0,-0.3505374617213888,1.716763589053175,0.0,-0.3478323233373782,1.7217463954106709,0.0,-0.34429849580188554,1.7241951684289512,0.0,-0.34451247411733604,1.708845554718696,0.0,-0.34672804537342033,1.7177047765297577,0.0,-0.3452010024073005,1.7224618472734763,0.0,-0.34261320894434405,1.7249238942268141,0.0
-0.33407704616281986,1.6868651015069764,0.0,-0.3399295955515806,1.6965631224622324,0.0,-0.3454334118428944,1.7047449077157981,0.0,-0.34860295046647993,1.7120104596155628,0.0,-0.3498733461307035,1.7179607002432713,0.0,-0.3556003081278454,1.7057078809914823,0.0,-0.3583845214250102,1.7175351673182404,0.0,-0.355283860488052,1.7229931167747903,0.0,-0.35137320644959524,1.7254876777666495,0.0,-0.3552745595972288,1.705494896644024,0.0,-0.35769082712558337,1.716754243522053,0.0,-0.35436313338542325,1.7220078499537823,0.0,-0.3503427769716168,1.7245580165572103,0.0,-0.35225440204163155,1.7055621435866688,0.0,-0.3548038510794524,1.7160088202146389,0.0,-0.35210060879068117,1.720992655484905,0.0,-0.34856968135220096,1.7234456083523386,0.0,-0.3487842058198673,1.7080808789487425,0.0,-0.35099483526491665,1.7169413351754308,0.0,-0.3494723765133009,1.7216998750387447,0.0,-0.34688926479115756,1.7241668334977152,0.0
-0.34449222535882246,1.6811061628256572,0.0,-0.35030636855048125,1.6908272576067689,0.0,-0.35579059505076105,1.6990221867338344,0.0,-0.3589548493555282,1.7062900415885585,0.0,-0.3602323374480663,1.7122387635390899,0.0,-0.3659806832771867,1.6999886234864798,0.0,-0.36877292120678484,1.7118140178935912,0.0,-0.3656747003089936,1.7172733528150557,0.0,-0.3617644753086043,1.719768586270453,0.0,-0.3656639819355399,1.6997652240589167,0.0,-0.3680839725925158,1.7110237713057206,0.0,-0.3647597907969738,1.7162796005988001,0.0,-0.36074222714367604,1.718834164689007,0.0,-0.3626540437394228,1.6998182979893643,0.0,-0.3652018872443829,1.710265366307321,0.0,-0.3625003245605064,1.7152501122324446,0.0,-0.3589720665246487,1.7177069031429757,0.0,-0.3592001395454643,1.702321417194031,0.0,-0.3614081474772904,1.7111825270602596,0.0,-0.35988673621467465,1.715941401932654,0.0,-0.35730559043675103,1.718410417258744,0.0
-0.35463737087036484,1.6723640695059714,0.0,-0.3604073491360506,1.6821114432861228,0.0,-0.36587333341186223,1.6903185511567784,0.0,-0.36903615511522125,1.6975870295647628,0.0,-0.37032322348619484,1.7035336860774388,0.0,-0.37609207105544273,1.6912848777414893,0.0,-0.37889298940848193,1.703108219143937,0.0,-0.37579844180273647,1.7085696370579964,0.0,-0.3718897554529933,1.7110672800608964,0.0,-0.37578623510767867,1.6910490737639847,0.0,-0.37820988827250857,1.7023068331425188,0.0,-0.3748898959609991,1.7075653098439338,0.0,-0.3708759217980319,1.7101255103865294,0.0,-0.3727875206995284,1.6910875229922724,0.0,-0.3753356457387664,1.7015345226452938,0.0,-0.37263664654953166,1.706520657044752,0.0,-0.36911187367491033,1.7089824455263232,0.0,-0.3693526675288916,1.6935742039206323,0.0,-0.37156102993713935,1.7024352254510327,0.0,-0.3700404734522204,1.707194373511063,0.0,-0.3674617520405387,1.7096659208175686,0.0
-0.35963832274309115,1.6657845164073442,0.0,-0.3653726069227923,1.675552931311662,0.0,-0.3708218755449633,1.6837711473703585,0.0,-0.37398047465956274,1.6910414617464928,0.0,-0.37527314474204115,1.6969869030866438,0.0,-0.38105998201680724,1.6847427246105906,0.0,-0.3838666098581381,1.696564711994254,0.0,-0.3807747249849824,1.7020276378080814,0.0,-0.3768672799914606,1.704527222408211,0.0,-0.380762530135329,1.6844973917796655,0.0,-0.3831892019482337,1.6957545008579689,0.0,-0.3798735641049288,1.7010157242765143,0.0,-0.3758632443874647,1.70358164539046,0.0,-0.3777727120054866,1.6845232350229453,0.0,-0.38032106269827354,1.6949701796342849,0.0,-0.37762486191377825,1.699957827797762,0.0,-0.3741038119204256,1.7024249381094374,0.0,-0.3743513767980569,1.686996206533595,0.0,-0.37655950494466134,1.6958572864438854,0.0,-0.37504135644907055,1.7006172031896338,0.0,-0.37246635358431474,1.703092624457592,0.0
-0.3604911482230158,1.6631024555849265,0.0,-0.3661934013642479,1.6728896029686016,0.0,-0.3716255400479436,1.6811191517426896,0.0,-0.37477777224518993,1.6883922289228945,0.0,-0.3760743193151625,1.6943368259964275,0.0,-0.38187931511807977,1.6820984409814705,0.0,-0.38469089973107845,1.6939192504928018,0.0,-0.38160097293756007,1.6993832840694674,0.0,-0.37769422602958075,1.7018839596077164,0.0,-0.3815891188380644,1.6818449068274095,0.0,-0.38401873881969967,1.6931013799710368,0.0,-0.38070718350459576,1.6983651739984293,0.0,-0.376700179004761,1.7009362691615024,0.0,-0.3786074398275663,1.6818586712952892,0.0,-0.3811551609929131,1.6923057694488182,0.0,-0.3784614003452772,1.6972947359195614,0.0,-0.374943751253256,1.6997666928793538,0.0,-0.3751975425279402,1.6843187635621528,0.0,-0.37740401512445065,1.693180255861378,0.0,-0.375888593211442,1.6979410413749978,0.0,-0.37331730328175705,1.7004203191538803,0.0
-0.36184929856189235,1.6622540416200733,0.0,-0.3675160095542476,1.6720618105470815,0.0,-0.37293022667562975,1.6803031609623065,0.0,-0.3760770240972786,1.687578591223238,0.0,-0.3773789668560301,1.6935220089036847,0.0,-0.38320349006360843,1.681288212198926,0.0,-0.3860212407502116,1.6931075534076134,0.0,-0.3829336224352737,1.6985728917921503,0.0,-0.3790276262210776,1.7010747397342303,0.0,-0.38292156232688496,1.6810253905984736,0.0,-0.38535440852754405,1.6922811669045443,0.0,-0.38204682704602755,1.6975474588553325,0.0,-0.3780430665828502,1.700123602786244,0.0,-0.3799489955985779,1.6810262715476807,0.0,-0.3824959827850613,1.6914735486684291,0.0,-0.37980450441707875,1.6964637467674661,0.0,-0.376290108244488,1.698940326240801,0.0,-0.3765526811151046,1.6834724369206215,0.0,-0.3787575484746828,1.692334328762381,0.0,-0.37724420148505067,1.6970957742540456,0.0,-0.37467604305097724,1.6995782956466738,0.0
-0.3649373526028938,1.6607268186882884,0.0,-0.3705660936989861,1.670556427961786,0.0,-0.37596241116001755,1.6788095099051428,0.0,-0.3791048801457792,1.6860868107899558,0.0,-0.38041321828967145,1.6920288239145247,0.0,-0.386257601071204,1.6797990012997868,0.0,-0.38908203120679447,1.6916167481217659,0.0,-0.3859970944184967,1.6970836005551537,0.0,-0.38209210205522576,1.699587015062062,0.0,-0.38598467045999885,1.6795261339330598,0.0,-0.38842081690796815,1.690781196410559,0.0,-0.3851173225702323,1.6960500531488234,0.0,-0.3811169582888047,1.698631467686466,0.0,-0.38302174779984777,1.6795137902280324,0.0,-0.3855683688648268,1.6899611566003403,0.0,-0.3828793122130869,1.6949526601009586,0.0,-0.37936829982046666,1.6974340343823862,0.0,-0.3796402596995069,1.6819455434507429,0.0,-0.3818441680512772,1.6908076738416464,0.0,-0.3803326511757541,1.695569700617729,0.0,-0.37776754017627534,1.6980553707019745,0.0
-0.36766730527323,1.657433036560982,0.0,-0.37325905920267494,1.667283733632205,0.0,-0.37863779296177763,1.6755482860612654,0.0,-0.3817756868856132,1.6828275608340246,0.0,-0.38308988714198805,1.6887682801808257,0.0,-0.38895373611429956,1.6765429556179845,0.0,-0.3917843749071789,1.6883592168525492,0.0,-0.3887020221476185,1.6938275266446021,0.0,-0.3847980493894466,1.696332530886925,0.0,-0.3886895238483429,1.676260414732955,0.0,-0.39112885745503473,1.687514786880864,0.0,-0.3878295242892287,1.692786250323668,0.0,-0.3838326216327711,1.6953730213908629,0.0,-0.38573593498355135,1.6762351712713295,0.0,-0.3882822924382198,1.6866826018970325,0.0,-0.38559575239485755,1.69167546034369,0.0,-0.38208821908968155,1.6941617500409587,0.0,-0.3823684941978549,1.6786529517785063,0.0,-0.38457152018134316,1.6875153015574562,0.0,-0.3830620853719229,1.692277988702045,0.0,-0.3805002730278469,1.6947670583517533,0.0
-0.36958659696827795,1.6528015681770418,0.0,-0.37514237764977604,1.6626725988129765,0.0,-0.38050352394256226,1.6709485709088296,0.0,-0.38363631398011183,1.6782300437045767,0.0,-0.38495584298408897,1.6841695817235622,0.0,-0.3908391209541733,1.6719491886178635,0.0,-0.3936756598479938,1.6837640348988385,0.0,-0.39059571193461506,1.6892336995473436,0.0,-0.3866926483599082,1.6917401201589728,0.0,-0.39058332330572426,1.6716573716804912,0.0,-0.39302579396828036,1.682911063428132,0.0,-0.38973058999268567,1.688185109022079,0.0,-0.3857371004167671,1.6907771461372267,0.0,-0.38763882794705135,1.6716194481310582,0.0,-0.39018477222257053,1.682066979452465,0.0,-0.3875007033247635,1.687061166776222,0.0,-0.3839966133913368,1.6895523070942533,0.0,-0.384284751625717,1.6740235852183702,0.0,-0.38648661867566053,1.6828862230075814,0.0,-0.38497941061299024,1.687649615300574,0.0,-0.3824209753824696,1.690142156048203,0.0
-0.3723107991109221,1.6476474472181342,0.0,-0.3778300827778256,1.657538931060345,0.0,-0.3831734572043344,1.665826388658555,0.0,-0.3863011785614353,1.6731100401196635,0.0,-0.3876261903623469,1.6790483574233073,0.0,-0.39352925321283105,1.6668328153366252,0.0,-0.3963718490326794,1.678646205812869,0.0,-0.393294325812454,1.68411723508945,0.0,-0.3893921486358603,1.686625035486825,0.0,-0.3932820160575826,1.666531617902239,0.0,-0.3957276670747111,1.677784618923779,0.0,-0.3924365616373761,1.683061223055998,0.0,-0.3884464582108206,1.6856584696836143,0.0,-0.39034676137609503,1.666480920462441,0.0,-0.3928922237890997,1.6769285691964768,0.0,-0.390210579077502,1.6819240586133117,0.0,-0.38670989263199496,1.6844199794365564,0.0,-0.38700628385847796,1.6688713131635924,0.0,-0.3892069172762988,1.6777342573498517,0.0,-0.38770184162216553,1.682498323843558,0.0,-0.3851466845651251,1.6849942250077101,0.0
-0.3759662765318842,1.6428126913137475,0.0,-0.3814482914861883,1.652724878601993,0.0,-0.38677382571800006,1.6610238115966496,0.0,-0.38989672522461044,1.6683095317509093,0.0,-0.39122747823963433,1.6742465651080933,0.0,-0.39715058227174443,1.6620357590875694,0.0,-0.3999993898423168,1.6738476531340414,0.0,-0.3969243780996093,1.6793200943898652,0.0,-0.3930231345309779,1.6818293469018328,0.0,-0.39691213084268,1.6617249896891757,0.0,-0.3993609914766776,1.672977292674948,0.0,-0.39607400187442643,1.6782564616931268,0.0,-0.3920873123618516,1.6808589455316165,0.0,-0.3939862911860533,1.661661423927329,0.0,-0.3965313284050671,1.6721091762463525,0.0,-0.39385212374680056,1.677105974748601,0.0,-0.3903548592352683,1.679606688103234,0.0,-0.390659742762297,1.6640379547460857,0.0,-0.39285925670434163,1.6729011768186242,0.0,-0.3913562310360498,1.6776658904639101,0.0,-0.3888043038363128,1.6801650938919253,0.0
-0.3784349263820041,1.6394446610888482,0.0,-0.3838795591614502,1.6493774310294764,0.0,-0.389187283951169,1.657687765635291,0.0,-0.3923053874731581,1.6649755396384236,0.0,-0.39364184769987215,1.6709112908742592,0.0,-0.39958505138782907,1.6587053297313124,0.0,-0.4024400168152867,1.67051573691935,0.0,-0.3993675240780375,1.6759895928633608,0.0,-0.3954672325317455,1.6785003249089059,0.0,-0.39935542042909583,1.6583850088014935,0.0,-0.4018074759622585,1.669636616000052,0.0,-0.3985246262949435,1.6749183604305993,0.0,-0.3945413770746208,1.6775261067848433,0.0,-0.39643900052268155,1.6583086204720676,0.0,-0.3989836519015126,1.6687564667729105,0.0,-0.3963069134596358,1.673754586838168,0.0,-0.3928131001447101,1.6762601196889029,0.0,-0.39312631650921626,1.6606713615805988,0.0,-0.39532476320429755,1.6695348484349506,0.0,-0.39382381410943035,1.674300216636437,0.0,-0.3912751560427073,1.6768027538022523,0.0
-0.37847508720048206,1.638267779769817,0.0,-0.3838824375377427,1.6482208952180872,0.0,-0.38917234700573855,1.6565425814369017,0.0,-0.3922855522050119,1.6638324492602434,0.0,-0.39362759443589296,1.669766940925234,0.0,-0.3995909689337476,1.6575659839076007,0.0,-0.4024520075419394,1.669374921354368,0.0,-0.3993819992242066,1.6748501710697037,0.0,-0.39548264228412,1.677362354383955,0.0,-0.39937012842820807,1.6572362033928265,0.0,-0.4018253637517226,1.66848711715103,0.0,-0.39854665758216556,1.6737714347059764,0.0,-0.3945668501419109,1.6763844307139657,0.0,-0.3964630949221276,1.6571470601448943,0.0,-0.39900734095074486,1.6675950051634942,0.0,-0.3963330682423849,1.6725944449675394,0.0,-0.39284271076159444,1.6751047897649634,0.0,-0.3931641079424323,1.6594961199611507,0.0,-0.39536144560228925,1.6683598818203702,0.0,-0.39386261083137286,1.6731259154554394,0.0,-0.3913172517332093,1.6756318079648571,0.0
-0.3771332296137605,1.638685392242027,0.0,-0.38250313277167497,1.648658761024494,0.0,-0.38777517125273375,1.6569917805227452,0.0,-0.3908834555228885,1.6642837479109391,0.0,-0.39223107181180755,1.6702169762909318,0.0,-0.39821478081208067,1.6580210935065127,0.0,-0.40108189672511335,1.6698285569038924,0.0,-0.39801436745731217,1.6753051959012535,0.0,-0.39411593522561844,1.6778188139481125,0.0,-0.39800277653414795,1.6576818617558091,0.0,-0.40046119618321474,1.6689320801411316,0.0,-0.39718663084658173,1.6742189646702212,0.0,-0.393210263469996,1.676837192675132,0.0,-0.39510516605675994,1.6575799721464215,0.0,-0.3976489860816839,1.6680280208947103,0.0,-0.3949771699176067,1.6730287739638314,0.0,-0.39149026422682864,1.6755439111468262,0.0,-0.39181986940790864,1.6599153797406898,0.0,-0.3940160697805605,1.6687794234573883,0.0,-0.39251933988957227,1.6735461185299245,0.0,-0.3899772686840737,1.6760553463381427,0.0
-0.37556722420990596,1.6396594801682611,0.0,-0.38089937944729524,1.6496530813870836,0.0,-0.38615350036358775,1.6579974098262675,0.0,-0.3892569106114795,1.665291452897696,0.0,-0.39061015169392654,1.6712234009119735,0.0,-0.3966143676263191,1.6590326290688855,0.0,-0.39948759223791575,1.670838607464196,0.0,-0.3964225600142464,1.6763166443373927,0.0,-0.3925250598410281,1.6788317073486048,0.0,-0.39641128587735597,1.65868391014274,0.0,-0.3988728975448108,1.6699334305274949,0.0,-0.39560247866798837,1.6752228810223886,0.0,-0.3916295603537983,1.6778463397066539,0.0,-0.39352316250273944,1.6585692641252163,0.0,-0.396066562108508,1.6690174152253487,0.0,-0.39339720393672883,1.6740194807810673,0.0,-0.38991375571781556,1.6765394043616175,0.0,-0.39025161958828736,1.6608910201502738,0.0,-0.39244669860844095,1.669755341623667,0.0,-0.39095205200481326,1.6745226903429642,0.0,-0.3884132555800061,1.6770352314711343,0.0
-0.37296801128066187,1.6411927182606827,0.0,-0.37826221746257416,1.6512064750831679,0.0,-0.3834983982394932,1.6595620728819744,0.0,-0.3865969561145347,1.666858178595956,0.0,-0.3879558290363313,1.6727888390190218,0.0,-0.3939806825749623,1.660603251210463,0.0,-0.39686001165343887,1.6724077422878905,0.0,-0.3937974848924066,1.6778871802475896,0.0,-0.38990092336038323,1.6804036972409278,0.0,-0.3937865815561862,1.660245040280147,0.0,-0.3962513846122077,1.6714938618532449,0.0,-0.39298512191027796,1.6767858798171023,0.0,-0.3890156647258228,1.6794145724693634,0.0,-0.39090798196867876,1.6601176515759644,0.0,-0.39345097122526557,1.6705659025591053,0.0,-0.39078407803517023,1.6755692827750768,0.0,-0.38730409834738583,1.6780939941879458,0.0,-0.3876501950208693,1.6624257877103694,0.0,-0.38984416923627085,1.6712903826943792,0.0,-0.38835160365851323,1.676058383352644,0.0,-0.3858160869798563,1.6785742341788283,0.0
-0.36789020825658775,1.6439331145468128,0.0,-0.3731463417302874,1.6539669077329973,0.0,-0.37836455967216187,1.6623337354003451,0.0,-0.38145825185258236,1.6696319055948103,0.0,-0.38282273069831135,1.6755612787615852,0.0,-0.3888683410010507,1.663380970235102,0.0,-0.3917537526977934,1.6751839759912441,0.0,-0.3886937278680577,1.6806648115623621,0.0,-0.3847981036896605,1.6831827793562966,0.0,-0.38868325626750616,1.6630132874251162,0.0,-0.3911512474026048,1.6742614099638087,0.0,-0.3878891474919669,1.679555994965565,0.0,-0.38392315912615554,1.682189918214546,0.0,-0.38581420049837717,1.662873181901261,0.0,-0.38835677838237653,1.6733215329993827,0.0,-0.38569235323413187,1.6783262279453661,0.0,-0.3822158495581048,1.680855723653256,0.0,-0.38257013112511995,1.6651677471598432,0.0,-0.38476299736813824,1.6740326162919066,0.0,-0.38327251893415326,1.678801269804057,0.0,-0.3807402906151955,1.681320430368219,0.0
-0.3608340802791412,1.6476620120676189,0.0,-0.3660519850168576,1.6577157384884333,0.0,-0.3712522069244738,1.6660937630655963,0.0,-0.3743410261415717,1.6733939969891538,0.0,-0.3757110995664338,1.6793220799408168,0.0,-0.3817776023848652,1.6671471352677394,0.0,-0.3846690881343595,1.678948654479252,0.0,-0.38161156419438086,1.6844308855827983,0.0,-0.37771687523499387,1.6869502996933075,0.0,-0.3816015785618212,1.6667699909698783,0.0,-0.38407275778734795,1.6780174135245658,0.0,-0.3808148249697728,1.6833145636946076,0.0,-0.37685231103997235,1.6859537110484724,0.0,-0.37874209617158744,1.6666171859278254,0.0,-0.3812842579675257,1.677065638271072,0.0,-0.3786223008306198,1.6820716463687708,0.0,-0.37514927764927425,1.6846059187155205,0.0,-0.37551172706636493,1.6688982180005516,0.0,-0.3777034789107063,1.6777633627225066,0.0,-0.37621508634155365,1.6825326676866719,0.0,-0.37368614738307937,1.6850551303626438,0.0
-0.35386656088391577,1.651276120124655,0.0,-0.3590460417737117,1.6613496955826892,0.0,-0.36422823317787656,1.6697388848137529,0.0,-0.3673121887596703,1.6770411746918732,0.0,-0.3686878623942126,1.6829679605596548,0.0,-0.37477540071951315,1.670798455052787,0.0,-0.37767296186539123,1.6825984840758499,0.0,-0.37461794352380573,1.6880821118393663,0.0,-0.37072419105901055,1.6906029730599623,0.0,-0.3746084938597673,1.6704118474187923,0.0,-0.3770828628909934,1.6816585686648122,0.0,-0.3738291025109265,1.686958282766244,0.0,-0.36987007027367286,1.6896026502035832,0.0,-0.3717586230984333,1.6702463536231282,0.0,-0.3743003685092375,1.6806949072662158,0.0,-0.37164088064547696,1.6857022276249967,0.0,-0.36817134356522035,1.6882412705144312,0.0,-0.36854195821566593,1.6725138806184474,0.0,-0.37073259757710697,1.6813793003082582,0.0,-0.36924628471997395,1.686149253806128,0.0,-0.36672063328525784,1.6886750081563522,0.0
-0.34801702136036955,1.6542615637266034,0.0,-0.35315789288103305,1.664354897408024,0.0,-0.3583220241153478,1.6727552159911951,0.0,-0.36140112518403633,1.6800595541613086,0.0,-0.36278240068596523,1.6859850369820653,0.0,-0.3688911102776917,1.6738210513525242,0.0,-0.37179474372244425,1.6856195876328322,0.0,-0.36874223544532064,1.691104613041554,0.0,-0.36484942164824746,1.6936269235481967,0.0,-0.36873337394051486,1.6734249814391466,0.0,-0.3712109332626492,1.6846710003211187,0.0,-0.3679613518720756,1.6899732778462813,0.0,-0.36400580975111185,1.692622863083362,0.0,-0.36589314989554117,1.6732468126812203,0.0,-0.36843448094963904,1.6836954671132178,0.0,-0.36577746520787013,1.6887040996831857,0.0,-0.3623114213304374,1.691247909067824,0.0,-0.36269018693213206,1.6755008662043231,0.0,-0.36487971844655975,1.6843665595689568,0.0,-0.36339548173217473,1.6891371594952544,0.0,-0.36087311894670465,1.6916661980844887,0.0
-0.3428798757441231,1.657243446551801,0.0,-0.34798197245596285,1.667356435918922,0.0,-0.3531280154470452,1.6757678475268465,0.0,-0.35620226365718893,1.6830742294931142,0.0,-0.3575891344533518,1.6889984052219447,0.0,-0.36371914574908526,1.6768400271202855,0.0,-0.3666288432866451,1.6886370693673551,0.0,-0.3635788469221512,1.6941234919442996,0.0,-0.35968697256892024,1.6966472517524562,0.0,-0.3635706278227194,1.6764345023089073,0.0,-0.3660513769697469,1.6876798179806831,0.0,-0.36280598084171994,1.6929846582365244,0.0,-0.3588539366825882,1.6956394581091225,0.0,-0.36074008099814053,1.6762436759598667,0.0,-0.3632809980935879,1.6866924310665714,0.0,-0.36062645698580614,1.6917023756151714,0.0,-0.35716391310995926,1.694250947029415,0.0,-0.3575508071478608,1.6784842923302357,0.0,-0.3597392321211849,1.6873502589004699,0.0,-0.35825707056141376,1.6921215039572508,0.0,-0.3557379992494755,1.6946538210647097,0.0
-0.3391246460184298,1.6604465584899741,0.0,-0.3441878022013776,1.670579099842643,0.0,-0.3493157272555577,1.679001569097126,0.0,-0.3523851232318594,1.6863099908032975,0.0,-0.3537775832649739,1.6922328552899704,0.0,-0.3599290282956592,1.6800801730929893,0.0,-0.362844782936631,1.6918757197277527,0.0,-0.35979730004683896,1.6973635388348896,0.0,-0.3559063652986092,1.6998887470115795,0.0,-0.35978977677788826,1.679665200828724,0.0,-0.3622737156894284,1.6909098123547885,0.0,-0.35903251051445906,1.6962172142786642,0.0,-0.35508397152982585,1.698877224670769,0.0,-0.35696893818584174,1.6794617336487467,0.0,-0.35950944043044863,1.6899105896297129,0.0,-0.35685737570467463,1.6949218455165396,0.0,-0.35339833788223757,1.6974751734799265,0.0,-0.35379334178038047,1.681688948239712,0.0,-0.35598065979348525,1.6905551879724243,0.0,-0.3545005716364408,1.6953270766266677,0.0,-0.3519847935170615,1.697862665446136,0.0
-0.3390159787924883,1.6632263925296205,0.0,-0.34404002063967626,1.6733783848618757,0.0,-0.3491497973924564,1.681811876738954,0.0,-0.35221434495661746,1.6891223327932348,0.0,-0.35361239192228905,1.6950438810158779,0.0,-0.3597854045167198,1.6828969822361457,0.0,-0.362707211747477,1.694691031076367,0.0,-0.35966224502988176,1.700180246703847,0.0,-0.3557722505828948,1.7027069031413182,0.0,-0.35965546981997604,1.6824725675464014,0.0,-0.3621425989224268,1.6937164738834405,0.0,-0.35890559043100245,1.6990264364251402,0.0,-0.354960563979008,1.701691653431753,0.0,-0.3568443723885736,1.6822564747958069,0.0,-0.35938445942631925,1.6927054317201367,0.0,-0.35673487286545613,1.697717998321135,0.0,-0.35327934714249226,1.70027607735111,0.0,-0.35368244655642855,1.6844703206260374,0.0,-0.3558686584197583,1.6933368331747802,0.0,-0.35439064064443704,1.6981093635033329,0.0,-0.3518781564716952,1.7006482162932917,0.0
-0.34219030730069455,1.6657924793166916,0.0,-0.34717506096870676,1.6759638202148086,0.0,-0.3522666599731635,1.6844082990786469,0.0,-0.35532636389515604,1.691720783704567,0.0,-0.35672999581134807,1.6976410105680544,0.0,-0.36292470841863644,1.685499984348966,0.0,-0.36585256355982454,1.6972925332596742,0.0,-0.3628101160155662,1.702783145562202,0.0,-0.3589210629237589,1.705311250702363,0.0,-0.3628041411155171,1.6850661322684595,0.0,-0.3652944607264657,1.696309332396701,0.0,-0.36206165492177655,1.701621854659899,0.0,-0.35812014864971425,1.704292274796613,0.0,-0.36000281762212616,1.6848374294432646,0.0,-0.36254248975707193,1.6952864872195812,0.0,-0.3598953834931631,1.7003003640928724,0.0,-0.3564433762236323,1.7028631891272379,0.0,-0.3568545556470657,1.687037939492277,0.0,-0.3590396631280823,1.6959047242750933,0.0,-0.3575637128679666,1.7006778944072785,0.0,-0.3550545237148358,1.7032200037678629,0.0
-0.3435087838236984,1.6686317487746147,0.0,-0.3484540802258631,1.6788223320891853,0.0,-0.35352747277194385,1.6872777618108121,0.0,-0.3565823365356938,1.694592269783294,0.0,-0.35799154977061737,1.700511170587483,0.0,-0.364208092815983,1.6883761087682625,0.0,-0.3671419900576834,1.7001671559021845,0.0,-0.36410206422646924,1.7056591647748056,0.0,-0.36021395335757156,1.7081887187714153,0.0,-0.3640969422566399,1.6879328258168529,0.0,-0.3665904524580531,1.6991753187683212,0.0,-0.3633618553715181,1.704490399860894,0.0,-0.3594238768867777,1.7071660195747165,0.0,-0.36130542438383134,1.6876915293097676,0.0,-0.3638446817794042,1.6981406878809087,0.0,-0.3612000579828832,1.7031558746020412,0.0,-0.3577515755430723,1.7057234406105362,0.0,-0.3581708173691357,1.6898787375012296,0.0,-0.36035482182675904,1.6987457940375026,0.0,-0.3588809368120058,1.70351960229134,0.0,-0.3563750442034439,1.7060649612918966,0.0
-0.337995366028515,1.6699934360792044,0.0,-0.34290103796723653,1.680203153392926,0.0,-0.347956195343609,1.6886694977991088,0.0,-0.35100622181809693,1.6959860241606752,0.0,-0.3524210123291105,1.701903594310767,0.0,-0.358659515528743,1.6897745904881123,0.0,-0.361599448966969,1.7015641340296592,0.0,-0.35856204718457774,1.7070575392512461,0.0,-0.35467487921747126,1.7095885419667929,0.0,-0.35855783064280183,1.6893218838088206,0.0,-0.3610545315286064,1.7005636686126313,0.0,-0.3578301490773149,1.7058813075600976,0.0,-0.35389570583205804,1.7085621230608596,0.0,-0.3557761497603628,1.6890680102331932,0.0,-0.3583149922625288,1.6995172696191505,0.0,-0.35567285295343215,1.7045337656815707,0.0,-0.3522279015567288,1.7071060674173737,0.0,-0.35265518834746107,1.691241950549947,0.0,-0.3548380906477099,1.70010927848095,0.0,-0.35336626863364323,1.7048837231858374,0.0,-0.3508636739890427,1.707432324812647,0.0
-0.3277672483752835,1.6682203924046466,0.0,-0.33263312797864536,1.6784491342863277,0.0,-0.33767002144252184,1.6869263571769657,0.0,-0.34071521398470345,1.694244896776887,0.0,-0.34213557839067993,1.7001611315276002,0.0,-0.34839617121994676,1.6880382804501917,0.0,-0.3513421354460874,1.6998263184683493,0.0,-0.348307260227249,1.705321119913562,0.0,-0.34442103589609097,1.7078535712948364,0.0,-0.3483040012577896,1.6875761570160792,0.0,-0.35080389302828635,1.698817232677428,0.0,-0.34758373110306306,1.7041374284767523,0.0,-0.3436528305247405,1.7068234359306915,0.0,-0.3455321889637791,1.6873097228057368,0.0,-0.3480706164335389,1.697759083022831,0.0,-0.34543096359218184,1.702776887896485,0.0,-0.3419895493890233,1.7053539200320942,0.0,-0.34242486463576666,1.6894704287151296,0.0,-0.3446066657510948,1.698338027656305,0.0,-0.34313690423336063,1.7031131070652894,0.0,-0.34063760872150217,1.7056649440804148,0.0
-0.3212064824438364,1.6656584047301641,0.0,-0.32603240210971296,1.6759060602754572,0.0,-0.33105100321505204,1.684394125228642,0.0,-0.3340913655353167,1.6917146727803003,0.0,-0.3355173007239747,1.697629567327886,0.0,-0.34180011185157744,1.6855129652172023,0.0,-0.34475210157771413,1.6972994957582908,0.0,-0.3417197555585722,1.702795693365403,0.0,-0.3378344756909596,1.7053295935017398,0.0,-0.34171750613328156,1.685041432095912,0.0,-0.3442205889985635,1.6962817976174551,0.0,-0.34100465354171416,1.701604549284139,0.0,-0.337077303104878,1.7042957449190859,0.0,-0.3389555939856854,1.6847624537446992,0.0,-0.34149360642875154,1.6952119147740856,0.0,-0.3388564420974898,1.700231027958989,0.0,-0.3354185712739737,1.702812785218392,0.0,-0.3358618984981501,1.6869099585065683,0.0,-0.3380425996359061,1.695777828015992,0.0,-0.3365748960636527,1.7005535403717684,0.0,-0.3340789008315877,1.7031086055390134,0.0
-0.3183303343510629,1.666907304910055,0.0,-0.32311612808834933,1.6771737611195079,0.0,-0.32811640875144293,1.6856726314558697,0.0,-0.33115194439880347,1.6929951817512365,0.0,-0.3325834469863323,1.6989087313632047,0.0,-0.3388886039304821,1.6867984762233978,0.0,-0.3418466136685545,1.6985834973913339,0.0,-0.33881679942588655,1.70408109106231,0.0,-0.33493246483888606,1.7066164400258328,0.0,-0.33881561147135075,1.6863175409713531,0.0,-0.34132188559433235,1.6975571953658992,0.0,-0.3381101825719389,1.7028825019170524,0.0,-0.33418638975024056,1.7055788819517772,0.0,-0.33606363070488576,1.686026035247142,0.0,-0.3386012281421323,1.696475597066295,0.0,-0.3359665543912248,1.7014960180744605,0.0,-0.332532233139148,1.704082495192704,0.0,-0.33298355541835617,1.688160372217845,0.0,-0.33516315777157346,1.697028511857602,0.0,-0.33369750970747253,1.701804855441696,0.0,-0.33120481598085016,1.7043631416244007,0.0
-0.3120610626129621,1.6729932822877136,0.0,-0.31680656585907624,1.6832784241796657,0.0,-0.321788498223209,1.6917880630452817,0.0,-0.32481921056792135,1.6991126109615822,0.0,-0.32625627699307685,1.7050248109549013,0.0,-0.33258390628676915,1.6929210024748627,0.0,-0.33554793046768006,1.7047045124016291,0.0,-0.3325206505172859,1.7102035020013806,0.0,-0.3286372619845242,1.7127402997966765,0.0,-0.3325205758507158,1.6924306730777474,0.0,-0.33503004138175196,1.7036696153605828,0.0,-0.33182257674434845,1.7089974757911508,0.0,-0.32790234897065446,1.7116990363774847,0.0,-0.3297785574538071,1.6921266569466542,0.0,-0.33231573984347124,1.7025763195482602,0.0,-0.3296835587201286,1.7075980478769204,0.0,-0.32625279318786365,1.7101892395348812,0.0,-0.3267120934872371,1.6942478594878714,0.0,-0.3288905981393658,1.7031162688474484,0.0,-0.3274270031882329,1.707893241958126,0.0,-0.3249376121836662,1.7104547420330318,0.0
-0.3019554156458314,1.6783761883362254,0.0,-0.30666046467279917,1.6886798992429957,0.0,-0.31162402105986725,1.6972002696396622,0.0,-0.3146499135215774,1.7045268100445696,0.0,-0.31609254030230566,1.710437655723729,0.0,-0.3224427676382435,1.6983403951237699,0.0,-0.32541280077363355,1.7101223919288073,0.0,-0.32238805765131423,1.7156227773298691,0.0,-0.3185056159447359,1.7181610239580802,0.0,-0.322389147911712,1.697840679810102,0.0,-0.32490180501937915,1.7090789089921241,0.0,-0.3216985847083212,1.714409322278787,0.0,-0.3177819293900832,1.7171160595245116,0.0,-0.3196571227647586,1.6975241703278212,0.0,-0.32219389004879034,1.707973933708515,0.0,-0.3195642035846983,1.7129969688441198,0.0,-0.31613699988300253,1.71559286967673,0.0,-0.31660426131729913,1.6996322716567704,0.0,-0.3187816693395076,1.7085009503291095,0.0,-0.3173201250657277,1.713278551256029,0.0,-0.314834037932307,1.7158432580565035,0.0
-0.28890990460625166,1.6805490776310212,0.0,-0.2935743365523339,1.690871239198098,0.0,-0.2985194895178549,1.6994023039529569,0.0,-0.3015405656077668,1.7067308316873342,0.0,-0.30298874933802444,1.712640318344797,0.0,-0.30936169947716835,1.700549708392944,0.0,-0.3123377361306496,1.7123301901902375,0.0,-0.3093155324052319,1.717831971279876,0.0,-0.30543403831621657,1.7203716667709819,0.0,-0.30931783906883575,1.700040615631425,0.0,-0.3118336879290964,1.7112781307215457,0.0,-0.3086347178952155,1.7166110958339516,0.0,-0.3047216424346412,1.7193230058322968,0.0,-0.3065958379305137,1.699711629959052,0.0,-0.3091321900764975,1.71016149410924,0.0,-0.3065050003118556,1.7151858355400658,0.0,-0.30308136453674767,1.717786440166891,0.0,-0.3035565702622731,1.7018066631664754,0.0,-0.3057328827708699,1.7106756107338763,0.0,-0.30427338671790494,1.7154538377641144,0.0,-0.3017906045677736,1.7180217441102161,0.0
-0.2696362607528695,1.6892580668835322,0.0,-0.27425991393533494,1.6995985589436202,0.0,-0.2791866363002846,1.708140280692934,0.0,-0.2822028995251996,1.7154707906105728,0.0,-0.28365663675946007,1.721378913554879,0.0,-0.2900524334111354,1.7092950586314144,0.0,-0.29303446812148976,1.72107402354882,0.0,-0.29001480636041654,1.7265772002100717,0.0,-0.28613426068420567,1.7291183445990124,0.0,-0.2900183807709216,1.7087765972129403,0.0,-0.2925374215516878,1.7200133972215372,0.0,-0.2893427077552592,1.725348913122246,0.0,-0.2854332195453116,1.7280659919461954,0.0,-0.2873064342140022,1.7084351526665245,0.0,-0.2898423712007101,1.7188851175738946,0.0,-0.28721768018452687,1.7239107647901761,0.0,-0.2837976184180637,1.7265160678165514,0.0,-0.2842807515000236,1.7105171507864887,0.0,-0.2864559696215323,1.7193863668291973,0.0,-0.28499851935190523,1.7241652182594767,0.0,-0.28251904329132277,1.7267363169881058,0.0
-0.4280124515221951,1.8971250006164242,0.0,-0.43259516551051236,1.907483701176714,0.0,-0.4375034303432357,1.9160360423787388,0.0,-0.4405148841721312,1.9233685293600435,0.0,-0.44197417140933826,1.9292752839199212,0.0,-0.4483929372148941,1.9171982900141915,0.0,-0.45138096449731274,1.9289757361931705,0.0,-0.4483638472555606,1.934480308298771,0.0,-0.44448425077940124,1.937022901607339,0.0,-0.44836874061912396,1.9166704690644447,0.0,-0.45089097348276636,1.9279065530028072,0.0,-0.44770052188506365,1.9332446186422054,0.0,-0.44379462829959676,1.9359668623304676,0.0,-0.4456668790266832,1.9163165831140594,0.0,-0.4482024008230761,1.926766648768678,0.0,-0.44558021060241076,1.9317936012569754,0.0,-0.4421637289023835,1.9344035972606202,0.0,-0.44265477234393547,1.9183855791266544,0.0,-0.44482889718407737,1.927255063230471,0.0,-0.44337349027667633,1.9320345373662948,0.0,-0.44089732139706816,1.93460882132247,0.0
-0.4492104470748241,1.8824583056474187,0.0,-0.4537520626004488,1.8928350909499039,0.0,-0.4586418432012943,1.9013980138959305,0.0,-0.46164849110326794,1.908732472832221,0.0,-0.46311332483623485,1.914637854344543,0.0,-0.46955518138215313,1.9025678290202144,0.0,-0.47254919576283183,1.9143437546070852,0.0,-0.46953462559668596,1.919849722027041,0.0,-0.46565597910503737,1.9223937642718605,0.0,-0.4695408889650953,1.9020306579638013,0.0,-0.47206631407573996,1.9132660248424969,0.0,-0.46888013063770656,1.9186066391580048,0.0,-0.46497783903159806,1.921334043715486,0.0,-0.4668491425584987,1.9016643482098248,0.0,-0.4693842491270302,1.9121145146033331,0.0,-0.4667645617452037,1.917142771845604,0.0,-0.4633516661430814,1.9197574553741934,0.0,-0.4638506029496096,1.9037203750104514,0.0,-0.4660236356042721,1.9125901267640322,0.0,-0.46457026963600806,1.9173702219140696,0.0,-0.4620974089986834,1.9199476839362397,0.0
-0.4441333885692428,1.882915270929086,0.0,-0.448633747518691,1.8933100154724882,0.0,-0.4535050174274254,1.9018834822847093,0.0,-0.4565068628923621,1.9092199080697365,0.0,-0.45797723962252157,1.9151239118758596,0.0,-0.4644423074108492,1.9030609642604626,0.0,-0.4674423034316992,1.9148353674051708,0.0,-0.4644302829058224,1.9203427300106226,0.0,-0.4605525871864717,1.92288822121248,0.0,-0.46443796717354513,1.9025144528087465,0.0,-0.46696658469705654,1.9137491016376222,0.0,-0.463784675382864,1.9190922635558183,0.0,-0.4598859930963221,1.9218248249600467,0.0,-0.46175636601822095,1.9021357369772225,0.0,-0.4642910573247598,1.9125860041004294,0.0,-0.4616738748259107,1.91761556557641,0.0,-0.45826457133103693,1.9202349311533207,0.0,-0.45877138450746013,1.9041788273707814,0.0,-0.4609433260782623,1.9130488463618207,0.0,-0.4594919986224988,1.9178295608374265,0.0,-0.4570224472604126,1.9204101937592846,0.0
-0.4290524956172403,1.8866536622175416,0.0,-0.4335114411116119,1.8970662387418553,0.0,-0.43836417411708084,1.905650211370052,0.0,-0.44136122064172345,1.9129885989057236,0.0,-0.44283713685927195,1.9188912203564088,0.0,-0.4493255352578201,1.906835461147476,0.0,-0.45233150746170414,1.9186083400073262,0.0,-0.4493220391440199,1.9241170976677326,0.0,-0.4454452949866675,1.926664037849409,0.0,-0.4493311950526103,1.9062796193116613,0.0,-0.45186300515332,1.9175135491005781,0.0,-0.44868537593147356,1.9228592575378458,0.0,-0.44479031029047855,1.9255969717398058,0.0,-0.4466597690462386,1.9058885152627627,0.0,-0.44919404506008703,1.9163388831056405,0.0,-0.446579369490665,1.9213697482936194,0.0,-0.4431736640917085,1.9239937904200308,0.0,-0.4436883366140031,1.90791870197659,0.0,-0.44585918820573756,1.9167889877924498,0.0,-0.44440989684027804,1.9215703199100844,0.0,-0.4419436557652462,1.9241541165675606,0.0
-0.4089259349027079,1.8917816267245249,0.0,-0.41334331135276525,1.9022119062075946,0.0,-0.4181774814926674,1.910806346431511,0.0,-0.42116973256921036,1.9181466906325346,0.0,-0.4226511847435358,1.9240479250903832,0.0,-0.42916303195238953,1.911999466552721,0.0,-0.432174974878785,1.9237708192934795,0.0,-0.4291680613365197,1.9292809718744497,0.0,-0.4252922695298144,1.9318293610562036,0.0,-0.42917873947397955,1.9114343046501456,0.0,-0.43171374231419574,1.9226675144090908,0.0,-0.4285403991560625,1.9280157682707297,0.0,-0.42464895747033377,1.9307586311921765,0.0,-0.4265175183419629,1.9110308303801176,0.0,-0.4290513790314091,1.9214812989328816,0.0,-0.4264392124383525,1.9265134673087476,0.0,-0.4230371111015172,1.9291421804615216,0.0,-0.4235596259142904,1.913048146068648,0.0,-0.4257293886275628,1.9219186982981584,0.0,-0.42428213093656086,1.9267006463799505,0.0,-0.4218192011396394,1.9292875996116103,0.0
-0.3892551397795204,1.8971665842222951,0.0,-0.3936307928979925,1.9076144358954035,0.0,-0.39844637445610975,1.916219305328528,0.0,-0.4014338335766863,1.923561601120544,0.0,-0.4029208181638737,1.9294614439581779,0.0,-0.4094562311937548,1.9174203999119517,0.0,-0.41247413938472033,1.9291902247063202,0.0,-0.4094697831860994,1.9347017720705402,0.0,-0.40559494451782335,1.9372516102703945,0.0,-0.409482033982226,1.916845928560023,0.0,-0.4120202297236246,1.9280784172987981,0.0,-0.40885117860266673,1.933429215478562,0.0,-0.40496336816499445,1.9361772230113028,0.0,-0.40683104728214886,1.916430102196274,0.0,-0.40936449261378416,1.9268806714495461,0.0,-0.40675483704356297,1.9319141424862925,0.0,-0.4033563457115421,1.9345475211168435,0.0,-0.4038866857410273,1.9184345794360604,0.0,-0.4060553606722947,1.9273053976695083,0.0,-0.40461013424296033,1.9320879600422403,0.0,-0.40215051669132423,1.9346780626863538,0.0
-0.3983685513008202,1.8928675950195424,0.0,-0.4027023281191715,1.9033328863812384,0.0,-0.407499295626622,1.9119481464722896,0.0,-0.4104819662890573,1.919292388789508,0.0,-0.41197447973737394,1.925190835388224,0.0,-0.4185335743824837,1.9131573211988875,0.0,-0.4215574423855218,1.9249256162257566,0.0,-0.4185556461018026,1.9304385582340933,0.0,-0.41468176136023194,1.9329898454699077,0.0,-0.4185695198251907,1.9125735513101592,0.0,-0.4211109086292455,1.923805318038283,0.0,-0.41794615552152414,1.9291586594186712,0.0,-0.4140619836084261,1.9319118074257304,0.0,-0.4159287969493915,1.912145391108219,0.0,-0.41846182689000283,1.9225960610525712,0.0,-0.4158546843892859,1.92763083422064,0.0,-0.41245980898178397,1.9302688727558404,0.0,-0.4129979571395105,1.9141370623951803,0.0,-0.41516554538438916,1.9230081462234982,0.0,-0.41372234780563116,1.9277913212181839,0.0,-0.4112660434419981,1.9303845661122416,0.0
-0.4354110673867587,1.866111280350278,0.0,-0.43970281629187546,1.8765938771722441,0.0,-0.4444811445300999,1.885219489205705,0.0,-0.4474590302367295,1.892565672991374,0.0,-0.4489570689841488,1.8984627187417937,0.0,-0.4555399597887946,1.8864368513135767,0.0,-0.4585697821546263,1.898203614758583,0.0,-0.4555705483596417,1.9037179512698286,0.0,-0.4516976183336677,1.906270687559482,0.0,-0.45558609511673454,1.8858437940965045,0.0,-0.4581306771441588,1.8970748378233393,0.0,-0.45497022802871534,1.9024307212758147,0.0,-0.4510897019006802,1.9051890055919996,0.0,-0.45295566529057407,1.8854033184403345,0.0,-0.45548827980773743,1.8958540890661437,0.0,-0.45288365242391737,1.9008901638336988,0.0,-0.44949239883808545,1.9035328566766614,0.0,-0.45003833801624893,1.8873822161916576,0.0,-0.45220484067000233,1.8962535652063035,0.0,-0.4507636695336972,1.9010373511585592,0.0,-0.4483106792777142,1.9036337311406522,0.0
-0.4372921452517755,1.8653196817820972,0.0,-0.4415417160235845,1.8758194481152997,0.0,-0.4463013800257749,1.8844553732128355,0.0,-0.4492744842806494,1.8918034934203594,0.0,-0.4507780447520705,1.8976991337231672,0.0,-0.4573848449789132,1.8856810314915813,0.0,-0.46042061625987374,1.8974462615475098,0.0,-0.4574239475290476,1.9029619924178407,0.0,-0.45355197300758265,1.9055161777783287,0.0,-0.4574412172627721,1.8850786984516075,0.0,-0.4599889926732409,1.8963090181864226,0.0,-0.4568328535318862,1.9016674425712783,0.0,-0.45295598043296004,1.9044308590028167,0.0,-0.45482110954310473,1.8846259258535905,0.0,-0.45735330860442447,1.8950767971512228,0.0,-0.45475119838539413,1.9001141729840318,0.0,-0.4513635724955415,1.9027615145139563,0.0,-0.4519172855652984,1.8865920824093465,0.0,-0.4540827037214318,1.8954636962026463,0.0,-0.45264355662322353,1.9002480914529196,0.0,-0.45019388137201,1.902847599362304,0.0
-0.4099880289839692,1.8867156796035978,0.0,-0.4141952728241117,1.8972324777886944,0.0,-0.4189362478756021,1.9058786769111495,0.0,-0.42190457418455907,1.9132287285040384,0.0,-0.4234136527925518,1.919122958769833,0.0,-0.43004447439404514,1.9071127416917875,0.0,-0.4330861891448481,1.9188764365583664,0.0,-0.43009208805524685,1.9243935616413674,0.0,-0.4262210698270782,1.926949196088582,0.0,-0.43011113054269656,1.9065011446299107,0.0,-0.4326620994950535,1.9177307393818364,0.0,-0.429510276312124,1.9230917035480433,0.0,-0.42563706346957814,1.9258602478723428,0.0,-0.42750137381830505,1.906036093729294,0.0,-0.43003315739103454,1.916487065689197,0.0,-0.42743356638490876,1.9215257420504868,0.0,-0.42404957404214744,1.9241777266224245,0.0,-0.42461104385604853,1.9079895413519352,0.0,-0.42677537860588133,1.9168614195171856,0.0,-0.4253382531447309,1.9216464224106051,0.0,-0.4228918937724094,1.9242490510873116,0.0
-0.3982919603360904,1.889634678361112,0.0,-0.4024567298946916,1.900168369040082,0.0,-0.40717899153386766,1.9088248029891839,0.0,-0.4101425434057574,1.9161767809405377,0.0,-0.41165713655197606,1.9220695965895072,0.0,-0.4183120901416902,1.9100673861328137,0.0,-0.42135974292027784,1.9218295440164843,0.0,-0.4183682120510579,1.9273480631633875,0.0,-0.41449815090509173,1.9299051467124893,0.0,-0.4183890769012293,1.9094465371436071,0.0,-0.420943239553643,1.9206754059215998,0.0,-0.4177957383160132,1.926038908706807,0.0,-0.41392619294032656,1.928812576672656,0.0,-0.4157896998934783,1.9089692267048561,0.0,-0.418321067944802,1.9194202993174907,0.0,-0.415723998199971,1.9244602756679743,0.0,-0.41234364523217354,1.927116897612995,0.0,-0.4129128546259099,1.910909997578514,0.0,-0.4150761070591464,1.9197821397098414,0.0,-0.41364100083690314,1.924567748596075,0.0,-0.4111979581943546,1.927173490880732,0.0
-0.41835405760984307,1.869238875352757,0.0,-0.4224762070158944,1.8797893174795428,0.0,-0.42717973103562223,1.8884559468993254,0.0,-0.4301385119824241,1.8958098461917698,0.0,-0.43165861605754546,1.9017012426537396,0.0,-0.43833781088015017,1.8897071617868557,0.0,-0.44139139624749174,1.9014677809008134,0.0,-0.43840243817994246,1.906987693960515,0.0,-0.43453333490530527,1.9095462266260865,0.0,-0.4384251748319216,1.8890770732575035,0.0,-0.4409825313418152,1.9003052150703623,0.0,-0.43783935803896856,1.9056712553009307,0.0,-0.4339734873238179,1.9084500426287079,0.0,-0.4358362060945709,1.8885875221693353,0.0,-0.4383671585918178,1.8990386954251235,0.0,-0.43577261215707364,1.9040799712230647,0.0,-0.43239590436891273,1.9067412248485271,0.0,-0.43297283616110577,1.8905156484000396,0.0,-0.4351350073661143,1.8993880540923314,0.0,-0.43370191798764984,1.9041742673256141,0.0,-0.43126219290276263,1.9067831160597366,0.0
-0.31738554639153216,1.63936712481708,0.0,-0.3214649312845235,1.6499341756682542,0.0,-0.32614969373340763,1.6586109610465796,0.0,-0.3291037072696614,1.6659667766724775,0.0,-0.33062931865279666,1.6718567493870968,0.0,-0.3373328625540419,1.6598709225684651,0.0,-0.34039237507373665,1.6716300011327516,0.0,-0.33740599239108143,1.6771513079517002,0.0,-0.33353784777702455,1.6797112897476016,0.0,-0.33743065011228907,1.6592316071781787,0.0,-0.3399912006362595,1.6704590210345645,0.0,-0.3368523612602509,1.6758275975255372,0.0,-0.3329901723823623,1.6786114999072286,0.0,-0.334852118031092,1.6587298344527401,0.0,-0.3373826549416425,1.669181108342088,0.0,-0.33479063386616864,1.6742236830432946,0.0,-0.3314175770390268,1.6768895626329487,0.0,-0.3320022140310256,1.66064534806887,0.0,-0.33416330509463205,1.669518016917823,0.0,-0.33273223016805265,1.674304832857008,0.0,-0.33029582344594166,1.6769167808832544,0.0
-0.32846152263425,1.6420975258181196,0.0,-0.3324980001941951,1.6526810410046977,0.0,-0.33716397737755177,1.6613679426749361,0.0,-0.3401132270201824,1.6687256696364383,0.0,-0.34164434207887107,1.6746142140532163,0.0,-0.3483723414763499,1.6626367672197369,0.0,-0.3514377757146694,1.674394303461219,0.0,-0.34845397100201453,1.679917003883383,0.0,-0.3445867858378525,1.6824784348226607,0.0,-0.34848059888627814,1.66198823793875,0.0,-0.35104434358011505,1.6732149228471809,0.0,-0.34790984412548953,1.6785860344022279,0.0,-0.3440513442444661,1.681375047501411,0.0,-0.3459125316789308,1.661474262710518,0.0,-0.348442652970105,1.6719256372238425,0.0,-0.3458531593034113,1.6769695102816329,0.0,-0.3424837591952376,1.679640010095657,0.0,-0.3430760841717923,1.6633771956628756,0.0,-0.3452360961791245,1.6722501272650327,0.0,-0.3438070333157385,1.6770375442735677,0.0,-0.3413739457387437,1.6796525844357895,0.0
-0.34318684974874714,1.6396505367179735,0.0,-0.34718027872520757,1.650250370198101,0.0,-0.3518274472060504,1.6589473483408044,0.0,-0.35477193647455985,1.6663069816497544,0.0,-0.35630855156509034,1.672194093228013,0.0,-0.3630611114193131,1.6602251537828594,0.0,-0.36613246194539917,1.671981145935168,0.0,-0.36315123778981173,1.6775052398020727,0.0,-0.3592850128649554,1.6800681198970095,0.0,-0.3631798847553999,1.6595674238711675,0.0,-0.36574682377412326,1.6707933788400118,0.0,-0.36261667023787864,1.6761670242514008,0.0,-0.3587618664960873,1.6789611437033116,0.0,-0.3606223104716493,1.6590412653957436,0.0,-0.36315201611073283,1.6694927405234665,0.0,-0.36056505190264565,1.674537911388663,0.0,-0.35719931424785983,1.6772130256637585,0.0,-0.357799309977915,1.6609316495574709,0.0,-0.35995824401247806,1.669804843510202,0.0,-0.35853119082669527,1.674592859956087,0.0,-0.3561014231543543,1.677210985099354,0.0
-0.34928737920740593,1.6396436254910343,0.0,-0.35323761994888025,1.650259629583011,0.0,-0.3578659565490118,1.6589666442275306,0.0,-0.36080568896555115,1.666328178905417,0.0,-0.36234780043306636,1.6722138531142965,0.0,-0.36912502421843607,1.660253549914311,0.0,-0.3722022856043256,1.6720079962178227,0.0,-0.36922364459486556,1.677533483368563,0.0,-0.3653583806988528,1.6800978126307256,0.0,-0.36925435938261303,1.6595866329205369,0.0,-0.3718244928804712,1.670811856958014,0.0,-0.36869869126204435,1.6761880350065952,0.0,-0.36484759078452195,1.6789872564182204,0.0,-0.366707305904239,1.659048310573553,0.0,-0.3692365958585373,1.6694998863060877,0.0,-0.3666521631592187,1.6745463544270256,0.0,-0.3632900936686521,1.6772260773765606,0.0,-0.3638977429057651,1.6609261777401914,0.0,-0.36605560004952525,1.669799633641671,0.0,-0.36463055415885387,1.6745882478974448,0.0,-0.3622041071279766,1.6772094508681639,0.0
-0.3519417349176957,1.6439658759454334,0.0,-0.35584864940129174,1.6545979013411112,0.0,-0.3604581312023816,1.6633149123672266,0.0,-0.3633931102916386,1.670678343445209,0.0,-0.3649407144700667,1.6765625757637213,0.0,-0.37174270414592236,1.6646110391063205,0.0,-0.3748258709664734,1.6763639378081676,0.0,-0.37184981569416065,1.681890818079385,0.0,-0.3679855136166455,1.6844565965196086,0.0,-0.37188264686564027,1.6639349488666941,0.0,-0.37445597499609135,1.6751594409808788,0.0,-0.37133453129733,1.6805381504360613,0.0,-0.36748714119166803,1.6833424693862038,0.0,-0.36934614190635695,1.6633844821427846,0.0,-0.3718750161431911,1.673836158470537,0.0,-0.3692931170031425,1.6788839232930666,0.0,-0.36593472136395994,1.6815682491071926,0.0,-0.36655000684660594,1.6652498640324307,0.0,-0.36870678817997377,1.6741235814816409,0.0,-0.3672837472050621,1.67891279192438,0.0,-0.3648606215298279,1.6815370655704354,0.0
-0.35559745564686973,1.651092206536278,0.0,-0.3594609075076074,1.6617401023150802,0.0,-0.3640515118522018,1.6704670694546646,0.0,-0.36698174114131504,1.6778323919735905,0.0,-0.36853483435336637,1.6837151778906532,0.0,-0.3753616903353263,1.671772539500146,0.0,-0.37845075716821086,1.6835238888542075,0.0,-0.3754772902260019,1.6890521620800731,0.0,-0.3716139507567375,1.6916193897084355,0.0,-0.37551228616167925,1.6710872901374216,0.0,-0.37808880907738934,1.6823110493362456,0.0,-0.37497172930251027,1.6876922889559658,0.0,-0.3711280566587261,1.6905017009952898,0.0,-0.3729863572670888,1.670524698649157,0.0,-0.3755148157537712,1.6809764755625316,0.0,-0.3729354522238178,1.6860255365300083,0.0,-0.3695807360994232,1.6887144593757573,0.0,-0.3702036405514461,1.67237762690257,0.0,-0.37235934715323954,1.681251605499308,0.0,-0.3709383087178817,1.6860414105106165,0.0,-0.36851850508989903,1.6886687476814726,0.0
-0.3602194995705276,1.6558178435363997,0.0,-0.3640393541301998,1.6664814571799738,0.0,-0.36861105862269744,1.6752183400186798,0.0,-0.37153654164125915,1.6825855490290635,0.0,-0.3730951201985139,1.688466884043512,0.0,-0.37994694133009477,1.6765332770568384,0.0,-0.3830419027558427,1.6882830753237177,0.0,-0.3800710267386404,1.6938127413359325,0.0,-0.3762086506674802,1.696381418161758,0.0,-0.3801082356360245,1.6758388829791286,0.0,-0.3826879534888746,1.6870619082703793,0.0,-0.3795752436444258,1.692445676801072,0.0,-0.37573529553484447,1.6952601774521638,0.0,-0.3775929101836215,1.6752641864559206,0.0,-0.38012095288745384,1.6857160639453204,0.0,-0.37754412701873463,1.6907664204985995,0.0,-0.3741930960486838,1.6934599345199892,0.0,-0.3748236021798162,1.677104692636579,0.0,-0.37697823512726764,1.6859789319814544,0.0,-0.3755591968583837,1.6907693299474444,0.0,-0.37314271594673004,1.6933997234942304,0.0
-0.3620158740587275,1.6553116320947705,0.0,-0.36579199835457565,1.665990809502173,0.0,-0.37034478086221184,1.6747375674811134,0.0,-0.37326552114226924,1.6821066580431179,0.0,-0.37482958134524896,1.6879865376637195,0.0,-0.3817064648696745,1.6760620966156596,0.0,-0.3848073154716957,1.687810342062669,0.0,-0.3818390329763565,1.693341400690463,0.0,-0.3779776210932614,1.695911526722333,0.0,-0.3818785028481741,1.6753585725152675,0.0,-0.384461415789262,1.6865808629065882,0.0,-0.3813530818840913,1.691967159083162,0.0,-0.37751686536323253,1.6947867438405977,0.0,-0.3793738080473442,1.6747717908022832,0.0,-0.38190143493562856,1.6852237688581082,0.0,-0.37932714877959595,1.690275420435544,0.0,-0.3759798085795172,1.6929735197536937,0.0,-0.37661789908584314,1.6765999063964587,0.0,-0.37877145945461943,1.6854744060908875,0.0,-0.37735441898224736,1.6902653954021654,0.0,-0.3749412614335278,1.6928988381777763,0.0
-0.3600851098108907,1.6529472500921853,0.0,-0.3638173726241557,1.663641835595569,0.0,-0.368351211277975,1.672398428013007,0.0,-0.3712672123539942,1.679769395196439,0.0,-0.3728367504921898,1.68564781494192,0.0,-0.3797387920243991,1.6737326757497766,0.0,-0.38284552638898084,1.6854793666509265,0.0,-0.3798798400143102,1.6910118177210514,0.0,-0.37601939310934657,1.6935833929668027,0.0,-0.37992161868670377,1.6730200366020374,0.0,-0.3825077268663403,1.6842415911009285,0.0,-0.3794037749115633,1.6896304136467397,0.0,-0.37557129701602815,1.6924550779771528,0.0,-0.3774275815787069,1.6724211896591363,0.0,-0.3799547926187468,1.682873268271782,0.0,-0.3773830482271645,1.6879262143092253,0.0,-0.3740394043886801,1.6906288930224704,0.0,-0.3746850619530526,1.6742369460759943,0.0,-0.37683755081725956,1.6831117057221956,0.0,-0.37542250577455993,1.6879032847738498,0.0,-0.37301267221297485,1.6905397696330549,0.0
-0.35724746481112474,1.6530822807700738,0.0,-0.36093573669534407,1.6637921171509222,0.0,-0.3654506098911453,1.6725585031639743,0.0,-0.3683618752999693,1.679931342048282,0.0,-0.36993688765187,1.6858082974473532,0.0,-0.3768641811507894,1.6739025973950907,0.0,-0.3799767938670983,1.6856477320310794,0.0,-0.3770137062138414,1.6911815753677983,0.0,-0.3731542250771777,1.6937545998345187,0.0,-0.3770578413245788,1.6731808584572012,0.0,-0.37964714489228624,1.6844016760710216,0.0,-0.3765475809012515,1.6897930236978482,0.0,-0.37271884864960436,1.692622763039991,0.0,-0.37457448878253846,1.6725699663578704,0.0,-0.3771012839416365,1.683022145517729,0.0,-0.37453208336657284,1.6880763854485241,0.0,-0.37119214145721685,1.6907836376325274,0.0,-0.3718453487496918,1.6743733949295667,0.0,-0.3739967671818697,1.6832484141305637,0.0,-0.37258371520512934,1.6880405813221535,0.0,-0.37017720623253714,1.6906801011216992,0.0
-0.3556252473131308,1.6552134754970436,0.0,-0.3592694006221177,1.6659384040029623,0.0,-0.3637652870213758,1.6747145426293153,0.0,-0.3666718203021991,1.6820892483035805,0.0,-0.3682523031353414,1.6879647348949578,0.0,-0.3752049408764401,1.6760686126167974,0.0,-0.37832342653653594,1.6878121892749967,0.0,-0.375362940207377,1.6933474247000797,0.0,-0.37150442562928265,1.6959218983941067,0.0,-0.3754094792040698,1.6753377894266128,0.0,-0.3780019783085828,1.6865578691625802,0.0,-0.3749068082968351,1.6919517405705937,0.0,-0.37108182868948814,1.6947865503354023,0.0,-0.3729368379329811,1.674714872356896,0.0,-0.3754632171784354,1.6851671520543574,0.0,-0.37289656247225844,1.6902226853093376,0.0,-0.36956032803539457,1.6929345050171993,0.0,-0.37022106771368385,1.6765060043386637,0.0,-0.37237141678480834,1.685381282698281,0.0,-0.3709603555134342,1.6901740364338225,0.0,-0.36855717170940916,1.6928165840325293,0.0
-0.35463025458403163,1.6558616021670707,0.0,-0.35823016349956727,1.66660146252912,0.0,-0.3627070420303404,1.6753873126487555,0.0,-0.36560884672468813,1.682763880211683,0.0,-0.3671947962957068,1.6886378935441073,0.0,-0.37417286884383216,1.6767514890075845,0.0,-0.37729722204268185,1.6884935059820259,0.0,-0.374339339642245,1.6940301333147454,0.0,-0.37048179241308893,1.6966060562416658,0.0,-0.3743883297805809,1.6760115973824004,0.0,-0.3769840245698463,1.6872309382475914,0.0,-0.3738932545550927,1.6926273321253311,0.0,-0.37007203457419197,1.6954672076959925,0.0,-0.37192642631732453,1.67537667563983,0.0,-0.374452389616431,1.6858290558652806,0.0,-0.3718882828318026,1.6908858818727652,0.0,-0.3685557613865459,1.6936022631351375,0.0,-0.3692240160964616,1.6771555422100677,0.0,-0.37137329687594955,1.6860310793329298,0.0,-0.3699642239524649,1.6908244180208822,0.0,-0.36756436587435715,1.6934699862797447,0.0
-0.35342162316015485,1.654074095350241,0.0,-0.3569771637194083,1.6648287258007946,0.0,-0.3614350135772285,1.6736242461577222,0.0,-0.3643320932289291,1.6810026707176318,0.0,-0.3659235057836006,1.6868752063498902,0.0,-0.37292710196609624,1.674998660838389,0.0,-0.3760573173015827,1.6867391164297498,0.0,-0.3731020414364272,1.6922771354868733,0.0,-0.3692454623466801,1.6948545076515265,0.0,-0.3731535297784222,1.6742497168737105,0.0,-0.37575242039959955,1.6854683178750618,0.0,-0.37266605640167355,1.690867232899408,0.0,-0.36884860301098454,1.6937121696314272,0.0,-0.3707023904917796,1.6736028108662448,0.0,-0.3732279378118338,1.6840552916100677,0.0,-0.3706663810017059,1.6891134097958596,0.0,-0.3673375780428437,1.6918343466210604,0.0,-0.36801333041873,1.6753694431266095,0.0,-0.3701615439744442,1.6842452386181372,0.0,-0.36875445704448845,1.6890391606713904,0.0,-0.3663579252274868,1.6916877424536767,0.0
-0.35314559692586284,1.6520535066624265,0.0,-0.3566566470485081,1.66282274395356,0.0,-0.3610954476972511,1.6716278931575608,0.0,-0.36398780585240686,1.6790081698323798,0.0,-0.3655846776256897,1.6848792233333287,0.0,-0.37261388450582483,1.673012679428085,0.0,-0.3757499565787533,1.6847515719436772,0.0,-0.3727972898573719,1.6902909825394608,0.0,-0.3689416796976024,1.6928698039459342,0.0,-0.37285132326963427,1.6722546994963832,0.0,-0.375453409869093,1.6834725596406925,0.0,-0.37237145790992177,1.6888739944768418,0.0,-0.3685577780547159,1.6917239876981094,0.0,-0.37041097436030784,1.6715958297413471,0.0,-0.3729361056686038,1.6820484109939224,0.0,-0.37037710088621445,1.6871078207813046,0.0,-0.3670520218841294,1.6898333071554323,0.0,-0.3677352545492898,1.6733502587168503,0.0,-0.3698824019475406,1.68222631218326,0.0,-0.36847729865986784,1.6870208160191213,0.0,-0.366084093617063,1.6896724041904732,0.0
-0.35530115881471985,1.650782610451551,0.0,-0.35876759832972266,1.6615662898739605,0.0,-0.3631873295024597,1.670381026402339,0.0,-0.36607496970941916,1.6777631503195953,0.0,-0.36767729692549794,1.6836327172681806,0.0,-0.3747321997762185,1.6717763188297625,0.0,-0.37787412319032726,1.683513646583519,0.0,-0.37492406822314334,1.689054448529702,0.0,-0.3710694277840178,1.691634719181332,0.0,-0.3749806933751511,1.6710093195792144,0.0,-0.37758597609847233,1.6822264378731404,0.0,-0.3745084422020393,1.6876303911745776,0.0,-0.3706985428089802,1.6904854361854385,0.0,-0.372551160875794,1.6703385067022396,0.0,-0.37507587613962295,1.680791188453944,0.0,-0.37251942543848987,1.6858518892636765,0.0,-0.36919807583908165,1.6885819191507243,0.0,-0.36988877140621385,1.6720807633413421,0.0,-0.3720348537117608,1.6809570743896436,0.0,-0.3706317317182378,1.6857521584298258,0.0,-0.3682418539406837,1.6884067458583565,0.0
-0.3587893445126712,1.6493489356635587,0.0,-0.3622110551847355,1.6601468910660018,0.0,-0.3666116968845638,1.6689711732653498,0.0,-0.3694946226938961,1.676355139562162,0.0,-0.37110240156622704,1.6822232155474401,0.0,-0.37818308384424704,1.6703771076967078,0.0,-0.38133085320621724,1.6821128690091693,0.0,-0.3783834126055815,1.6876550621149675,0.0,-0.3745297426778634,1.6902367820143378,0.0,-0.3784426759679787,1.669601106049918,0.0,-0.3810511549599537,1.6808174814999817,0.0,-0.3779780451522632,1.6862239519084536,0.0,-0.3741719331292942,1.6890840439817767,0.0,-0.3760239857432287,1.6689183707838866,0.0,-0.3785482849298799,1.6793711530250937,0.0,-0.3759943903637963,1.68443314427541,0.0,-0.37267677558840606,1.687167711617381,0.0,-0.37337491666002776,1.6706484859585928,0.0,-0.3755199349360834,1.679525054196587,0.0,-0.3741187918916871,1.6843207168671945,0.0,-0.37173224184846454,1.6869782964235869,0.0
-0.3612936499565759,1.6471847264862358,0.0,-0.3646705155122429,1.6579967902954915,0.0,-0.3690520480130995,1.6668305763834572,0.0,-0.37193026297756754,1.674216380206528,0.0,-0.37354348970892354,1.6800829608276862,0.0,-0.3806500330291626,1.6682472899262377,0.0,-0.3838036429486279,1.6799814831245399,0.0,-0.380858819328818,1.68552506719664,0.0,-0.3770061207033662,1.688108236345582,0.0,-0.3809207671717203,1.6674623030789475,0.0,-0.383532442576351,1.6786779346915324,0.0,-0.3804637628853933,1.684086920837023,0.0,-0.37666144512162436,1.6869520552182697,0.0,-0.3785129449182404,1.6667676662629383,0.0,-0.38103682799500205,1.6772205489840186,0.0,-0.37848549161803147,1.682283830090623,0.0,-0.37517161706336577,1.685022928807647,0.0,-0.3758771862322398,1.668485670768892,0.0,-0.3780211415404729,1.6773624958051692,0.0,-0.37662197510328865,1.6821587355366856,0.0,-0.3742387532415673,1.6848193000942886,0.0
-0.3622416733034418,1.6443585603471558,0.0,-0.3655735794568286,1.6551845635884952,0.0,-0.36993598330428445,1.6640278116555631,0.0,-0.3728094909788179,1.6714154481611698,0.0,-0.37442816176133187,1.6772805290275472,0.0,-0.3815606458717154,1.6654554426576564,0.0,-0.38472009096127097,1.6771880660755163,0.0,-0.38177788693848613,1.682733040918069,0.0,-0.37792616040625526,1.6853176593176615,0.0,-0.38184256532980837,1.664661488077437,0.0,-0.3844574372903059,1.6758763748587902,0.0,-0.38139319374602076,1.6812878753594935,0.0,-0.3775946771116174,1.6841580472667903,0.0,-0.3794456365763325,1.6639549706556738,0.0,-0.3819691035104908,1.6744079538469945,0.0,-0.37942032737696235,1.6794725242230586,0.0,-0.3761101984150184,1.682216148213507,0.0,-0.37682317826457395,1.6656608952122571,0.0,-0.3789660716651121,1.6745379766561952,0.0,-0.37756887949633167,1.6793347918834702,0.0,-0.3751889862414342,1.6819983343183966,0.0
-0.36307577360641174,1.642671910194491,0.0,-0.3663626080845718,1.6535116825126557,0.0,-0.37070586409660533,1.6623643505239352,0.0,-0.3735746680382738,1.6697538148779218,0.0,-0.37519877905348403,1.6756173916090293,0.0,-0.382357281810121,1.663803038553079,0.0,-0.3855225566853326,1.6755340905307827,0.0,-0.3825829748776931,1.681080455945397,0.0,-0.3787322212297314,1.6836665235959647,0.0,-0.382650429681486,1.6630001339780112,0.0,-0.3852684983402714,1.6742142749342437,0.0,-0.3822086969745122,1.679628288396538,0.0,-0.37841398832058376,1.6825034930207474,0.0,-0.3802644197888708,1.6622817569988135,0.0,-0.38278747054771023,1.6727348406507385,0.0,-0.3802412567122134,1.6778006997068982,0.0,-0.3769348786902053,1.6805488428475015,0.0,-0.37765525179495646,1.6639756322492443,0.0,-0.379797084346389,1.6728529697110064,0.0,-0.3784018641103087,1.6776503588732437,0.0,-0.3760252998657751,1.6803168720644663,0.0
-0.3651429289667204,1.6433821814375353,0.0,-0.3683845815346113,1.6542355511182176,0.0,-0.37270867080236497,1.6630975969152384,0.0,-0.3755727745703521,1.670488884293008,0.0,-0.3772023219892442,1.6763509525185485,0.0,-0.38438691933199687,1.6645474827379652,0.0,-0.3875580186114101,1.6762769616223545,0.0,-0.38462106163895415,1.6818247174080911,0.0,-0.3807712816664027,1.684412234309204,0.0,-0.38469133851375986,1.6637356461753023,0.0,-0.38731260401246276,1.6749490403123901,0.0,-0.3842572508589603,1.6803655653308118,0.0,-0.3804663570174486,1.6832457978356041,0.0,-0.38231627267504337,1.6630054307900397,0.0,-0.38483890722584585,1.67345861489293,0.0,-0.38229525774322654,1.6785257620372827,0.0,-0.378992635983512,1.6812784181832485,0.0,-0.3797203849094734,1.6646872873014715,0.0,-0.3818611576688541,1.6735648803920042,0.0,-0.3804679070328723,1.6783628419327479,0.0,-0.3780946721805238,1.6810323187621956,0.0
-0.3681003223369494,1.6455506838490979,0.0,-0.37129668482199807,1.6564174778409173,0.0,-0.3756015887105127,1.6652888591434343,0.0,-0.3784609958660889,1.6726819647299394,0.0,-0.3800959758491432,1.6785425200898283,0.0,-0.38730674177759855,1.6667500847035248,0.0,-0.39048366008274826,1.6784779888479844,0.0,-0.38754933056742924,1.6840271348013505,0.0,-0.3837005250615213,1.686616100951824,0.0,-0.3876224749646511,1.6659293344283446,0.0,-0.39024693744411026,1.677141980752129,0.0,-0.3871960385384366,1.6825610159093471,0.0,-0.3834089663220051,1.6854462714312737,0.0,-0.38525837820511505,1.6651873018903918,0.0,-0.3877805965151615,1.6756405864346051,0.0,-0.3852395134405157,1.6807090210727058,0.0,-0.381940653240523,1.683466184057835,0.0,-0.38267576054562463,1.6668571701540127,0.0,-0.3848154745684748,1.6757350184850441,0.0,-0.3834241912030903,1.6805335508521668,0.0,-0.3810542861030937,1.6832059842048195,0.0
-0.37058010689442966,1.6472102492375633,0.0,-0.3737310732106817,1.6580902931745294,0.0,-0.37801677335961276,1.6669709675823348,0.0,-0.3808714874661097,1.6743658865720696,0.0,-0.38251189616334436,1.6802249247164538,0.0,-0.38974890271320245,1.6684436759787897,0.0,-0.39293163466862197,1.680170003743234,0.0,-0.3899999352343053,1.685720539658176,0.0,-0.3861521049863656,1.6883109550560695,0.0,-0.3900759923965941,1.6676140305326272,0.0,-0.39270365199685614,1.6788259280488158,0.0,-0.38965721337638837,1.684247471915606,0.0,-0.385873969578313,1.6871377455641725,0.0,-0.3877228895738343,1.6668602021963228,0.0,-0.39024469161040326,1.6773135871722136,0.0,-0.3877061769990729,1.6823833087070725,0.0,-0.38441108363122994,1.6851449723438794,0.0,-0.3851535318657261,1.6685181126274582,0.0,-0.3872921882060373,1.6773962158114961,0.0,-0.385902869784847,1.6821953174571858,0.0,-0.3835362947757796,1.6848707002211687,0.0
-0.3715846766533795,1.6459384327940845,0.0,-0.3746901428252162,1.6568315510185436,0.0,-0.37895662114953066,1.6657214760132864,0.0,-0.3818066457723143,1.6731182036102783,0.0,-0.38345247932333026,1.6789757201995559,0.0,-0.3907157965432229,1.6672058114778168,0.0,-0.3939043367764532,1.6789305612286771,0.0,-0.39097527004891447,1.6844824868965744,0.0,-0.38712841585035757,1.6870743515391917,0.0,-0.3910542850085695,1.6663672896672879,0.0,-0.39368514186888925,1.6775784373814548,0.0,-0.3906431695727708,1.6830024885166723,0.0,-0.38686376096682995,1.6858977753744144,0.0,-0.3887122008125695,1.6656016869868961,0.0,-0.3912335865429381,1.6760551723848156,0.0,-0.38869764245050653,1.681126180216895,0.0,-0.38540632116216955,1.6838923382967241,0.0,-0.38615609286904723,1.6672476699251084,0.0,-0.388293692579284,1.6761260275754386,0.0,-0.3869063367789816,1.6809256969561863,0.0,-0.3845430921778964,1.6836040220228654,0.0
-0.37095661204779634,1.6405445039230846,0.0,-0.37401647623321077,1.65145051950914,0.0,-0.378263714923864,1.6603496524561532,0.0,-0.3811090536303091,1.6677481838739536,0.0,-0.38276030816433454,1.6736041745787935,0.0,-0.39005000409308577,1.6618457603302008,0.0,-0.3932443472346836,1.6735689304404122,0.0,-0.39031791584160613,1.6791222456500723,0.0,-0.38647203848393585,1.6817155595339597,0.0,-0.39039993341899276,1.6609983812256082,0.0,-0.3930339876778321,1.6722087781431958,0.0,-0.38999648774693846,1.6776353350937518,0.0,-0.38622092108730455,1.6805356302163101,0.0,-0.38806889237220504,1.6602210257542827,0.0,-0.3905898617636484,1.670674611564579,0.0,-0.38805649024593386,1.6757469050917897,0.0,-0.3847689462593175,1.6785175513849362,0.0,-0.38552602397470215,1.6618551114634754,0.0,-0.3876625681058054,1.6707337231941588,0.0,-0.3862771726061783,1.6755339587707458,0.0,-0.38391725870866966,1.6782152190348205,0.0
-0.3695208048396483,1.6329671750283916,0.0,-0.3725349673530644,1.6438859098057907,0.0,-0.3767629488776577,1.6527942079559255,0.0,-0.37960360523712117,1.6601945384176018,0.0,-0.3812602768730561,1.666048998918963,0.0,-0.3885764175173993,1.65430223466722,0.0,-0.39177655820094714,1.6660238235162086,0.0,-0.38885276477191794,1.6715785280538593,0.0,-0.38500786504672607,1.6741732911748057,0.0,-0.3889378295739009,1.6534460176011478,0.0,-0.39157508136892955,1.6646556627274658,0.0,-0.38854205984582935,1.6700847240283003,0.0,-0.3847703418669591,1.6729900224444945,0.0,-0.38661785603133364,1.6526569309898973,0.0,-0.3891384090511251,1.6631106172029153,0.0,-0.3866076121641771,1.6681841958206136,0.0,-0.3833238506762849,1.6709593240764424,0.0,-0.38408821692984185,1.6542791496584186,0.0,-0.38622370653123095,1.6631580150842902,0.0,-0.3848402690151588,1.667958815321776,0.0,-0.3824836860954286,1.6706430036813729,0.0
-0.3691829934935789,1.6267696600816572,0.0,-0.372151356828205,1.637700934660137,0.0,-0.37636006393162114,1.646618355151605,0.0,-0.3791960415154165,1.6540204798897313,0.0,-0.3808581263618781,1.659873405878882,0.0,-0.38820077567463857,1.6481384481902654,0.0,-0.39140670853675336,1.6598584541639345,0.0,-0.3884855557032618,1.6654145478132187,0.0,-0.3846416344022279,1.6680107601662557,0.0,-0.38857371212165437,1.6472734127561586,0.0,-0.3912141615897481,1.658482305096386,0.0,-0.3881856245186676,1.6639138692704427,0.0,-0.3844177619351947,1.6668241659823502,0.0,-0.3862648302709619,1.6464726167528172,0.0,-0.38878496688637315,1.6569264033588986,0.0,-0.38625674668646715,1.6620012664598836,0.0,-0.3829767728690229,1.6647808704069493,0.0,-0.3837484101843573,1.6480829984935632,0.0,-0.38588284630393344,1.65696211723023,0.0,-0.3845013644573859,1.661763480597939,0.0,-0.3821481127683084,1.664450589954704,0.0
-0.3710528743485902,1.6236603051359402,0.0,-0.37397534319829,1.6346039389300235,0.0,-0.378164758903312,1.6435304387902439,0.0,-0.38099606128468355,1.6509343530468932,0.0,-0.3826635554400505,1.6567857402254287,0.0,-0.3900327752988095,1.6450627466844339,0.0,-0.3932444949791513,1.6567811681751523,0.0,-0.39032598537458535,1.6623386507171212,0.0,-0.3864830432894747,1.6649363122965208,0.0,-0.3904172775846149,1.6441889127351648,0.0,-0.3930609248618568,1.65539705129435,0.0,-0.3900368782886404,1.6608311168525511,0.0,-0.386272877795268,1.6637464068355832,0.0,-0.3881195114461964,1.6433764291833632,0.0,-0.39063923162449693,1.6538303161728465,0.0,-0.388113590168129,1.6589064631473565,0.0,-0.38483740916750964,1.6616905364935246,0.0,-0.38561630006256287,1.6449750040338844,0.0,-0.38774968374671215,1.6538543756977233,0.0,-0.38637015525874596,1.6586563006692332,0.0,-0.38402023503193555,1.661346323928424,0.0
-0.3741477811296424,1.6228287909054295,0.0,-0.3770242624103147,1.633784602159664,0.0,-0.3811943700182232,1.6427201383071182,0.0,-0.38402100077231965,1.6501258373338523,0.0,-0.38569390032477696,1.6559756814137145,0.0,-0.3930897505110275,1.6442648105982618,0.0,-0.39630725165230835,1.6559816460048502,0.0,-0.3933913879119523,1.6615405172179571,0.0,-0.3895494258346158,1.6641396280172331,0.0,-0.3934858598707426,1.643382198244684,0.0,-0.3961327050924211,1.654589582027746,0.0,-0.3931131550644956,1.6600261474689655,0.0,-0.389353023335889,1.6629464256719455,0.0,-0.3911992332978433,1.6425580490828249,0.0,-0.39371853700630083,1.6530120364460454,0.0,-0.39119547635018287,1.6580894666817552,0.0,-0.38792309328735164,1.660878003114323,0.0,-0.38870922027479626,1.644144847005431,0.0,-0.3908415525683912,1.653024471213587,0.0,-0.38946397513114955,1.6578269562667156,0.0,-0.3871173865770273,1.6605198863372934,0.0
-0.37689035618481903,1.623580193845836,0.0,-0.37972075905527347,1.6345479996604642,0.0,-0.38387154214642333,1.6434925289065576,0.0,-0.3866935048502731,1.650900007964419,0.0,-0.388371805877857,1.656748304667915,0.0,-0.39579434405666264,1.6450497161241266,0.0,-0.3990176213046558,1.6567649638518445,0.0,-0.3961044060656877,1.6623252235119392,0.0,-0.3922634247880606,1.664925783523845,0.0,-0.39620210151075597,1.6441583457336142,0.0,-0.3988521448113655,1.6553649737453429,0.0,-0.3958370973777011,1.6608040375563824,0.0,-0.3920808410683816,1.663729298901625,0.0,-0.393926638189576,1.6433225529938496,0.0,-0.39644552539545697,1.6537766407211394,0.0,-0.39392504759651126,1.6588553536031572,0.0,-0.39065646756695044,1.661648346788974,0.0,-0.3914498131545812,1.644897603875717,0.0,-0.3935810951009856,1.6537774802461014,0.0,-0.39220546640969467,1.6585805238628946,0.0,-0.3898622097175551,1.6612763536576152,0.0
-0.3793591915571475,1.6270131449920124,0.0,-0.38214342743946517,1.6379927613490661,0.0,-0.3862748698738433,1.6469462403999946,0.0,-0.389092168106328,1.6543554947594974,0.0,-0.3907758666769715,1.660202239819317,0.0,-0.39822514837714035,1.648516094035876,0.0,-0.401454196380688,1.660229752496409,0.0,-0.3985436322821767,1.665791400376731,0.0,-0.39470363259627766,1.6683934095932593,0.0,-0.39864459472994923,1.6476159862308513,0.0,-0.4012978362431894,1.6588218574759077,0.0,-0.39828729745426245,1.6642634181314708,0.0,-0.39453492319850114,1.6671936575148616,0.0,-0.3963803181797578,1.646768572038063,0.0,-0.3988987888503263,1.6572227601197511,0.0,-0.39638089596568077,1.6623027550306149,0.0,-0.393116124039328,1.6651001986162055,0.0,-0.39391667073045056,1.648331905691342,0.0,-0.39604690337152054,1.65721203384263,0.0,-0.3946732211244877,1.6620156345093493,0.0,-0.39233329646256615,1.664714356944853,0.0
-0.3824594536321427,1.634873295298683,0.0,-0.38519743623150876,1.6458645370884917,0.0,-0.38930952214927195,1.6548269225471144,0.0,-0.3921221594911011,1.6622379474882358,0.0,-0.3938112516626782,1.66808313664747,0.0,-0.40128733025746427,1.6564095950295676,0.0,-0.40452214366848754,1.668121662641014,0.0,-0.40161423335138924,1.673684698512186,0.0,-0.39777521604931915,1.6762881569245696,0.0,-0.40171850609573245,1.6555007706860154,0.0,-0.40437494595450807,1.6667058841689335,0.0,-0.4013689218622627,1.6721499401316002,0.0,-0.3976204362739753,1.6750851524226749,0.0,-0.39946543966898607,1.6546417572567982,0.0,-0.40198349377150433,1.6650960456832102,0.0,-0.3994681878584881,1.670177322002886,0.0,-0.3962072290796701,1.6729792096145708,0.0,-0.39701495937348724,1.6561934034187211,0.0,-0.3991441437495745,1.665073782970351,0.0,-0.3977724056481863,1.6698779391774616,0.0,-0.39543581316372645,1.6725795471743639,0.0
-0.38392552661876833,1.6459596183551815,0.0,-0.3866171719427687,1.656962299403283,0.0,-0.39070988576475973,1.6659335477710009,0.0,-0.39351786579844583,1.673346338583171,0.0,-0.39521234761881674,1.67918996759533,0.0,-0.4027152743071577,1.6675291924382154,0.0,-0.40595584778066424,1.6792396676250743,0.0,-0.4030505938878211,1.6848040912550968,0.0,-0.3992125597617622,1.6874089988538055,0.0,-0.4031582199985884,1.6666116726841855,0.0,-0.40581785833500883,1.677816027409372,0.0,-0.40281635499281876,1.6832625771295737,0.0,-0.3990717646654599,1.6862027571715992,0.0,-0.40091638688105513,1.6657410823258334,0.0,-0.4034340243827839,1.676195471087292,0.0,-0.40092130749892096,1.681278028193169,0.0,-0.3976641668862913,1.6840843534371885,0.0,-0.39847906327828597,1.6672810706588241,0.0,-0.40060720042824144,1.676161701230994,0.0,-0.39923740417696113,1.680966411473152,0.0,-0.3969041439962829,1.683670897956132,0.0
-0.38265032087263023,1.6561656345615743,0.0,-0.38529554724999787,1.6671795676560208,0.0,-0.3893688736782429,1.676159635334661,0.0,-0.392172199988076,1.683574187316755,0.0,-0.393872067495132,1.6894162519457852,0.0,-0.40140189128343573,1.6777684064079237,0.0,-0.4046482194775288,1.6894772876010806,0.0,-0.4017456246536647,1.6950430987553249,0.0,-0.3979085744958796,1.6976494555300672,0.0,-0.40185664697526224,1.676842212622019,0.0,-0.40451948392064097,1.6880458075937543,0.0,-0.40152250738327133,1.6934948495097486,0.0,-0.39778181888973135,1.6964399921198052,0.0,-0.39962607018615154,1.6759600677315147,0.0,-0.40214329105434954,1.6864145568183393,0.0,-0.399633165257354,1.6914983940852282,0.0,-0.3963798478038302,1.694309150547866,0.0,-0.3972018927861467,1.6774884278232975,0.0,-0.399328983747322,1.6863693090369647,0.0,-0.3979611270536881,1.6911745718130051,0.0,-0.39563119928225615,1.6938819297108956,0.0
-0.38175089657384426,1.6674498397707465,0.0,-0.3843496246726471,1.678474836689792,0.0,-0.3884035486908324,1.6874636799834966,0.0,-0.3912022248628542,1.6948799884438244,0.0,-0.3929074740845638,1.700720484464127,0.0,-0.40046424176905354,1.6890857325399797,0.0,-0.4037163193449405,1.700793018176695,0.0,-0.400816386236658,1.7063602166178968,0.0,-0.3969803208394892,1.7089680225576187,0.0,-0.4009308473866263,1.6881508863498345,0.0,-0.4035968830714805,1.6993537205722735,0.0,-0.40060443939504864,1.7048052531101192,0.0,-0.3968676592875487,1.7077553530791825,0.0,-0.3987115497787238,1.687257209412841,0.0,-0.4012283539806481,1.6977117988153474,0.0,-0.3987208213284196,1.7027969156154767,0.0,-0.39547133200112017,1.7056120968631818,0.0,-0.39630050806294137,1.6887739707765521,0.0,-0.39842655387119263,1.6976551022534303,0.0,-0.397060634445815,1.7024609160663549,0.0,-0.3947340391683073,1.7051711383122303,0.0
-0.3802346455566796,1.6888519072355919,0.0,-0.38278679840194046,1.699887778775751,0.0,-0.38682130527586867,1.7088853538928712,0.0,-0.38961533489784816,1.7163034141491698,0.0,-0.3913259618523009,1.722142337345617,0.0,-0.3989097180019288,1.710520843838054,0.0,-0.4021675396239297,1.7222265323619492,0.0,-0.3992702708797087,1.7277951178502031,0.0,-0.3954351910355767,1.7304043729430862,0.0,-0.3993882132473198,1.7095773671187975,0.0,-0.40205744780137054,1.7207794395959701,0.0,-0.3990695430433081,1.7262334611695023,0.0,-0.39533667785329746,1.7291885132625255,0.0,-0.3971802175071269,1.708672180708654,0.0,-0.3996966050100328,1.7191268704171552,0.0,-0.3971916675606507,1.7242132661201686,0.0,-0.3939460113008347,1.7270328656996798,0.0,-0.39478230092875777,1.7101773727829528,0.0,-0.39690730261844803,1.7190587541455107,0.0,-0.39554331817500743,1.7238651175024753,0.0,-0.39322005545538324,1.7265781970337395,0.0
-0.3604224496351527,1.722781007432064,0.0,-0.36292795262588695,1.7338275634365339,0.0,-0.36694302790391325,1.7428338264915295,0.0,-0.3697324145653219,1.7502536338709518,0.0,-0.3714484152607743,1.756090980038905,0.0,-0.37905920220071476,1.7444829105312587,0.0,-0.3823227625362704,1.7561870003923037,0.0,-0.3794281608064641,1.7617569726850566,0.0,-0.3755940673078672,1.7643676769185195,0.0,-0.37954962655133745,1.743530825403971,0.0,-0.3822220601035088,1.7547321351397829,0.0,-0.3792387003225224,1.7601886441505883,0.0,-0.37550975656057517,1.7631486431065864,0.0,-0.37735295519921686,1.74261415218069,0.0,-0.3798689259703573,1.753068942185496,0.0,-0.37736658578207655,1.758156616158449,0.0,-0.37412476750508233,1.760980627596919,0.0,-0.3749681531834921,1.7441078043298697,0.0,-0.3770921117874942,1.7529894352013293,0.0,-0.37573006004273896,1.7577963466136324,0.0,-0.37341012992430883,1.7605122763721057,0.0
-0.3347712223480097,1.736036807579823,0.0,-0.33723000327367947,1.7470938569672514,0.0,-0.3412256327871275,1.7561087639825932,0.0,-0.3440103800791138,1.7635303138217002,0.0,-0.34573175051403393,1.769366078767026,0.0,-0.35336960830976305,1.757771599594804,0.0,-0.3566389020294434,1.7694740892493044,0.0,-0.35374696996627564,1.775045448101349,0.0,-0.34991386360578824,1.7776576014620449,0.0,-0.3538720010170107,1.756810928424955,0.0,-0.3565476336954295,1.7680114744231883,0.0,-0.35356882495146075,1.7734704692605794,0.0,-0.3498438091071749,1.7764354097927137,0.0,-0.35168667640733703,1.7558827911342236,0.0,-0.35420223041396376,1.7663376814256406,0.0,-0.3517024895452085,1.771426633032998,0.0,-0.34846451414039525,1.7742550498381184,0.0,-0.3493149783518325,1.7573649326483258,0.0,-0.35143789490153166,1.76624681265266,0.0,-0.3500777735752757,1.77105427063573,0.0,-0.3477611760807697,1.773773043567736,0.0
-0.32922937340277086,1.7449368818174709,0.0,-0.3316413624591358,1.7560042326110639,0.0,-0.33561753232269337,1.765027739519142,0.0,-0.33839764383805715,1.7724510271638934,0.0,-0.3401243800011711,1.7782852067029808,0.0,-0.34778934644314513,1.7667044849252411,0.0,-0.35106436822065884,1.7784053728358247,0.0,-0.34817510847822025,1.7839781179992926,0.0,-0.344342990048493,1.7865917204731108,0.0,-0.34830374653104695,1.7657352503211206,0.0,-0.3509825784630424,1.7769350315854349,0.0,-0.34800832681722954,1.7823965106264261,0.0,-0.34428724535912436,1.7853663874220895,0.0,-0.34612979085236106,1.7647956717933064,0.0,-0.3486449280617234,1.7752506623616382,0.0,-0.34614778857108247,1.78034089096527,0.0,-0.3429136609017706,1.7831737066253959,0.0,-0.3437711861273015,1.7662663318882323,0.0,-0.3458930616525977,1.7751484606501637,0.0,-0.3445348684677182,1.7799564637235474,0.0,-0.3422216035993565,1.7826780727799998,0.0
-0.3285481648636921,1.7563954273124422,0.0,-0.3309132946680571,1.7674728866693965,0.0,-0.3348699912801506,1.776504949314432,0.0,-0.33764547061332023,1.7839299701201754,0.0,-0.33937756848365613,1.7897625600799523,0.0,-0.34706967907259584,1.77819576345036,0.0,-0.3503504235847969,1.7898950480859646,0.0,-0.34746383881904425,1.7954691793103221,0.0,-0.34363270911280147,1.798084230882385,0.0,-0.3475961253364877,1.7772179882614976,0.0,-0.3502781566485915,1.7884170037954301,0.0,-0.3473084681632301,1.7938809654047132,0.0,-0.3435913275386444,1.7968557731256136,0.0,-0.34543356061165814,1.7762669914106537,0.0,-0.3479482809910043,1.7867220822462,0.0,-0.34545374493722547,1.7918135872053793,0.0,-0.34222346984063917,1.794650795189655,0.0,-0.34308803856021797,1.7777261992282802,0.0,-0.3452088740895296,1.7866085763732786,0.0,-0.3438526067719641,1.7914171230606284,0.0,-0.3415426745115262,1.794141561197116,0.0
-0.3268369716637771,1.7680425296556934,0.0,-0.32915517726962384,1.7791299038969415,0.0,-0.33309238731277346,1.7881704780369019,0.0,-0.33586323805977997,1.795597227368365,0.0,-0.3376006936067144,1.8014282235863142,0.0,-0.34531998153950383,1.7898755205238868,0.0,-0.3486064434664008,1.8015732003597467,0.0,-0.3457225363351515,1.8071487173917862,0.0,-0.3418923961451915,1.8097652180464503,0.0,-0.34585851254471806,1.7888892278394586,0.0,-0.34854374336266325,1.800087476646425,0.0,-0.3455786241011663,1.805553919176344,0.0,-0.34186543073615955,1.808533652458593,0.0,-0.3437073606311054,1.7879268356623361,0.0,-0.3462216641476819,1.7983820267553938,0.0,-0.34372973358966774,1.803474807426794,0.0,-0.34050331587687704,1.8063164011852777,0.0,-0.34137491056970926,1.7893746202706289,0.0,-0.3434947071299756,1.7982572454249097,0.0,-0.3421403634087213,1.8030663342539728,0.0,-0.33983376371761537,1.8057935944308445,0.0
-0.31901382239239673,1.7756465638632797,0.0,-0.3212850413033929,1.786743658503536,0.0,-0.32520275174454655,1.7957926998120544,0.0,-0.3279689775029991,1.8032211730433347,0.0,-0.3297117866863014,1.809050571367511,0.0,-0.33745828284250945,1.7975121309270687,0.0,-0.34075045686727296,1.8092082044447029,0.0,-0.33786923003020297,1.8147851070285375,0.0,-0.33404008014939685,1.8174030567493928,0.0,-0.3380089369230818,1.7965173440742939,0.0,-0.3406973673718028,1.8077148251575892,0.0,-0.3377368233986603,1.8131837469481158,0.0,-0.3340275836979116,1.816168400402315,0.0,-0.33586921951271026,1.795543579649354,0.0,-0.3383831061337608,1.805998870990217,0.0,-0.3358937831305627,1.8110929267279077,0.0,-0.3326712275864282,1.813938899691699,0.0,-0.33354983073133,1.7969799700424836,0.0,-0.33566858934801336,1.8058628428330064,0.0,-0.33431616695512295,1.8106724723356113,0.0,-0.3320128997744574,1.8134025475180613,0.0
-0.3029230886645872,1.7547477551879331,0.0,-0.3051472608479625,1.765854374966028,0.0,-0.30904545893881014,1.774911839034326,0.0,-0.31180706330787217,1.7823420315488812,0.0,-0.31355522207775005,1.7881698278379266,0.0,-0.3213289550067826,1.776645819680259,0.0,-0.3246268358157546,1.7883402853674566,0.0,-0.321748291934396,1.793918573244514,0.0,-0.31792013315568574,1.7965379720143821,0.0,-0.3218917702641767,1.7756425622227852,0.0,-0.32458340046780887,1.7868392745855843,0.0,-0.321627437848549,1.792310673964294,0.0,-0.31792215819525854,1.7953002421756226,0.0,-0.3197635088839083,1.7746574487092166,0.0,-0.3222769785766754,1.7851128402881755,0.0,-0.3197902651874878,1.7902081704436204,0.0,-0.31657157657060486,1.7930585160249861,0.0,-0.31745717064635953,1.7760824738076748,0.0,-0.31957489234344905,1.7849655938621407,0.0,-0.3182243890140293,1.7897757625741866,0.0,-0.3159244542646823,1.7925086457323378,0.0
-0.33884887377241063,1.716152003040266,0.0,-0.34102594167169664,1.7272679519497547,0.0,-0.3449046149489634,1.7363337942885677,0.0,-0.3476616015293271,1.7437657014792065,0.0,-0.349415105826473,1.749591891602366,0.0,-0.3572161017353623,1.7380824859641277,0.0,-0.36051968401806345,1.7497753423149367,0.0,-0.3576438257558009,1.7553550152239528,0.0,-0.35381665887219954,1.7579758630248883,0.0,-0.35779111603721103,1.7370707817004056,0.0,-0.36048594611909063,1.7482667243457644,0.0,-0.35753457092023905,1.753740599627812,0.0,-0.35383325767602813,1.7567350771561134,0.0,-0.3556743320489265,1.7360743423371452,0.0,-0.35818738478065054,1.7465298341444873,0.0,-0.3557032830648077,1.7516264380665414,0.0,-0.3524884661074512,1.7544811496590418,0.0,-0.3533810335931628,1.7374880309878606,0.0,-0.355497719393176,1.7463713979347115,0.0,-0.35414913286538524,1.7511821043961557,0.0,-0.351852530448076,1.7539177885051438,0.0
-0.38382803294815404,1.7383435308623676,0.0,-0.3859579414952763,1.7494686121824012,0.0,-0.3898170777809955,1.7585427882239073,0.0,-0.39256945017485906,1.7659764054927793,0.0,-0.39432829593049457,1.7718009853299173,0.0,-0.4021565786723353,1.7603063529932648,0.0,-0.4054658571214727,1.7719975985079781,0.0,-0.4025926871435399,1.7775786561849904,0.0,-0.39876651294813015,1.7802009529982792,0.0,-0.40274382965119987,1.7592862259549136,0.0,-0.40544185973386354,1.7704813978857687,0.0,-0.40249507802290246,1.7759577473738632,0.0,-0.39879773752771724,1.7789571287537378,0.0,-0.4006385442519829,1.758278484059669,0.0,-0.403151179989903,1.7687340760856785,0.0,-0.4006696920068711,1.7738319531205842,0.0,-0.3974587514149422,1.7766910240992007,0.0,-0.39835827479038854,1.7596808650361253,0.0,-0.4004739257143751,1.768564478504541,0.0,-0.39912725372942076,1.773375721259387,0.0,-0.39683398352478066,1.7761141992994431,0.0
-0.39761712843006225,1.7539060922522942,0.0,-0.39969982505678175,1.7650401085787382,0.0,-0.40353941245854774,1.7741225736784894,0.0,-0.4062871742695904,1.7815578964370755,0.0,-0.4080513574055116,1.7873808618786906,0.0,-0.4159069484685475,1.7759011741406767,0.0,-0.4192219177800233,1.78759080732582,0.0,-0.4163514387535005,1.7931732495041615,0.0,-0.41252625803943344,1.7957969953103197,0.0,-0.41650647352069464,1.7748726485908375,0.0,-0.4192077037258785,1.786067048810008,0.0,-0.4162655215712071,1.7915458707943894,0.0,-0.4125721601432191,1.7945501505352799,0.0,-0.41441270774302197,1.7738536275591144,0.0,-0.41692492645437507,1.7843093197940718,0.0,-0.41444605426374886,1.7894084692854566,0.0,-0.41123899471672215,1.792271893006719,0.0,-0.4121454564627026,1.775244729561467,0.0,-0.41426007353024585,1.7841285891813639,0.0,-0.4129153138323822,1.78894036677765,0.0,-0.4106253757010248,1.7916816317341828,0.0
-0.40112759546654647,1.7451248519268734,0.0,-0.40316303011524307,1.7562676052036605,0.0,-0.4069830570264426,1.7653583146425167,0.0,-0.40972621185980007,1.77279533831162,0.0,-0.4114957282884243,1.77861668525886,0.0,-0.4193786467857917,1.7671521139005983,0.0,-0.42269930165871133,1.7788401332689165,0.0,-0.419831516252522,1.784423959679209,0.0,-0.4160073298130162,1.7870491544579834,0.0,-0.4199904830699877,1.7661152143322787,0.0,-0.4226949135186276,1.7773088418424665,0.0,-0.4197573369895215,1.7827901346008814,0.0,-0.41606796092503123,1.785799307187165,0.0,-0.4179082577819242,1.7650849376364093,0.0,-0.4204200594339454,1.7755407300705928,0.0,-0.4179438050954422,1.7806411513594664,0.0,-0.414740631246313,1.7835089211615807,0.0,-0.41565401384499495,1.7664647892916059,0.0,-0.417767598074216,1.7753488946936353,0.0,-0.41642474841074145,1.7801612056834224,0.0,-0.41413814219333556,1.782905250547101,0.0
-0.3852159848678008,1.7323116176834779,0.0,-0.38720411000159033,1.7434629092341845,0.0,-0.3910045651016154,1.7525618182202491,0.0,-0.39374311656385624,1.7600005382299841,0.0,-0.3955179621882669,1.7658202625946617,0.0,-0.4034282248484031,1.7543709798502718,0.0,-0.4067545599850825,1.7660573839207172,0.0,-0.4038894708699901,1.7716425942908653,0.0,-0.400066279498331,1.7742692380212322,0.0,-0.4040524092847261,1.7533257309846801,0.0,-0.40676004009695765,1.7645185847884703,0.0,-0.4038270752635267,1.7700023465861476,0.0,-0.4001416908368682,1.7730164064772276,0.0,-0.40198174519012325,1.7522842221728578,0.0,-0.4044931297500462,1.7627401147965416,0.0,-0.4020194953235001,1.767841807221292,0.0,-0.3988202117987338,1.7707139164242685,0.0,-0.39974049773399695,1.753652852034755,0.0,-0.4018530501415565,1.762537202850301,0.0,-0.4005121082628113,1.767350045789661,0.0,-0.39822883378015134,1.7700968635564946,0.0
-0.3718487428502688,1.7318184666438463,0.0,-0.3737895134624516,1.742978097203473,0.0,-0.3775703857168902,1.7520851608740318,0.0,-0.38030433741599246,1.7595255726638153,0.0,-0.38208450812998385,1.7653436703684227,0.0,-0.3900221292877056,1.7539098488937739,0.0,-0.39335413939367914,1.7655946361914923,0.0,-0.39049174924228436,1.7711812302466774,0.0,-0.38666955373182266,1.773809322906842,0.0,-0.39065869855637525,1.752856275678644,0.0,-0.3933695298515325,1.7640483547785057,0.0,-0.3904411827846813,1.769534583868133,0.0,-0.38675979624812556,1.7725535254985292,0.0,-0.38859961619507555,1.7518035583739586,0.0,-0.3911105836301317,1.762259551177414,0.0,-0.38863957117548986,1.767362514073806,0.0,-0.3854441825749705,1.7702389559795872,0.0,-0.38637135433274733,1.7531609949234437,0.0,-0.3884828759338486,1.7620455907846218,0.0,-0.38714383959321264,1.7668589642336257,0.0,-0.38486389664629095,1.769608547905046,0.0
-0.37213599596702013,1.7348397279987102,0.0,-0.3740293695898557,1.746007497745657,0.0,-0.3777906482506621,1.7551226711691175,0.0,-0.38052000379598927,1.7625647701876583,0.0,-0.382305495484113,1.7683812371653822,0.0,-0.390270487072366,1.7569630500066493,0.0,-0.39360816685639505,1.7686462190629675,0.0,-0.39074847834313214,1.7742341965256407,0.0,-0.3869272794872836,1.7768637380930372,0.0,-0.3909194776125918,1.7559011776145552,0.0,-0.39363350950920734,1.7670924810128426,0.0,-0.3907097862805936,1.772581175634542,0.0,-0.38703240386425297,1.7756049934139828,0.0,-0.388871997360637,1.7548372755140336,0.0,-0.39138254763805574,1.7652933684875287,0.0,-0.38891415921537126,1.7703976011887002,0.0,-0.385722670112353,1.7732783690812903,0.0,-0.3866567101809681,1.7561835471591436,0.0,-0.38876720198935943,1.7650683876987983,0.0,-0.3874300689432499,1.7698822902215048,0.0,-0.3851534573133289,1.7726346328044453,0.0
-0.37714134117590387,1.7363526306068682,0.0,-0.37898727788870484,1.7475283391950875,0.0,-0.38272895249435124,1.7566515773729199,0.0,-0.38545371549662755,1.7640953590782091,0.0,-0.38724452403423837,1.7699101912729447,0.0,-0.39523689557652775,1.7585078118349893,0.0,-0.3985802397506077,1.7701893611874029,0.0,-0.39572325555174226,1.7757787217772796,0.0,-0.3919030541439855,1.7784097122285691,0.0,-0.39589834358537457,1.757437665661651,0.0,-0.3986155762011793,1.7686281923606038,0.0,-0.39569648288317155,1.7741193507419082,0.0,-0.3920231107949064,1.7771480390554242,0.0,-0.3938624856552182,1.7563626025353007,0.0,-0.3963726187422277,1.7668187956691006,0.0,-0.39390685641165585,1.7719242975055594,0.0,-0.3907192713527128,1.7748093846511523,0.0,-0.3916601622232185,1.7576977376113432,0.0,-0.39376962525119613,1.7665828224630469,0.0,-0.392434393259064,1.7713972526274906,0.0,-0.39016111270774834,1.7741523471344667,0.0
-0.330960686872968,1.8018429867171262,0.0,-0.33275914930951167,1.8130264333084418,0.0,-0.33648120968511724,1.8221576911771227,0.0,-0.3392013837564053,1.829603151036424,0.0,-0.34099750500970605,1.8354163444027891,0.0,-0.3490172636132086,1.8240299464173786,0.0,-0.3523662668925773,1.8357098746095382,0.0,-0.34951198968620056,1.8413006180435898,0.0,-0.3456927865200777,1.8439330573546624,0.0,-0.3496912050444798,1.8229515520799586,0.0,-0.35241163849640234,1.8341413010817025,0.0,-0.3494971811620398,1.8396349214375323,0.0,-0.3458278255873632,1.8426684746455482,0.0,-0.34766698948520625,1.8218653517698136,0.0,-0.3501767053490327,1.8323216450541797,0.0,-0.3477135711708241,1.8374284153538007,0.0,-0.34452989467580375,1.8403178150009105,0.0,-0.3454776188423134,1.8231893785394888,0.0,-0.3475860541007242,1.8320747073375396,0.0,-0.346252720925053,1.8368896637157195,0.0,-0.34398277119436155,1.8396475031649069,0.0
-0.33474439472253514,1.7928779483992225,0.0,-0.3364953480777857,1.8040689316957967,0.0,-0.3401977843352268,1.813208164128752,0.0,-0.3429133730889037,1.8206552976185908,0.0,-0.344714802914991,1.8264668481219415,0.0,-0.35276195326435544,1.8150966056158255,0.0,-0.3561166103675,1.8267749111975249,0.0,-0.35326504283352883,1.8323670371899747,0.0,-0.3494468387026431,1.8350009253359465,0.0,-0.3534484238274942,1.8140099889512173,0.0,-0.3561720582316608,1.825198959257765,0.0,-0.35326224295461145,1.8306950397904045,0.0,-0.3495969100565968,1.8337334522288344,0.0,-0.3514358705250404,1.812912675370388,0.0,-0.3539451691329083,1.8233690687955788,0.0,-0.35148466516740373,1.8284771068836012,0.0,-0.3483049017293795,1.831370812263191,0.0,-0.3492594416893984,1.8142256220239101,0.0,-0.3513668501876426,1.8231111944033298,0.0,-0.3500354135939452,1.827926675571197,0.0,-0.34776879440638464,1.830687252986511,0.0
-0.3393121103088734,1.7800365750203262,0.0,-0.34101552234501553,1.7912348932972637,0.0,-0.34469832488301516,1.8003820551068144,0.0,-0.3474093319337485,1.8078308577129685,0.0,-0.3492160661806594,1.813640761329411,0.0,-0.35729061053249367,1.802286848592265,0.0,-0.36065091618115863,1.8139635301194275,0.0,-0.3578020610013304,1.8195570383817434,0.0,-0.3539848566993454,1.8221923753369564,0.0,-0.3579896456915031,1.8011920356553708,0.0,-0.3607164811632375,1.8123802262686226,0.0,-0.3578113140177554,1.8178787651676955,0.0,-0.3541500099369438,1.8209220311480374,0.0,-0.355988774368885,1.800083632787098,0.0,-0.3584976556880164,1.810540126343369,0.0,-0.3560397839956432,1.8156494315423937,0.0,-0.35286393808086686,1.818547435868005,0.0,-0.3538252763356213,1.8013855274423183,0.0,-0.35593165908165486,1.8102713430388513,0.0,-0.3546021168384717,1.8150873475762983,0.0,-0.35233882789710874,1.817850655987472,0.0
-0.3396799408991707,1.7625679314801102,0.0,-0.3413357819509494,1.7737733826181818,0.0,-0.3449989414551462,1.7829284285574882,0.0,-0.34770537041887123,1.7903788957749776,0.0,-0.3495174049256274,1.7961871484913834,0.0,-0.3576193431036816,1.784849740043636,0.0,-0.36098529202287627,1.7965247960783024,0.0,-0.3581391518807456,1.8021196863191904,0.0,-0.3543229482013847,1.8047564720572125,0.0,-0.3583309780760626,1.7837467571056378,0.0,-0.36106101472988456,1.7949341670273826,0.0,-0.35816050179076864,1.80043516246983,0.0,-0.3545032326450763,1.8034832762792605,0.0,-0.3563418082936056,1.7826272890023496,0.0,-0.35885027229122146,1.7930838826799527,0.0,-0.35639503493248575,1.7981944543099389,0.0,-0.35322311098034337,1.8010967507778224,0.0,-0.354191230035106,1.783918159704879,0.0,-0.35629658803544334,1.7928042181549904,0.0,-0.3549689379143388,1.7976207446458394,0.0,-0.3527089789028733,1.800386777088501,0.0
-0.33516286789384414,1.744614088025824,0.0,-0.3367711108732073,1.755826469544297,0.0,-0.34041461831620484,1.7649893543093054,0.0,-0.34311647281010105,1.7724414816423817,0.0,-0.34493380340675583,1.778248079456401,0.0,-0.3530631327977974,1.7669273500169613,0.0,-0.3564347197158044,1.7786007791272764,0.0,-0.3535912972967405,1.7841970510526743,0.0,-0.34977609503378587,1.7868352855462986,0.0,-0.35378740255350366,1.7658162235635817,0.0,-0.3565206405031301,1.7770028517954972,0.0,-0.3536247878456813,1.7825063019455532,0.0,-0.3499715597303079,1.7855592578470232,0.0,-0.3518099537090792,1.7646857143459547,0.0,-0.3543180003523984,1.7751424081351383,0.0,-0.35186539938788164,1.780254245513401,0.0,-0.34869740181084813,1.7831608273026465,0.0,-0.3496722841752606,1.765965589069287,0.0,-0.35177661843497776,1.77485189001016,0.0,-0.35045085821053873,1.779668937042151,0.0,-0.3481942287933766,1.7824376865578995,0.0
-0.3268730875339604,1.7304763077424834,0.0,-0.32843370793400445,1.7416954168320429,0.0,-0.3320575545753993,1.7508660950634305,0.0,-0.33475483821786706,1.758319878025568,0.0,-0.3365774607255503,1.7641248169456427,0.0,-0.3447341762759394,1.7528209413995381,0.0,-0.34811139592432133,1.7644927421597385,0.0,-0.34527069391550386,1.7700903954728093,0.0,-0.34145649386279486,1.7727300786940534,0.0,-0.3454711155363516,1.7517016981292957,0.0,-0.34820755489469507,1.7628875436729492,0.0,-0.3453163685946748,1.7683934466821187,0.0,-0.3416671875820137,1.7714512389144503,0.0,-0.34350540686561615,1.7505601719853174,0.0,-0.34601303612185574,1.761016965876328,0.0,-0.3435630736122084,1.7661300683175345,0.0,-0.34039900679580437,1.769040928590202,0.0,-0.34138063498419896,1.7518290786309538,0.0,-0.3434839465069355,1.760715621700489,0.0,-0.34216007395676795,1.765533187865269,0.0,-0.33990677377909495,1.7683046475017528,0.0
-0.30999092907743914,1.7093308236070603,0.0,-0.3115039049756558,1.720556457162806,0.0,-0.31510808236204585,1.7297348834479287,0.0,-0.3178007987726837,1.737190317561812,0.0,-0.31962870900364765,1.7429935936071892,0.0,-0.32781280321660794,1.731706746973135,0.0,-0.3311956503302144,1.7433769179635359,0.0,-0.32835767142063127,1.748975952364662,0.0,-0.32454447437206413,1.751617084284768,0.0,-0.3285624464535254,1.730579413795589,0.0,-0.3313020873326947,1.7417644756524384,0.0,-0.3284155734662813,1.7472728296594726,0.0,-0.3247704456058283,1.7503354524374561,0.0,-0.32660849703016553,1.7294268949796268,0.0,-0.32911570886654085,1.7398837889627061,0.0,-0.3266683868724763,1.7449981557788738,0.0,-0.3235082551752249,1.7479132876801247,0.0,-0.3244966117069424,1.7306848613772001,0.0,-0.32659890149490467,1.7395716462140132,0.0,-0.3252769143996316,1.7443897301071236,0.0,-0.3230269430874872,1.7471638929181148,0.0
-0.32246988321268505,1.6462050992827375,0.0,-0.32393519527350495,1.6574370539372436,0.0,-0.3275196952384777,1.6666231828120803,0.0,-0.33020784803805975,1.6740802636095957,0.0,-0.332041041795725,1.6798818728103406,0.0,-0.34025250472931645,1.6686122302082502,0.0,-0.34364097404629246,1.680280770015233,0.0,-0.34080572092673506,1.685881185202009,0.0,-0.3369935276762613,1.6885237657914416,0.0,-0.3410148861639679,1.6674768342422377,0.0,-0.3437577286752669,1.6786611114136323,0.0,-0.3408758933190141,1.6841719145445069,0.0,-0.3372348246372785,1.687239362058998,0.0,-0.3390727148999477,1.6663133470741087,0.0,-0.3415795092836719,1.6767703411394963,0.0,-0.33913482986596194,1.6818859716399894,0.0,-0.335978637619346,1.684805368298216,0.0,-0.33697370501905244,1.6675604009815095,0.0,-0.33907497407301573,1.6764474272249295,0.0,-0.33775487021627465,1.6812660274457962,0.0,-0.3355082273766254,1.6840428864912669,0.0
-0.33253653298979846,1.633878222443389,0.0,-0.33395416446643594,1.6451162945998095,0.0,-0.3375189791305373,1.6543100805509074,0.0,-0.340202571940989,1.6617688035731322,0.0,-0.3420410450199905,1.667568741970141,0.0,-0.35027986428578173,1.6563164785885935,0.0,-0.35367395054757417,1.667983385804593,0.0,-0.35084142591063555,1.6735851814718203,0.0,-0.3470302372522613,1.6762292107002676,0.0,-0.3510550178878531,1.6551730471604613,0.0,-0.353801062141781,1.6663565386476415,0.0,-0.35092391137257356,1.6718697890155332,0.0,-0.34728690787298916,1.674942055433552,0.0,-0.3491246435336673,1.6539986160245084,0.0,-0.3516310204319521,1.6644557101624402,0.0,-0.34918898565142176,1.669572603653967,0.0,-0.34603673715984357,1.6724962581809257,0.0,-0.347038497957841,1.655234785128009,0.0,-0.3491387472771528,1.6641220524180766,0.0,-0.3478205244455929,1.6689411675699974,0.0,-0.3455772096664058,1.6717207159161933,0.0
-0.3336381177556726,1.62524869516935,0.0,-0.335008054491268,1.6364926810345553,0.0,-0.33855317626194975,1.645694078500975,0.0,-0.34123221270632553,1.6531544392981672,0.0,-0.343075960892558,1.6589527029431799,0.0,-0.35134212165499845,1.6477179940068636,0.0,-0.35474181960636425,1.659383267230355,0.0,-0.3519120261464342,1.6649864430700345,0.0,-0.3481018428742191,1.6676319209064068,0.0,-0.3521300811416802,1.6465665546486896,0.0,-0.3548793272479307,1.6577492594527892,0.0,-0.35200686714294316,1.6632649551580527,0.0,-0.3483739348057802,1.6663420346228814,0.0,-0.35021152228661034,1.6453812039928588,0.0,-0.3527174816666657,1.6558383981935676,0.0,-0.3502780935841869,1.6609565539801776,0.0,-0.3471297931249275,1.66388445947112,0.0,-0.3481382298574669,1.6466065159072398,0.0,-0.350237460440049,1.6554940238847065,0.0,-0.348921116423329,1.6603136525748408,0.0,-0.34668112927364625,1.6630958832943563,0.0
-0.3353518331134117,1.6193157029965721,0.0,-0.33667406354147056,1.6305653986143025,0.0,-0.3401994851130186,1.6397743619895615,0.0,-0.3428739688154801,1.6472363561211487,0.0,-0.3447229878861435,1.6530329410767615,0.0,-0.3530164728626376,1.6418159618139034,0.0,-0.35642177725165053,1.6534795996493903,0.0,-0.35359471766491285,1.6590841553507163,0.0,-0.3497855405729692,1.6617310817631454,0.0,-0.35381727169768873,1.6406565422617134,0.0,-0.3565697197651502,1.651838459383759,0.0,-0.35370195640180196,1.6573565985139047,0.0,-0.35007310118407947,1.6604384851451879,0.0,-0.35191054677006534,1.6394602965966354,0.0,-0.35441608859909945,1.6499175908503505,0.0,-0.3519793492755859,1.6550370082334316,0.0,-0.3488350010987644,1.6579691577672349,0.0,-0.34985009630835373,1.6406747788653129,0.0,-0.3519483091507048,1.6495625271716372,0.0,-0.35063384174148965,1.6543826680109934,0.0,-0.3483971817715026,1.657167574182845,0.0
-0.3369752370641631,1.6191424583646874,0.0,-0.3382497522082968,1.630397659648709,0.0,-0.3417554665617388,1.6396141432827243,0.0,-0.3444254011475316,1.6470777663172942,0.0,-0.34627968687117733,1.6528726686569712,0.0,-0.3546004763328566,1.6416735942667704,0.0,-0.35801138191091486,1.6533355953247706,0.0,-0.35518705889534424,1.6589415305741246,0.0,-0.3513788887778355,1.661589905529964,0.0,-0.35541414772568947,1.6405062224587452,0.0,-0.3581697978624444,1.651687350899657,0.0,-0.35530673731835755,1.6572079315293282,0.0,-0.35168196515375605,1.6602946194231725,0.0,-0.35351927499315616,1.6392991063568214,0.0,-0.35602439923837487,1.6497565006537693,0.0,-0.35359031073477687,1.654877178932045,0.0,-0.3504499190633137,1.6578135655713464,0.0,-0.3514716552990221,1.640502786451973,0.0,-0.3535688513962204,1.649390774729321,0.0,-0.35225625839017904,1.6542114263327468,0.0,-0.3500229251313034,1.656999001042447,0.0
-0.33645780276203274,1.6234888079675611,0.0,-0.33768459623499897,1.6347493107348072,0.0,-0.34117059663799276,1.643973268935836,0.0,-0.34383598573342367,1.6514385164511252,0.0,-0.3456955338700008,1.6572317322592118,0.0,-0.35404360564319515,1.646050737879289,0.0,-0.35746010716502813,1.6577111007763237,0.0,-0.35463852342038643,1.6633184152572678,0.0,-0.35083136107152674,1.6659682387230914,0.0,-0.35487018254797564,1.6448754419539675,0.0,-0.3576290348613001,1.656055780714561,0.0,-0.3547706832142549,1.661578800905511,0.0,-0.35115000001303043,1.6646702841345848,0.0,-0.35298718011775815,1.6436574800484591,0.0,-0.35549188674636606,1.654114974378863,0.0,-0.3530604511236639,1.6592369128483886,0.0,-0.3499240201532413,1.662177529639716,0.0,-0.3509523799710044,1.6448503853711516,0.0,-0.3530485603167111,1.6537386132623935,0.0,-0.3517378395125144,1.6585597742485632,0.0,-0.3495078324774631,1.6613500105881913,0.0
-0.3345755687372783,1.627688708115861,0.0,-0.3357546367393224,1.638954308119546,0.0,-0.33922091674602456,1.6481856951561258,0.0,-0.3418817639784393,1.65565256273901,0.0,-0.3437465702793398,1.6614440881107435,0.0,-0.35212189974774594,1.650281348784626,0.0,-0.3555439919714217,1.6619400721432054,0.0,-0.3527251501992536,1.6675487655364756,0.0,-0.34891899641330665,1.6702000374780774,0.0,-0.3529614148625145,1.649098157079098,0.0,-0.3557234694588778,1.6602777051600837,0.0,-0.35286983278677003,1.665803162961154,0.0,-0.34925324443566835,1.6688994355747897,0.0,-0.3510903006816943,1.6478693740632189,0.0,-0.3535945896608939,1.6583269684172988,0.0,-0.3511658089800939,1.66345016637146,0.0,-0.3480333428791193,1.666395006345365,0.0,-0.34906830884203854,1.6490515319435366,0.0,-0.35116347442849916,1.6579399990922463,0.0,-0.3498546236278162,1.6627616680836508,0.0,-0.34762794231067495,1.6655545591519265,0.0
-0.3341472492001579,1.6288581080954967,0.0,-0.33527859051665876,1.6401286010581868,0.0,-0.3387251439675734,1.649367371161073,0.0,-0.3413814529653338,1.6568358544075557,0.0,-0.3432515131734385,1.662625685449078,0.0,-0.351654073280984,1.6514813760937288,0.0,-0.3550817509679163,1.6631384585423408,0.0,-0.35226565387154735,1.6687485305258412,0.0,-0.3484605094428249,1.6714012509082348,0.0,-0.3525065590467926,1.6502903171418262,0.0,-0.3552718160318574,1.661469073543811,0.0,-0.35242290041265406,1.6669969669909086,0.0,-0.3488104127748263,1.6700980230152034,0.0,-0.35064735090258364,1.6490507377678392,0.0,-0.35315122219957573,1.6595084321358116,0.0,-0.3507250985217035,1.6646328888653215,0.0,-0.34759660143127347,1.6675819450365115,0.0,-0.34863815610991544,1.6502221754650117,0.0,-0.35073230792796306,1.659110881515464,0.0,-0.34942532493545925,1.6639330571383988,0.0,-0.3472019688117619,1.6667285960407534,0.0
-0.3379474565230278,1.6275721460024462,0.0,-0.33903107252144893,1.6388473276490731,0.0,-0.34245789354325573,1.648093435013175,0.0,-0.34510966793571846,1.6555635295283773,0.0,-0.3469849777854425,1.661351662356746,0.0,-0.3554147390398405,1.6502259577301595,0.0,-0.35884799695479586,1.6618813979032556,0.0,-0.3560346472393274,1.667492848152051,0.0,-0.35223051296218877,1.670147016939469,0.0,-0.35628022763991074,1.6490270602606363,0.0,-0.35904868711853233,1.6602050239841235,0.0,-0.3562044986302265,1.6657353511001987,0.0,-0.3525961175451449,1.6688411845381184,0.0,-0.3544329431599409,1.647776709338953,0.0,-0.35693639674192434,1.6582345037110315,0.0,-0.3545129321280198,1.6633602185039265,0.0,-0.3513884081618844,1.6663134838713982,0.0,-0.35243653413457554,1.648937454041484,0.0,-0.3545296731736334,1.6578263986386537,0.0,-0.35322455579696765,1.6626490795232078,0.0,-0.3510045243237705,1.6654472593718548,0.0
-0.3461122275244077,1.6265673612397513,0.0,-0.34714812215055896,1.637847027330553,0.0,-0.35055520515592226,1.6471004261168671,0.0,-0.35320244857341604,1.6545721275150167,0.0,-0.355083003790756,1.6603585582582163,0.0,-0.36353993426775044,1.6492516329270872,0.0,-0.36697876717885497,1.6609054294650714,0.0,-0.36416816755116177,1.666518257651382,0.0,-0.3603650442200129,1.6691738748072753,0.0,-0.3644184576266482,1.6480449258617966,0.0,-0.3671901197028744,1.659222095907187,0.0,-0.36435066442344294,1.664754854702211,0.0,-0.3607463957068161,1.66786545953369,0.0,-0.3625831142792435,1.6467838282600824,0.0,-0.3650861501134156,1.6572417226264773,0.0,-0.3626653466245272,1.6623686947681158,0.0,-0.35954479986905574,1.6653261623152884,0.0,-0.36059947972217693,1.6479339070858787,0.0,-0.3626916069702615,1.6568230898754384,0.0,-0.36138835302008326,1.661646274655484,0.0,-0.35917164563603987,1.6644470885694898,0.0
-0.35575079088885775,1.6269275120322872,0.0,-0.3567389706624672,1.638211458395661,0.0,-0.36012631034982673,1.6474721027332024,0.0,-0.3627690264236299,1.6549454066376237,0.0,-0.3646548227262083,1.6607301314345775,0.0,-0.37313888807450696,1.6496421597420636,0.0,-0.37658329075325325,1.6612943112912786,0.0,-0.3737754439219793,1.6669085170844729,0.0,-0.36997333233127105,1.6695655825715103,0.0,-0.3740304778573355,1.6484276721941273,0.0,-0.37680534263440596,1.6596040475617204,0.0,-0.37397062664176334,1.6651392360326638,0.0,-0.37037047608545465,1.6682546062147103,0.0,-0.3722070929518094,1.6471558528364079,0.0,-0.3747097110053658,1.657613847187326,0.0,-0.3722915707025446,1.6627420759603844,0.0,-0.3691750052166919,1.6657037386552325,0.0,-0.37023622154496916,1.6482952928329089,0.0,-0.37232733798869133,1.6571847134612274,0.0,-0.37102594527863836,1.662008400774408,0.0,-0.3688125614040757,1.6648118418797615,0.0
-0.36406921446189694,1.626297132538535,0.0,-0.36500968847150045,1.637585155103791,0.0,-0.3683772798248399,1.6468529990915213,0.0,-0.371015472187159,1.6543279011346237,0.0,-0.3729065052842705,1.6601109161352043,0.0,-0.3814176687311586,1.6490420721687946,0.0,-0.3848676359524136,1.6606925773815093,0.0,-0.3820625446279687,1.6663081604480978,0.0,-0.37826144557219643,1.6689666742281657,0.0,-0.3823223563427711,1.647819833440768,0.0,-0.3851004239231175,1.6589954131307616,0.0,-0.3822704532950722,1.6645330292615717,0.0,-0.37867442666701656,1.667653158728371,0.0,-0.3805109470297172,1.6465373173065414,0.0,-0.3830131472698513,1.6569954116321868,0.0,-0.3805976722141464,1.6621248963166573,0.0,-0.3774850920294194,1.6650907471118437,0.0,-0.37855282743621244,1.6476661454508497,0.0,-0.3806429340607813,1.6565558035649905,0.0,-0.37934340040747677,1.6613799920527104,0.0,-0.3771333394444694,1.6641860534823927,0.0
-0.3697055155592156,1.6234333152798337,0.0,-0.37059829545636475,1.6347252101098309,0.0,-0.373946133744964,1.6440002078185845,0.0,-0.3765798060289114,1.6514767036418523,0.0,-0.37847607162156865,1.6572580050068926,0.0,-0.38701429397920173,1.6462084625663969,0.0,-0.39046982052121254,1.6578573201007942,0.0,-0.3876674874157686,1.6634742801044229,0.0,-0.38386740168947103,1.6661342421386243,0.0,-0.38793211056343113,1.6449785021484271,0.0,-0.3907133810486764,1.6561532851609186,0.0,-0.38788816186288616,1.6616933269224985,0.0,-0.3842962649070095,1.6648182095855177,0.0,-0.38613269383501964,1.643685314271778,0.0,-0.3886344762289229,1.6541435085623513,0.0,-0.3862216684813752,1.6592742484355396,0.0,-0.3831130776018015,1.66224428026855,0.0,-0.3841873146993897,1.6448035574707889,0.0,-0.3862764124886146,1.653693452718509,0.0,-0.38497873571166474,1.6585181410259215,0.0,-0.38277199704411097,1.6613268159199743,0.0
-0.3729103243291247,1.6201324248165974,0.0,-0.37375542432192055,1.6314279881402498,0.0,-0.3770835051000853,1.6407100936146564,0.0,-0.37971266093965833,1.6481881788686377,0.0,-0.3816141547206379,1.6539677627699412,0.0,-0.3901793943930093,1.6429376953356127,0.0,-0.39364047503741045,1.6545849038557767,0.0,-0.3908409028648974,1.6602032404572205,0.0,-0.38704183126265584,1.6628646507058753,0.0,-0.3911103708319168,1.6417000429035933,0.0,-0.39389484432287514,1.6528740282385808,0.0,-0.3910743826568019,1.6584164935887673,0.0,-0.3874866210929396,1.66154612333686,0.0,-0.3893229635221943,1.6403962083723125,0.0,-0.39182432803705686,1.650854502618011,0.0,-0.3894141896586927,1.6559864969545324,0.0,-0.38630959206078924,1.6589607027478082,0.0,-0.38739031347065583,1.6415038934628456,0.0,-0.3894784034069495,1.6503940254925924,0.0,-0.38818258132893985,1.65521921226859,0.0,-0.3859791643226383,1.6580304937741852,0.0
-0.37570357657234843,1.6176814594877595,0.0,-0.3765010134183036,1.6289804877324,0.0,-0.3798093325250783,1.638269654992803,0.0,-0.38243397555513625,1.6457493253370992,0.0,-0.3843406932090251,1.6515271879574511,0.0,-0.39293290619960136,1.640516768658259,0.0,-0.3963995357314218,1.6521623268341619,0.0,-0.39360272720752504,1.6577820396913185,0.0,-0.38980467052396134,1.6604448981139617,0.0,-0.39387707311274434,1.6392714540719766,0.0,-0.3966647497094202,1.6504446407293591,0.0,-0.3938490516402844,1.6559895276129009,0.0,-0.3902654311641013,1.6591238983124121,0.0,-0.3921016918979374,1.6379569980266848,0.0,-0.39460263850094734,1.6484153922177027,0.0,-0.3921951715527742,1.65354864028948,0.0,-0.38909457118551705,1.6565270129505532,0.0,-0.3901817595386301,1.6390541517756136,0.0,-0.3922688426030107,1.6479445202365244,0.0,-0.39097487304950485,1.6527702041337269,0.0,-0.38877477705222707,1.655584085405231,0.0
-0.3797646879781112,1.6159985021257313,0.0,-0.38051448097634655,1.627300791949314,0.0,-0.38380303453520775,1.6365969749936877,0.0,-0.3864231683914506,1.644078226096942,0.0,-0.38833510559469075,1.649854363630119,0.0,-0.39695424551471203,1.6388637652121845,0.0,-0.40042641872238116,1.6505076717196747,0.0,-0.39763237656453687,1.6561287604875579,0.0,-0.39383533559431355,1.6587930670429396,0.0,-0.397911633258429,1.637610818513464,0.0,-0.4007025130600178,1.648783205493042,0.0,-0.3978915846647542,1.654330511841578,0.0,-0.39431211094766483,1.657469617336451,0.0,-0.39614829465725243,1.636285766146736,0.0,-0.3986488233155963,1.6467442602732643,0.0,-0.3962440298585968,1.651878761349525,0.0,-0.39314743064339086,1.6548612937711507,0.0,-0.394241068580482,1.6373724152511215,0.0,-0.3963271457525757,1.6462630197930213,0.0,-0.39503502655211137,1.651089199467765,0.0,-0.3928382508936813,1.6539056736668105,0.0
-0.3844579541163063,1.6150322572074107,0.0,-0.3851601250990896,1.6263376055305454,0.0,-0.38842890951761877,1.6356407583364052,0.0,-0.3910445378365657,1.6431235858762927,0.0,-0.39296169025750144,1.6488979945270734,0.0,-0.401607708334938,1.6379273893222808,0.0,-0.40508542001029346,1.6495696428430697,0.0,-0.4022941469376854,1.6551921071738027,0.0,-0.398498122475504,1.6578578618198878,0.0,-0.4025783470016527,1.6366668407331224,0.0,-0.4053724301065395,1.6478384270345996,0.0,-0.40256627746175166,1.6533881507666386,0.0,-0.3989909561508417,1.6565319848785196,0.0,-0.4008270673756202,1.6353312172886196,0.0,-0.4033271780564823,1.6457898113408458,0.0,-0.40092506015160756,1.6509255646881191,0.0,-0.39783246598225924,1.653912249748412,0.0,-0.3989325361541014,1.6364073883758403,0.0,-0.401017608412145,1.6452982286492406,0.0,-0.39972733739623223,1.6501249027615683,0.0,-0.3975338813885995,1.652943963057117,0.0
-0.3878119502210541,1.6151941285606979,0.0,-0.3884665235446834,1.6265023325984955,0.0,-0.3917155355142219,1.6358124091248079,0.0,-0.3943266619331903,1.6432968087880233,0.0,-0.39624902523211225,1.6490694847721983,0.0,-0.40492187032127464,1.638119044666998,0.0,-0.4084051152595684,1.649759643888648,0.0,-0.4056166139931234,1.6553834834314574,0.0,-0.401821606833724,1.6580506861254256,0.0,-0.4059057897388189,1.6368509245877116,0.0,-0.4087030762445787,1.6480217092106941,0.0,-0.4059017054264925,1.6535738482315925,0.0,-0.40233054214444147,1.6567224047599407,0.0,-0.40416658529255756,1.6355047553593152,0.0,-0.4066662779631207,1.645963449327424,0.0,-0.40426683767128596,1.6511004542095387,0.0,-0.4011782524139748,1.6540912847721054,0.0,-0.40228473748165444,1.6365704749872,0.0,-0.40436880580249795,1.6454615506432968,0.0,-0.40308038080561537,1.6502887178569459,0.0,-0.4008902437429326,1.653110357425357,0.0
-0.38908456692436505,1.6164578970218175,0.0,-0.3896915694594054,1.6277687543155384,0.0,-0.39292080595469037,1.637085708504624,0.0,-0.39552743411177405,1.6445716759868718,0.0,-0.39745500394096667,1.6503426155312526,0.0,-0.40615462253275975,1.6394125119356673,0.0,-0.4096433955326645,1.651051455551579,0.0,-0.40685766879505053,1.6566766699527882,0.0,-0.40306367973320945,1.6593453206510316,0.0,-0.40715185226371303,1.638136850943003,0.0,-0.4099523422671105,1.6493068328870009,0.0,-0.4071557593515289,1.6548613850889415,0.0,-0.40358875969653146,1.6580146578111339,0.0,-0.40542473904528226,1.6367801612739512,0.0,-0.4079240136727274,1.647238955148124,0.0,-0.40552725305480586,1.6523772108262051,0.0,-0.40244268054805665,1.6553721797402792,0.0,-0.4035555631832479,1.6378354559309125,0.0,-0.4056386285423568,1.6467267666215846,0.0,-0.40435204740194985,1.6515544256039763,0.0,-0.4021652285606484,1.654378637629071,0.0
-0.38911095799914663,1.6181015331466604,0.0,-0.3896704191200269,1.629414841595151,0.0,-0.3928798773988082,1.638738627374584,0.0,-0.3954820109328557,1.6462261583805673,0.0,-0.3974147829366424,1.6519953577229969,0.0,-0.40614111916945883,1.6410857615398438,0.0,-0.40963541503307493,1.6527230482492423,0.0,-0.4068524655486948,1.6583496371522652,0.0,-0.4030594953792252,1.6610197358103898,0.0,-0.40715168851050865,1.6398025903851159,0.0,-0.40995538210749755,1.6509717686495438,0.0,-0.4071635931697551,1.6565287319115156,0.0,-0.4036007627154448,1.6596867145829552,0.0,-0.40543668241172104,1.6384354056671477,0.0,-0.4079355389632274,1.6488942994375624,0.0,-0.4055414600800438,1.6540338051700278,0.0,-0.40246090413470165,1.6570329052706048,0.0,-0.4035801670199345,1.639480301772313,0.0,-0.4056622303913932,1.6483718471501205,0.0,-0.4043774909478702,1.65319999657235,0.0,-0.40219398958673624,1.6560267742454764,0.0
-0.3880412539682724,1.6197348873945674,0.0,-0.38855320554224976,1.6310504452854702,0.0,-0.39174288314488903,1.6403810165699746,0.0,-0.39434052569548267,1.6478701068133832,0.0,-0.3962784955102722,1.6536375622027448,0.0,-0.40503149118151494,1.6427486437970884,0.0,-0.4085313047143769,1.6543842723050128,0.0,-0.4057511352093663,1.6600122353503466,0.0,-0.4019591847271161,1.6626837819231703,0.0,-0.4060554291628333,1.6414579934042974,0.0,-0.4088623264485558,1.6526263669884755,0.0,-0.4060753375634717,1.6581857391762522,0.0,-0.4025166818588458,1.6613484255304782,0.0,-0.4043525459195804,1.6400803390767973,0.0,-0.4068509843623251,1.6505393327336286,0.0,-0.4044595892746515,1.6556800877761881,0.0,-0.4013830536738558,1.6586833118841595,0.0,-0.4025086795027829,1.6411148629801433,0.0,-0.40458974185929625,1.6500066426983258,0.0,-0.40330684195602723,1.6548352812351508,0.0,-0.40112665731627806,1.657664617755249,0.0
-0.3864650498981753,1.6212027265106927,0.0,-0.386929526273671,1.6325203325514186,0.0,-0.39009942102272055,1.6418576432447578,0.0,-0.392692576230156,1.6493482884482582,0.0,-0.3946357394844871,1.655113996144485,0.0,-0.40341533406271934,1.6442459253133337,0.0,-0.4069206600738023,1.6558798943306232,0.0,-0.4041432732760252,1.6615092311558421,0.0,-0.4003523432758765,1.664182225597396,0.0,-0.4044526694473597,1.6429478267772841,0.0,-0.40726277051614657,1.6541153946804388,0.0,-0.40448058775797935,1.6596771736465579,0.0,-0.4009261123273226,1.662844557395353,0.0,-0.4027619246399406,1.6415597283264312,0.0,-0.4052599449410987,1.652018821859851,0.0,-0.4028712357096471,1.6571608254655021,0.0,-0.39979872420880785,1.6601681663877912,0.0,-0.4009306956864704,1.6425839063089174,0.0,-0.40301075799936625,1.6514759200213927,0.0,-0.40172969548267845,1.6563050463512226,0.0,-0.3995528267880395,1.6591369349248888,0.0
-0.38707351320943395,1.622277004682249,0.0,-0.3874905512037569,1.6335964580307,0.0,-0.3906406612035213,1.6429404620275625,0.0,-0.3932293327087855,1.6504326579227862,0.0,-0.39517768502337375,1.65619661419687,0.0,-0.4039838156610799,1.6453495601391264,0.0,-0.4074946489628058,1.656981868382408,0.0,-0.404720047601851,1.6626125786221575,0.0,-0.40093013887871853,1.6652870208856825,0.0,-0.4050345769443902,1.6440440447235396,0.0,-0.4078478818897607,1.6552108059448034,0.0,-0.40507051133216115,1.6607749895285455,0.0,-0.40152022167497115,1.6639470643620455,0.0,-0.4033559859978429,1.6426455276814624,0.0,-0.4058535881245889,1.653104721081639,0.0,-0.40346756681000695,1.6582479725006647,0.0,-0.40039908313677985,1.66125942303036,0.0,-0.4015373829798684,1.643659385955165,0.0,-0.40361644621910087,1.652551633316527,0.0,-0.4023372189382775,1.6573812461214128,0.0,-0.4001636653950576,1.6602156799629615,0.0
-0.3892278776166944,1.6230946455240283,0.0,-0.38959751650315105,1.6344157458190565,0.0,-0.3927278401392294,1.6437663970069367,0.0,-0.3953120315839804,1.651260139334469,0.0,-0.3972655685717639,1.6570223404684692,0.0,-0.40609817011872057,1.6461964717551492,0.0,-0.40961450552696493,1.6578271179468256,0.0,-0.40684269233414216,1.6634592012328153,0.0,-0.4030538056829727,1.6661350912707642,0.0,-0.4071623855277763,1.6448835708907747,0.0,-0.40997889444243674,1.656049524429188,0.0,-0.40720634215840235,1.6616161104565572,0.0,-0.4036602437493164,1.6647928700433614,0.0,-0.40549596371221375,1.6434746608347077,0.0,-0.4079931476317193,1.6539339540918063,0.0,-0.4056098162945837,1.6590784525717728,0.0,-0.4025453641488483,1.6620940054882645,0.0,-0.40368997508596494,1.6444782255429529,0.0,-0.4057680402201163,1.6533707062084704,0.0,-0.4044906460273928,1.6582008041740934,0.0,-0.4023204068245618,1.6610377765056215,0.0
-0.387830778826595,1.6245919684872698,0.0,-0.38815306032100017,1.6359145158788613,0.0,-0.3912635962598114,1.6452717681399345,0.0,-0.39384331128635675,1.6527670526493037,0.0,-0.3958020285525418,1.658527494936356,0.0,-0.40466103356978533,1.6477229794810881,0.0,-0.4081828659038842,1.659351962349324,0.0,-0.4054138436122194,1.6649854183103212,0.0,-0.401625979827991,1.6676627560743575,0.0,-0.4057387310628411,1.64640272476381,0.0,-0.40855844403868635,1.6575678696183211,0.0,-0.40579071610051254,1.663136855902023,0.0,-0.4022488143892345,1.6663182938893049,0.0,-0.40408449349378966,1.6449834473152554,0.0,-0.4065812591732247,1.6554428404194377,0.0,-0.4042006198740358,1.6605885852051911,0.0,-0.4011402029278738,1.6636082332743058,0.0,-0.4022911076997874,1.6459767445327549,0.0,-0.4043681756960711,1.6548694581583696,0.0,-0.40309261244663214,1.6597000399740311,0.0,-0.40092568675589696,1.6625395440254795,0.0
-0.37713208608318116,1.6274004833094957,0.0,-0.3774070543297773,1.6387242784886673,0.0,-0.3804978015180666,1.648088085701659,0.0,-0.38307304376934304,1.655584908151325,0.0,-0.38503693691144947,1.66134358789565,0.0,-0.3939222756858362,1.6505605929254652,0.0,-0.39744959976859123,1.6621879112041762,0.0,-0.3946833711128241,1.6678227394659997,0.0,-0.390896530990544,1.6705015249069959,0.0,-0.39501348295179306,1.6492330161144064,0.0,-0.39783640007990445,1.6603973512838726,0.0,-0.3950735025591398,1.6659687356232948,0.0,-0.3915358029703673,1.6691548456369123,0.0,-0.39337144459053425,1.6478033969382992,0.0,-0.3958677919970672,1.6582628898797243,0.0,-0.39348984679624266,1.6634098802133879,0.0,-0.3904334686939157,1.666433616187523,0.0,-0.3915906500538203,1.6487864526712845,0.0,-0.3936667218780827,1.6576793989136096,0.0,-0.3923929874300602,1.6625104632722205,0.0,-0.3902293744059415,1.6653524922814362,0.0
-0.3598122859214061,1.6296578298429576,0.0,-0.3600399874781987,1.6409826740713565,0.0,-0.363110945142525,1.6503529901134073,0.0,-0.365681718262078,1.6578513462707498,0.0,-0.3676507828699859,1.6636082597876611,0.0,-0.3765623834293292,1.6528469518140863,0.0,-0.3800951940870146,1.6644726042429256,0.0,-0.37733176180359357,1.6701088044284387,0.0,-0.373545946138298,1.6727890374964773,0.0,-0.37766712788722373,1.6515120848297098,0.0,-0.3804932492578698,1.662675609312898,0.0,-0.37773518822526736,1.66824938949409,0.0,-0.3742016961586202,1.6714401651386968,0.0,-0.3760373035411393,1.6500721496335877,0.0,-0.37853323264193656,1.6605317424024109,0.0,-0.37615798359980623,1.6656799775233828,0.0,-0.3731056479577365,1.668707794141643,0.0,-0.37426908867150205,1.6510449898199449,0.0,-0.37634416528822545,1.6599381683362633,0.0,-0.375072257502695,1.664769713934333,0.0,-0.3729119562826049,1.667614261147131,0.0
-0.3660002383231119,1.6290455819083054,0.0,-0.3661807221466345,1.6403712770474972,0.0,-0.36923188979284155,1.6497480557960194,0.0,-0.3717981974248042,1.6572479414373278,0.0,-0.37377242908079916,1.6630030850532402,0.0,-0.38271021720957893,1.6522636298437081,0.0,-0.38624850927194765,1.663887615168054,0.0,-0.3834878760990264,1.6695251868971586,0.0,-0.3797030856857798,1.672206867541531,0.0,-0.3838285260080875,1.6509215047659143,0.0,-0.3866578517107229,1.6620842175615018,0.0,-0.38390463323619467,1.6676603913571544,0.0,-0.3803753540661441,1.6708558262163122,0.0,-0.3822109303310081,1.6494712792990895,0.0,-0.3847064410932343,1.6599309718854631,0.0,-0.3823338902700344,1.665080451030414,0.0,-0.3792856006767846,1.6681123410187462,0.0,-0.38045528352320906,1.6504339298084958,0.0,-0.38252936589551395,1.6593273402567588,0.0,-0.3812592826364923,1.664159365794385,0.0,-0.3791022923408098,1.667006424464608,0.0
-0.3656347898653628,1.6268986451574077,0.0,-0.36576810729487524,1.6382249936978446,0.0,-0.36879948470754426,1.6476081890323753,0.0,-0.37136133049661696,1.6551095999428362,0.0,-0.3733407247754361,1.6608629699952742,0.0,-0.38230462403106946,1.650145532544855,0.0,-0.3858483923313595,1.6617678495157988,0.0,-0.3830905610087919,1.6674067924054279,0.0,-0.3793067966426849,1.6700899205746331,0.0,-0.38343652404803236,1.6487961816110794,0.0,-0.3862690541712986,1.6599580817176542,0.0,-0.38352068432386666,1.6655366468870803,0.0,-0.3799956233996647,1.6687367345233706,0.0,-0.3818311715405886,1.6473356916638178,0.0,-0.38432626393140684,1.6577954840578906,0.0,-0.38195641338727376,1.66294620646076,0.0,-0.37891217340352895,1.665982162532088,0.0,-0.38008808117458587,1.6482881782978753,0.0,-0.382161170264234,1.6571818203367006,0.0,-0.3808929093986766,1.6620143245175591,0.0,-0.37873922913082503,1.6648638879071378,0.0
-0.3601371761544488,1.6296156812419345,0.0,-0.36022338089558525,1.6409424863315911,0.0,-0.36323496813746925,1.6503320521356375,0.0,-0.36579235572889923,1.6578349841093245,0.0,-0.36777690819777603,1.6635865769469294,0.0,-0.37676683992743953,1.6528913214504035,0.0,-0.3803160793023798,1.664511968824737,0.0,-0.3775610525717178,1.670152282488849,0.0,-0.3737783150478669,1.6728368581305948,0.0,-0.377912357769403,1.6515347770537079,0.0,-0.3807480924011267,1.6626958634697702,0.0,-0.37800457724887615,1.668276817758884,0.0,-0.3744837398944865,1.6714815517140211,0.0,-0.37631926277937955,1.650064048456409,0.0,-0.378813936765951,1.660523940648327,0.0,-0.37644678856091507,1.6656759055403216,0.0,-0.37340660171946466,1.6687159203946826,0.0,-0.3745887172205508,1.6510063969487825,0.0,-0.3766608139879472,1.6599002702374528,0.0,-0.37539437338574416,1.6647332517687863,0.0,-0.3732440022322691,1.6675853131478,0.0
-0.3515368311243082,1.6368815681457554,0.0,-0.351575979232181,1.6482086336184238,0.0,-0.3545677766436221,1.657604523781303,0.0,-0.3571207096831832,1.665108972621164,0.0,-0.3591104159018942,1.6708587846037017,0.0,-0.3681262992598821,1.6601858744279772,0.0,-0.37168100454969893,1.6718048509681798,0.0,-0.3689287851541871,1.6774465350177523,0.0,-0.3651470752677331,1.6801325580789526,0.0,-0.3692854612616586,1.658822169115142,0.0,-0.37212440048885276,1.6699824408391037,0.0,-0.3693857460988841,1.675565781980402,0.0,-0.36586913761291323,1.6787751557753459,0.0,-0.3677046379843532,1.657341227737524,0.0,-0.370198893533837,1.6678012197174297,0.0,-0.3678344497278177,1.6729544263270202,0.0,-0.36479831953353786,1.6759984926516993,0.0,-0.36598662558371675,1.6582734637540757,0.0,-0.3680577309879117,1.6671675679525373,0.0,-0.36679310852188624,1.6720010255451456,0.0,-0.3646460455525303,1.6748555781918804,0.0
-0.33565384847670454,1.6460469455063276,0.0,-0.335645998338475,1.6573740759095585,0.0,-0.338618006536805,1.6667762443282297,0.0,-0.34116648867077737,1.6742822058460765,0.0,-0.34316134419168787,1.6800302333444452,0.0,-0.35220309615730605,1.6693798310013308,0.0,-0.35576326220572896,1.6809971354755573,0.0,-0.35301385289030124,1.6866401895185796,0.0,-0.3492331714364086,1.6893276599453557,0.0,-0.3533759283815514,1.6680089974709444,0.0,-0.35621807229041397,1.6791684535011315,0.0,-0.35348428472879495,1.6847541792136727,0.0,-0.34997191038442466,1.687968186348743,0.0,-0.35180739086013463,1.6665178692212332,0.0,-0.3543012279396882,1.676977960979266,0.0,-0.3519394905924882,1.682132408532185,0.0,-0.34890742052232676,1.685180519001852,0.0,-0.3501018999545694,1.6674400183601603,0.0,-0.35217201495326145,1.6763343531290213,0.0,-0.3509092084991664,1.6811682854972507,0.0,-0.348765452766949,1.6840253226982589,0.0
-0.31789517402618955,1.6525641826244661,0.0,-0.31784038634311995,1.6638911832471488,0.0,-0.3207926062220425,1.673299583828039,0.0,-0.3233366410971922,1.6808070538445354,0.0,-0.3253366414653021,1.686553293240773,0.0,-0.334404176861275,1.6759255603601213,0.0,-0.33796979851554304,1.6875411915421898,0.0,-0.3352232020268178,1.693185615183657,0.0,-0.33144354980067386,1.695874532921337,0.0,-0.33559070509808564,1.674547631460667,0.0,-0.33843605377399955,1.685706270795319,0.0,-0.3357071391057172,1.691294378784705,0.0,-0.33219900415063625,1.6945130127396948,0.0,-0.33403446722396435,1.6730463422847905,0.0,-0.33652788580074344,1.6835065338110866,0.0,-0.3341688569720418,1.6886622215303249,0.0,-0.33114085047500214,1.6917143688071692,0.0,-0.3323414861364278,1.6739584300767607,0.0,-0.334410611685967,1.682852995077289,0.0,-0.33314961912248175,1.6876874009390217,0.0,-0.33100916966377397,1.6905469159891793,0.0
-0.3093295600991959,1.6556998170345827,0.0,-0.3092278978681893,1.6670264939341528,0.0,-0.31216033059714504,1.6764410805949759,0.0,-0.31469992186070417,1.683950054939627,0.0,-0.31670506261369247,1.6896945026269174,0.0,-0.3257982941250837,1.6790895999301418,0.0,-0.32936936623595114,1.6907035565995208,0.0,-0.3266255853222276,1.6963493494414268,0.0,-0.32284696311904076,1.6990397144345435,0.0,-0.32699854389160987,1.6777046086580842,0.0,-0.32984709741914264,1.688862430295355,0.0,-0.3271230617080559,1.6944529182537116,0.0,-0.3236191713643938,1.6976761724880012,0.0,-0.3254546194047941,1.676193184538868,0.0,-0.3279476194459526,1.6866534758235603,0.0,-0.3255913011952992,1.6918104029293655,0.0,-0.32256736169242634,1.6948665796632323,0.0,-0.32377413644453934,1.6770952364471574,0.0,-0.3258422734999278,1.68599003134128,0.0,-0.3245830927086561,1.6908249094179237,0.0,-0.32244594854325886,1.693686895620488,0.0
-0.3111878829108651,1.6572206739221365,0.0,-0.31103941140550667,1.6685468339514034,0.0,-0.31395205842902096,1.6779675606229723,0.0,-0.31648720972866773,1.6854780351341117,0.0,-0.31849748639693953,1.6912206875167928,0.0,-0.32761632459056356,1.6806387747907716,0.0,-0.3311928420123061,1.6922510557325676,0.0,-0.3284518794235601,1.6978982173738992,0.0,-0.3246742880385591,1.7005900295661909,0.0,-0.32883032113064187,1.6792467542886398,0.0,-0.33168207959354545,1.6904037572265986,0.0,-0.3289629289023347,1.6959966228325554,0.0,-0.32546328836659655,1.6992244907852283,0.0,-0.32729872362011414,1.67772522124501,0.0,-0.32979130509280413,1.688185612278228,0.0,-0.32743769947961454,1.6933437779881013,0.0,-0.3244178303639806,1.696403976816626,0.0,-0.32563072708290536,1.6786172626656393,0.0,-0.3276978765978016,1.6875122871159398,0.0,-0.3264405054632674,1.6923476361324183,0.0,-0.3243066655944887,1.6952120867990856,0.0
-0.31090502513112206,1.6578411878929324,0.0,-0.310709811882232,1.6691666387265163,0.0,-0.3136026749192478,1.6785934593545468,0.0,-0.3161333899030864,1.6861054298793259,0.0,-0.31814879800981805,1.6918462833728956,0.0,-0.32729315135413817,1.6812875194442716,0.0,-0.3308751089445586,1.692898123449217,0.0,-0.3281369674324392,1.698546653485947,0.0,-0.32436040766087226,1.701239912820357,0.0,-0.3285209196379417,1.6798885029987431,0.0,-0.33137588311915206,1.6910446862353756,0.0,-0.3286616235092734,1.6966399271540482,0.0,-0.3251662379522741,1.6998724022440055,0.0,-0.3270016625420304,1.6783568870849295,0.0,-0.3294938254134024,1.6888173778567994,0.0,-0.3271429344969506,1.693976781385493,0.0,-0.32412713913364294,1.6970409949342384,0.0,-0.32534614071035695,1.679238943346802,0.0,-0.3274123036370769,1.6881341970165198,0.0,-0.3261567400467231,1.6929700157012615,0.0,-0.3240262034614549,1.6958369241522229,0.0
-0.29338511359454034,1.6597258903468208,0.0,-0.2931432283702521,1.6710504405071909,0.0,-0.29601630941344403,1.680483309054099,0.0,-0.29854259172998515,1.6879967714484752,0.0,-0.30056312679117,1.6937358224795982,0.0,-0.30973290167666956,1.6832003651894796,0.0,-0.31332029429710406,1.6948092910539203,0.0,-0.31058497661492834,1.7004591890790008,0.0,-0.30680944925206227,1.7031538954976768,0.0,-0.31097446640037557,1.6817943862294624,0.0,-0.3138326349820128,1.6929497487626708,0.0,-0.3111232725136474,1.6985473626456409,0.0,-0.307632147080448,1.701784438271718,0.0,-0.3094675630071297,1.6802527135342082,0.0,-0.3119593072443319,1.6907133040348536,0.0,-0.3096111330837465,1.6958739445943685,0.0,-0.30659941480985514,1.6989421654769603,0.0,-0.3078245041504187,1.6811248098992477,0.0,-0.3098896814399395,1.6900202924522758,0.0,-0.3086359232841238,1.6948565795372041,0.0,-0.30650868895291994,1.6977259391012023,0.0
-0.25955886856098714,1.6577085630072168,0.0,-0.2592703833463641,1.6690320218903236,0.0,-0.2621236846614362,1.678470892337014,0.0,-0.26464553795957685,1.6859858424657395,0.0,-0.2666711954840703,1.691723087472254,0.0,-0.2758662962440861,1.6812110936513267,0.0,-0.27945911875940926,1.6928183401772094,0.0,-0.2767266276621579,1.6984696057805655,0.0,-0.27295213350327646,1.7011657592248586,0.0,-0.2771216818295616,1.6797981857460391,0.0,-0.2799830555929285,1.690952726573643,0.0,-0.2772785963249339,1.6965527110589398,0.0,-0.2737917361347773,1.6997943806000213,0.0,-0.27562714527712706,1.6782464823918166,0.0,-0.278118470847306,1.6887071726113574,0.0,-0.2757730155015623,1.6938690494109403,0.0,-0.27276537762616854,1.696941270229202,0.0,-0.2739965376519538,1.6791086440551048,0.0,-0.27606073025391475,1.6880043551559887,0.0,-0.27480877542590765,1.6928411093765119,0.0,-0.2726848423030601,1.6957129133908957,0.0
-0.22848203557489868,1.6560938586531195,0.0,-0.22814702455109678,1.667416036553612,0.0,-0.23098054867606324,1.6768608629012602,0.0,-0.2334979766050662,1.6843772966378703,0.0,-0.23552875209463128,1.6901127320687939,0.0,-0.24474908102663576,1.6796243575128535,0.0,-0.24834732830526698,1.6912299235077135,0.0,-0.2456176665495807,1.6968825562762362,0.0,-0.24184420638998314,1.6995801566867,0.0,-0.24601831162114038,1.678204554369906,0.0,-0.2488828906467229,1.6893582724896434,0.0,-0.24618334063658384,1.6949606252017249,0.0,-0.24270075078283196,1.6982068820168612,0.0,-0.24453615489814193,1.6766428465121317,0.0,-0.2470270617684425,1.6871036364406846,0.0,-0.24468432729635617,1.6922667486868255,0.0,-0.2416807731005223,1.6953429620309146,0.0,-0.24291798674843948,1.6774950986020472,0.0,-0.24498119561114542,1.686391037915983,0.0,-0.24373104200712578,1.6912282580109834,0.0,-0.24161040903074207,1.694102499821763,0.0
-0.2456941969190929,1.6677330655717046,0.0,-0.24531273644207985,1.6790537737077245,0.0,-0.24812648618653116,1.68850450997955,0.0,-0.25063949239600697,1.696022423206351,0.0,-0.25267538134536105,1.7017560455218868,0.0,-0.2619208387326751,1.6912914449678034,0.0,-0.265524505646585,1.7028953292447522,0.0,-0.2627976759907609,1.7085493287622928,0.0,-0.25902525062576215,1.7112483760786839,0.0,-0.26320393820858473,1.689864780431276,0.0,-0.2660717225760524,1.7010176748408037,0.0,-0.26337708787983255,1.706622393390538,0.0,-0.2598987734299047,1.7098732308190627,0.0,-0.2617341741545115,1.6882930942575312,0.0,-0.2642246622920775,1.6987539838852095,0.0,-0.26188465075230066,1.703918330781639,0.0,-0.25888518348905987,1.7069985292301826,0.0,-0.26012843371178207,1.6891354618358851,0.0,-0.26219065978220635,1.6980316290287183,0.0,-0.2609423053012589,1.7028693137405426,0.0,-0.2588249713933397,1.7057459867024443,0.0
-0.2518785160212294,1.6798126478700182,0.0,-0.2514506846000792,1.6911316984075653,0.0,-0.25424466304443094,1.7005882986505962,0.0,-0.25675325118432085,1.7081076872586534,0.0,-0.2587942490811813,1.7138394929301954,0.0,-0.26806473321511226,1.7033988200323102,0.0,-0.27167381463982787,1.715001021410023,0.0,-0.26894981984381655,1.7206563872573875,0.0,-0.2651784300687464,1.7233568814186662,0.0,-0.26936172516965845,1.7019653280808322,0.0,-0.27223271495786355,1.7131173977777265,0.0,-0.26954300163015726,1.7187244797623746,0.0,-0.26606896762546983,1.7219798911240232,0.0,-0.2679043664752507,1.700383689810088,0.0,-0.27039443584722384,1.7108446791270018,0.0,-0.2680571492982385,1.7160102598746896,0.0,-0.265061772192588,1.7190944359949214,0.0,-0.26631104195877264,1.7012161978722624,0.0,-0.26837228618255854,1.7101125926104859,0.0,-0.26712572872667334,1.7149507406849351,0.0,-0.265011692793192,1.717829838161456,0.0
-0.25152795315895116,1.6853280346433486,0.0,-0.2510538314337346,1.69664524072021,0.0,-0.25382804192846226,1.7061076590070403,0.0,-0.2563322156490142,1.7136285188961669,0.0,-0.2583783179741436,1.7193585044063067,0.0,-0.26767372517654436,1.7089419117132567,0.0,-0.2712882159911541,1.7205424290159606,0.0,-0.26856705881655074,1.7261991607708997,0.0,-0.26479670542675143,1.7289011017152272,0.0,-0.2689846329315651,1.707501626458089,0.0,-0.2718588282185408,1.7186528704398467,0.0,-0.2691740423124214,1.7242623134430433,0.0,-0.2657042937683259,1.7275222920380682,0.0,-0.2675396921391978,1.7059100623399388,0.0,-0.27002934271271617,1.7163711513361954,0.0,-0.2676947832128296,1.7215379651333473,0.0,-0.26470349946172217,1.7246261114812436,0.0,-0.2659587717562258,1.7067327358150302,0.0,-0.2680190350776878,1.715629357765783,0.0,-0.2667742725517569,1.7204679679521029,0.0,-0.26466353348273514,1.7233494833155645,0.0
-0.23550028366806983,1.6802415846532448,0.0,-0.234979954387341,1.6915567604024802,0.0,-0.23773440055219316,1.701024950833018,0.0,-0.24023416350393892,1.7085472779117652,0.0,-0.24228536573118617,1.7142754397542979,0.0,-0.25160559037742014,1.7038830786862915,0.0,-0.2552254854645767,1.7154819107437536,0.0,-0.25250716867461487,1.7211400079809565,0.0,-0.24873785246543864,1.7238433956456922,0.0,-0.252930436979132,1.7024360343694054,0.0,-0.2558078378420918,1.7135864516334454,0.0,-0.25312798540905956,1.7191982532251784,0.0,-0.24966252731478142,1.722462792334467,0.0,-0.2514979264832029,1.7008345706833032,0.0,-0.25398715822540285,1.711295759349007,0.0,-0.2516553278327355,1.7164638053910604,0.0,-0.24866814060506856,1.7195559145114712,0.0,-0.2499293984291688,1.7016474344342618,0.0,-0.25198868179129674,1.710544283265328,0.0,-0.2507457121031057,1.715383354316197,0.0,-0.24863826877268827,1.7182672809477948,0.0
-0.24460500682484967,1.695333129052015,0.0,-0.24403855482272033,1.7066460896249929,0.0,-0.24677324054591773,1.7161200063282016,0.0,-0.249268596379659,1.7236437965138451,0.0,-0.25132489397600766,1.7293701311937746,0.0,-0.2606698285182697,1.7190021520203476,0.0,-0.2642951227642014,1.730599297667861,0.0,-0.261579649123758,1.7362587599589527,0.0,-0.2578113708905686,1.738963594280658,0.0,-0.26200863673707153,1.7175483830124973,0.0,-0.2648892432524136,1.7286979725561593,0.0,-0.26221433034234853,1.7343121302927547,0.0,-0.2587531676609285,1.7375812231779477,0.0,-0.26058856878440817,1.7159370460669838,0.0,-0.26307738166242767,1.7263983343922347,0.0,-0.26074828243490966,1.7315676118718564,0.0,-0.25776519487151983,1.7346636762986427,0.0,-0.25903242124313697,1.7167401248907457,0.0,-0.26109072558760027,1.7256372002705513,0.0,-0.2598495466478259,1.730476730942071,0.0,-0.257745397914356,1.7333630622319263,0.0
-0.2396363031164752,1.7041113372058874,0.0,-0.23902381528930744,1.7154218987948642,0.0,-0.24173874472673512,1.7249014959304911,0.0,-0.24422969709353676,1.7324267451490154,0.0,-0.24629108551915985,1.7381512491825557,0.0,-0.2556606205101552,1.7278078010007965,0.0,-0.2592913088046758,1.7394032590791675,0.0,-0.25657868108027165,1.7450640859927047,0.0,-0.2528114416184469,1.747770366907147,0.0,-0.2570134128404446,1.726347341799596,0.0,-0.2598972250837526,1.7374961026201408,0.0,-0.2572272577448727,1.7431126140442474,0.0,-0.2537703954131137,1.7463862539478623,0.0,-0.25560579953070933,1.7247261579315334,0.0,-0.25809419351168705,1.7351875459064274,0.0,-0.2557678275070604,1.740358054013516,0.0,-0.2527888427207243,1.743458066269692,0.0,-0.254062020674631,1.7255194765591508,0.0,-0.25611934694177985,1.7344167781567634,0.0,-0.2548799566639963,1.739256767208451,0.0,-0.2527791013701039,1.74214549655567,0.0
-0.22937066358951083,1.7059033291471952,0.0,-0.22871222887230233,1.7172113090074375,0.0,-0.23140740644668548,1.7266965407677342,0.0,-0.23389395899784768,1.7342232449538226,0.0,-0.2359604337061488,1.7399459148684047,0.0,-0.24535445782318385,1.7296271455815808,0.0,-0.24899053505968896,1.7412209149371183,0.0,-0.24628075601946955,1.7468831060385754,0.0,-0.24251455612439568,1.7495908334807213,0.0,-0.24672125648316093,1.7281600308095963,0.0,-0.24960827452919435,1.7393079619042096,0.0,-0.2469432588079992,1.7449268245447793,0.0,-0.24349070173640983,1.7482050046903315,0.0,-0.24532610976922678,1.726529026383433,0.0,-0.2478140848202914,1.7369905139980653,0.0,-0.24549045409610562,1.742162251919748,0.0,-0.2425155751715379,1.7452662045176184,0.0,-0.24379468775955218,1.7273126094802307,0.0,-0.2458510368884139,1.7362101369653586,0.0,-0.2446134331890951,1.7410505831601377,0.0,-0.24251587016177803,1.7439417039728664,0.0
-0.22237472638742473,1.7052958605518913,0.0,-0.22167043572986578,1.7166010770233324,0.0,-0.22434586612991453,1.7260918976347701,0.0,-0.2268280225169229,1.7336200527318046,0.0,-0.2288995789545607,1.739340885066089,0.0,-0.23831797902403856,1.7290469413627079,0.0,-0.2419594400994966,1.740639020847216,0.0,-0.23925251251320862,1.7463025756989699,0.0,-0.23548735298027013,1.749011749602972,0.0,-0.23969880595552284,1.7275732057655497,0.0,-0.2425890298782103,1.738720306131344,0.0,-0.23992897181941547,1.744341517503606,0.0,-0.236480724892139,1.7476242310957129,0.0,-0.23831613764384768,1.7259324071725919,0.0,-0.24080369373211902,1.7363939944170557,0.0,-0.2384828003457034,1.741566961337677,0.0,-0.23551203033953755,1.7446748467789583,0.0,-0.23679706063073497,1.7267062793383297,0.0,-0.23885243355901797,1.7356040323813209,0.0,-0.23761661435751297,1.7404449344855066,0.0,-0.23552234240819492,1.7433384401809666,0.0
-0.22358304526092346,1.7045769314029517,0.0,-0.2228329916030087,1.7158792039313735,0.0,-0.22548867978253936,1.7253755676563525,0.0,-0.2279664436570548,1.732905169616398,0.0,-0.23004307726399217,1.7386241609202775,0.0,-0.23948573828614086,1.72835518825375,0.0,-0.2431325781011162,1.7399455767245107,0.0,-0.2404285047401302,1.745610494885847,0.0,-0.23666438636471535,1.7483211151850533,0.0,-0.24088061515447592,1.7268748666981304,0.0,-0.24377404502693392,1.7380211353321413,0.0,-0.24111895067342307,1.7436446929375866,0.0,-0.2376750187481789,1.7469319331620847,0.0,-0.2395104369055477,1.725224300355763,0.0,-0.24199757399815816,1.735685987220145,0.0,-0.23967942000660905,1.7408601823212613,0.0,-0.23671276194738414,1.7439719930972082,0.0,-0.23800369302834448,1.7259884861247463,0.0,-0.2400580906924539,1.7348864643965831,0.0,-0.23882405391096737,1.739727821179868,0.0,-0.23673307183555767,1.742623705184395,0.0
-0.23720327117780649,1.7036893450473722,0.0,-0.2364075494250341,1.7149884942051024,0.0,-0.2390435006021117,1.7244903553436404,0.0,-0.24151687561602492,1.7320214001274088,0.0,-0.2435985818256181,1.737738546961998,0.0,-0.2530653869993744,1.7274946895309118,0.0,-0.2567176004580683,1.7390833858506607,0.0,-0.2540163840954265,1.744749666877792,0.0,-0.2502533076729487,1.747461733504775,0.0,-0.2544743351933801,1.7260078170026891,0.0,-0.2573709710879338,1.7371532529018698,0.0,-0.25472084648074955,1.7427791542282534,0.0,-0.25128123438880456,1.746070914252347,0.0,-0.253116658522201,1.7243475093535738,0.0,-0.2556033765863035,1.7348092958279524,0.0,-0.2532879640465196,1.7399847182883474,0.0,-0.2503254209347077,1.7431004468799163,0.0,-0.25162223590972627,1.725102033194732,0.0,-0.2536756592447681,1.7340002363670295,0.0,-0.25244340280839705,1.738842046602483,0.0,-0.25035570938740787,1.741740302351605,0.0
-0.2612512053439152,1.6983814651501214,0.0,-0.26040991234238825,1.709677312656265,0.0,-0.26302613199848257,1.7191846255476693,0.0,-0.26549512180389995,1.7267171091245062,0.0,-0.26758189604295335,1.7324324080621414,0.0,-0.27707272679132605,1.7222138087907697,0.0,-0.28073030880155664,1.7338008118276929,0.0,-0.2780319522119263,1.739468455273732,0.0,-0.2742699185378175,1.7421819681602826,0.0,-0.27849576742311943,1.7207204203930773,0.0,-0.2813956094112671,1.7318650225543095,0.0,-0.27875046058956243,1.7374932650756336,0.0,-0.27531517313569454,1.7407895380480332,0.0,-0.27715060369954736,1.7190503979044676,0.0,-0.2796369027022666,1.7295122839789239,0.0,-0.2773242336709762,1.7346889329746218,0.0,-0.27436580847901476,1.7378085718526382,0.0,-0.27566849047021746,1.7197952842215374,0.0,-0.27772094040997103,1.7286937119665486,0.0,-0.2764904622467544,1.7335359744306211,0.0,-0.2744060562454279,1.7364365953691434,0.0
-0.28109799412375563,1.688776510648434,0.0,-0.2802112286352503,1.7000688793886436,0.0,-0.28280772251430886,1.7095815984131921,0.0,-0.28527233076337116,1.717115516761119,0.0,-0.287364168452087,1.722828964385398,0.0,-0.2968789044482407,1.7126357649043278,0.0,-0.30054184992135957,1.7242210735320764,0.0,-0.2978463558808964,1.7298900789469671,0.0,-0.2940853657505521,1.7326050380240172,0.0,-0.29831605835295955,1.7111358958557539,0.0,-0.3012191065053122,1.722279663275863,0.0,-0.2985789395062114,1.7279102444523196,0.0,-0.2951479814686005,1.7312110235033054,0.0,-0.29698341880192275,1.709456185018913,0.0,-0.2994692987103247,1.7199181706835382,0.0,-0.29715937524399433,1.7250960453877626,0.0,-0.29420507091622744,1.7282195870130017,0.0,-0.29551360306372926,1.710191458150732,0.0,-0.2975650805406366,1.7190901101413496,0.0,-0.29633637858148065,1.7239328236138447,0.0,-0.2942552587497977,1.7268358031958493,0.0
-0.2908881499840648,1.681632430717664,0.0,-0.2899560126604394,1.692921144763399,0.0,-0.29253278676785505,1.7024392243440365,0.0,-0.2949930171126544,1.7099745734497582,0.0,-0.2970899136646255,1.7156861663555634,0.0,-0.3066284328579986,1.7055185069832497,0.0,-0.310296736708923,1.7171021200809202,0.0,-0.30760410799531607,1.722772487011454,0.0,-0.303844162204089,1.7254888922090705,0.0,-0.30807972059383265,1.704012192615854,0.0,-0.3109859749801735,1.7151551242915954,0.0,-0.3083507958386866,1.7207880415695322,0.0,-0.3049241719688029,1.7240933198110147,0.0,-0.3067596162958271,1.7023228199452585,0.0,-0.3092450770770142,1.7127849051901323,0.0,-0.30693790123174397,1.7179640047732598,0.0,-0.30398772068433094,1.7210914415964953,0.0,-0.3053020861466108,1.703048504165859,0.0,-0.3073525920918404,1.7119473800755993,0.0,-0.3061256642703737,1.7167905433396273,0.0,-0.30404782934299535,1.7196958750284241,0.0
-0.29605670496014025,1.6773639786583814,0.0,-0.2950792983167531,1.6886488632856131,0.0,-0.297636358918443,1.698172257889602,0.0,-0.3000922150113442,1.705709033748385,0.0,-0.30219416583379416,1.7114187685418156,0.0,-0.3117563444754441,1.7012767882675917,0.0,-0.31543000162286994,1.7128587047196473,0.0,-0.31274024101565,1.718530432709606,0.0,-0.30898134035896757,1.7212482839571537,0.0,-0.3132217863240386,1.6997640640247602,0.0,-0.31613124701347595,1.7109061589527792,0.0,-0.3135010617626303,1.7165414097647698,0.0,-0.3100787767852875,1.7198511802905205,0.0,-0.31191422821601134,1.698065056057016,0.0,-0.31439926983722555,1.7085272408721806,0.0,-0.31209484366889484,1.7137075645018067,0.0,-0.30914878978990734,1.7168388889640378,0.0,-0.3104689717441616,1.6987811755754063,0.0,-0.31251850708766127,1.7076802750783968,0.0,-0.3112933513403445,1.712523886920394,0.0,-0.3092188000367958,1.715431564188645,0.0
-0.2992255756980254,1.6753617066411457,0.0,-0.2982030040874902,1.6866425883486096,0.0,-0.3007403577092077,1.6961712524891046,0.0,-0.30319184320308895,1.70370945110468,0.0,-0.30529884369709864,1.7094173244029895,0.0,-0.3148845563655098,1.6993011608699324,0.0,-0.31856356173192535,1.7108813795661884,0.0,-0.31587667201245495,1.7165544681563336,0.0,-0.31211881728587054,1.719273765382547,0.0,-0.316364172331853,1.6977820623045436,0.0,-0.31927683939273926,1.7089233194813973,0.0,-0.3166516540636693,1.7145609012462892,0.0,-0.31323371267713834,1.717875157132233,0.0,-0.31506917120759037,1.6960734455976905,0.0,-0.3175537936360332,1.7065357299731938,0.0,-0.31525211920056984,1.7117172768142526,0.0,-0.3123101948502306,1.7148524813470614,0.0,-0.31363617649222186,1.6967800245579836,0.0,-0.31568474216260023,1.7056793473289884,0.0,-0.31446135642907624,1.7105234065387969,0.0,-0.3123900874541662,1.7134334228688086,0.0
-0.3002005942823435,1.6766362344142132,0.0,-0.2991329638698394,1.687912940941332,0.0,-0.30165061729626896,1.6974468291790021,0.0,-0.3040977358438343,1.7049864465637727,0.0,-0.3062097814040149,1.710692454995508,0.0,-0.31581890103354476,1.7006022444814357,0.0,-0.31950324954477544,1.712180764317193,0.0,-0.3168192334955423,1.7178552130449276,0.0,-0.3130624254944869,1.720575956177568,0.0,-0.31731271084489804,1.699076807254492,0.0,-0.32022858434445933,1.7102172256767472,0.0,-0.31760840496599274,1.7158571357994765,0.0,-0.31419481184177206,1.7191758701036273,0.0,-0.3160302773543892,1.6973586083880934,0.0,-0.3185144805569326,1.7078209923140586,0.0,-0.3162155599100591,1.713003761528709,0.0,-0.31327776792060885,1.716142838554267,0.0,-0.31460953246439555,1.6980556708704375,0.0,-0.31665712938877244,1.7069552165848918,0.0,-0.31543551161173067,1.711799721955715,0.0,-0.31336752365550297,1.7147120708393926,0.0
-0.2994046040644631,1.6816663141752086,0.0,-0.2982920228020975,1.6929386745194799,0.0,-0.3007899830753182,1.7024777414642815,0.0,-0.30323273832827424,1.7100187736395696,0.0,-0.30534982434228286,1.7157229138447714,0.0,-0.31498222225216105,1.7056587912443886,0.0,-0.3186719088372035,1.7172356111204765,0.0,-0.31599076924159464,1.7229114195197348,0.0,-0.3122350087611738,1.7256336084853126,0.0,-0.3164902453578751,1.7041270511231177,0.0,-0.3194093253622671,1.7152666297873367,0.0,-0.3167941579604362,1.7209088656587097,0.0,-0.31338491774277105,1.724232071420851,0.0,-0.3152203900074458,1.7023992966977621,0.0,-0.3177041739509353,1.7128617801643147,0.0,-0.315408009147464,1.71804577091163,0.0,-0.3124743523225901,1.7211887128422951,0.0,-0.3138118830013327,1.7030868667187744,0.0,-0.3158585121055577,1.7119866350527322,0.0,-0.31463866022990383,1.7168315853809175,0.0,-0.31257395196691057,1.7197462603192404,0.0
-0.298381805927457,1.6896011689254489,0.0,-0.2972243835241805,1.700869013358918,0.0,-0.2997026579423623,1.7104132136717878,0.0,-0.3021410535526191,1.7179556566674261,0.0,-0.30426317540185527,1.7236579252973931,0.0,-0.31391872132013277,1.7136200241104418,0.0,-0.31761374091212413,1.7251951429329,0.0,-0.31493548055591003,1.7308723105348442,0.0,-0.31118076839138964,1.73359594525929,0.0,-0.31544097689394296,1.712082016965203,0.0,-0.31836326346909405,1.7232207548677239,0.0,-0.31575311406774587,1.7288653138647092,0.0,-0.3123482313738379,1.7321929841067856,0.0,-0.3141837100489427,1.7103447336000686,0.0,-0.3166670747009451,1.7208073165971591,0.0,-0.3143736677950905,1.7259925280332655,0.0,-0.3114441489100392,1.7291393272718238,0.0,-0.31278742897742284,1.711022835111316,0.0,-0.31483309118649094,1.7199228257413541,0.0,-0.31361500315935426,1.7247682198263863,0.0,-0.3115535732487448,1.7276852143294672,0.0
-0.29864315948831177,1.6974042029087124,0.0,-0.29744100737979545,1.7086673629938953,0.0,-0.29989960349734557,1.7182166513880515,0.0,-0.30233364311920774,1.7257605012416593,0.0,-0.30446079618025346,1.7314608949584296,0.0,-0.31413935826546746,1.7214493472787449,0.0,-0.3178397058023995,1.7330227639585827,0.0,-0.31516432747472767,1.7387012902920653,0.0,-0.31141066442214677,1.741426370701575,0.0,-0.3156758652066985,1.7199051090807123,0.0,-0.31860135841847015,1.7310430052176065,0.0,-0.31599623304041524,1.7366898847038734,0.0,-0.31259571246142315,1.740022012431186,0.0,-0.31443119709333384,1.7181583234118118,0.0,-0.31691414242171173,1.728621005929317,0.0,-0.3146234954687502,1.733807437208129,0.0,-0.31169811727165403,1.7369580861491596,0.0,-0.3130471300011077,1.7188269802987461,0.0,-0.3150918262388189,1.7277271929020421,0.0,-0.3138755000113986,1.7325730295469992,0.0,-0.31181734709879044,1.735492337135398,0.0
-0.30117410393584776,1.702261085798416,0.0,-0.29992733526360693,1.7135193944047025,0.0,-0.3023662608912458,1.7230737256469635,0.0,-0.30479594817941963,1.730618978404576,0.0,-0.30692812782310797,1.7363174938812904,0.0,-0.3166295726971091,1.7263324303742078,0.0,-0.32033524311992007,1.7379041438280025,0.0,-0.31766274961032537,1.743584028418151,0.0,-0.3139101364656147,1.7463105544379698,0.0,-0.31818034962600683,1.724781997195965,0.0,-0.3211090495383645,1.735919050563518,0.0,-0.3185089542042493,1.7415682478889192,0.0,-0.31511280030501443,1.7449048260900086,0.0,-0.31694829032718524,1.7230257358789278,0.0,-0.3194308162982897,1.7334885179070796,0.0,-0.31714293135440413,1.7386761681802276,0.0,-0.3142216965664866,1.7418306592104136,0.0,-0.31557642524829943,1.7236849719643135,0.0,-0.31762015643622327,1.7325854062188815,0.0,-0.31640558996438484,1.737431684230573,0.0,-0.31435071268252135,1.7403532984357413,0.0
-0.30531394828513425,1.7061105635555291,0.0,-0.30402267787828136,1.7173638548755321,0.0,-0.3064419410798053,1.726923183788471,0.0,-0.30886727968379457,1.7344698355063242,0.0,-0.31100448127181857,1.7401664694285153,0.0,-0.32072867406199307,1.730208019303825,0.0,-0.32443966231235355,1.7417780284544226,0.0,-0.3217700564075112,1.7474592708211119,0.0,-0.3180184939648233,1.7501872423732394,0.0,-0.3222937393155721,1.7286514273192133,0.0,-0.32522564598961307,1.7397876369141823,0.0,-0.32263058671481804,1.7454391494133374,0.0,-0.3192388040313927,1.7487801710576387,0.0,-0.32107429876665033,1.726885717032087,0.0,-0.323556405345656,1.7373485985613923,0.0,-0.3212712844641617,1.7425374669765585,0.0,-0.31835419577685525,1.745695792472142,0.0,-0.31971462371949794,1.727535556079928,0.0,-0.3217573907773923,1.7364362116645218,0.0,-0.3205445820177487,1.7412829298524972,0.0,-0.3184929789827698,1.7442068442141407,0.0
-0.30425413278530206,1.7247687880896914,0.0,-0.3029184771221473,1.7360168976529002,0.0,-0.30531808621020023,1.7455811791172096,0.0,-0.30773907977679943,1.7531292258609081,0.0,-0.30988129866276964,1.7588239749261352,0.0,-0.3196281030228833,1.748892265937025,0.0,-0.3233444040467143,1.7604605697124063,0.0,-0.3206776885360102,1.7661431693728789,0.0,-0.31692717758912353,1.768872586378008,0.0,-0.32120747466413735,1.747329551414314,0.0,-0.32414258816183716,1.758464916232944,0.0,-0.32155257095780687,1.7641187412258699,0.0,-0.31816516399710787,1.7674641992635505,0.0,-0.3200006626620174,1.7455544188503027,0.0,-0.3224823498170676,1.7560173998705608,0.0,-0.320199995047468,1.7612074855710707,0.0,-0.3172870551210085,1.7643696378967029,0.0,-0.31865316565852525,1.7461948845599369,0.0,-0.32069496950678633,1.7550957611534868,0.0,-0.3194839164140423,1.7599429183293658,0.0,-0.31743558622298934,1.762869126393701,0.0
-0.2692744454121706,1.7423763079296763,0.0,-0.26789452256872104,1.7536190726138008,0.0,-0.2702744861076196,1.7631882615688539,0.0,-0.2726911382941922,1.770737699409098,0.0,-0.27483836983167514,1.7764305603239412,0.0,-0.284607647935019,1.7665257187860541,0.0,-0.2883292566886234,1.7780923161173492,0.0,-0.28566543437326986,1.7837762725904809,0.0,-0.2819159757197881,1.7865071349737647,0.0,-0.28620134376551354,1.7649569180805538,0.0,-0.2891396641531588,1.7760914371176704,0.0,-0.28655469503462805,1.7817475719130982,0.0,-0.28317166827971496,1.7850974592805804,0.0,-0.285007169982452,1.7631723899373628,0.0,-0.2874884376853078,1.7736354704375112,0.0,-0.28520885108138283,1.7788267725658944,0.0,-0.28230006255079726,1.7819927440802952,0.0,-0.28367183904282695,1.763803505933157,0.0,-0.28571268060239363,1.7727046032147917,0.0,-0.2845033811371629,1.7775521981942133,0.0,-0.2824583223756742,1.780480693519362,0.0
-0.2714732610736019,1.7390143915945226,0.0,-0.2700491907118886,1.7502516496409215,0.0,-0.2724095175249858,1.7598257010842433,0.0,-0.27482183199834753,1.7673765260971928,0.0,-0.27697407154134995,1.773067495577066,0.0,-0.28676568411306036,1.7631896463377321,0.0,-0.29049259555735807,1.7747545361610548,0.0,-0.2878316692410241,1.7804398489629394,0.0,-0.28408326368065523,1.7831721566516157,0.0,-0.28837372165681463,1.7616147958989943,0.0,-0.2913152489978033,1.7727484681498997,0.0,-0.28873533398210655,1.7784069100449438,0.0,-0.28535669189459384,1.7817612196674686,0.0,-0.28719219562600296,1.7598208988894075,0.0,-0.2896730438430253,1.7702840788596612,0.0,-0.2873962274676438,1.775476596559751,0.0,-0.28449159294792153,1.7786463796205456,0.0,-0.2858690187637514,1.7604426887308546,0.0,-0.28790889895062133,1.7693440063811576,0.0,-0.2867013510879652,1.774192037985893,0.0,-0.28465956233865286,1.7771228141476874,0.0
-0.29353160530111816,1.7352595653882277,0.0,-0.2920635086995482,1.7464911564226684,0.0,-0.29440420786229543,1.7560700254129777,0.0,-0.29681218826869277,1.7636222336898317,0.0,-0.2989694311540653,1.7693113084656473,0.0,-0.30878323757898624,1.7594605748129917,0.0,-0.31251544666393277,1.7710237560744557,0.0,-0.30985741912920434,1.7767104247073953,0.0,-0.3061100674537914,1.7794441776171117,0.0,-0.3104056340491817,1.7578797111980988,0.0,-0.3133503683939461,1.7690125356612407,0.0,-0.3107755134844788,1.7746732819338624,0.0,-0.3074012604933947,1.7780320067144055,0.0,-0.30923676513031245,1.7560764720752027,0.0,-0.3117171938179698,1.766539751508118,0.0,-0.30944314972664555,1.7717334839178271,0.0,-0.3065426718011132,1.7749070708709707,0.0,-0.3079257303148781,1.7566889592836388,0.0,-0.30996465003847806,1.7655904969850191,0.0,-0.30875885175337453,1.7704389640393323,0.0,-0.30672033158170575,1.7733720146214156,0.0
-0.3075823851317806,1.7284298203874346,0.0,-0.30607038514093887,1.7396555854314824,0.0,-0.3083914659589507,1.7492392270952892,0.0,-0.31079511591635567,1.7567928147446676,0.0,-0.3129573574569019,1.7624799915655207,0.0,-0.322793215825121,1.7526564952301644,0.0,-0.3265307174973299,1.7642179668834386,0.0,-0.3238755915186676,1.7699059908420436,0.0,-0.32012929451267,1.7726411888775535,0.0,-0.3244299881493194,1.751069655086781,0.0,-0.3273779295479754,1.7622016307604185,0.0,-0.32480814073001185,1.7678646786675862,0.0,-0.32143828122255125,1.771227811477817,0.0,-0.32327378555048336,1.7492571006269353,0.0,-0.3257537946739364,1.7597204795130033,0.0,-0.32348252489852675,1.7649154257572162,0.0,-0.32058620610342337,1.7680928089230925,0.0,-0.3219748807285574,1.749860308672427,0.0,-0.3240128409034123,1.7587620661064443,0.0,-0.32280879014683955,1.7636109674311482,0.0,-0.3207735370779419,1.7665462860089014,0.0
-0.31547332061334793,1.7261071225602997,0.0,-0.31391754149322726,1.737326904025456,0.0,-0.31621901350731063,1.746915273556945,0.0,-0.31861833666966066,1.7544702366843987,0.0,-0.32078557219111115,1.760155512303564,0.0,-0.33064333915368593,1.7503593736270076,0.0,-0.334386128393712,1.7619191346212484,0.0,-0.33173390679438497,1.7676085134189992,0.0,-0.3279886652573121,1.7703451565048962,0.0,-0.33229450405717514,1.748766593652967,0.0,-0.33524565258625255,1.7598977195280836,0.0,-0.3326809358623596,1.765563066321881,0.0,-0.32931547420560203,1.7689306000241873,0.0,-0.33115097692040857,1.7469447505921185,0.0,-0.3336305664697981,1.7574082289159065,0.0,-0.3313620730496886,1.7626043881201525,0.0,-0.3284699158949996,1.7657855598128225,0.0,-0.3298641901068207,1.7475387028300386,0.0,-0.3319011916601236,1.7564406796756735,0.0,-0.33069888638333966,1.7612900140941825,0.0,-0.3286668989258889,1.7642275942514076,0.0
-0.31882362332906866,1.726600353392031,0.0,-0.3172241907113797,1.7378139950885514,0.0,-0.3195060637451292,1.7474070477393944,0.0,-0.32190106384116285,1.7549633824351694,0.0,-0.32407328871012436,1.760646753599362,0.0,-0.3339528194117053,1.7508780915529463,0.0,-0.33770089122960734,1.7624361408341649,0.0,-0.335051576871979,1.7681268739987666,0.0,-0.33130739162487644,1.7708649620882888,0.0,-0.33561839338954025,1.7492794085149015,0.0,-0.33857274913279434,1.7604096835802656,0.0,-0.336013110543953,1.7660773265173535,0.0,-0.3326520511126899,1.7694492539926696,0.0,-0.33448755077196374,1.7474483035631745,0.0,-0.33696672072648104,1.7579118813118435,0.0,-0.33470100575545964,1.7631092526227121,0.0,-0.331813012766402,1.7662942051876362,0.0,-0.33321287003328653,1.7480330232425556,0.0,-0.33524891388147987,1.7569352191815706,0.0,-0.33404835209743144,1.7617849855350975,0.0,-0.33201962880361846,1.7647248209054032,0.0
-0.306691723045175,1.7153787750699196,0.0,-0.30504876420023797,1.7265861222596124,0.0,-0.3073110483615107,1.7361838133401615,0.0,-0.3097017290646917,1.7437415157205156,0.0,-0.3118789386159033,1.7494229791975984,0.0,-0.32178008707886435,1.7396819109808201,0.0,-0.32553343642967314,1.7512382475192743,0.0,-0.32288703208475866,1.756930334531913,0.0,-0.3191439039222721,1.7596698675413516,0.0,-0.32346008620051225,1.7380773618043628,0.0,-0.32641764918286503,1.7492067850640731,0.0,-0.3238630947362608,1.7548767213729872,0.0,-0.3205064418735747,1.758253035481404,0.0,-0.32234193687819307,1.7362370217904752,0.0,-0.3248206871576473,1.7467006989652512,0.0,-0.3225577527300844,1.751899281526825,0.0,-0.3196739264144894,1.7550880073110757,0.0,-0.3210793501253078,1.7368125321983248,0.0,-0.32311443714932964,1.7457149469209177,0.0,-0.32191561689929415,1.75056514406013,0.0,-0.3198901563319685,1.753507228303922,0.0
-0.3040071035096173,1.7029963655991571,0.0,-0.30232074743821685,1.7141972650271906,0.0,-0.3045634530098253,1.7237995499335592,0.0,-0.3069498178077869,1.731358616181822,0.0,-0.3091320072574812,1.7370381687942162,0.0,-0.3190546267440889,1.7273248096271845,0.0,-0.32281324850929966,1.7388794324235077,0.0,-0.32016975683437093,1.7445728727086793,0.0,-0.3164276864940793,1.7473138504756294,0.0,-0.32074906665084124,1.7257144313801211,0.0,-0.3237098368588788,1.7368430018482255,0.0,-0.3211603724562081,1.7425152286972965,0.0,-0.3178081303979058,1.7458959222033428,0.0,-0.3196436190962434,1.723864883265344,0.0,-0.32212194962480456,1.7343286598664105,0.0,-0.3198617977128965,1.7395284527669066,0.0,-0.3169821404576053,1.7427209440257376,0.0,-0.3183931140516064,1.72443120775678,0.0,-0.3204272451406886,1.7333338409515606,0.0,-0.3192301643463327,1.7381844677000235,0.0,-0.3172079649344979,1.7411287944050844,0.0
-0.29869024801781063,1.7020094825659458,0.0,-0.2969606248090246,1.713203782381124,0.0,-0.29918376220549736,1.7228106166057997,0.0,-0.3015658146457231,1.7303710428944814,0.0,-0.303752979224442,1.7360486814684757,0.0,-0.31369692157937457,1.7263631453897077,0.0,-0.3174608107490495,1.7379160534157256,0.0,-0.3148202345713622,1.7436108464730775,0.0,-0.3110792228305369,1.7463532688886823,0.0,-0.315405817921025,1.7247469750719602,0.0,-0.3183697954571847,1.735874691731433,0.0,-0.3158254270317796,1.7415492062907243,0.0,-0.31247759996923447,1.7449342719265082,0.0,-0.3143130807348097,1.7228882456320718,0.0,-0.3167909915704752,1.7333521216279117,0.0,-0.3145336241029563,1.738553123934154,0.0,-0.3116581382120191,1.7417493728663689,0.0,-0.31307464538391827,1.7234454073197405,0.0,-0.31510782150549127,1.7323482586577694,0.0,-0.3139124779932503,1.73719931381813,0.0,-0.31189353805691755,1.740145876517419,0.0
-0.28974497072740474,1.6903729065817596,0.0,-0.287972211057369,1.7015604562665103,0.0,-0.290175791051792,1.7111717953465853,0.0,-0.29255353511553095,1.7187335777199366,0.0,-0.2947456703059388,1.7244092989937738,0.0,-0.3047107850088425,1.7147516995627572,0.0,-0.3084799367840468,1.7263028917278413,0.0,-0.3058422792467019,1.7319990371992913,0.0,-0.3021023270234585,1.7347429043459406,0.0,-0.30643415359685927,1.7131297740683056,0.0,-0.30940133868571473,1.7242566358692286,0.0,-0.30686207240884433,1.7299334354026767,0.0,-0.3035186646789908,1.7333228660556375,0.0,-0.3053541357047508,1.71126188975435,0.0,-0.30783162694096283,1.7217258651050622,0.0,-0.30557704610356623,1.7269280759928092,0.0,-0.30270573404259127,1.730128074960647,0.0,-0.30412775852134544,1.7118099113378094,0.0,-0.3061599806471165,1.7207129804895067,0.0,-0.30496637248570907,1.7255644629266738,0.0,-0.3029506905665936,1.7285132553249805,0.0
-0.29243081671109966,1.67598426455068,0.0,-0.29061505301540125,1.6871649151130512,0.0,-0.2927990869088898,1.6967807145939104,0.0,-0.2951725265900188,1.7043438491011513,0.0,-0.29736962791164984,1.7100176498073623,0.0,-0.3073557633199667,1.7003880985330544,0.0,-0.31113017274154164,1.7119375738050118,0.0,-0.30849543671913593,1.717635071203736,0.0,-0.3047565448903586,1.7203803831064723,0.0,-0.30909361920293915,1.6987604550962532,0.0,-0.31206401184957894,1.7098864610468696,0.0,-0.30952985389323456,1.7155655428054026,0.0,-0.306190869901332,1.7189593314407028,0.0,-0.30802632895880594,1.6968834426925687,0.0,-0.31050340040266067,1.707347517426049,0.0,-0.3082516085637023,1.7125509361471354,0.0,-0.3053844729564474,1.7157546776715524,0.0,-0.30681199797561454,1.6974223470925864,0.0,-0.30884326690097036,1.7063256337689359,0.0,-0.30765139246088347,1.7111775424243196,0.0,-0.30563896737846463,1.7141285584349526,0.0
-0.30209822947417925,1.674756699264548,0.0,-0.3002395973705075,1.68593030349504,0.0,-0.30240409653793243,1.6955505190361915,0.0,-0.3047732348673516,1.7031150020370747,0.0,-0.3069752972747226,1.7087868791360037,0.0,-0.3169823032459253,1.6991854833577862,0.0,-0.32076196484156416,1.710733240878694,0.0,-0.31813015241699444,1.7164320893481755,0.0,-0.3143923215309167,1.7191788455837536,0.0,-0.3187346600569643,1.6975521597800647,0.0,-0.32170825991779706,1.708677308981582,0.0,-0.31917921591345005,1.714358669962182,0.0,-0.31584465968200354,1.717756809179253,0.0,-0.31768010450282425,1.6956660469317146,0.0,-0.3201567557857635,1.7061302211174083,0.0,-0.31790775480052264,1.7113348466986904,0.0,-0.31504479788180323,1.7145423229694086,0.0,-0.31647780649803464,1.6961958578826337,0.0,-0.3185081229456974,1.7050993618114658,0.0,-0.3173179801679368,1.709951695523162,0.0,-0.31530881030140206,1.7129049287775409,0.0
-0.3106527454433246,1.6710090691020067,0.0,-0.30875138153051124,1.6821754812414327,0.0,-0.3108963568854774,1.6918000687354806,0.0,-0.31326119653976464,1.699365896707625,0.0,-0.31546821469850067,1.7050358472822176,0.0,-0.3254959407595812,1.6954627129433708,0.0,-0.3292808492522073,1.7070087517983927,0.0,-0.3266519628448492,1.7127089506347002,0.0,-0.32291519343091984,1.715457150754365,0.0,-0.32726281256553463,1.6938237466768924,0.0,-0.33023961966632986,1.704948038131768,0.0,-0.32771569505277137,1.7106316752342652,0.0,-0.32438557024348325,1.7140341572920927,0.0,-0.32622099918723924,1.6919285606025152,0.0,-0.3286972305196805,1.7023928341728143,0.0,-0.32645102166202045,1.707598665387973,0.0,-0.3235922451019836,1.710809868110544,0.0,-0.3250307214809972,1.692449301439753,0.0,-0.32706008653813917,1.7013530222660835,0.0,-0.3258716725553491,1.7062057796767345,0.0,-0.32386575547731344,1.7091612232785318,0.0
-0.31523172293641655,1.6602811138208688,0.0,-0.3132877608210538,1.6714401888761994,0.0,-0.31541322364971464,1.6810691042599786,0.0,-0.31777376933077983,1.6886362730556497,0.0,-0.3199857390507138,1.6943042937533366,0.0,-0.33003402799192005,1.6847595310360535,0.0,-0.33382417932393194,1.6963038499167704,0.0,-0.3311982232392214,1.7020053992814084,0.0,-0.32746251655479075,1.7047550438254366,0.0,-0.33181543137510766,1.6831149583738738,0.0,-0.3347954466411162,1.6942383908433376,0.0,-0.3322766479913947,1.6999243014590586,0.0,-0.328950958921759,1.703331119272118,0.0,-0.33078637034674124,1.6812107242619458,0.0,-0.3332621825260396,1.6916750970104033,0.0,-0.33101876801770974,1.6968821330403119,0.0,-0.3281641740854125,1.7000970544743994,0.0,-0.3296081032175184,1.6817224161985131,0.0,-0.33163651825248863,1.6906263535036767,0.0,-0.33044983088895624,1.6954795334284634,0.0,-0.32844716484302283,1.6984371809591583,0.0
-0.3195768596966733,1.6402136729518182,0.0,-0.3175904334502728,1.6513652672577495,0.0,-0.3196963968847462,1.6609984661925092,0.0,-0.3220526547677699,1.668566971215515,0.0,-0.3242695728721218,1.6742330582947882,0.0,-0.3343382628033147,1.66471677729882,0.0,-0.33813365290278335,1.6762593749064683,0.0,-0.3355106313363253,1.681962274903674,0.0,-0.3317759889261656,1.6847133648002133,0.0,-0.33613421342642597,1.6630666351256405,0.0,-0.3391174372603355,1.674189207509993,0.0,-0.33660377195094493,1.6798773893706733,0.0,-0.33328252388483587,1.6832885367850547,0.0,-0.33511791444522115,1.6611533784554158,0.0,-0.33759330717628294,1.6716178504341077,0.0,-0.335352690854892,1.6768260911517845,0.0,-0.33250228320103214,1.6800447247986106,0.0,-0.3339516479417775,1.6616560427029639,0.0,-0.335979113602698,1.6705601962327592,0.0,-0.334794152723277,1.675413797987679,0.0,-0.33279473793771486,1.6783736443895445,0.0
-0.33414692479949665,1.6148231750656115,0.0,-0.33211817883876643,1.6259671480834939,0.0,-0.33420465648175035,1.635604586267437,0.0,-0.33655662872588077,1.6431744241823079,0.0,-0.3387784898172359,1.6488385747772367,0.0,-0.34886742930345804,1.639350871481412,0.0,-0.35266805138787205,1.6508917474148364,0.0,-0.35004796429052115,1.656595996192592,0.0,-0.3463143861699457,1.6593485302919564,0.0,-0.3506779361007279,1.6376951996373208,0.0,-0.3536643667213658,1.6488169114226747,0.0,-0.3511558398543321,1.6545073612401475,0.0,-0.3478390368242988,1.6579228309090563,0.0,-0.3496744023115857,1.6357729505151557,0.0,-0.3521493736223191,1.6462375221727472,0.0,-0.34991155775359856,1.6514469667698854,0.0,-0.3470653390730886,1.6546693052946806,0.0,-0.3485201197999309,1.6362666128290841,0.0,-0.3505466358621615,1.6451709825281644,0.0,-0.34936340048799913,1.6500250052238725,0.0,-0.3473672363244331,1.652987044865649,0.0
-0.3761086661793212,1.6050173386932642,0.0,-0.3740377508493146,1.6161535523447892,0.0,-0.3761047530122467,1.6257951863226183,0.0,-0.378452437135453,1.6333663552384607,0.0,-0.3806792327955692,1.6390285676823204,0.0,-0.39078828136824156,1.6295695288648568,0.0,-0.39459412778691416,1.6411086830182906,0.0,-0.39197697392487624,1.6468142781825703,0.0,-0.3882444589510728,1.6495682537672365,0.0,-0.39261335227605215,1.6279083670558931,0.0,-0.3956029883285206,1.639029217615187,0.0,-0.3930996024340778,1.644721930960448,0.0,-0.3897872458630842,1.6481417130216134,0.0,-0.39162258529865146,1.6259771565081604,0.0,-0.39409713508603084,1.6364418278510935,0.0,-0.3918621177988486,1.6416524737418585,0.0,-0.3890200872984541,1.6448785067516851,0.0,-0.39048026839284083,1.6264618439907241,0.0,-0.39250583593728544,1.635366429506697,0.0,-0.39132432027106184,1.6402208710823665,0.0,-0.3893314013374518,1.6431850951513969,0.0
-0.3963656101635649,1.6222376479786573,0.0,-0.39425265829188655,1.633365962279774,0.0,-0.39630019380755055,1.6430117490292357,0.0,-0.3986435947072384,1.6505842447682848,0.0,-0.40087532042577434,1.6562445158738537,0.0,-0.41100431489238615,1.6468142520601656,0.0,-0.4148153837518776,1.6583516824364428,0.0,-0.41220117097472303,1.664058625757696,0.0,-0.40846972103140483,1.6668140442143218,0.0,-0.41284397176519205,1.645147633608865,0.0,-0.41583681690455226,1.6562676209676785,0.0,-0.41333857872137275,1.6619625952562869,0.0,-0.4100306718346985,1.6653866816203213,0.0,-0.4118659869539445,1.6432074827093133,0.0,-0.4143401194837948,1.6536722527111127,0.0,-0.4121079010195303,1.6588840982192554,0.0,-0.4092700587915815,1.6621138161380424,0.0,-0.4107356315461875,1.6436832126273067,0.0,-0.41276025403410455,1.652588013066946,0.0,-0.4115804525405527,1.657442871532126,0.0,-0.4095907737392501,1.6604092714503784,0.0
-0.3978315784724804,1.626504832864254,0.0,-0.3956767071866161,1.6376251059965932,0.0,-0.3977047924307582,1.6472750010191564,0.0,-0.4000439278394799,1.6548488154500913,0.0,-0.40228058713379955,1.660507138865419,0.0,-0.41242932929656395,1.6511057843742016,0.0,-0.4162456225829865,1.6626414876943827,0.0,-0.4136343644592259,1.6683497835458017,0.0,-0.40990398503842773,1.6711066511391925,0.0,-0.41428360010596754,1.6494337409678157,0.0,-0.41727965872374123,1.6605528629496644,0.0,-0.4147865821471016,1.6662500987136835,0.0,-0.4114831345309572,1.6696784874382395,0.0,-0.4133184204555774,1.6474846654342568,0.0,-0.4157921373020846,1.6579495337052446,0.0,-0.4135627278447797,1.6631625814073694,0.0,-0.4107290819913271,1.6663959817109004,0.0,-0.4122000311253306,1.6479514485879347,0.0,-0.41422370991073637,1.6568564635380556,0.0,-0.41304562787657173,1.6617117395345256,0.0,-0.41105919476638547,1.6646803138903596,0.0
-0.40517528513552586,1.622856847045675,0.0,-0.40297864830327573,1.6339689454714301,0.0,-0.40498730616061207,1.6436229030700606,0.0,-0.40732218170411894,1.6511980318274422,0.0,-0.40956377208721284,1.6568544035643185,0.0,-0.41973210029355046,1.6474820430199597,0.0,-0.4235536084825458,1.6590160198146593,0.0,-0.42094530023234944,1.66472566416332,0.0,-0.41721599128102976,1.6674839796449517,0.0,-0.4216009831560907,1.6458046200789678,0.0,-0.42460024872066604,1.6569228774496854,0.0,-0.42211234063851955,1.662622372124005,0.0,-0.4188133598923157,1.6660550593272687,0.0,-0.4206486031746089,1.6438466559570526,0.0,-0.42312189526532595,1.6543116246239822,0.0,-0.42089530363433025,1.6595258764957017,0.0,-0.41806586288344244,1.66276295718405,0.0,-0.41954215560805275,1.644304522688086,0.0,-0.421564886029969,1.6532097531022096,0.0,-0.4203885318141541,1.6580654480102588,0.0,-0.4184053528446842,1.6610361973067178,0.0
-0.4225559228563002,1.6162336265714405,0.0,-0.42031772460694505,1.6273374283254818,0.0,-0.42230696393577005,1.6369954058879248,0.0,-0.42463755254632907,1.6445718546749823,0.0,-0.42688405162076565,1.6502262786580126,0.0,-0.43707189221633297,1.640882922258243,0.0,-0.4408985932840502,1.6524151772188984,0.0,-0.43829321116078274,1.6581261573894113,0.0,-0.43456496269351663,1.6608859060948067,0.0,-0.4389553607503866,1.6392001735345412,0.0,-0.4419578214030483,1.6503175685044784,0.0,-0.43947507033478694,1.656019311509986,0.0,-0.43618054908058357,1.6594562789385305,0.0,-0.43801574792384196,1.6372333755736492,0.0,-0.44048860859267824,1.6476984461934943,0.0,-0.43826482095799496,1.6529138945374797,0.0,-0.4354395762716241,1.6561546380953374,0.0,-0.4369211887298033,1.637682376978399,0.0,-0.43894296878578065,1.6465878232049298,0.0,-0.43776832770174573,1.6514439328211572,0.0,-0.4357883885056299,1.6544168423366057,0.0
-0.4405254291757126,1.6112142808105447,0.0,-0.43824581227300946,1.6223096533402699,0.0,-0.4402156233281067,1.6319716121536376,0.0,-0.4425419138646157,1.6395493817354025,0.0,-0.44479330586299654,1.6452018593108502,0.0,-0.4550005299471623,1.6358875984223538,0.0,-0.4588324233210259,1.6474181291434684,0.0,-0.4562299781491548,1.6531304482560214,0.0,-0.45250278921960185,1.6558916277565285,0.0,-0.4568986155020097,1.6341995502711073,0.0,-0.45990428193715466,1.6453160789635097,0.0,-0.45742668586929774,1.6510200638769144,0.0,-0.4541366160867278,1.6544612927599,0.0,-0.45597179146564965,1.6322239343365497,0.0,-0.45844423859003014,1.642689102666919,0.0,-0.45622323653298874,1.6479057378597965,0.0,-0.45340217143858114,1.651150120401788,0.0,-0.45488912181029223,1.6326640848081517,0.0,-0.45690996378488485,1.6415697439528811,0.0,-0.4557370065480428,1.646426260564781,0.0,-0.45376027860233753,1.6494013062511577,0.0
-0.4524308270054713,1.6065416297435409,0.0,-0.45010980531810824,1.6176284148106042,0.0,-0.4520602041547284,1.627294310945061,0.0,-0.45438226370905177,1.6348733780987912,0.0,-0.4566385794049774,1.6405238920711331,0.0,-0.4668648398123495,1.6312390064991338,0.0,-0.4707019599839136,1.6427677989045943,0.0,-0.468102516629137,1.648481484646875,0.0,-0.4643764115307823,1.65124412656117,0.0,-0.46877764712097647,1.6295456579725625,0.0,-0.47178654951081345,1.6406613112280755,0.0,-0.4693141506688593,1.6463675508071776,0.0,-0.46602855755171974,1.6498130541474574,0.0,-0.4678637116820051,1.627561185396208,0.0,-0.4703357660592064,1.6380264465072354,0.0,-0.46811758015756216,1.643244279791147,0.0,-0.46530071530168937,1.646492309767827,0.0,-0.4667930158214792,1.6279924406850828,0.0,-0.468812930897778,1.636898310107712,0.0,-0.4676416746091393,1.6417552372213757,0.0,-0.46566817544656797,1.644732425704272,0.0
-0.4580731882736502,1.5984801272746447,0.0,-0.45571087108087155,1.609558186774267,0.0,-0.45764192468286974,1.6192279662800368,0.0,-0.4599598112960498,1.6268083106747866,0.0,-0.4622210823986439,1.6324568433755757,0.0,-0.4724660807308208,1.6232014903243057,0.0,-0.47630842620065644,1.634728542281752,0.0,-0.47371199059002767,1.6404435954430174,0.0,-0.46998698193520205,1.6432077155692202,0.0,-0.4743936093294982,1.621502892078424,0.0,-0.4774057341318545,1.6326176725559411,0.0,-0.47493856846910193,1.6383261767173078,0.0,-0.4716574896731371,1.641775979223821,0.0,-0.473492567280242,1.6195095923255165,0.0,-0.47596419598542766,1.6299749539776298,0.0,-0.4737488835687819,1.6351940078928147,0.0,-0.47093626857196946,1.6384457187079655,0.0,-0.4724338358898516,1.6199319700318469,0.0,-0.4744528030632799,1.6288380543926082,0.0,-0.4732833129606135,1.6336954070852676,0.0,-0.4713131071202922,1.636674776004036,0.0
-0.46060684567954063,1.5894807696405948,0.0,-0.4582036624292399,1.6005500358792366,0.0,-0.4601153977967704,1.6102236531751883,0.0,-0.4624289921256837,1.617805308718392,0.0,-0.464695147052234,1.6234518838325815,0.0,-0.47495908830460154,1.6142257545051732,0.0,-0.47880656737953886,1.625751093992891,0.0,-0.4762130048427959,1.6314674515643026,0.0,-0.4724890449087448,1.6342329844171513,0.0,-0.47690113754235125,1.612522034695705,0.0,-0.4799164130509199,1.623635960846971,0.0,-0.4774544155038602,1.6293466958474834,0.0,-0.4741778184562315,1.6328007553702402,0.0,-0.4760127867879531,1.6105200811274019,0.0,-0.4784839322563807,1.6209855568948808,0.0,-0.4762714503267586,1.6262058113507523,0.0,-0.4734630615128241,1.6294611728691448,0.0,-0.4749657940126224,1.6109337498625667,0.0,-0.47698378386473506,1.6198400557210666,0.0,-0.47581603816587403,1.624697828077189,0.0,-0.47384910331302676,1.6276793574652744,0.0
-0.4622520406637759,1.584541671270832,0.0,-0.45980832002744676,1.5956020588882733,0.0,-0.46170063747219625,1.605279493382616,0.0,-0.4640097803862494,1.6128625058774662,0.0,-0.46628071059440074,1.6185071621700156,0.0,-0.4765638558026542,1.6093100602323167,0.0,-0.48041642666369366,1.6208336986898482,0.0,-0.4778256866596658,1.6265513360294983,0.0,-0.47410273347884957,1.6293182240221815,0.0,-0.47852039216205755,1.6076012589119557,0.0,-0.4815388245120806,1.6187143281116279,0.0,-0.4790819100073806,1.6244272518188378,0.0,-0.4758097106981083,1.627885477820659,0.0,-0.4776446728510679,1.60559072169173,0.0,-0.480115388948552,1.6160562988345089,0.0,-0.4779056009991304,1.6212776942506348,0.0,-0.475101325314094,1.6245365996232985,0.0,-0.4766093284336215,1.6059957628510009,0.0,-0.47862638037365335,1.6149022811696028,0.0,-0.47746022082706996,1.6197604345423393,0.0,-0.47549640060387643,1.6227440163391627,0.0
-0.46250005835239344,1.5846735973356978,0.0,-0.4600153892677951,1.5957248580934806,0.0,-0.46188823668641577,1.6054060794136737,0.0,-0.4641931508711959,1.612990378332847,0.0,-0.46646896524273745,1.6186330671969964,0.0,-0.47677046306377385,1.6094658681814722,0.0,-0.4806283015801984,1.6209877442231773,0.0,-0.4780406759559514,1.6267067917089892,0.0,-0.4743188242899164,1.6294751612158718,0.0,-0.47874195589724333,1.6077518253177787,0.0,-0.48176370713607564,1.618863992538397,0.0,-0.4793120096503124,1.6245791570684966,0.0,-0.4760442639024609,1.628041591634907,0.0,-0.47787931759955343,1.6057324205289203,0.0,-0.48034975072279423,1.6161980644722913,0.0,-0.47814271261769975,1.6214206228181225,0.0,-0.4753425707076092,1.6246830807303443,0.0,-0.4768560590992095,1.6061285501483666,0.0,-0.478872254497121,1.6150352624040656,0.0,-0.4777076705582925,1.619893793718212,0.0,-0.4757469571035361,1.6228794181011004,0.0
-0.45989578528082503,1.5868907016348088,0.0,-0.4573697337053443,1.5979325768484887,0.0,-0.4592233589885123,1.607617496931463,0.0,-0.4615244848251696,1.6152029461191144,0.0,-0.4638054478712539,1.620843555683134,0.0,-0.47412394840294775,1.6117072388325544,0.0,-0.4779871925176374,1.623227303522023,0.0,-0.4754029009872041,1.6289478583729062,0.0,-0.47168227889279807,1.631717880174485,0.0,-0.4761106616683059,1.6099879228180816,0.0,-0.47913577287231207,1.6210991758118605,0.0,-0.47668954490026416,1.626816683562321,0.0,-0.47342647030531515,1.630283520678061,0.0,-0.4752614072683405,1.6079594773517683,0.0,-0.4777314866656732,1.6184252047864331,0.0,-0.47552752778061197,1.623649063332174,0.0,-0.4727317847099728,1.6269152915894514,0.0,-0.47425054773477376,1.6083464829658891,0.0,-0.47626582886052937,1.617253402134297,0.0,-0.4751031635606844,1.622112392943267,0.0,-0.47314589763350484,1.6251002785330548,0.0
-0.45472435311231296,1.589173630967948,0.0,-0.4521581164239194,1.6002062360118898,0.0,-0.45399276226772467,1.6098947693545482,0.0,-0.4562897629059432,1.6174814687398276,0.0,-0.45857570770879014,1.6231200612086667,0.0,-0.46891218790351336,1.614013246267997,0.0,-0.47278047788368194,1.6255316176011567,0.0,-0.47019895107759285,1.6312534206269236,0.0,-0.46647939229199925,1.634024870065596,0.0,-0.4709131915837998,1.612289109582816,0.0,-0.4739413154541663,1.6233995419197722,0.0,-0.4715003597095775,1.629119302510983,0.0,-0.46824191500314116,1.6325904915715745,0.0,-0.47007643665931165,1.6102522737145941,0.0,-0.47254581203631646,1.620718167284341,0.0,-0.470344924620007,1.6259433206269407,0.0,-0.46755362863398137,1.629213350147306,0.0,-0.4690770717004673,1.6106307795848003,0.0,-0.47109124044645756,1.619537950367437,0.0,-0.46993062718576556,1.6243974317327912,0.0,-0.46797693583007166,1.6273876558538307,0.0
-0.448454828569207,1.5921376498740563,0.0,-0.4458502059248692,1.603161255712305,0.0,-0.4476654429818711,1.612853444223208,0.0,-0.4499572338617511,1.6204417189979823,0.0,-0.4522475014694397,1.6260785570262108,0.0,-0.46260482875683495,1.6169988372754447,0.0,-0.46647772215581573,1.6285156615885685,0.0,-0.4638982854106257,1.6342384071354015,0.0,-0.46017945014400785,1.6370108273435162,0.0,-0.46461925035441803,1.6152702094168327,0.0,-0.4676501783415278,1.6263798771177733,0.0,-0.46521388117002954,1.6321016235522072,0.0,-0.4619595765799384,1.6355766943477719,0.0,-0.46379403873778324,1.6132256625988013,0.0,-0.4662627494833658,1.6236917129627384,0.0,-0.46406420180820374,1.6289178512112914,0.0,-0.4612767823334494,1.6321911857523097,0.0,-0.46280513203648455,1.6135964137721346,0.0,-0.46481825263855325,1.6225038215055836,0.0,-0.4636589671771698,1.627363619803882,0.0,-0.4617081285145307,1.6303557058186404,0.0
-0.44178550989248594,1.5968265336579497,0.0,-0.4391408955151089,1.6078406137190095,0.0,-0.44093608111082777,1.617536536180587,0.0,-0.44322305663241945,1.6251262636103576,0.0,-0.4455177822934811,1.6307612882608606,0.0,-0.4558942361976671,1.6217111671967888,0.0,-0.4597723712993411,1.6332262274950413,0.0,-0.45719607613780455,1.6389503880236145,0.0,-0.4534782234514484,1.6417241257461035,0.0,-0.45792388985121507,1.6199772687425642,0.0,-0.4609583259815449,1.6310859787603527,0.0,-0.4585269388112598,1.6368098133662772,0.0,-0.4552767136433209,1.6402886999348463,0.0,-0.45711189147651526,1.6179238718032107,0.0,-0.4595807315857721,1.6283898916522626,0.0,-0.4573843003158323,1.6336169197322887,0.0,-0.454600463764741,1.6368933019448018,0.0,-0.456135073410577,1.6182857923701397,0.0,-0.45814761122623787,1.6271933317963176,0.0,-0.45698910679688154,1.632053316340355,0.0,-0.4550405897801339,1.6350469147841689,0.0
-0.4340643409553787,1.6031622517128066,0.0,-0.43137565644861464,1.614165656659438,0.0,-0.4331515802500248,1.6238651256323036,0.0,-0.4354363012700085,1.6314555320348236,0.0,-0.43773698344118045,1.6370881273707734,0.0,-0.4481250687514429,1.6280740376415956,0.0,-0.4520096315890806,1.6395869311571143,0.0,-0.4494383487298321,1.6453133449540702,0.0,-0.4457223277129212,1.648089536113281,0.0,-0.45017254341384083,1.6263339943362587,0.0,-0.45321119016373734,1.6374415533308222,0.0,-0.4507861866011617,1.6431680953842174,0.0,-0.4475411267727376,1.6466518006113027,0.0,-0.44937647224591043,1.6242699347835816,0.0,-0.45184562183632976,1.6347358816239757,0.0,-0.4496528703969346,1.6399644544692156,0.0,-0.44687379788803244,1.6432448785783709,0.0,-0.44841456445549277,1.6246210690877974,0.0,-0.45042653604151645,1.6335287364269728,0.0,-0.44927023490071283,1.6383892456547078,0.0,-0.44732546422869585,1.6413852792394032,0.0
-0.42315736512817076,1.611076814343807,0.0,-0.42042723483869926,1.6220700092114957,0.0,-0.42218564423462546,1.6317726686459144,0.0,-0.4244681067702102,1.6393637544884159,0.0,-0.42677493614008755,1.6449938350322078,0.0,-0.43717552824136463,1.6360125767594365,0.0,-0.4410654808898596,1.6475236502945894,0.0,-0.4384975019551376,1.6532515464796695,0.0,-0.4347830226071235,1.6560298000180962,0.0,-0.43923766446955126,1.6342679293610265,0.0,-0.44227918913145686,1.6453747006569246,0.0,-0.43986052086229005,1.6511039213693368,0.0,-0.43662113650777523,1.6545929046600676,0.0,-0.4384547188787081,1.6321952095836372,0.0,-0.44092246877093594,1.6426614865451565,0.0,-0.4387344288825159,1.6478920328186957,0.0,-0.4359611784412134,1.65117738033996,0.0,-0.4375050028340523,1.6325373606997877,0.0,-0.4395153801408202,1.6414453879882962,0.0,-0.43836297293238546,1.6463068219235737,0.0,-0.43642360690059906,1.6493063568212059,0.0
-0.4041798088311681,1.6208666550301025,0.0,-0.4014185803295613,1.6318520800086085,0.0,-0.4031583421366412,1.641558100437117,0.0,-0.40543285138336294,1.6491515731065318,0.0,-0.40774254340896765,1.6547804798758938,0.0,-0.4181722385477993,1.645816866551089,0.0,-0.4220645768786494,1.6573271336139084,0.0,-0.41949515633939666,1.663054383268734,0.0,-0.4157802258961259,1.6658320335981065,0.0,-0.42024222031016817,1.6440701629573449,0.0,-0.4232846079635608,1.6551766978920062,0.0,-0.4208689813295003,1.6609072017208701,0.0,-0.4176330227095292,1.6643993625432134,0.0,-0.4194654182577625,1.6419935524296823,0.0,-0.4219307901759244,1.6524603897873067,0.0,-0.4197443253762841,1.6576915946726924,0.0,-0.41697461625941346,1.6609799282557687,0.0,-0.4185206630885422,1.6423317349695108,0.0,-0.4205290648406281,1.6512402078740325,0.0,-0.4193779498673507,1.656101947953409,0.0,-0.41744136422597883,1.659103278701759,0.0
-0.3691508680814194,1.627361423245738,0.0,-0.36635666754811147,1.6383385079304862,0.0,-0.3680735396939932,1.6480486033851505,0.0,-0.3703381841876015,1.6556450239114342,0.0,-0.37264919101906285,1.6612733910011193,0.0,-0.38311107948244527,1.652329675927003,0.0,-0.3870070899489751,1.663838700559174,0.0,-0.3844384496776001,1.6695663002023493,0.0,-0.38072304974886734,1.6723433225141389,0.0,-0.3851936971160449,1.6505784747212395,0.0,-0.3882392388553358,1.661684145182882,0.0,-0.385825672574157,1.667415517093181,0.0,-0.38259126171863445,1.6709091114910686,0.0,-0.38442695734809385,1.6484952053490758,0.0,-0.38689343055520536,1.6589617832465753,0.0,-0.38470519093107597,1.6641922459622764,0.0,-0.3819359060491345,1.6674809368246584,0.0,-0.3834907471008726,1.6488271547111197,0.0,-0.38549933625079175,1.657735585365012,0.0,-0.3843448678512198,1.6625965302315486,0.0,-0.38240648328673255,1.6655966994746942,0.0
-0.3445870810120578,1.6238986921804919,0.0,-0.3417368319658863,1.6348613572383721,0.0,-0.3434319726291236,1.6445752700357898,0.0,-0.3456988173124514,1.6521710342946543,0.0,-0.34801791524336645,1.6577960723796932,0.0,-0.35847529018899527,1.6489070665813692,0.0,-0.36238208676646505,1.6604124342869881,0.0,-0.35982557942253085,1.6661454597288157,0.0,-0.3561141511644304,1.6689277878610778,0.0,-0.3605874262899484,1.6471450422948344,0.0,-0.36364138847442395,1.6582484001591995,0.0,-0.3612369254067356,1.6639835970628751,0.0,-0.35800846703213507,1.6674826929350606,0.0,-0.3598476816011448,1.64504366129693,0.0,-0.3623186114011931,1.6555091879864499,0.0,-0.3601344663670951,1.6607413618504356,0.0,-0.3573696493280219,1.6640338097370564,0.0,-0.358937298893875,1.6453575133126233,0.0,-0.3609476571866694,1.6542655448922132,0.0,-0.3597940532221028,1.6591266949798011,0.0,-0.35785816385002395,1.6621284748762013,0.0
-0.3616624081725494,1.6263900422616255,0.0,-0.35875300066291493,1.637337155704874,0.0,-0.360436333555855,1.6470531216411843,0.0,-0.36271369870915193,1.6546457382819164,0.0,-0.3650466005482474,1.660265065437409,0.0,-0.37547979059756503,1.6514376187359612,0.0,-0.3793968786203876,1.6629394867129763,0.0,-0.37685141578118914,1.668677424447955,0.0,-0.3731455307142307,1.671467131497288,0.0,-0.37761642292388214,1.6496682134948768,0.0,-0.38067547022860104,1.6607701714517356,0.0,-0.37828471486966636,1.6665110960272314,0.0,-0.3750679237620547,1.670020920861787,0.0,-0.3769006256289114,1.6475511475736688,0.0,-0.37936938766562933,1.6580171858390242,0.0,-0.3771988166652583,1.6632550054622357,0.0,-0.3744468200729813,1.6665581768325644,0.0,-0.3760138543364937,1.6478480419503159,0.0,-0.37802170071439173,1.6567566400449176,0.0,-0.37688072475797046,1.6616207695814316,0.0,-0.3749589970786313,1.6646316353927593,0.0
-0.38028172411145783,1.6210021614622283,0.0,-0.3773635040490806,1.631946929000372,0.0,-0.3790358043186165,1.6416647999355363,0.0,-0.3812996639994684,1.6492614543860156,0.0,-0.3836332092627665,1.654880514376392,0.0,-0.3941175305909515,1.6460395655484914,0.0,-0.39802889047369505,1.6575433827152797,0.0,-0.3954686975429879,1.6632747632360434,0.0,-0.39175890525431123,1.6660592722996808,0.0,-0.3962392873338869,1.6442779003044754,0.0,-0.39929056070457003,1.655381997372933,0.0,-0.3968992943182726,1.661122709109083,0.0,-0.3936861804443026,1.664635900625664,0.0,-0.3955086235679647,1.6421714123279578,0.0,-0.3979655049227947,1.6526402459293725,0.0,-0.3957985731587071,1.6578795721840296,0.0,-0.3930531203040507,1.6611881844261218,0.0,-0.3946062033094568,1.6424781725756201,0.0,-0.3966065764298553,1.6513884517220647,0.0,-0.39547277595932234,1.656254258826147,0.0,-0.3935595198706395,1.6592705150066591,0.0
-0.3853813741140778,1.617959229290027,0.0,-0.38247890535396534,1.628908184486439,0.0,-0.3841182840571462,1.6386316633480171,0.0,-0.38634186922825936,1.6462402038441557,0.0,-0.3886588389469699,1.6518661188802979,0.0,-0.3992626472785172,1.6429714542940332,0.0,-0.4031639731583975,1.6544786781954877,0.0,-0.40058300501373184,1.6602007332417497,0.0,-0.3968627877061516,1.6629712986596714,0.0,-0.40136764140546227,1.641215262931616,0.0,-0.4044142369728793,1.65232064434501,0.0,-0.40200749597164254,1.6580548857003048,0.0,-0.39878273636825656,1.6615573906467174,0.0,-0.40061598220180417,1.639122933259043,0.0,-0.4030724856360845,1.6495918555456583,0.0,-0.40088474567477533,1.654822527274475,0.0,-0.39812515938409593,1.65811936058084,0.0,-0.3996896442895609,1.6394460429724185,0.0,-0.40169040805674006,1.6483562344089884,0.0,-0.4005357547110236,1.6532171353473275,0.0,-0.3986030898424536,1.6562209923201467,0.0
-0.3860704739776367,1.6182378778108075,0.0,-0.38308043784553797,1.6291632441078803,0.0,-0.38467773253337717,1.6388937247426794,0.0,-0.38690567619740485,1.6465009901202308,0.0,-0.38922960538763907,1.6521240339392036,0.0,-0.3998071912009071,1.6433297837616263,0.0,-0.40373274398052983,1.6548287654953984,0.0,-0.4011861792814558,1.6605662142968833,0.0,-0.39747414300285133,1.6633477311882447,0.0,-0.40198276342679595,1.641544591159894,0.0,-0.4050544477912393,1.6526430593449004,0.0,-0.40265880455967346,1.6583819459681801,0.0,-0.39943492753353527,1.6618852632988843,0.0,-0.4012946550860744,1.639409083701173,0.0,-0.4037763512093442,1.6498720625942784,0.0,-0.40158161023720995,1.6550998006269448,0.0,-0.3988148356637458,1.658390603690833,0.0,-0.4004290850271775,1.6396910837801828,0.0,-0.4024439788713545,1.6485980905661395,0.0,-0.40127100900949547,1.6534546041287983,0.0,-0.3993221044710628,1.656447950301134,0.0
-0.3863581232749249,1.6193961738936424,0.0,-0.3831930521968666,1.630272123041524,0.0,-0.384795072826842,1.6400018267166176,0.0,-0.3871026764050358,1.6475853077919866,0.0,-0.38948020345795364,1.6531859000628055,0.0,-0.39982363900489043,1.6446346570184833,0.0,-0.40379478607533753,1.6561179725886532,0.0,-0.4013162304063401,1.6618851272000636,0.0,-0.3976343600081529,1.6647064531155786,0.0,-0.4021041660391281,1.642815524437972,0.0,-0.40520404252922876,1.6539061514100817,0.0,-0.40286296541340566,1.6596675127167155,0.0,-0.3996795041303368,1.6632075960008312,0.0,-0.4015226372918413,1.6406101589955866,0.0,-0.4040122544256862,1.651071255950146,0.0,-0.40187081013450604,1.6563210511100281,0.0,-0.3991463303672893,1.6596469549486395,0.0,-0.40076517111555715,1.6408168818687343,0.0,-0.4027811126643347,1.6497236515839728,0.0,-0.40165422184691046,1.654591063562296,0.0,-0.3997533640510295,1.6576151485226103,0.0
-0.3872484093782398,1.6206537982542306,0.0,-0.38410752062168496,1.631536755693062,0.0,-0.3857523825613144,1.6412593084907359,0.0,-0.3880660887546511,1.6488409298968396,0.0,-0.39046149010888054,1.6544339005764934,0.0,-0.4008353550301796,1.6458271184994437,0.0,-0.40478224463891516,1.6573187940933545,0.0,-0.4022561147850508,1.6630652694024155,0.0,-0.3985686967253956,1.6658793407597077,0.0,-0.403031513595277,1.6440481878364457,0.0,-0.4060933200442257,1.655149385166353,0.0,-0.4037619609813565,1.660914685773241,0.0,-0.40060458567469975,1.6644780544844733,0.0,-0.4023771639596115,1.6418932999925338,0.0,-0.4048102465816642,1.6523676902812374,0.0,-0.402713496249841,1.6576354954142078,0.0,-0.4000343037877289,1.6609979876590502,0.0,-0.40155109615923723,1.642144328924298,0.0,-0.40353227045987683,1.6510588965233948,0.0,-0.4024697722062546,1.6559407690885248,0.0,-0.40063426909124256,1.6590049620527718,0.0
-0.38788451394476664,1.6228709715361915,0.0,-0.3850536291028504,1.6338386529597322,0.0,-0.38664099789468165,1.643570757769213,0.0,-0.3887529874135901,1.6512110273826883,0.0,-0.39104006296880667,1.6568491613005767,0.0,-0.4020167066434725,1.6477422858127526,0.0,-0.40586365158063165,1.6592678035967696,0.0,-0.40317509300043164,1.664940101480085,0.0,-0.39942044131358867,1.6676638195750961,0.0,-0.40398876178847754,1.6460454627720016,0.0,-0.40698160557028695,1.6571654504961877,0.0,-0.40454016929514786,1.6628850059930984,0.0,-0.40130876177388225,1.666381378517699,0.0,-0.40310328059985945,1.6440460699013135,0.0,-0.40549917724002943,1.6545290285607497,0.0,-0.40329701711299515,1.6597536456422066,0.0,-0.4005428674458651,1.6630550220152835,0.0,-0.40203778345846947,1.6444601984725347,0.0,-0.4040029200467441,1.653378315161489,0.0,-0.40285482517503296,1.6582407693203134,0.0,-0.4009333254274559,1.6612517806001696,0.0
-0.3870686162599494,1.62691735288519,0.0,-0.3841854788581821,1.6378714143930964,0.0,-0.3855031989554144,1.647643682167229,0.0,-0.38743912039203565,1.6553304518194172,0.0,-0.38961061040127426,1.6610141037977748,0.0,-0.4009705878071499,1.6519180795029835,0.0,-0.40484058059499517,1.6634358788310346,0.0,-0.402213467352255,1.6691368951023717,0.0,-0.39843399595426776,1.6718260670013771,0.0,-0.40315224640117264,1.6501061580318688,0.0,-0.406230696599734,1.6612027514399081,0.0,-0.4036945554638762,1.6668809478354916,0.0,-0.40033889750301177,1.6702582507607504,0.0,-0.40242368744281987,1.6479938193405457,0.0,-0.4049763861051188,1.6584397023815012,0.0,-0.40255452543487763,1.6635661752202948,0.0,-0.39961135663031405,1.6667002115528071,0.0,-0.4014931749655432,1.6483262730771404,0.0,-0.4035549423800264,1.657222546578835,0.0,-0.4021182619095644,1.662007683097986,0.0,-0.39992413721957687,1.664826222977453,0.0
-0.3840898347839195,1.6326561636322747,0.0,-0.3801117790064951,1.6432617761571677,0.0,-0.3810750142667217,1.6530753270709528,0.0,-0.38332513251344363,1.660676063046524,0.0,-0.3856221849958637,1.6663101395959081,0.0,-0.39548156670964146,1.6588960109650874,0.0,-0.3996729077659997,1.6703007996824866,0.0,-0.3976831162159489,1.6762542894241068,0.0,-0.3940717149635141,1.6791652738872251,0.0,-0.39894368462461716,1.6566513087154018,0.0,-0.40234269329257616,1.667653943898098,0.0,-0.3999443362037891,1.6733916968940425,0.0,-0.3965588617569978,1.6767391105478053,0.0,-0.3993801658927572,1.6537796440239354,0.0,-0.4022705690826746,1.664137168456228,0.0,-0.3997306465452727,1.669206184768783,0.0,-0.39663417550987934,1.6721888502667281,0.0,-0.39953499450511704,1.653340863263237,0.0,-0.4017738850453459,1.6621942206059208,0.0,-0.40004138218104174,1.6668803721299645,0.0,-0.3975825107924388,1.669471183142306,0.0
-0.37951460122847086,1.638829832331022,0.0,-0.37406642810831436,1.648760660818579,0.0,-0.37485866527924305,1.6585894941150081,0.0,-0.37784435962232205,1.6659325077187188,0.0,-0.3804814584658642,1.6714156617709683,0.0,-0.3866169171259098,1.6665400877107512,0.0,-0.39119782683220966,1.677794056424141,0.0,-0.390284304074322,1.6840044337626812,0.0,-0.3871517889432516,1.6874254567828053,0.0,-0.39206269669770366,1.6641072756895843,0.0,-0.39573865548019505,1.6750205047221753,0.0,-0.3936907081834244,1.680892458233355,0.0,-0.3904463530585609,1.684376819756367,0.0,-0.39443506318152843,1.6602161705959546,0.0,-0.3975246116190334,1.6705160460038484,0.0,-0.395062762618113,1.67562343598011,0.0,-0.3919478287987416,1.6785868147352812,0.0,-0.3962734857988077,1.6584652479261794,0.0,-0.3985673598426382,1.6673045187648527,0.0,-0.3967310172514532,1.6719509612931662,0.0,-0.3941842690365707,1.6744554420252449,0.0
-0.3742808144919903,1.6439526548894425,0.0,-0.3680066046517031,1.6533833619507667,0.0,-0.36884943042410984,1.663207986545191,0.0,-0.37232843584391595,1.6703305381093099,0.0,-0.37519750781337685,1.6756959546546832,0.0,-0.37875887006403336,1.672205940762249,0.0,-0.3832854683085697,1.6834818643994411,0.0,-0.3829415028017643,1.6897496389842808,0.0,-0.3802325460034433,1.6935149547234232,0.0,-0.3852664364990201,1.6699472687886519,0.0,-0.38878479252208775,1.6809123229054042,0.0,-0.38686410924359105,1.686827126529491,0.0,-0.38374006653380005,1.6904197540563404,0.0,-0.3888389147791012,1.6655872883576845,0.0,-0.39168695887389376,1.6759565403943524,0.0,-0.38927056375817365,1.681085591721613,0.0,-0.38617380922948663,1.6840679628813984,0.0,-0.39170186618403136,1.6630030279981158,0.0,-0.39377616843629193,1.671896387164069,0.0,-0.39192592702617146,1.6765373126111534,0.0,-0.38939554011562033,1.6790583227837372,0.0
-0.36818920246288067,1.647058788045755,0.0,-0.36180364109188834,1.656414457491271,0.0,-0.36273337067979494,1.6662312393772745,0.0,-0.3661853247205648,1.6733669406599085,0.0,-0.3690042293459487,1.678758883295388,0.0,-0.3729564072289116,1.675264725417797,0.0,-0.37688468077068804,1.6867627779711736,0.0,-0.37608210010637266,1.6929884646637,0.0,-0.3730890508344888,1.6965321499779848,0.0,-0.3792949599740367,1.6730023034735784,0.0,-0.38221088573473666,1.6841427082169642,0.0,-0.3798744368016116,1.6899059479786527,0.0,-0.3765396394416403,1.693303850562189,0.0,-0.38270218583574905,1.6687237127604546,0.0,-0.38493990408393436,1.6792415718585583,0.0,-0.38226095988957187,1.68423851000871,0.0,-0.3790038999852273,1.6870449289234792,0.0,-0.38547432981391766,1.666232575623979,0.0,-0.3871233183637799,1.6752145244019894,0.0,-0.38511181290405516,1.6797878632333703,0.0,-0.3824789833403608,1.682201689800441,0.0
-0.3603790655087447,1.6481807895933431,0.0,-0.354154481186315,1.6576443245993242,0.0,-0.3550995606099114,1.667459640620069,0.0,-0.35827510905247545,1.674722567824957,0.0,-0.3608953755596699,1.6802137855498873,0.0,-0.36634591177087145,1.6761575279665162,0.0,-0.3695134184065582,1.6878879775423896,0.0,-0.36787662732208914,1.6939480291479483,0.0,-0.36438003967339183,1.6969959668713248,0.0,-0.3721843891682565,1.673813545511201,0.0,-0.3743808774975383,1.6851178225737864,0.0,-0.3714150729417922,1.6905838933293587,0.0,-0.3677222872854626,1.6935888807662176,0.0,-0.37502678707740156,1.66975484582118,0.0,-0.3765930865211592,1.6803934288573887,0.0,-0.37346331873929345,1.6851210801246193,0.0,-0.3699257646325403,1.6875644665630398,0.0,-0.37734734503554784,1.6676355383076469,0.0,-0.37853931491786147,1.6766894752904205,0.0,-0.3762159066710961,1.6811125236057773,0.0,-0.37335428744829735,1.6832501591292164,0.0
-0.3512264684753226,1.6487156464265738,0.0,-0.3450377065462054,1.6582026465099078,0.0,-0.3459650802987229,1.6680196512275973,0.0,-0.3489539761871067,1.6753613622586156,0.0,-0.3514193804197031,1.6809238302936884,0.0,-0.3577443103019811,1.6765691719168863,0.0,-0.3602873914059459,1.6884506400095878,0.0,-0.35806875666805654,1.6943226899426234,0.0,-0.3542751195838918,1.6969918409732423,0.0,-0.3633611767020056,1.6741941216341598,0.0,-0.3649516873597059,1.6855994500702947,0.0,-0.36148908293328724,1.6907651346090515,0.0,-0.35752873877688096,1.6934075368422652,0.0,-0.36595294003851986,1.6702360247822883,0.0,-0.36695384563452726,1.680942608315503,0.0,-0.3634311668685716,1.685385227721308,0.0,-0.35966219336880856,1.687453866187485,0.0,-0.3680722548022806,1.6682765574652474,0.0,-0.36886704143091614,1.6773739681574895,0.0,-0.36624578576788414,1.6816272728761925,0.0,-0.363183487178593,1.68346593476936,0.0
-0.34292759098687947,1.6508270575968709,0.0,-0.3366389699431929,1.660248161044205,0.0,-0.3375659007909426,1.6700652075912825,0.0,-0.3404980976601571,1.6774297470211954,0.0,-0.34287136156407333,1.683032147142008,0.0,-0.34950425203543745,1.6786667536039972,0.0,-0.3515478335247979,1.6906442458388338,0.0,-0.34895177236851677,1.6963594691056083,0.0,-0.3449927118207381,1.6987764691324239,0.0,-0.35508900795347664,1.6762927949711326,0.0,-0.35616831370882607,1.687757799985298,0.0,-0.35234273060252413,1.6926607419658424,0.0,-0.34820677685457313,1.6950188136344064,0.0,-0.35764325142188047,1.6723548300602844,0.0,-0.35815037839589453,1.6830961318993563,0.0,-0.35433642153869843,1.687291351317265,0.0,-0.3504123410686408,1.6890480581255216,0.0,-0.35974560383193105,1.6704118527599587,0.0,-0.36018756634027715,1.679533214293721,0.0,-0.3573508087075987,1.683645924885844,0.0,-0.35416090895416336,1.6852530620207498,0.0
-0.3375303149293853,1.6553445109785028,0.0,-0.33117329785464267,1.6647195991758426,0.0,-0.33211425194167216,1.674535311534612,0.0,-0.3349684255180161,1.6819304391664163,0.0,-0.3372436601565106,1.6875733618143982,0.0,-0.34431648180352153,1.6831338809510876,0.0,-0.34585267617695087,1.6951869574208638,0.0,-0.3428524553142525,1.700700756953968,0.0,-0.3387424528207084,1.702851089266348,0.0,-0.3497984136089814,1.680759026465484,0.0,-0.3503563108729139,1.692261199804956,0.0,-0.3461879803622866,1.6968762780190256,0.0,-0.3419041074204249,1.6989535473846253,0.0,-0.3522434749181864,1.6768739924497018,0.0,-0.35224783594487613,1.68762725818376,0.0,-0.3481657354784543,1.69156205025641,0.0,-0.34412017167180636,1.6930173302404692,0.0,-0.3542669946611398,1.6749988567878424,0.0,-0.35435027390274143,1.6841305396369288,0.0,-0.3513207905914021,1.6881034243756843,0.0,-0.34803193113555,1.6894968925981464,0.0
-0.33491317398020204,1.6603507798575148,0.0,-0.32856051021823063,1.6697288184543537,0.0,-0.32952338480929344,1.6795424047624208,0.0,-0.3322180285593727,1.6869971424878363,0.0,-0.3343807135104499,1.6926841507060206,0.0,-0.3421563479099128,1.6880245503946278,0.0,-0.34312229894137725,1.700136671767205,0.0,-0.3396428875947668,1.7053613255545206,0.0,-0.33536842092792585,1.707162709540424,0.0,-0.34744245437106225,1.6856375545735103,0.0,-0.347419742679248,1.6971532275919412,0.0,-0.3428798932591436,1.7014033679908673,0.0,-0.33844531562659824,1.7031357468813537,0.0,-0.34968511259542107,1.6818399743241057,0.0,-0.3491369591415738,1.6925792606484784,0.0,-0.34476035107940384,1.696183623940809,0.0,-0.34060087040389697,1.697271349483282,0.0,-0.3515467627731347,1.680092448518093,0.0,-0.3512294847767237,1.6892189977981535,0.0,-0.34797391783757703,1.6930088350223433,0.0,-0.34458361707758944,1.6941332063863452,0.0
-0.3336626954255926,1.662893022183776,0.0,-0.3273236918797152,1.672280299682701,0.0,-0.3283128204359561,1.6820912745783587,0.0,-0.33084627660661303,1.6896023210650963,0.0,-0.3328959674597083,1.6953310238919193,0.0,-0.3413343249376525,1.6904510925978402,0.0,-0.34174866766338086,1.7025946038546746,0.0,-0.3378309231369221,1.70749915157507,0.0,-0.33342399333712547,1.7089465697213801,0.0,-0.34643690871800936,1.6880569510783296,0.0,-0.34583701397884586,1.699557010521232,0.0,-0.3409569108904619,1.7034116856067032,0.0,-0.33639781796872703,1.7047832858145848,0.0,-0.3484978517036794,1.6843386228393769,0.0,-0.3473977167721184,1.6950354656492055,0.0,-0.34274289297626664,1.6982725551293594,0.0,-0.33849974553382295,1.6989654664709803,0.0,-0.3502169440074431,1.6827012682324987,0.0,-0.3494912746357707,1.6918044528978449,0.0,-0.3460110416620582,1.695389081292784,0.0,-0.34253794022028733,1.6962232974413505,0.0
-0.332960116445149,1.6621426102915045,0.0,-0.32658591170423246,1.6715060209263823,0.0,-0.32757182751203034,1.6813173191954154,0.0,-0.33003352765634364,1.6888521882648857,0.0,-0.3319480829924739,1.6946274585214371,0.0,-0.3408416067748071,1.6896413967101873,0.0,-0.34084764767312964,1.7017919732004934,0.0,-0.3366482685566657,1.706457648451991,0.0,-0.332178055012814,1.7076958893102128,0.0,-0.3458331003613917,1.6872561549983447,0.0,-0.34479033891130073,1.6987245415215906,0.0,-0.3396918342410557,1.7022853246230019,0.0,-0.3350667099597864,1.7034144130969875,0.0,-0.3477796985438737,1.6835989761462786,0.0,-0.34625703206272773,1.6942438918224603,0.0,-0.3414151123773459,1.6971937980299967,0.0,-0.33713620574931447,1.697612587254132,0.0,-0.34941109120003366,1.6820367095988513,0.0,-0.34837398889432725,1.6911096906908563,0.0,-0.3447415825825391,1.6945400269232396,0.0,-0.3412266371642343,1.6951752504379947,0.0
-0.33300543509122377,1.6603846660282768,0.0,-0.32655572965484087,1.6696962311266028,0.0,-0.32750188427493826,1.679511443561332,0.0,-0.3299245407179267,1.687058956744747,0.0,-0.3316968396089869,1.6928794571795942,0.0,-0.3409797629125487,1.6878566743297256,0.0,-0.34066644724814305,1.7000032120600284,0.0,-0.3362862215417512,1.7044995364786282,0.0,-0.33179153957737184,1.7056457840913573,0.0,-0.345908578038702,1.6854827285974723,0.0,-0.3445368147173064,1.6969164290605088,0.0,-0.3393062516843868,1.70028022699238,0.0,-0.33464830782746857,1.7012652013194933,0.0,-0.3477739814939707,1.681876191949548,0.0,-0.34595157376612595,1.6924739074127653,0.0,-0.3409906741662331,1.6952190136097516,0.0,-0.33669910117129065,1.6954775239088584,0.0,-0.34933337677426274,1.6803798674033996,0.0,-0.34807711824301796,1.6894251082288865,0.0,-0.3443411864793359,1.6927423956958134,0.0,-0.340806530052748,1.6932567439760096,0.0
-0.33464743087727494,1.6601991577208965,0.0,-0.3281682398459986,1.6694902302303916,0.0,-0.32913062354647504,1.6793038646905218,0.0,-0.3313729309559325,1.6869069086188486,0.0,-0.3330758595567759,1.6927480816903935,0.0,-0.3429353366460697,1.6875781964601293,0.0,-0.34213367991127097,1.6997023002215947,0.0,-0.33745074011122295,1.7038824180842105,0.0,-0.3328944253267392,1.7047519266438569,0.0,-0.3477493038008467,1.685194052570543,0.0,-0.3458916294129148,1.6965589233026186,0.0,-0.3404456907253132,1.699561535162099,0.0,-0.335732688325733,1.7002354964227255,0.0,-0.34949666893618825,1.681635010359513,0.0,-0.34722600275632914,1.6921458056703098,0.0,-0.3420870439809181,1.6945410583871596,0.0,-0.33778826918071486,1.6944706200254447,0.0,-0.35095222913131346,1.6802132355545498,0.0,-0.3493449798787686,1.689202747050097,0.0,-0.3454296750096168,1.6923062885856197,0.0,-0.34186782477137706,1.6925738200561264,0.0
-0.33821559376559096,1.6614484680840078,0.0,-0.33181321620936577,1.6707926377327253,0.0,-0.3329051304324498,1.6805927054382783,0.0,-0.3348490881778122,1.688277446668718,0.0,-0.3365343680781458,1.694123736118347,0.0,-0.34710339420434555,1.6886386896292196,0.0,-0.3456484753108058,1.7007018466186834,0.0,-0.34054859511814795,1.7043617007874678,0.0,-0.33592371871540544,1.7047174644870766,0.0,-0.35169396928613056,1.686242363219255,0.0,-0.34912360901891226,1.6974675353330833,0.0,-0.343388559100019,1.6998723489632028,0.0,-0.33863027533316753,1.700031568916073,0.0,-0.3532596209586317,1.6827480665565098,0.0,-0.3502984462117877,1.6930855801397886,0.0,-0.3449303187199301,1.6949102280795603,0.0,-0.3406763198603967,1.694287395799767,0.0,-0.3545811810072951,1.681412869198757,0.0,-0.3524147554347692,1.69028423703732,0.0,-0.34825267057736864,1.6930480445416365,0.0,-0.34468333217427655,1.69291323515186,0.0
-0.3427580865752182,1.662286306797709,0.0,-0.3363779114476045,1.6716456502649317,0.0,-0.33749509459038596,1.6814428695402917,0.0,-0.33943216126496906,1.6891293506723049,0.0,-0.3409376711175386,1.6950244934827148,0.0,-0.3518627490271438,1.6894046818587873,0.0,-0.3501245309147415,1.701430285516523,0.0,-0.3448789097888159,1.704878004982993,0.0,-0.34024532582656286,1.70509236266388,0.0,-0.35630557818172853,1.6870425042808008,0.0,-0.3533590418398282,1.6981748519430968,0.0,-0.347528146091644,1.7003369298652853,0.0,-0.3427671999329601,1.7003395894493707,0.0,-0.35774129583252323,1.6836287314403442,0.0,-0.35439870872492635,1.6938492918160746,0.0,-0.3489510513871862,1.6954206486830898,0.0,-0.3447303801357952,1.6946018932047298,0.0,-0.3589736358963389,1.6823727628776335,0.0,-0.35651962489198025,1.6911689209639156,0.0,-0.35227974771196224,1.6938118405199145,0.0,-0.3487180372282613,1.6935424548527855,0.0
-0.3465305079689051,1.6619891995181908,0.0,-0.3398151997492682,1.6711110732463097,0.0,-0.34049159518816613,1.680948557320718,0.0,-0.3429395538681903,1.688487901973635,0.0,-0.34402930057357894,1.6944738622800024,0.0,-0.3545920967634809,1.689435728086008,0.0,-0.35343388077253673,1.7015309784454486,0.0,-0.3487384840707125,1.7056970989824387,0.0,-0.34425707706990083,1.7068941958221637,0.0,-0.3593178957049143,1.6871464362014847,0.0,-0.35704159430033194,1.6984349123078448,0.0,-0.3516082965253772,1.7014603381384477,0.0,-0.3469273643608153,1.7023295271110215,0.0,-0.3608972656722237,1.6837513667441106,0.0,-0.35825396597937365,1.6941746920148484,0.0,-0.3531012397291842,1.6965401824636896,0.0,-0.34880297311989866,1.6966367769830166,0.0,-0.3621934416936494,1.6825094886187542,0.0,-0.36036845049871774,1.691457336082072,0.0,-0.3565010684629022,1.694620394486555,0.0,-0.35295295066650284,1.6950317462949067,0.0
-0.348442920019341,1.6614753059737253,0.0,-0.34107294332048527,1.6700768981667318,0.0,-0.3408176012103433,1.6799343016844328,0.0,-0.3437206545487011,1.6873103779319525,0.0,-0.3445079087627,1.6933435777027086,0.0,-0.3538857058824985,1.6895587036735165,0.0,-0.35398695221813736,1.7017088598337782,0.0,-0.35093656417466135,1.7071950646513594,0.0,-0.34763165234987936,1.710449846883863,0.0,-0.3596155297873953,1.6873901016244937,0.0,-0.3590430558664567,1.6988915586842843,0.0,-0.3550952647561591,1.703696646770601,0.0,-0.35121230260114916,1.706451500723542,0.0,-0.36183788399593325,1.683848740876318,0.0,-0.3611347843780143,1.6945789968794667,0.0,-0.3571746140760251,1.6986364818211754,0.0,-0.35351323676292185,1.7008900883788416,0.0,-0.36345493032749226,1.6824764798491159,0.0,-0.36318588713775396,1.6916045783833362,0.0,-0.36043178100643514,1.6957730891124279,0.0,-0.3574854520516269,1.697792370147207,0.0
-0.3491273119310213,1.661060325337966,0.0,-0.34117249322578924,1.6691241212284484,0.0,-0.3399949708114966,1.678914271618909,0.0,-0.3427111384353109,1.6863611939989205,0.0,-0.34361802645876455,1.6923775735401585,0.0,-0.351094072528922,1.6895985978341663,0.0,-0.352247886070546,1.7016942689544636,0.0,-0.35095804930272695,1.707837527994144,0.0,-0.34928429259215626,1.712163564057843,0.0,-0.35837597642404856,1.6877223966705863,0.0,-0.35940831177985677,1.6991917264069534,0.0,-0.35734323483082275,1.7050576775968607,0.0,-0.3548380715321646,1.7091062294671386,0.0,-0.36176039441901514,1.6838726219370879,0.0,-0.3629493265805518,1.694559959457775,0.0,-0.36063239612770914,1.699734702557644,0.0,-0.35828962649281454,1.703339679226567,0.0,-0.3639592741746321,1.6821890416652903,0.0,-0.3650840135861179,1.6912515759876876,0.0,-0.3636578082756246,1.6960398450583893,0.0,-0.36186596054329984,1.699129769314989,0.0
-0.35036852911664523,1.6592494637225188,0.0,-0.3422425663447252,1.6671407674060579,0.0,-0.34072976667887056,1.6768847419993635,0.0,-0.3427994870744007,1.68453657034159,0.0,-0.3441830886039745,1.69046151046607,0.0,-0.34990323751548563,1.687851642801091,0.0,-0.35153243230528425,1.6998925011540542,0.0,-0.3510213688390831,1.7061488678832148,0.0,-0.3499674999512226,1.7106661026477366,0.0,-0.35831662142445175,1.6863277146135365,0.0,-0.36007331285472594,1.6977086318044823,0.0,-0.3589241033756928,1.703820361816607,0.0,-0.3571436979227144,1.7082358767154924,0.0,-0.3628675792013054,1.6821354724670754,0.0,-0.3647744774736202,1.6927183114975466,0.0,-0.3633884999599482,1.6982160564174702,0.0,-0.36172237966257226,1.7021794475791314,0.0,-0.3657103090378145,1.68001095563632,0.0,-0.36729057725507086,1.6890052493523329,0.0,-0.36651826970224727,1.6939413534157588,0.0,-0.36531051371782175,1.6973028524399212,0.0
-0.3542593876799336,1.6552826596122088,0.0,-0.34656065153946675,1.6635912940749793,0.0,-0.3454044405095269,1.6733839841935445,0.0,-0.3471083149905498,1.6811254976920469,0.0,-0.3490754073870378,1.6868830853965453,0.0,-0.35392027921350694,1.683886613006186,0.0,-0.35611096285924787,1.6958380752892506,0.0,-0.3557591345020627,1.7021054134262361,0.0,-0.3545387514728886,1.7065805351913625,0.0,-0.3622995482312023,1.6823337161712442,0.0,-0.36446769561510933,1.6936434631980357,0.0,-0.3634860630139937,1.6997843363936191,0.0,-0.36168516510431364,1.7041915330216566,0.0,-0.3672159888591993,1.677912775280411,0.0,-0.3692843533721637,1.6884652447168669,0.0,-0.3681108865273266,1.6940122356522316,0.0,-0.3664642848188201,1.6979837755499547,0.0,-0.3704434601519946,1.6753944858807381,0.0,-0.37207392759731145,1.684379815201255,0.0,-0.37135325376394984,1.6893237217039134,0.0,-0.3701241967569974,1.6926774910879083,0.0
-0.3611695710983155,1.6508186723116738,0.0,-0.3545572811475712,1.6600154960244429,0.0,-0.3542054930335657,1.6698699289775276,0.0,-0.3562767042585558,1.6775213539138416,0.0,-0.3588151572264898,1.6830508679251177,0.0,-0.36298521902706626,1.679366957144841,0.0,-0.366291227130516,1.691059127856867,0.0,-0.36594984841650624,1.6973270438653862,0.0,-0.36394864388340886,1.7015116860206145,0.0,-0.37048387013051853,1.6774578854417383,0.0,-0.37356754719631025,1.688553027470675,0.0,-0.3724287456574427,1.6946667053508777,0.0,-0.36993987449821897,1.6987252932521135,0.0,-0.37488322538365026,1.6729981974512498,0.0,-0.3776147858161564,1.683398741695153,0.0,-0.3761544397036663,1.6888772015247662,0.0,-0.37390620697836635,1.6925418810412525,0.0,-0.378100189299951,1.6703062048632022,0.0,-0.38022498334431554,1.6791876359054054,0.0,-0.3792229469269117,1.6840822763722136,0.0,-0.37746565159409384,1.6871919810721194,0.0
-0.36921417267083617,1.6469140923787138,0.0,-0.36420970110854833,1.6570757462391206,0.0,-0.3648358134875794,1.6669165585527876,0.0,-0.3676981429470814,1.6743085332253524,0.0,-0.37083145588075,1.6795240503359579,0.0,-0.37360520537562564,1.6751810337785593,0.0,-0.3782035673985111,1.6864278827704198,0.0,-0.37799457562619165,1.6927016083745037,0.0,-0.3746571002519295,1.6959229912571794,0.0,-0.38006354752238963,1.6729658659839943,0.0,-0.3845367932814562,1.6835772425802404,0.0,-0.3831227835644128,1.6896331902920287,0.0,-0.3794082243634734,1.692611220738816,0.0,-0.3837449191803955,1.6685671072992667,0.0,-0.38780401936340475,1.678524840408269,0.0,-0.385661561552197,1.6837742220290075,0.0,-0.38235201468913177,1.6865185481588323,0.0,-0.3867754671896262,1.6658352628620836,0.0,-0.3899935586185201,1.674381516698921,0.0,-0.3885378655291368,1.6791609036795538,0.0,-0.3859342709062522,1.6816062349959704,0.0
-0.37688564409710684,1.6427229430817332,0.0,-0.3735966560457673,1.6535620621600815,0.0,-0.3751512148514497,1.663299461742294,0.0,-0.37867789820302095,1.6703985267534294,0.0,-0.38237413792398484,1.6752314431189876,0.0,-0.38330084228392874,1.6706002883021918,0.0,-0.3888097239831487,1.6814302822063096,0.0,-0.38923583279226476,1.6876930085933575,0.0,-0.38482358706573633,1.6891241400336297,0.0,-0.38898157367387765,1.668219851332031,0.0,-0.3946145161297568,1.6782638147019922,0.0,-0.3931087505554459,1.6842976025838312,0.0,-0.38851905108849055,1.685563017220345,0.0,-0.39218324472595595,1.6638411594902038,0.0,-0.39747747387321125,1.6732008539671712,0.0,-0.3946174171689179,1.678096383409548,0.0,-0.3905742134633738,1.6795582076606594,0.0,-0.39509023367006213,1.661026021405247,0.0,-0.39940824280764897,1.6690727203666904,0.0,-0.3976193620708857,1.6737376413725336,0.0,-0.39442186467787643,1.6753296089064547,0.0
-0.38493082734757966,1.6377550555482108,0.0,-0.38320848368642096,1.6489504776978814,0.0,-0.3855955827798564,1.6585178891357844,0.0,-0.3896013596686469,1.665358062453165,0.0,-0.39377907983898647,1.6697814008812812,0.0,-0.39292193902929684,1.665222186421441,0.0,-0.3990262201284804,1.6757281036970233,0.0,-0.4010510771675323,1.6816697587263594,0.0,-0.3964294976559444,1.6812734603934403,0.0,-0.3980386503518387,1.662746830569992,0.0,-0.40440222276133697,1.6723445483756705,0.0,-0.40321992955724484,1.678449964737178,0.0,-0.3984626995698377,1.6782618736789425,0.0,-0.4009271732421165,1.6583490490243944,0.0,-0.407043745359666,1.6671932724779621,0.0,-0.40366718827998493,1.6717479398819124,0.0,-0.3993853580509776,1.6721356978420139,0.0,-0.4037774942376849,1.6553962829649707,0.0,-0.40889622055338776,1.662958902087557,0.0,-0.4069522918381046,1.667561371362959,0.0,-0.4034685790729734,1.6683501017208262,0.0
-0.39570389506322645,1.6331014972042932,0.0,-0.3957354052676464,1.6444285864995838,0.0,-0.39903287969549134,1.6537216089412712,0.0,-0.4036376580701336,1.660173758630716,0.0,-0.4083792764149498,1.6639864117939887,0.0,-0.40527777577737734,1.6600577942865713,0.0,-0.41216515068419196,1.670067819882553,0.0,-0.4171214359073709,1.6662157363810268,0.0,-0.4130767009384944,1.6639450165431446,0.0,-0.4097594171427174,1.6575728302640849,0.0,-0.41691073883736146,1.6665988946837573,0.0,-0.4144757167349049,1.6608766054977449,0.0,-0.41004516807818747,1.6591339483313081,0.0,-0.4122700191577871,1.6532399971920873,0.0,-0.4191891216622279,1.6614715683360952,0.0,-0.413541247401944,1.6609739246754576,0.0,-0.4093953381894973,1.65983556482558,0.0,-0.4150073830840599,1.6502416578764099,0.0,-0.42090163806071784,1.6572167797648447,0.0,-0.41694090176068677,1.6602621287173847,0.0,-0.4134503002386418,1.6595044670371755,0.0
-0.4101211726417393,1.6293781856165865,0.0,-0.41216539285880627,1.6405193304635313,0.0,-0.4164503158893388,1.649400379856841,0.0,-0.4217557250027975,1.6552899344778123,0.0,-0.4271091934365003,1.6581812394428168,0.0,-0.42111944534885803,1.6557853653557535,0.0,-0.42906414366547424,1.66497874961821,0.0,-0.429831093661314,1.6587485731985478,0.0,-0.4266314552160029,1.6553902457323988,0.0,-0.4249139626543177,1.6534110216184834,0.0,-0.43313307428118225,1.6614768411647853,0.0,-0.43252733437592256,1.6552875758339902,0.0,-0.4288130477770905,1.6523092053968198,0.0,-0.4270284887008017,1.6492311026051234,0.0,-0.43490269195363707,1.6565543304521086,0.0,-0.43208390181354855,1.6516349244900954,0.0,-0.4285364750530669,1.6492058938759033,0.0,-0.4296197886298448,1.6462960380862361,0.0,-0.4363579591745282,1.6524597727332775,0.0,-0.4327394418456082,1.6490147887534272,0.0,-0.42977073417842726,1.6470285548814523,0.0
-0.4249836227263006,1.6249482688744106,0.0,-0.42823403376193797,1.635799018751533,0.0,-0.43319590407269937,1.6443203711514272,0.0,-0.43883508011051847,1.6498911801688914,0.0,-0.44443909604812587,1.6522606261046229,0.0,-0.43671001621636507,1.6510402760803156,0.0,-0.44527574139279597,1.659657984461381,0.0,-0.4463041694052503,1.6534655983026025,0.0,-0.4437028597696682,1.6496251246689955,0.0,-0.4401502157501996,1.648746972593263,0.0,-0.449038086329125,1.6560693354264364,0.0,-0.4492326945595924,1.6498535447442753,0.0,-0.4461086880013747,1.6462608857814056,0.0,-0.4421313382030724,1.6445939173290287,0.0,-0.4506129173302018,1.6512041789332366,0.0,-0.4488905109114744,1.6458023783999258,0.0,-0.44579608325733927,1.642817593007475,0.0,-0.4447313151571655,1.641574705693296,0.0,-0.45200111264348364,1.6471014236702062,0.0,-0.4497141289077393,1.6426594322616643,0.0,-0.4470636603909978,1.6402649872635235,0.0
-0.43603872893915996,1.6185717831737991,0.0,-0.4389798536629631,1.6295104179220437,0.0,-0.44407048962192597,1.6379554773793423,0.0,-0.4494914360635029,1.6437388638589172,0.0,-0.4548278154102783,1.646661589323038,0.0,-0.4477311717589286,1.6446790221167296,0.0,-0.4557612561933259,1.6537979195015935,0.0,-0.45948861840666966,1.6487471689190791,0.0,-0.4575636872963102,1.644526897627921,0.0,-0.45136068471411284,1.642270760237814,0.0,-0.45981876140165007,1.6500856293753046,0.0,-0.4630515086143096,1.6447730714577993,0.0,-0.4604331429767718,1.6407967947084474,0.0,-0.45361374518307757,1.6378361142886029,0.0,-0.46190069751009616,1.644688789977379,0.0,-0.46375644682591943,1.6393313346719405,0.0,-0.4610714056066931,1.6359735109724711,0.0,-0.45649467242302355,1.6343186601283388,0.0,-0.4637325348686536,1.6398871351715187,0.0,-0.4666631292708848,1.6358407542291542,0.0,-0.4640871158567347,1.6333663845927664,0.0
-0.4432465685274313,1.6118715440432696,0.0,-0.44495206713060337,1.6230695447269206,0.0,-0.4498083177543689,1.6316515278067905,0.0,-0.45479889373415056,1.6378101291808527,0.0,-0.45947966624885633,1.641697240876815,0.0,-0.45418853530741643,1.6383021041452146,0.0,-0.4604069113065079,1.648740894567153,0.0,-0.46492690933097497,1.6530966870754167,0.0,-0.46779644280136246,1.6567411112017951,0.0,-0.4584326463688649,1.6356578191287938,0.0,-0.465179109499158,1.644990368411812,0.0,-0.46973299501514865,1.6492254661527215,0.0,-0.47260410165806194,1.653023276317052,0.0,-0.4613282442892216,1.6306611329403224,0.0,-0.46870026918437835,1.6384896699627176,0.0,-0.47311373329667833,1.6420488085386078,0.0,-0.4763591662593992,1.6448686651360518,0.0,-0.46470097043657727,1.6262283680777583,0.0,-0.4714948424797777,1.6323306520558274,0.0,-0.47502830022872267,1.6358628268274857,0.0,-0.4773485067793175,1.6385785204350078,0.0
-0.4501997115952392,1.6080730010123294,0.0,-0.4507160032570929,1.6193883617099107,0.0,-0.4551403823887582,1.6282007662060334,0.0,-0.45987376811551756,1.6345591684468708,0.0,-0.4641893300969075,1.6388481302625195,0.0,-0.45889569113664785,1.6353251767811048,0.0,-0.4627875064207271,1.6468356207053778,0.0,-0.4650182456049904,1.6527030829513598,0.0,-0.4669045354467302,1.6569407663023847,0.0,-0.4638595652577058,1.6327673777116978,0.0,-0.4684263979966798,1.6433388146822614,0.0,-0.47113438667837837,1.648937093298729,0.0,-0.4733208921081542,1.6531662550838628,0.0,-0.4677079896877387,1.627398006769391,0.0,-0.4741202116717409,1.636030280640956,0.0,-0.4778272949697122,1.6403202300922726,0.0,-0.48071047290248203,1.6435095421424886,0.0,-0.47173017495193087,1.6223155044889865,0.0,-0.47806769625249496,1.628890486683128,0.0,-0.48131930001212897,1.6326837247815675,0.0,-0.4836684894193629,1.6353743862869041,0.0
-0.4598357551017729,1.6085952673278796,0.0,-0.45948836981530455,1.6199170723190999,0.0,-0.46301743684974217,1.629124639292543,0.0,-0.4674961672236486,1.635664914036957,0.0,-0.4720336017704398,1.6397184256509652,0.0,-0.4636372850261622,1.6369475073549182,0.0,-0.4651209429877844,1.6490071634276318,0.0,-0.4664312916005104,1.6551460800282514,0.0,-0.46779618211984025,1.6595792643714575,0.0,-0.46919918711411074,1.6352172504170608,0.0,-0.47205836919450594,1.6463723532278605,0.0,-0.47414627947253374,1.6522302160496334,0.0,-0.475933676103646,1.6566429055563132,0.0,-0.4743482191348642,1.6302605399308958,0.0,-0.4801502817656765,1.639314202846752,0.0,-0.4838375745929468,1.6436211744601845,0.0,-0.48665853847286566,1.6468656450077248,0.0,-0.4793740528674415,1.625467276042212,0.0,-0.4853162066091862,1.6324016380170332,0.0,-0.4885677617452127,1.636194917795602,0.0,-0.49089186745104496,1.6389072752343399,0.0
-0.4717798953740849,1.6116649399954863,0.0,-0.47037803881034984,1.622904990839285,0.0,-0.47219728409558015,1.6325964277965253,0.0,-0.4758666332825637,1.6396228134989015,0.0,-0.4805272268317067,1.6435340967206842,0.0,-0.4688273985980376,1.6401181279909334,0.0,-0.46709665778604426,1.6521448100679208,0.0,-0.46780091788933925,1.6583823839731455,0.0,-0.46885481382804234,1.6628996124266322,0.0,-0.47467611495958906,1.6397365583094141,0.0,-0.47543721212433304,1.6512270749206976,0.0,-0.47718738641471997,1.6571945548009381,0.0,-0.4787595520222935,1.6616884295991092,0.0,-0.4812150037789931,1.6359749045915608,0.0,-0.4860219012795494,1.6455939731215676,0.0,-0.4898097122073568,1.6498128143425823,0.0,-0.4927998485199394,1.652902071725488,0.0,-0.4875954958491581,1.632067796149694,0.0,-0.4925955413000512,1.6397094002075725,0.0,-0.4955824514794506,1.6437143908269523,0.0,-0.49764229701290896,1.646632504358954,0.0
-0.4840456555773406,1.6147176295404682,0.0,-0.4810106908172613,1.6256306004330137,0.0,-0.48048840057644665,1.6354774687985574,0.0,-0.48269037536864184,1.6430922916139032,0.0,-0.486733123103437,1.6476393191511103,0.0,-0.47414235169665203,1.6415546509207102,0.0,-0.46882348165484244,1.652479218052527,0.0,-0.4691551459384161,1.6587476556026055,0.0,-0.47038511490178675,1.6632201522096193,0.0,-0.47951049671285517,1.6425714654831922,0.0,-0.47659932503695907,1.6537131134924332,0.0,-0.47795181691787425,1.65978309634907,0.0,-0.47975823513405014,1.6641880331962384,0.0,-0.4870716877392777,1.6406181851065111,0.0,-0.4891921498005372,1.6511603093522493,0.0,-0.4921910875145986,1.655972014399333,0.0,-0.49531651108946617,1.6589243276996664,0.0,-0.4952955874734146,1.6379522758680998,0.0,-0.4980769969485459,1.6466504554719037,0.0,-0.49978767020439796,1.6513446198589732,0.0,-0.5010735492318203,1.6546770161940743,0.0
-0.49554206200301637,1.6167305506422722,0.0,-0.49054083319198033,1.6268938008692484,0.0,-0.48761541684074255,1.6363105701069385,0.0,-0.48798129729543765,1.644228925427802,0.0,-0.4905905768442614,1.649725372362632,0.0,-0.479442659309299,1.6403760655916733,0.0,-0.47205853308310436,1.650025481398594,0.0,-0.47213955183343925,1.6563021641592826,0.0,-0.47352781321832066,1.6607280855184858,0.0,-0.4834559855357833,1.642232130951706,0.0,-0.47747418141103376,1.652072316940878,0.0,-0.47833442395581927,1.6582313679174447,0.0,-0.48021275660846874,1.6626061229786184,0.0,-0.49118006617686255,1.642439861050904,0.0,-0.48982365536274114,1.653107236204575,0.0,-0.4916672290960354,1.6584688934822138,0.0,-0.49420356822160166,1.6619404075878723,0.0,-0.5017688776710192,1.6417832256346387,0.0,-0.5022043543570309,1.650904899118398,0.0,-0.5031262030534824,1.6558152735707155,0.0,-0.5043204297603592,1.6591816028445598,0.0
-0.5058602243408435,1.6180294635794086,0.0,-0.49916161962204975,1.6271636104808889,0.0,-0.49449729777858376,1.6358514010771548,0.0,-0.4931004441067204,1.643654158238183,0.0,-0.49395088996214886,1.6496787752814726,0.0,-0.4856838524971618,1.638307904435212,0.0,-0.47774849135563796,1.6475093493811335,0.0,-0.4774848480541356,1.6537810160436568,0.0,-0.47858487216083045,1.6582872335833783,0.0,-0.48846604570288926,1.6402521185099348,0.0,-0.4815056495853117,1.649426219380035,0.0,-0.4819350986833473,1.6556302100022076,0.0,-0.48347163438308044,1.6601363916943632,0.0,-0.4956610225084821,1.642028878806816,0.0,-0.49269213153188074,1.6523641789637964,0.0,-0.49394001512926666,1.657894903997671,0.0,-0.4958125977512864,1.6617650281131706,0.0,-0.5082369389708135,1.6437347351244462,0.0,-0.5080458621177357,1.6528647984716853,0.0,-0.5088255898950848,1.6577997358445757,0.0,-0.5099771695125382,1.6611808916516964,0.0
-0.5147884688054358,1.6199094128778775,0.0,-0.5070736302614725,1.628203097887392,0.0,-0.5017344573423212,1.6364932629185238,0.0,-0.4993693441303413,1.6440590053797164,0.0,-0.49896829824063316,1.6501301198462424,0.0,-0.4931017720105959,1.6385638580973287,0.0,-0.48521033747766396,1.6478030034339752,0.0,-0.48450270344784785,1.654040195478163,0.0,-0.4850991943006244,1.658640222457775,0.0,-0.49557941531387706,1.6405834571510414,0.0,-0.48875532303148383,1.649859394053034,0.0,-0.4888608234831933,1.6560773354987615,0.0,-0.48999881668084483,1.6607002768656158,0.0,-0.5026770573236975,1.643002904627606,0.0,-0.4997309082097019,1.6533447104836414,0.0,-0.5006633178342975,1.6589372720760525,0.0,-0.5019407644903234,1.663042458598815,0.0,-0.51619764134628,1.6456858360274644,0.0,-0.5167183342458139,1.6548030420683935,0.0,-0.5175811257689367,1.6597241367706672,0.0,-0.5186326111555929,1.6631377461052292,0.0
-0.5227636276100965,1.6226250199147227,0.0,-0.5145322571933076,1.630406310672565,0.0,-0.5091638069914985,1.6386775467431105,0.0,-0.5066748234316244,1.646203447375809,0.0,-0.5058526703788971,1.652231990568754,0.0,-0.5009016656823152,1.6410737533396782,0.0,-0.49292888341289715,1.6502427930071504,0.0,-0.49180005692488776,1.6564176663885406,0.0,-0.4919748267017002,1.6610529123448752,0.0,-0.5036212653483964,1.6433608297540356,0.0,-0.4969647689448352,1.6527577599186023,0.0,-0.4968796595583419,1.6589760138986307,0.0,-0.4978147524786184,1.6636442273288117,0.0,-0.5110002566770251,1.6458977239597135,0.0,-0.5085497186091488,1.6563680442100073,0.0,-0.5095393290431269,1.6619507679235643,0.0,-0.5106215236847268,1.6661116910306832,0.0,-0.5241428431344618,1.6484030633271654,0.0,-0.5252243296775305,1.6574708609619575,0.0,-0.5262755323220948,1.6623551782408799,0.0,-0.5273142374389007,1.6657726980853989,0.0
-0.5306143393782649,1.6236772315276318,0.0,-0.5220432198312259,1.6310826251368085,0.0,-0.5165788312718335,1.6392907955404963,0.0,-0.5140611834598816,1.6468071556296318,0.0,-0.5132151599851169,1.6528323952888868,0.0,-0.5085499689452719,1.641883403605048,0.0,-0.5003358928269636,1.650836922413978,0.0,-0.49895253908250825,1.656959801061635,0.0,-0.4989365210653114,1.6615983129969145,0.0,-0.5114632544647897,1.6444049856097114,0.0,-0.5045662742028079,1.653626856577915,0.0,-0.5042943076341733,1.659839743214041,0.0,-0.5051470694648992,1.6645236958887946,0.0,-0.5188179781648579,1.6469332309986842,0.0,-0.5163312843616428,1.6573950232397332,0.0,-0.5175608156065724,1.6629298570936706,0.0,-0.51891065945413,1.6670118110293335,0.0,-0.5307738157911377,1.6494916523987295,0.0,-0.5311290935944073,1.658616801426054,0.0,-0.5321335269911223,1.663510950568927,0.0,-0.5332322884890139,1.6669096375768921,0.0
-0.5387313143669221,1.6236641558801914,0.0,-0.52992634222022,1.6307899127026115,0.0,-0.5239280910886015,1.6386164436752733,0.0,-0.5209727646983834,1.6459717319375955,0.0,-0.519999395714392,1.6519777140797864,0.0,-0.5157126796787085,1.6406477833315751,0.0,-0.5075034352835393,1.649605732427189,0.0,-0.5060122862086289,1.6557032552809903,0.0,-0.5059340197564824,1.660341134528348,0.0,-0.518304663347346,1.643136078506752,0.0,-0.5111638456002143,1.6521704552307221,0.0,-0.5105208349218949,1.6583559595299182,0.0,-0.5111281160687476,1.6630780168154613,0.0,-0.5249066993281039,1.6457746888521312,0.0,-0.5215355852473171,1.6559858755030619,0.0,-0.5225056915480115,1.6615720214587546,0.0,-0.523883494731267,1.6656446231743505,0.0,-0.5354071143529854,1.6492641451751848,0.0,-0.5343262010420894,1.6583320111591253,0.0,-0.534923903218299,1.6632922867955868,0.0,-0.5359665464822756,1.6667086072184167,0.0
-0.5458764418603156,1.6294703495976137,0.0,-0.5368578096736036,1.636323685885676,0.0,-0.5300184364538226,1.643426965245559,0.0,-0.5263452113570014,1.6504513254927742,0.0,-0.5250433692333615,1.6563947652170776,0.0,-0.5212986575722773,1.6441070727215743,0.0,-0.5135497373578394,1.6534660673817663,0.0,-0.5119619536648968,1.659539143493644,0.0,-0.5118307871514358,1.664175828181689,0.0,-0.5230802033127064,1.6461057140580277,0.0,-0.5159286274164621,1.6551315770687665,0.0,-0.5147854653024971,1.6612444410905653,0.0,-0.515001610545746,1.666000479003902,0.0,-0.5282307223991906,1.6486699390196309,0.0,-0.5234252754489597,1.6582897322905041,0.0,-0.5234288252548323,1.6639594871592642,0.0,-0.5241736623529029,1.668193828199261,0.0,-0.5364548151118387,1.6535045482954862,0.0,-0.5340403187783973,1.6623116349048126,0.0,-0.5341181279269909,1.6673071857270458,0.0,-0.5349778776186497,1.6707740547287608,0.0
-0.5479588656709178,1.6433064017670338,0.0,-0.5386216265480123,1.6497188825941513,0.0,-0.5311455686506903,1.65614866968393,0.0,-0.5269577330390506,1.6628789187420598,0.0,-0.525379688935934,1.6687550607995607,0.0,-0.5221831815126632,1.6557126602880679,0.0,-0.5151588628352604,1.6656270686242984,0.0,-0.5134625047992937,1.671670716523543,0.0,-0.5133111676600745,1.6763067866935142,0.0,-0.5233628453940847,1.65714257281223,0.0,-0.5164140548426115,1.666325467277491,0.0,-0.514894356137801,1.672355760969709,0.0,-0.5148517257709451,1.677116517007472,0.0,-0.5273726023485574,1.6593126946450616,0.0,-0.5213373581848845,1.6682126143554115,0.0,-0.5202086516004019,1.6737688859757605,0.0,-0.520047147012304,1.6780652033073464,0.0,-0.5332063988166026,1.6644906997102926,0.0,-0.5296771094239651,1.672913210230998,0.0,-0.5292798287847326,1.677893546602651,0.0,-0.5298916783102308,1.681412636025429,0.0
-0.543595357666656,1.6536577906566,0.0,-0.5340323167569008,1.6597283913974505,0.0,-0.5265887599357179,1.666195776151261,0.0,-0.5225414107061688,1.6730114333982653,0.0,-0.5211242369197842,1.6789284332402878,0.0,-0.5177474432302708,1.6659128493511202,0.0,-0.5113451265412869,1.6762398472959823,0.0,-0.5097103367054432,1.682300439074749,0.0,-0.5096848384540084,1.6869389085841644,0.0,-0.5188892181378426,1.667296357745305,0.0,-0.5123908443641367,1.6768033225178063,0.0,-0.5108886423526323,1.6828379985890167,0.0,-0.5109311747862847,1.6875987555027188,0.0,-0.5227737324257041,1.6693566941724547,0.0,-0.5164822217901198,1.6780773384656336,0.0,-0.5149008198426521,1.68352208829951,0.0,-0.514358480194975,1.6877870963947215,0.0,-0.5282352103771533,1.6744056973674277,0.0,-0.5241614072308066,1.6825787442297182,0.0,-0.5233990120116814,1.6875163889932643,0.0,-0.5237039153118125,1.6910752348995841,0.0
-0.5416425381586216,1.6538247246275148,0.0,-0.5322487729798753,1.6601541101081947,0.0,-0.5255120862736402,1.6673548500650348,0.0,-0.5220985542658367,1.6745090110029979,0.0,-0.5212190930156103,1.6805294608683037,0.0,-0.5169685777236307,1.668298729628527,0.0,-0.5110094231886985,1.678887639995889,0.0,-0.5097256925171166,1.6850321779019541,0.0,-0.5099880518918206,1.6896632919265824,0.0,-0.5186499833037191,1.6701876786363303,0.0,-0.5128163134490124,1.6801164014602714,0.0,-0.511685776386281,1.686231612995255,0.0,-0.512064014676604,1.6909775113501513,0.0,-0.5234377898238399,1.6724950965397725,0.0,-0.5179109686105227,1.6817193574988873,0.0,-0.5166846576622252,1.687254905740122,0.0,-0.516428997560316,1.6915466494717486,0.0,-0.5307492028591044,1.6772286773639378,0.0,-0.5269972203654031,1.6855543721971236,0.0,-0.5260055975630958,1.6904511330141396,0.0,-0.5259896863756952,1.6940229808610496,0.0
-0.5406113317227872,1.653507815775589,0.0,-0.5316702596942575,1.6604620357733393,0.0,-0.5256595444515317,1.6682789984811217,0.0,-0.5226739396294364,1.6756220484837334,0.0,-0.5221939768292578,1.6816874342407777,0.0,-0.5173551201607467,1.6701646392452196,0.0,-0.5116131472341845,1.6808728740413872,0.0,-0.5106499709422686,1.68707574450166,0.0,-0.5110955591145254,1.6916928324076186,0.0,-0.5197276762167649,1.6724887740063024,0.0,-0.5143677210377047,1.6826810319193868,0.0,-0.5134877626164229,1.6888372969676626,0.0,-0.5140582286542853,1.6935639431252378,0.0,-0.5255220362267037,1.6747753687779123,0.0,-0.5208445464467615,1.6844580250417873,0.0,-0.5200085554506085,1.6900658099812533,0.0,-0.5201014320769549,1.694364158533656,0.0,-0.5343356188893523,1.6785482867389852,0.0,-0.5309434181815684,1.6870269388397905,0.0,-0.5297664049540909,1.6918824740464862,0.0,-0.5294936820225021,1.695443930547687,0.0
-0.5270150031447994,1.660796893064828,0.0,-0.5183740103243035,1.6681206344497082,0.0,-0.5123400283431453,1.6759196513848773,0.0,-0.5090679402434564,1.683139600066305,0.0,-0.5084103801729523,1.6891883093025795,0.0,-0.5036567812898164,1.6773103607833364,0.0,-0.49760018298157405,1.6878438389587458,0.0,-0.49650475429739027,1.6940247245355948,0.0,-0.4967625084410201,1.6986560971563247,0.0,-0.5058219729502864,1.6794317881228842,0.0,-0.5002355695368573,1.6895017105550976,0.0,-0.4991504197522646,1.6956251390157564,0.0,-0.4995186919783201,1.7003718211166339,0.0,-0.5112257400090094,1.6815500812272175,0.0,-0.5064830949251344,1.6912009910586385,0.0,-0.5054930873936238,1.6967836443669233,0.0,-0.5054923379328976,1.7010829961534106,0.0,-0.5195069802522887,1.6854958677375136,0.0,-0.515873846990145,1.6938741079935509,0.0,-0.5144722353485588,1.6986696337298273,0.0,-0.5140121490277563,1.7022117617321404,0.0
-0.500497610198288,1.6645160542249802,0.0,-0.4918806886090388,1.671868102043187,0.0,-0.48522673256354565,1.6791453592633656,0.0,-0.48106859343055774,1.6858939960475827,0.0,-0.4795682345614396,1.6917904519267672,0.0,-0.4757938825748439,1.678939194861593,0.0,-0.46883688573216376,1.6889009587852246,0.0,-0.46714181536951455,1.6949449679663808,0.0,-0.46686978029442555,1.6995755237071668,0.0,-0.4770163523207366,1.6801696279747103,0.0,-0.47054608974632006,1.6896957469696876,0.0,-0.4689152434316298,1.6956969357240652,0.0,-0.4688243876625491,1.7004570156213463,0.0,-0.480951935957187,1.6817776378063183,0.0,-0.47532715390559166,1.6909424929518115,0.0,-0.4738257212860526,1.6964098353557528,0.0,-0.47344204405056745,1.7006920331705009,0.0,-0.4867280062138589,1.6863519825026703,0.0,-0.48230856353298523,1.6943434212641733,0.0,-0.4806311936395915,1.6990495887624522,0.0,-0.48003019411362957,1.7025705474070763,0.0
-0.48231839681223676,1.657069182992599,0.0,-0.47365007502306666,1.6643605574964815,0.0,-0.4664080385719236,1.6710528300360836,0.0,-0.461380508259022,1.6771813011706675,0.0,-0.45888260300719397,1.6827292501632414,0.0,-0.4563965018677548,1.6691669723280136,0.0,-0.4484327136593929,1.67834382488821,0.0,-0.4460256605228915,1.684141186849852,0.0,-0.44513220051486,1.6886928655253135,0.0,-0.45689902008336103,1.6693272060536724,0.0,-0.44945234576024373,1.6781111847884935,0.0,-0.4472392592628218,1.68392291209823,0.0,-0.44669014735646445,1.6886520866047978,0.0,-0.4596727488362431,1.6699986175131856,0.0,-0.45308030118457077,1.6784940502229293,0.0,-0.4510825389951659,1.683800186209458,0.0,-0.4503588029826216,1.6880381848562027,0.0,-0.462618857473142,1.673752645087257,0.0,-0.45728268931179505,1.6811634396763822,0.0,-0.455313096835525,1.6857549849237405,0.0,-0.4545785361221173,1.6892505207575832,0.0
-0.47732738641730177,1.6490628352481944,0.0,-0.46851701065096996,1.656181909882759,0.0,-0.46086353519749645,1.6623994590130091,0.0,-0.4552628630344012,1.6680089768903408,0.0,-0.4520744447726781,1.6731909897868533,0.0,-0.45064317074128846,1.6593707825740605,0.0,-0.4419240125901166,1.667833218787946,0.0,-0.4389680326884563,1.6733708620896777,0.0,-0.4375533273563599,1.6777884019450657,0.0,-0.45088568913117844,1.6589238943839728,0.0,-0.4427095933601217,1.6670333147597378,0.0,-0.44001493135938774,1.672638020181935,0.0,-0.4390564873209016,1.6773014953265417,0.0,-0.45321427249378765,1.658990241061718,0.0,-0.4459289263233682,1.6668995061440743,0.0,-0.44354144723192307,1.6720420810303411,0.0,-0.44254224674009535,1.6762237104642812,0.0,-0.4547792281471422,1.6616322551337843,0.0,-0.4487645047240605,1.6685037665564781,0.0,-0.4465095085982031,1.6729620817935926,0.0,-0.44558861314719783,1.6764132123004958,0.0
-0.4778657745168917,1.6463895876373298,0.0,-0.4688579808540234,1.6532571634922917,0.0,-0.4608393766697778,1.658996117285484,0.0,-0.45478133646954316,1.6641082957278814,0.0,-0.451060360221624,1.6689221927390079,0.0,-0.45064320403543673,1.65517780706444,0.0,-0.44135215602902483,1.6630080671164293,0.0,-0.4379475379749019,1.6682817647207457,0.0,-0.4360834289605283,1.6725292518758923,0.0,-0.45081345217619184,1.6544254882480376,0.0,-0.4420789210625054,1.661930100637256,0.0,-0.43894588392226314,1.6673020653100428,0.0,-0.4375695500286675,1.6718597314246912,0.0,-0.452979140948772,1.6541774704639325,0.0,-0.4451546031642214,1.6615537399427385,0.0,-0.4423934727360705,1.6665057386939186,0.0,-0.4410844149644204,1.6706009546950773,0.0,-0.4539120516087617,1.656013979383147,0.0,-0.4474097598910619,1.6624260593503895,0.0,-0.44488096219333406,1.666734976207917,0.0,-0.4437393547373331,1.6701195120141634,0.0
-0.47907187238197607,1.648430965770299,0.0,-0.470224336803919,1.6555038052984858,0.0,-0.4619263841296998,1.6608308668825502,0.0,-0.4553748963783718,1.6652931788101022,0.0,-0.45102570829109323,1.6695480385789765,0.0,-0.4514368287110493,1.6558205195878712,0.0,-0.4415922491801666,1.6629423732369821,0.0,-0.43770645320114,1.6678722718288006,0.0,-0.43538664721499404,1.6718890553351955,0.0,-0.4514600001666887,1.6542609190648758,0.0,-0.44221603616845284,1.6611282599248947,0.0,-0.43866732184239404,1.66623517218181,0.0,-0.43692704138515587,1.6706666549279605,0.0,-0.45344066843754444,1.6532306567638642,0.0,-0.4451091925918975,1.6600291310926547,0.0,-0.44201209079205445,1.6647782460959326,0.0,-0.44045173154733935,1.6687844544496127,0.0,-0.4537908225812396,1.6536538269219199,0.0,-0.44682522499167115,1.6595593342928896,0.0,-0.44408867783001327,1.6637393931337603,0.0,-0.44283153936942593,1.667082737731356,0.0
-0.4804982344782225,1.6505656224796807,0.0,-0.47215634019461467,1.6582283076851148,0.0,-0.46368723464449807,1.663278837843918,0.0,-0.45669105397502174,1.6670054550143045,0.0,-0.45173740111533733,1.670538243150756,0.0,-0.4525421662154422,1.6566285748630984,0.0,-0.4421808524784876,1.6629752057160492,0.0,-0.43783195316002815,1.667501836387325,0.0,-0.4350819168025472,1.6712372546481276,0.0,-0.45246418578293585,1.6538053688278695,0.0,-0.44275707165067346,1.660000784561426,0.0,-0.4388480913436792,1.6648374982316092,0.0,-0.4368388214965511,1.6691536828987308,0.0,-0.45444527497294773,1.6516787039193206,0.0,-0.4456469070890968,1.6578610550534965,0.0,-0.44228723344098136,1.6624281904632592,0.0,-0.44058791319015067,1.6663774609061106,0.0,-0.4546835578430335,1.6504550428384457,0.0,-0.447270126682715,1.6557875474581902,0.0,-0.44439802642372866,1.6598756548911535,0.0,-0.4431484983084593,1.6632218511938996,0.0
-0.48289286184132646,1.6489626810529487,0.0,-0.47430921418595334,1.6563535495895199,0.0,-0.4655381257336363,1.660859280503104,0.0,-0.4583027732693718,1.6640971647216076,0.0,-0.4530779202042154,1.6672148849012962,0.0,-0.45462943989706806,1.653376310434494,0.0,-0.4439206295456195,1.6591172098758653,0.0,-0.43925654428219846,1.663318354859292,0.0,-0.43619333360530804,1.6668015703133787,0.0,-0.45471240836533466,1.650467966586584,0.0,-0.44461901948221105,1.6560118588783228,0.0,-0.4403502302968841,1.6605341774273685,0.0,-0.4379847174330143,1.6646658797750868,0.0,-0.456821977599082,1.6484107353108242,0.0,-0.4475999916298041,1.6539413517094061,0.0,-0.44389169373449744,1.6582302512876914,0.0,-0.4418762904727128,1.6620279579691046,0.0,-0.4571452181885193,1.6471002622051898,0.0,-0.44935606584128723,1.6518671975729065,0.0,-0.4462367963356934,1.6557699837613353,0.0,-0.44478896298709314,1.6590352752953397,0.0
-0.4856424918207758,1.644961235567364,0.0,-0.4752090031789478,1.6493710268954558,0.0,-0.4658584832550611,1.6525017426054802,0.0,-0.4585663034404998,1.6556095284807746,0.0,-0.4534291487193147,1.6588697294012573,0.0,-0.4571289188139794,1.6472584727564492,0.0,-0.446233205624067,1.6526362027257204,0.0,-0.44135252253324664,1.6565836377262255,0.0,-0.43806025677942423,1.6598512111005834,0.0,-0.45747833747236444,1.646745682957782,0.0,-0.4470648047050384,1.6516619392765872,0.0,-0.44233919435531804,1.655704529163086,0.0,-0.4393697574701274,1.659425961680833,0.0,-0.4596306580452786,1.6467997547841966,0.0,-0.4500149490017817,1.6516133690766628,0.0,-0.44572602783894893,1.6553216420078203,0.0,-0.4429892749084532,1.6586374540867967,0.0,-0.4599709103092838,1.647677788591925,0.0,-0.4518869959817515,1.6519257170557173,0.0,-0.4482333653719568,1.6553334385302938,0.0,-0.4460771898862873,1.658181114333885,0.0
-0.4870696095645165,1.6426055404494666,0.0,-0.4759413589774479,1.640492253041688,0.0,-0.4661300082129309,1.6414776463030862,0.0,-0.4587655853974736,1.6444101360455654,0.0,-0.4538125863698535,1.6479438408017253,0.0,-0.45846817008132607,1.6431142680840816,0.0,-0.44736326459180686,1.6480455579364504,0.0,-0.44214620318939735,1.6515363430687267,0.0,-0.43854340314911827,1.654457966148518,0.0,-0.4591474362718796,1.6466989597129018,0.0,-0.4484492503175011,1.6509604216890204,0.0,-0.4431910425635863,1.6542808399434692,0.0,-0.4395347648911686,1.6573301429755494,0.0,-0.4621076125131334,1.65014837496187,0.0,-0.4521496252671432,1.6542068516433994,0.0,-0.44723550383482885,1.6570348444689595,0.0,-0.4437508482062893,1.659553098128969,0.0,-0.46404670616632576,1.654282683796793,0.0,-0.4557439883742208,1.6580852414035945,0.0,-0.4514623989487545,1.6606600373708227,0.0,-0.4484996086810229,1.6626550872541075,0.0
-0.4863201008520267,1.643811841626962,0.0,-0.4766006066688313,1.6379950231134361,0.0,-0.466774421538445,1.6371705902857463,0.0,-0.45914365595694373,1.6393166648731616,0.0,-0.45404245083593286,1.6426328335939424,0.0,-0.4577149957320657,1.6440334389933873,0.0,-0.4462503752358366,1.6480582399097894,0.0,-0.4405004409914546,1.6505764866613044,0.0,-0.4364141777758151,1.6527715954246953,0.0,-0.45898784029884576,1.6508368950576013,0.0,-0.44804344537735113,1.6544189978884436,0.0,-0.4423098092452998,1.6568271803717787,0.0,-0.4380925360210754,1.6590365291336346,0.0,-0.46341618641714344,1.6562780500655494,0.0,-0.45321081922399326,1.659666740582371,0.0,-0.4479008416950299,1.6616542695796073,0.0,-0.44397437829749775,1.6634056437639275,0.0,-0.4672342690886492,1.6611940389430806,0.0,-0.45879980438017365,1.6646946634830535,0.0,-0.45414830092673875,1.6665181485813756,0.0,-0.4507935661182575,1.6677445679925578,0.0
-0.48418106957682067,1.6473112039292055,0.0,-0.4746572101260522,1.6411793162950037,0.0,-0.46491652365200226,1.6396454875176438,0.0,-0.4570209669867392,1.6403486265083094,0.0,-0.4514032873628996,1.6426854928534838,0.0,-0.45561006149150146,1.6487249370389012,0.0,-0.4438191726673397,1.6516594704388623,0.0,-0.4376642921234799,1.652892659802686,0.0,-0.4331402531927208,1.653916926029592,0.0,-0.45736546296098646,1.6561047859340052,0.0,-0.4462715615200789,1.6591929231893414,0.0,-0.4402437358375786,1.6607223818220598,0.0,-0.43566727526189747,1.6620348695357205,0.0,-0.46227271631122635,1.6614540362645152,0.0,-0.4519520578261812,1.6644734321313879,0.0,-0.4464722046928687,1.6659285412373575,0.0,-0.44232744934867,1.667071095167113,0.0,-0.4662135372359821,1.665847048642014,0.0,-0.45773648329607824,1.6692432411554532,0.0,-0.45296310889678454,1.6707185306610375,0.0,-0.44948586974500904,1.6715353281198482,0.0
-0.48210403233457755,1.6512048570176,0.0,-0.4720060108753902,1.6460731996433924,0.0,-0.46226400773236925,1.6445477559488015,0.0,-0.454350262995195,1.6440929332037453,0.0,-0.4483786534576765,1.6452587583204459,0.0,-0.4536260166483651,1.6539074052396796,0.0,-0.4417371346222267,1.6564155977577675,0.0,-0.4354958392989345,1.6570860775886969,0.0,-0.43086957270820714,1.6574232822478046,0.0,-0.4554810127955855,1.6605653416886392,0.0,-0.44436354655502514,1.6635675384307542,0.0,-0.4382489266741215,1.6647012711505187,0.0,-0.4335508125605738,1.665472205113552,0.0,-0.4601488848087109,1.6652749368465203,0.0,-0.4498430504598506,1.6683445494181122,0.0,-0.44431813494777456,1.669617907756276,0.0,-0.4400849175207928,1.6703691045091722,0.0,-0.4635677687745824,1.6691719572530535,0.0,-0.45511807119698483,1.6726356515143184,0.0,-0.45033435377396275,1.6740770501051996,0.0,-0.44683362220161116,1.6747864362241085,0.0
-0.48062008416373914,1.65449699472111,0.0,-0.47025080353597004,1.649938270770371,0.0,-0.4604968707574153,1.648491066895503,0.0,-0.4526133478836793,1.647663850724327,0.0,-0.4465452066818628,1.6481076198378635,0.0,-0.4522213139643337,1.6579337076096397,0.0,-0.44038376481218633,1.6606739586218142,0.0,-0.43421504543909567,1.6618359447715976,0.0,-0.4296465621456813,1.6626390698853861,0.0,-0.4542457539568445,1.664536842767171,0.0,-0.4431642304234761,1.6676691066557612,0.0,-0.43710476420668487,1.669067961664464,0.0,-0.4324385264197699,1.6700128639426075,0.0,-0.4589519365597708,1.6690051658218172,0.0,-0.4487386503932523,1.6723699137539252,0.0,-0.4432429004643443,1.6737637808895798,0.0,-0.4390111965748321,1.6745234574899506,0.0,-0.46225298947440496,1.6726369944540058,0.0,-0.45388505410531643,1.6762937997191432,0.0,-0.4491466420183482,1.6778777925143264,0.0,-0.44567065758630303,1.6786999132083487,0.0
-0.4795973708419077,1.6567124158277402,0.0,-0.4694021581055402,1.6517766704882115,0.0,-0.4596568795446589,1.6502722937153171,0.0,-0.451778633802022,1.6493962437662861,0.0,-0.445694292382419,1.649388617429347,0.0,-0.45128012655208616,1.6607664040057444,0.0,-0.4394735289501386,1.663637083124858,0.0,-0.4334080775544543,1.665253749411642,0.0,-0.42892693010032673,1.666451817458528,0.0,-0.453802558266217,1.6681593143961428,0.0,-0.4427229324584988,1.6712982844261541,0.0,-0.43674394315616677,1.6730087267930307,0.0,-0.43213706629985776,1.67421010143488,0.0,-0.4589636196323147,1.6726574451565115,0.0,-0.44884220003412767,1.6762891951869046,0.0,-0.44339413203944017,1.6778591276689598,0.0,-0.4391938634972034,1.678776826159075,0.0,-0.4625661056552297,1.6761120489113188,0.0,-0.45429212327482377,1.679976732942014,0.0,-0.44961333417248744,1.6817290213934335,0.0,-0.44617023191123656,1.682679493395088,0.0
-0.47999118416684,1.657871229539445,0.0,-0.47002596380276634,1.6524862199858863,0.0,-0.4602614257767333,1.651112392907193,0.0,-0.4523618531370237,1.650455908631276,0.0,-0.44627772901775886,1.650507892981722,0.0,-0.4517205154626868,1.6622382004961658,0.0,-0.43993085006417154,1.665177645227791,0.0,-0.4338449860300724,1.666715686018762,0.0,-0.4293386879898568,1.6678153803050766,0.0,-0.454573598741246,1.6701329665201072,0.0,-0.44350617870920966,1.6733147042093026,0.0,-0.437516443612833,1.674987127493953,0.0,-0.43291104870688346,1.676194170641288,0.0,-0.46005565467001697,1.6746810574075721,0.0,-0.44995718848354216,1.678376151945801,0.0,-0.4444997235210198,1.6799130999136227,0.0,-0.4403105638039396,1.6808802437552801,0.0,-0.4639163582746116,1.6780704802723554,0.0,-0.45560588019971476,1.6818560477668056,0.0,-0.45092292897676983,1.6835971824900933,0.0,-0.44748737956585305,1.6845746027950335,0.0
-0.483452533934276,1.658188242452806,0.0,-0.4733002359999914,1.6531648181774747,0.0,-0.4634647581232306,1.6524598510578539,0.0,-0.4555443061151202,1.6527771198426306,0.0,-0.44960703435122634,1.6541068087810595,0.0,-0.4550861210512229,1.6618825305391616,0.0,-0.44354037777386834,1.6656683405862518,0.0,-0.43731537758433464,1.666476228670418,0.0,-0.43268527995704587,1.6661965046772051,0.0,-0.4575542764915781,1.6693991346600325,0.0,-0.4466523333795672,1.6731084307213957,0.0,-0.44049277214019544,1.6739650120113125,0.0,-0.4357577114995624,1.6744608104873104,0.0,-0.4628777754547199,1.674209321155025,0.0,-0.4527756768537051,1.6778944733664265,0.0,-0.4471490688573726,1.6785926247315024,0.0,-0.4428775524388188,1.6790810649342798,0.0,-0.4667506893003959,1.677872198952,0.0,-0.458266160923015,1.681249675125387,0.0,-0.4533874092869957,1.6823264131414144,0.0,-0.4498734985067203,1.6829673353173642,0.0
-0.4889595994638626,1.657266029985237,0.0,-0.4784685876797165,1.6529948923684685,0.0,-0.46860929027378295,1.6531618006227564,0.0,-0.4608542571887145,1.6548030444632833,0.0,-0.4556653394450778,1.6579802132219557,0.0,-0.46050548480591114,1.6602095828298415,0.0,-0.44936219164848085,1.6650535030549067,0.0,-0.4518191719764564,1.659277123723165,0.0,-0.45574909801514046,1.6568130354777735,0.0,-0.4625156351749546,1.6671210081859875,0.0,-0.4518474313215725,1.6714569818287868,0.0,-0.45439717725705575,1.665784881527109,0.0,-0.4585974445494344,1.663543370859758,0.0,-0.46754989235501987,1.6721529400336095,0.0,-0.4574879514117445,1.67594636690385,0.0,-0.4581980256548419,1.6703212511323977,0.0,-0.4619687394949637,1.668255786661249,0.0,-0.47130825472627896,1.6761032215644351,0.0,-0.4627166582400363,1.6791982234878533,0.0,-0.46063944825866243,1.6746543505831166,0.0,-0.4637076348513128,1.6728255309528521,0.0
-0.4925674313377734,1.6553551469280932,0.0,-0.48188087840664723,1.6515999463679758,0.0,-0.47205182376569416,1.652389432637113,0.0,-0.4645252599439539,1.6548764100258007,0.0,-0.46006064883622605,1.6590099939826188,0.0,-0.46412409572583363,1.6584010956445663,0.0,-0.45328864667640606,1.6638992398256958,0.0,-0.45876509625004647,1.6608313723931611,0.0,-0.46294316707871136,1.6588164843810713,0.0,-0.4660566941864735,1.6650290633193483,0.0,-0.4555631398131902,1.6697721169247077,0.0,-0.4605593655876542,1.666069191840617,0.0,-0.4649134118210733,1.6641433422108372,0.0,-0.47102343295744936,1.670047042076894,0.0,-0.46103434450891895,1.67402835529407,0.0,-0.4649247918027273,1.6699039701608593,0.0,-0.46884558592902387,1.6681399407492956,0.0,-0.47473643338908983,1.6740223714081939,0.0,-0.46614377904365506,1.677114435183128,0.0,-0.46872702154663237,1.6728379365625352,0.0,-0.4719618925976133,1.6713233542798958,0.0
-0.4927311751895834,1.6540851580575184,0.0,-0.4819483020279075,1.6506162113620966,0.0,-0.47214988470890334,1.6517228376525113,0.0,-0.46472300360666174,1.6544933351868434,0.0,-0.4604481515604266,1.658822874267867,0.0,-0.46441046343479875,1.6581148515966382,0.0,-0.4537318241090035,1.6639116789779569,0.0,-0.4592481089397499,1.6609160301029535,0.0,-0.4634113350239794,1.6588706455126638,0.0,-0.46659167318461575,1.6647214298471351,0.0,-0.45620636809517295,1.6696970382609433,0.0,-0.4612289974188826,1.6660300066488054,0.0,-0.46556070670458377,1.6640544282364298,0.0,-0.47169429578872624,1.6694944200238993,0.0,-0.46179629644685255,1.6736970801331743,0.0,-0.4657374843727817,1.6696211543971653,0.0,-0.4696347472854233,1.6678057293407635,0.0,-0.475446923399141,1.6732597349154577,0.0,-0.4669251438455873,1.6765420877802504,0.0,-0.4697762070657952,1.6724392813266753,0.0,-0.4730240537652317,1.6709527275858642,0.0
-0.49170783695587666,1.6544499941302158,0.0,-0.48084783017672256,1.6512306467502031,0.0,-0.4710708475229026,1.6525129157901868,0.0,-0.4636600645078669,1.6553261905010233,0.0,-0.45933301191928694,1.6596035593846916,0.0,-0.4636141457003239,1.6598393963191884,0.0,-0.4530197135748757,1.6657887285067958,0.0,-0.45835541742529146,1.662482132834977,0.0,-0.4624332394320374,1.6602713824574122,0.0,-0.46616304780334006,1.666444475769818,0.0,-0.45586197052671157,1.671592198356486,0.0,-0.4606559031599509,1.667630868267265,0.0,-0.4649153071727319,1.6655038767639487,0.0,-0.4714435243134476,1.6708619800674707,0.0,-0.4616471405225675,1.6752963467175803,0.0,-0.4652978505166322,1.670958323041736,0.0,-0.469132288220934,1.669013711554191,0.0,-0.47526082073788095,1.674347366196934,0.0,-0.46684342692006675,1.6778888416527578,0.0,-0.4695148139917352,1.6736668429087453,0.0,-0.47275645489105317,1.6721668047468212,0.0
-0.4918460543284465,1.6559404743102693,0.0,-0.4808968692710395,1.6530388727912593,0.0,-0.4711506211715404,1.6545369554615441,0.0,-0.4637884191831459,1.657475016280631,0.0,-0.45952077654652856,1.661811661873418,0.0,-0.46399795013899797,1.6624814403987338,0.0,-0.4535169633104957,1.668628428331046,0.0,-0.4587750856664312,1.6651998047287468,0.0,-0.4627977025853928,1.6628901288480467,0.0,-0.46683126196572067,1.6690043177608016,0.0,-0.4566309427222098,1.6743489158017049,0.0,-0.4613267045807662,1.6702716928821757,0.0,-0.4655346722814786,1.6680446717262287,0.0,-0.47222883236275237,1.6731207028193271,0.0,-0.46253390971937897,1.6777727150618764,0.0,-0.4660879869655418,1.6733551741394561,0.0,-0.4698809197879186,1.6713308009153198,0.0,-0.47609377490245897,1.6763922578638384,0.0,-0.4677714510976379,1.6801517117571703,0.0,-0.470517754406619,1.675978056235185,0.0,-0.4737624387907625,1.6744846127462456,0.0
-0.4930957258467227,1.65717967794635,0.0,-0.48205862466332,1.654632848100483,0.0,-0.47236074887918267,1.6564174514119896,0.0,-0.4650993247818024,1.659596435459222,0.0,-0.461022096194803,1.6641125705015638,0.0,-0.46548518280911183,1.6646602566328599,0.0,-0.4551651368559482,1.671073773379842,0.0,-0.46049122194751574,1.6677517065362018,0.0,-0.46450767966007905,1.665431336523942,0.0,-0.46852684540534795,1.6710639840690102,0.0,-0.4584486299967259,1.6766354125272944,0.0,-0.4632146679372219,1.672640564780814,0.0,-0.467407660934665,1.6703854760635644,0.0,-0.47399687260459233,1.6749343802561698,0.0,-0.4644057053574359,1.679796710335761,0.0,-0.46807733740363966,1.67547638037264,0.0,-0.4718584805875205,1.6734300708729175,0.0,-0.4778862005298274,1.678038251657684,0.0,-0.46964830762452364,1.681979277865301,0.0,-0.47269308634026685,1.6780181031843162,0.0,-0.4759501675840255,1.6765518931110608,0.0
-0.49387610941335913,1.6574588849877439,0.0,-0.48276215232364816,1.65527167155405,0.0,-0.47312302174519816,1.6573503166405397,0.0,-0.4659656670451769,1.6607571470138718,0.0,-0.46205606706205915,1.6654191526598698,0.0,-0.4665660244857801,1.6659712527879065,0.0,-0.45641779775439245,1.6726533213110195,0.0,-0.4617651124955578,1.6693655354945243,0.0,-0.46575955627859805,1.6670074709460576,0.0,-0.4698368960779836,1.672241309175495,0.0,-0.4598917239779319,1.678046892073768,0.0,-0.4646702022924599,1.6740669333848626,0.0,-0.4688350813933999,1.671760334704158,0.0,-0.4753718355716833,1.675832439321814,0.0,-0.46590121632362896,1.6809255831470173,0.0,-0.46960792878438334,1.676635313271329,0.0,-0.47336437627038797,1.6745440149591428,0.0,-0.47927554868146993,1.6787481636028319,0.0,-0.4711407004313251,1.6828977191254746,0.0,-0.4743761721274684,1.6790907117463676,0.0,-0.4776423838617984,1.6776449555034674,0.0
-0.4934067740389814,1.6576397927558473,0.0,-0.4822247507810974,1.6558325017840863,0.0,-0.4726504295125878,1.658191733852231,0.0,-0.46558397563932497,1.6617833141661906,0.0,-0.4617901733948972,1.6665400287047651,0.0,-0.4664855972535842,1.667311989238871,0.0,-0.4565096029309077,1.6742485649656367,0.0,-0.4618201165645103,1.6709016625972437,0.0,-0.46576588033071115,1.6684630158717133,0.0,-0.4700096853427569,1.6734188954930536,0.0,-0.46020769640770287,1.6794630872343408,0.0,-0.46492731170249724,1.6754134998927774,0.0,-0.4690417575650146,1.6730180979132157,0.0,-0.4755999945736449,1.6766901012664102,0.0,-0.4662703118256249,1.682037040838457,0.0,-0.469921832552588,1.6776996995729456,0.0,-0.4736350250233132,1.6755325290625767,0.0,-0.4795150293023449,1.6793982206817928,0.0,-0.4715088328940292,1.6837908720633448,0.0,-0.4748533620412809,1.680079308098612,0.0,-0.4781252040778339,1.6786463391892477,0.0
-0.49240956829901833,1.659209902944917,0.0,-0.48116917130325676,1.6578108246146785,0.0,-0.4716698083023621,1.6604557643646976,0.0,-0.46470199918127914,1.6642351631987355,0.0,-0.46103601642901265,1.6690910708514197,0.0,-0.4659219381707805,1.6700129855839831,0.0,-0.4561303205139026,1.6772074813412094,0.0,-0.4614111562531668,1.6738139456612522,0.0,-0.4653096246522307,1.6713003837081457,0.0,-0.4696740556939997,1.6759281656907092,0.0,-0.46002734962633035,1.6822172278570704,0.0,-0.46469867239828094,1.678112027529673,0.0,-0.4687631951022785,1.6756328602122128,0.0,-0.475297774173683,1.678886847603245,0.0,-0.4661203654935231,1.6844911239064932,0.0,-0.4697322719319287,1.6801207389402513,0.0,-0.4734035617814338,1.6778833169446088,0.0,-0.4792191118041242,1.6814004778606946,0.0,-0.47135198803318923,1.6860376031189952,0.0,-0.47481360247718873,1.6824349918823762,0.0,-0.47809143765275874,1.6810157854952865,0.0
-0.49171238100618264,1.662637251959477,0.0,-0.4804270169904365,1.6616653960912693,0.0,-0.4710166685517382,1.6646114011771924,0.0,-0.4641667390108243,1.668600471843286,0.0,-0.46066342015724043,1.673575009578738,0.0,-0.46567815299521353,1.6744913700704838,0.0,-0.4560895585554531,1.6819543052979276,0.0,-0.46136917305241587,1.6785588699385527,0.0,-0.46523408043256465,1.6759940033740945,0.0,-0.4696213645216383,1.6801983121020168,0.0,-0.4601425575560691,1.6867376897022048,0.0,-0.4648023618624577,1.6826194194349726,0.0,-0.468828219563539,1.6800779464034574,0.0,-0.4752570595789064,1.6828663904977288,0.0,-0.4662396450810975,1.6887246307403723,0.0,-0.4698564179927064,1.6843582722371337,0.0,-0.4734954690190765,1.6820687888951682,0.0,-0.4791770579598117,1.6852043836726467,0.0,-0.4714530371970862,1.6900761462228295,0.0,-0.4750486285905414,1.686607240802898,0.0,-0.47833365591296584,1.6852047623901283,0.0
-0.49114825795170725,1.6666336033462972,0.0,-0.4798333414055381,1.6661076676566011,0.0,-0.4705261611468293,1.669364967049641,0.0,-0.46380583699349376,1.6735687109486754,0.0,-0.46047420241204146,1.6786598286733978,0.0,-0.4656113141491829,1.679524128763965,0.0,-0.45624334819741286,1.687262200840762,0.0,-0.4615228885439717,1.6838666501865545,0.0,-0.4653542614907627,1.681251955004855,0.0,-0.46972623397002033,1.685004796317314,0.0,-0.4604307200160791,1.691802197380989,0.0,-0.46508001113189873,1.6876720619972312,0.0,-0.469066559069387,1.6850693612957708,0.0,-0.4753565163060849,1.687384905596341,0.0,-0.46651456180209017,1.6935047571889135,0.0,-0.47013546846976234,1.6891418260896458,0.0,-0.47374137769230534,1.6868004920629758,0.0,-0.4792682165837403,1.6895524683865173,0.0,-0.47170133111603857,1.6946648857606235,0.0,-0.4754192118040407,1.6913273798848383,0.0,-0.4787113180041284,1.68994159960835,0.0
-0.4902988792730179,1.6695140571504907,0.0,-0.4789718780507493,1.6694593935685218,0.0,-0.46978159694880683,1.6730332342156795,0.0,-0.4631968201153342,1.677446275519354,0.0,-0.46003234166438306,1.6826429422206903,0.0,-0.46531881479845544,1.68345312179499,0.0,-0.45618848843235965,1.6914702089211102,0.0,-0.46145679940924034,1.6880572615193603,0.0,-0.4652466917451033,1.6853827960338528,0.0,-0.4695904207475155,1.6886860050991956,0.0,-0.46049662148347886,1.6957509931270534,0.0,-0.46512054820825904,1.6915924804347955,0.0,-0.46905992600942376,1.6889189213950575,0.0,-0.47519891539557585,1.6907740369288138,0.0,-0.4665536727822919,1.697168763124929,0.0,-0.4701601099305052,1.6927938638153521,0.0,-0.47372615205342494,1.6903922456268747,0.0,-0.4790978071991926,1.6927722974543788,0.0,-0.4717091669344023,1.698139099307056,0.0,-0.4755339140668273,1.6949246177541262,0.0,-0.4788325791641643,1.6935545233110416,0.0
-0.4893898964554147,1.6708791280162882,0.0,-0.4780713137248249,1.671319161841423,0.0,-0.46901245943915904,1.6752141281744057,0.0,-0.46257206135732987,1.67983532845595,0.0,-0.45957952795904894,1.6851328762406788,0.0,-0.4650103946247577,1.6858437875448515,0.0,-0.45613513016112106,1.6941423552670394,0.0,-0.4613906411520048,1.6907097302160132,0.0,-0.46513682597798517,1.6879743785384043,0.0,-0.46941492528037904,1.690814131633213,0.0,-0.4605409717092791,1.6981533542695915,0.0,-0.4651378363486677,1.6939649462599837,0.0,-0.4690273942206588,1.6912194126215618,0.0,-0.4749864122069844,1.6926170048854763,0.0,-0.46655678201128054,1.6992933869693223,0.0,-0.47014665058290367,1.6949048819264378,0.0,-0.4736707771284669,1.6924421682937716,0.0,-0.47886950962725977,1.6944530801376958,0.0,-0.4716767832552017,1.7000797358429154,0.0,-0.4756007410672674,1.6969871418879565,0.0,-0.4789058173890916,1.6956325863467265,0.0
-0.4888647911071001,1.6714111178419744,0.0,-0.47757768292717495,1.6723625030064238,0.0,-0.46866588304555135,1.6765830985300307,0.0,-0.46238188675298497,1.6814148280433197,0.0,-0.45957285163692235,1.6868119189623276,0.0,-0.46511345480289973,1.6873539898568153,0.0,-0.4565110369110898,1.6959350709049057,0.0,-0.4617589603643607,1.6924908569242068,0.0,-0.4654642743987226,1.6897003914688813,0.0,-0.4696233876372603,1.6920550572712874,0.0,-0.4609865543635331,1.699671903855682,0.0,-0.4655638039542534,1.6954620686627013,0.0,-0.4694056804430256,1.6926502008769948,0.0,-0.4751447778619947,1.6935867099609887,0.0,-0.46694704487862715,1.7005458706071608,0.0,-0.4705286656198179,1.6961506316217103,0.0,-0.47401280512325206,1.6936316639231734,0.0,-0.47900931416663056,1.6952706931087789,0.0,-0.4720265299275217,1.7011558686676242,0.0,-0.4760437814852307,1.6981854693336618,0.0,-0.4793552883466907,1.6968467115087125,0.0
-0.48876766719273784,1.6717143789592304,0.0,-0.47753733700362105,1.6731920895668528,0.0,-0.4687890286639576,1.6777418922986393,0.0,-0.4626728422343249,1.682784360251195,0.0,-0.46005528733972906,1.6882768710654845,0.0,-0.46567364331573124,1.688595350657716,0.0,-0.4573631318319508,1.6974594323595722,0.0,-0.4626054825133232,1.6940067421258924,0.0,-0.4662706693830025,1.6911637762870309,0.0,-0.4702640759095388,1.6930221463757062,0.0,-0.4618836537813228,1.7009202325895478,0.0,-0.46644414675133355,1.6966922507969795,0.0,-0.4702384934514928,1.6938165685269322,0.0,-0.4757236346307238,1.6942942120807545,0.0,-0.46777673178268114,1.7015384841690733,0.0,-0.47135272050143223,1.6971386617230744,0.0,-0.47479696808086025,1.6945654176698863,0.0,-0.4795670432887566,1.6958340447407854,0.0,-0.47281078978331126,1.701977952752673,0.0,-0.47691407470560504,1.6991275781934974,0.0,-0.480231940702935,1.6978046589098215,0.0
-0.4888494044519721,1.6720302887619907,0.0,-0.47770378223165283,1.6740499546052412,0.0,-0.4691359148396409,1.6789310663696753,0.0,-0.4631975988420252,1.684181839894313,0.0,-0.4607756734989951,1.68976337609003,0.0,-0.46644516537044606,1.689816553560836,0.0,-0.45844706682146347,1.698963518365622,0.0,-0.463682416692928,1.6955002219244277,0.0,-0.4673054049532608,1.6926036712833903,0.0,-0.47109313951682363,1.6939647114396708,0.0,-0.46299125499864324,1.7021482747309538,0.0,-0.4675330472913187,1.6979002105909011,0.0,-0.4712772611065674,1.6949595510891948,0.0,-0.4764802291277312,1.6949867508385597,0.0,-0.46880669449517215,1.7025199844874477,0.0,-0.47237425242192765,1.698113323244262,0.0,-0.4757763652371767,1.6954846249470088,0.0,-0.48030077164763996,1.696388667911949,0.0,-0.47379115156335466,1.7027933079054731,0.0,-0.4779734735906429,1.7000602208704194,0.0,-0.4812975788029959,1.6987530580096528,0.0
-0.4888431461585141,1.6725452076104148,0.0,-0.47781230841975825,1.6751190303661048,0.0,-0.4694419515065189,1.6803315852913774,0.0,-0.46369152957741244,1.6857874873370364,0.0,-0.46146975414954783,1.6914516715342045,0.0,-0.4671545724858976,1.6911974706464197,0.0,-0.459489404731119,1.7006251823958491,0.0,-0.4647171583713852,1.6971504302618237,0.0,-0.46829655183878266,1.694200177398736,0.0,-0.4718373785879504,1.6950664800430788,0.0,-0.4640368655079164,1.7035377985105067,0.0,-0.46855929207015173,1.6992691237563242,0.0,-0.47225144726280305,1.6962633617177303,0.0,-0.47714324419367404,1.695849884035714,0.0,-0.4697658732899114,1.703673383349585,0.0,-0.4733238587210544,1.6992589895582786,0.0,-0.47668222760224743,1.696574630267219,0.0,-0.48094008553927015,1.697120630098848,0.0,-0.4746969617001512,1.7037853110227785,0.0,-0.47895209703919656,1.701167028087814,0.0,-0.4822823399227243,1.6998755821756393,0.0
-0.48846470896793615,1.6732558581617234,0.0,-0.47757979669896916,1.6763899656412717,0.0,-0.4694238640264612,1.6819320199486125,0.0,-0.4638716012909587,1.6875894573552945,0.0,-0.4618553250676861,1.6933300060104997,0.0,-0.46750854479324006,1.6927273842292923,0.0,-0.460196050658337,1.7024311966278414,0.0,-0.4654171846439342,1.6989465057634068,0.0,-0.4689531457590879,1.695944335124898,0.0,-0.4722044221566722,1.69632113326231,0.0,-0.464727702305501,1.7050795521353412,0.0,-0.46923237571251586,1.7007921468986111,0.0,-0.4728721410383355,1.6977231529637467,0.0,-0.4774223424473767,1.696879189656252,0.0,-0.4703627580578859,1.7049906020618373,0.0,-0.4739126143009628,1.7005696685035898,0.0,-0.47722698785119966,1.6978311736039864,0.0,-0.48119514476896014,1.698026065952402,0.0,-0.47523665006026317,1.7049463916596796,0.0,-0.4795586205263292,1.7024399691949756,0.0,-0.48289490565058796,1.7011642138199097,0.0
-0.48756551909709633,1.6739571147236176,0.0,-0.47685829006122205,1.6776529490231769,0.0,-0.4689335285232799,1.6835208070881569,0.0,-0.46358931733446784,1.6893751752234853,0.0,-0.46178296000418767,1.6951851960381343,0.0,-0.4673541916163656,1.6942007158307202,0.0,-0.4604140025519238,1.704174196732042,0.0,-0.46562933656980116,1.7006808313634894,0.0,-0.46912198660951904,1.6976283823056568,0.0,-0.47204332148101247,1.6975254244597346,0.0,-0.4649133860697718,1.7065683919992043,0.0,-0.46940165160047836,1.7022638131935977,0.0,-0.47298866727654404,1.6991333285763326,0.0,-0.4771679951185678,1.6978712767283939,0.0,-0.4704480919863633,1.7062662540874827,0.0,-0.47399090787764525,1.7018396765795845,0.0,-0.47726097453600497,1.699048424101655,0.0,-0.48091670288246613,1.698901112009147,0.0,-0.4752607683862005,1.706070838089154,0.0,-0.4796439196319033,1.7036730125245199,0.0,-0.48298614877605106,1.7024129115145332,0.0
-0.4864570238892303,1.6747493782960112,0.0,-0.4759596036919103,1.6790047412649443,0.0,-0.4682824665552943,1.685193050330399,0.0,-0.46315551133551464,1.691238589981162,0.0,-0.46156211999026087,1.6971105890183027,0.0,-0.4670007044883804,1.695719661548484,0.0,-0.460452644836439,1.7059548684508308,0.0,-0.4656622650796657,1.7024529878935308,0.0,-0.46911100300180997,1.6993510117016546,0.0,-0.47166530830745973,1.6987828756028602,0.0,-0.46490625142821773,1.708106307963935,0.0,-0.46937836240379616,1.7037849482716716,0.0,-0.4729115253522766,1.700593808196595,0.0,-0.47669256141050853,1.6989289341599305,0.0,-0.47033516720629176,1.7076016662495326,0.0,-0.47387082892071847,1.7031693723610266,0.0,-0.4770956257388092,1.7003259392551324,0.0,-0.4804174690355156,1.6998478550387421,0.0,-0.47508246781916713,1.7072594897511346,0.0,-0.4795217115223964,1.7049671770271682,0.0,-0.48286979254826184,1.7037227078023178,0.0
-0.48573901804246766,1.6759445125961754,0.0,-0.47548295595755014,1.6807525408101927,0.0,-0.46806916890251493,1.6872540302708154,0.0,-0.4631679972760966,1.6934840171233672,0.0,-0.46178982076538594,1.6994102214884423,0.0,-0.46704367024894133,1.6975959586263119,0.0,-0.46090691296869657,1.7080829389172532,0.0,-0.46611083786961743,1.7045726004518331,0.0,-0.4695150267202228,1.7014217993124372,0.0,-0.47166794926176314,1.700406909576418,0.0,-0.46530398692265007,1.7100043688357593,0.0,-0.46976011502103976,1.7056665296803102,0.0,-0.4732382995084098,1.7024155532006824,0.0,-0.4765948851285371,1.7003654151701413,0.0,-0.47062250902724767,1.7093076445717261,0.0,-0.47415085980151495,1.7048695285652795,0.0,-0.4773294072599571,1.7019744875638265,0.0,-0.4802966572440792,1.7011792201747584,0.0,-0.4753001644729507,1.7088231476388596,0.0,-0.47979083967138253,1.706633303228106,0.0,-0.4831446829176095,1.7054044477902706,0.0
-0.4857830213648348,1.6773271081159502,0.0,-0.47579810604118106,1.6826755107537414,0.0,-0.4686622620931988,1.6894809008861322,0.0,-0.46399466101283127,1.6958877503185075,0.0,-0.46283331189786414,1.701860231955522,0.0,-0.46784943463365786,1.6996135975495101,0.0,-0.4621416966805846,1.7103401194927252,0.0,-0.4673402272124388,1.7068217973321476,0.0,-0.47069963058378345,1.703623288532847,0.0,-0.4724196789433454,1.7021831923203523,0.0,-0.4664741407955392,1.7120453329105765,0.0,-0.4709148939357192,1.7076917553339404,0.0,-0.4743374229097592,1.704382237118077,0.0,-0.4772446697944868,1.701966349210917,0.0,-0.4716783521559246,1.7111668302261929,0.0,-0.47519973662572323,1.7067231848433106,0.0,-0.4783314372741852,1.7037775308592036,0.0,-0.48092422302214705,1.7026806450743615,0.0,-0.4762819650681764,1.7105447412193215,0.0,-0.4808196744388993,1.7084541011383958,0.0,-0.48417918492322604,1.7072408247836197,0.0
-0.4864881015614465,1.6782817390650562,0.0,-0.47680166444123784,1.6841534407530434,0.0,-0.4699570638162673,1.6912516832107685,0.0,-0.4655299416427061,1.6978270013593402,0.0,-0.46458616365199196,1.7038377044609379,0.0,-0.4693131432376355,1.7011579701989685,0.0,-0.4640506139616117,1.712109788822294,0.0,-0.46924410025497104,1.708584024984922,0.0,-0.4725586129048845,1.7053390202939904,0.0,-0.4738177367445216,1.703498116641075,0.0,-0.46831290694556993,1.7136128627957217,0.0,-0.47273896167880947,1.7092443429472863,0.0,-0.47610531869166456,1.7058777042881375,0.0,-0.4785401524081162,1.7031177160647806,0.0,-0.4733993824964565,1.7125625679789822,0.0,-0.4769142233820459,1.7081137449411508,0.0,-0.47999860580543413,1.7051185802692241,0.0,-0.4821985497392024,1.7037377698397216,0.0,-0.47792441300260674,1.7118078579585256,0.0,-0.48250507191485753,1.7098130782186205,0.0,-0.4858701530750172,1.7086153391014087,0.0
-0.48739004828380383,1.678685183995397,0.0,-0.4780265426640503,1.685059249205709,0.0,-0.47148508052937366,1.6924377908532562,0.0,-0.4673043756834286,1.699172471728076,0.0,-0.4665779650019381,1.70521329917083,0.0,-0.4709677910595435,1.702107622211284,0.0,-0.4661651459008782,1.7132687666427113,0.0,-0.47135380256929227,1.709735899182198,0.0,-0.47462319656750945,1.706445441397174,0.0,-0.4753970804344282,1.7042306838890016,0.0,-0.4703541197285538,1.7145834510653353,0.0,-0.4747659386187635,1.710200554734392,0.0,-0.4780754900202083,1.706778057850468,0.0,-0.4800170678664953,1.7036978769539879,0.0,-0.4753197792853649,1.7133709438384566,0.0,-0.4788282768876469,1.7089171165575967,0.0,-0.4818647577792558,1.705873400056252,0.0,-0.48365548891194715,1.7042285358493434,0.0,-0.4797616031128878,1.7124888155342126,0.0,-0.4843815009762785,1.7105866783117816,0.0,-0.48775206061235776,1.7094044440088647,0.0
-0.48799308216130793,1.6789194158734548,0.0,-0.4789735308493088,1.6857715424723059,0.0,-0.47274547471287853,1.6934164702329502,0.0,-0.46881608957008297,1.7003008112975802,0.0,-0.46830598751035973,1.7063637367102813,0.0,-0.47231487733922106,1.7028462844080858,0.0,-0.4679848818208107,1.7141991556021836,0.0,-0.4731688632953385,1.7106594315185883,0.0,-0.4763928793237317,1.7073244997053023,0.0,-0.47666105284518084,1.704764898152351,0.0,-0.47209939784155697,1.7153385703865505,0.0,-0.476497351833195,1.7109417616739453,0.0,-0.47974944870094943,1.7074646247249574,0.0,-0.48117945960251096,1.7040902362196615,0.0,-0.47694144926942705,1.7139731513453973,0.0,-0.4804437224804674,1.7095144278477827,0.0,-0.4834316987261774,1.7064230811670082,0.0,-0.4847991826935738,1.7045359879280144,0.0,-0.4812955010023793,1.7129691831525522,0.0,-0.4859512516721796,1.711156569574932,0.0,-0.48932720007090175,1.7099898122666088,0.0
-0.4880417996807172,1.6789919278880958,0.0,-0.47938328516130385,1.6862949458336836,0.0,-0.47347706152149466,1.6941911554320008,0.0,-0.4698027979570963,1.701214972539095,0.0,-0.46950715323985276,1.7072921316510878,0.0,-0.4730962818914844,1.7033831689866654,0.0,-0.46924932676349856,1.7149086833692209,0.0,-0.47442882009300474,1.7113623952582753,0.0,-0.4776073026824517,1.7079840379682323,0.0,-0.4773532656090721,1.7051101032081597,0.0,-0.4732899031219185,1.7158850893420885,0.0,-0.47767441659316506,1.7114748775797959,0.0,-0.480868547875336,1.7079444185796755,0.0,-0.4817715659723477,1.7043035816965135,0.0,-0.4780058306400811,1.7143759190803158,0.0,-0.4815020702987735,1.7099124628945852,0.0,-0.48444105187507147,1.7067744995997323,0.0,-0.48537392539583196,1.7046686138977132,0.0,-0.4822677718779054,1.7132561849985224,0.0,-0.48695624903788837,1.71152998564693,0.0,-0.49033749510032526,1.7103786710623723,0.0
-0.4875685919644647,1.67849447285939,0.0,-0.47928408309800474,1.6862191642861082,0.0,-0.4737061981210791,1.6943506341955517,0.0,-0.47028972888028575,1.701503392923573,0.0,-0.47020592108659504,1.7075871618972462,0.0,-0.4733421702303819,1.7033120083728297,0.0,-0.4699860910405152,1.7149899053586133,0.0,-0.4751612984846295,1.7114373656436184,0.0,-0.47829417144631575,1.7080166703113009,0.0,-0.4775054498310544,1.7048599239849271,0.0,-0.4739545009269458,1.7158144665481188,0.0,-0.47832602089188686,1.7113913749411171,0.0,-0.48146178670963224,1.7078089751678458,0.0,-0.48182561459843026,1.7039309399931721,0.0,-0.4785420630833828,1.7141706193052333,0.0,-0.48203249414834043,1.709702619321602,0.0,-0.4849220797609445,1.7065191116126284,0.0,-0.4854119583478323,1.7042191436848844,0.0,-0.48270792767194765,1.7129416883360888,0.0,-0.4874262526625498,1.7112988275494796,0.0,-0.49081270450191383,1.7101629163966918,0.0
-0.48691453452644146,1.6775625862924728,0.0,-0.47901297982287555,1.6856785814910313,0.0,-0.4737680256555614,1.6940286748729505,0.0,-0.47061090594281674,1.7012996317985534,0.0,-0.47073559974104795,1.707382700113803,0.0,-0.47339196506839193,1.7027705465346077,0.0,-0.47053201769866976,1.7145797483104115,0.0,-0.47570311512979985,1.711021228692088,0.0,-0.4787903117994697,1.7075592543603832,0.0,-0.4774584002913467,1.7041517827447572,0.0,-0.47443088589039123,1.7152623811733017,0.0,-0.4787898147211049,1.710826880568344,0.0,-0.48186684721377504,1.7071939084464682,0.0,-0.48168277234690365,1.7031090990441482,0.0,-0.47888814097700155,1.7134928738140565,0.0,-0.482372950528081,1.7090204879557414,0.0,-0.48521275896921806,1.7057924987421116,0.0,-0.4852544392082246,1.7033240660863602,0.0,-0.48295447154543425,1.7121617533312505,0.0,-0.4877000146492144,1.71059925439324,0.0,-0.491091581870884,1.7094787089955623,0.0
-0.48651744919574047,1.6769963757609472,0.0,-0.47900395069333385,1.6854728894930662,0.0,-0.4740946201895552,1.694024619008706,0.0,-0.47119731056433917,1.7014029532672095,0.0,-0.47152653569128294,1.7074783857198914,0.0,-0.47368216546304875,1.7025611295406753,0.0,-0.4713209577047336,1.7144800742700252,0.0,-0.4764880970861405,1.7109158098116346,0.0,-0.4795295601817271,1.7074135888322004,0.0,-0.47764981570559695,1.7037875854935216,0.0,-0.47515338362903564,1.7150294299941131,0.0,-0.4795000839764819,1.710581945057959,0.0,-0.48251804776729385,1.7068997568557316,0.0,-0.48178102767946607,1.7026393467373169,0.0,-0.47947875957523395,1.7131432652700387,0.0,-0.48295810326325583,1.7086666258637908,0.0,-0.4857477748918458,1.7053952104896288,0.0,-0.48533933321370465,1.702784392364969,0.0,-0.4834427526807611,1.711717339771645,0.0,-0.4882131129522741,1.7102323329834148,0.0,-0.49160970667023757,1.7091271174739096,0.0
-0.4862460240118817,1.676962601823767,0.0,-0.4791220801386461,1.685769040859351,0.0,-0.47454920387586197,1.6945053104516463,0.0,-0.47191110086909666,1.7019802440313023,0.0,-0.4724403285826884,1.7080415299261005,0.0,-0.4740803591489813,1.702852710799212,0.0,-0.47221778870210673,1.7148596828100757,0.0,-0.4773811175450188,1.711289900495118,0.0,-0.4803768309393965,1.7077484670552028,0.0,-0.4779483286421825,1.7039357754264781,0.0,-0.47598701298275486,1.7152832192695842,0.0,-0.48032183954097185,1.7108241605260843,0.0,-0.48328046930377394,1.7070941303216574,0.0,-0.48198923858750925,1.7026895415392795,0.0,-0.48017940013208665,1.7132894107710719,0.0,-0.48365343529911475,1.7088086505084377,0.0,-0.48639266554042276,1.7054948846701856,0.0,-0.48553545968202805,1.7027677341809082,0.0,-0.4840390345130106,1.7117763566506263,0.0,-0.4888320122499115,1.7103660564362424,0.0,-0.49223354388650126,1.7092761331670905,0.0
-0.48542922127305305,1.6765120457916916,0.0,-0.478693091511113,1.6856185544874966,0.0,-0.47445573476285546,1.6945223970002545,0.0,-0.4720752257758348,1.702083309409302,0.0,-0.47279944385840206,1.7081244001088525,0.0,-0.4739146858703661,1.7026982371676267,0.0,-0.47254799909631,1.714771708615427,0.0,-0.47770766322096175,1.7111966314642297,0.0,-0.48065765532480553,1.7076170230865069,0.0,-0.47768296807826244,1.7036487258408888,0.0,-0.4762571272195111,1.7150758085278164,0.0,-0.48058043051796095,1.7106055764580665,0.0,-0.48347953524399195,1.7068290956641556,0.0,-0.4816365929433519,1.70231149577861,0.0,-0.48031596246099634,1.712983359631513,0.0,-0.4837848508850713,1.7084986137106977,0.0,-0.4864733942721728,1.7051435934721095,0.0,-0.48517195385526724,1.7023256772896458,0.0,-0.4840700788608621,1.71139102000711,0.0,-0.4888836580801362,1.7100527235597964,0.0,-0.49229003919201,1.708978052480801,0.0
-0.48445565585847195,1.675530794369734,0.0,-0.4781028099271954,1.684908709562885,0.0,-0.4741984181394557,1.6939635054452795,0.0,-0.47207295984930414,1.7016000391191004,0.0,-0.4729867543553543,1.7076153735463808,0.0,-0.47357322987433087,1.7019859252334533,0.0,-0.4726971859650568,1.714104881154169,0.0,-0.4778533223030297,1.7105247179483267,0.0,-0.4807576499902485,1.706907961081207,0.0,-0.47724255679828737,1.7028140317985705,0.0,-0.4763489808921879,1.7142950057550084,0.0,-0.4806610949566998,1.7098139792584959,0.0,-0.4835005390478756,1.7059924386460779,0.0,-0.48111201109894397,1.7013922654995217,0.0,-0.4802743128897533,1.7121128533880725,0.0,-0.4837382072519518,1.7076242490704165,0.0,-0.48637586127365856,1.7042290749058946,0.0,-0.4846376751307979,1.701345066132093,0.0,-0.4839226445754298,1.7104490926255336,0.0,-0.4887549814399021,1.709180194398968,0.0,-0.4921661243217342,1.7081207348919143,0.0
-0.4852247849513088,1.6760991194954296,0.0,-0.4792483594773511,1.6857212961385128,0.0,-0.47567292017824775,1.6949109554098039,0.0,-0.47379912551569203,1.7026131053081863,0.0,-0.47489676299612443,1.7085976237209628,0.0,-0.47495514417791695,1.7027981011745557,0.0,-0.47456221487295175,1.7149423241674246,0.0,-0.479714949959408,1.7113572674530846,0.0,-0.4825736929453245,1.7077043729718442,0.0,-0.47852685359684616,1.703513377796927,0.0,-0.4781589625114118,1.7150231952167483,0.0,-0.4824602023910242,1.7105317297915403,0.0,-0.4852398990069253,1.7066665128347807,0.0,-0.48231530227954433,1.702013026183875,0.0,-0.48195149908913804,1.712760136967917,0.0,-0.48541054025743724,1.7082677915817115,0.0,-0.48799714014522405,1.7048335627940265,0.0,-0.4858323674259431,1.7019068819163166,0.0,-0.4854946658329601,1.711032698302946,0.0,-0.49034407498893123,1.709830694509648,0.0,-0.4937598928641132,1.7087864060193603,0.0
-0.4886520373739588,1.6793210999189605,0.0,-0.4830432696367519,1.6891621196459266,0.0,-0.47979148079484557,1.698471226640244,0.0,-0.4781652083099486,1.7062294131099958,0.0,-0.47944071160094714,1.712178560950314,0.0,-0.4789757229563434,1.7062407968639166,0.0,-0.47905631278322813,1.7183911075932368,0.0,-0.4842057663621013,1.7148013390275403,0.0,-0.4870190322880709,1.711113306438153,0.0,-0.48245164385722655,1.7068521544372308,0.0,-0.4825997555353229,1.7183668973270732,0.0,-0.4868904233654628,1.713865331406284,0.0,-0.4896103404550296,1.7099578173084007,0.0,-0.48616226607484886,1.7052786939552516,0.0,-0.4862608875300752,1.7160315083205417,0.0,-0.4897152105599055,1.711535533979141,0.0,-0.492250635243037,1.7080633519531188,0.0,-0.4896717619449718,1.7051158652684593,0.0,-0.4897003561545221,1.7142478830881724,0.0,-0.4945652956900295,1.7131103657929296,0.0,-0.49798570244780144,1.7120812070011253,0.0
-0.4894808423063149,1.6797429996059217,0.0,-0.4842294828915439,1.68977929220296,0.0,-0.4812949312764443,1.699193218616647,0.0,-0.4799113795644215,1.7069983454032363,0.0,-0.48135859811409104,1.7129080685051086,0.0,-0.48037841238250056,1.706862124108731,0.0,-0.48092111585164116,1.7190005761716511,0.0,-0.4860674027097054,1.7154062692717402,0.0,-0.4888353288894121,1.7116840878932609,0.0,-0.4837607628766124,1.7073778423586532,0.0,-0.48441244440170567,1.7188750834224136,0.0,-0.48869283232682525,1.7143637415623572,0.0,-0.49135299450117825,1.7104153048330406,0.0,-0.4873967210310188,1.7057363081253198,0.0,-0.4879442379845644,1.7164756269189587,0.0,-0.4913939746562071,1.7119761325285552,0.0,-0.4938781489880844,1.70846710071985,0.0,-0.49089960692014023,1.705518896575901,0.0,-0.49128224902946427,1.7146429391067395,0.0,-0.4961613075255479,1.7135675924310514,0.0,-0.4995862175970212,1.7125535208311726,0.0
-0.48347145226732235,1.6718116194099006,0.0,-0.47856614833605715,1.6820215135395369,0.0,-0.475941493068931,1.69152650109517,0.0,-0.47479529930270054,1.6993699989975621,0.0,-0.4764079755199814,1.7052367309745258,0.0,-0.47492362040499736,1.6991106251568184,0.0,-0.4759155085088412,1.7112206500754006,0.0,-0.4810587377648311,1.7076219692981487,0.0,-0.4837814873853141,1.7038666152462965,0.0,-0.47821491706197405,1.6995383696753976,0.0,-0.47935539965547225,1.7109974508053265,0.0,-0.48362578845255133,1.706476642726057,0.0,-0.48622627201479157,1.7024886481621448,0.0,-0.48177933057377176,1.6978333867105468,0.0,-0.4827605577150303,1.7085417916460675,0.0,-0.4862058347010786,1.7040388815467697,0.0,-0.4886387256237213,1.700494101143954,0.0,-0.485276495337282,1.6975633490052506,0.0,-0.48600002604537734,1.7066667039034638,0.0,-0.4908919118121617,1.705651304511179,0.0,-0.49432124029058827,1.7046522767866326,0.0
-0.4776073487575136,1.6580621169600467,0.0,-0.4730359814533791,1.6684258298935062,0.0,-0.4707131315567135,1.678009042927847,0.0,-0.4697984684803913,1.6858828990956587,0.0,-0.47157029808741957,1.6917035424033156,0.0,-0.46959509580621567,1.6855230883005008,0.0,-0.47102200614963,1.6975895903790275,0.0,-0.47616228088403467,1.6939866906897392,0.0,-0.47884003992518837,1.6901991247077233,0.0,-0.47279807609503205,1.685869934909469,0.0,-0.47441069344831227,1.6972721586469803,0.0,-0.4786713518379849,1.692742178928006,0.0,-0.48121228059192916,1.6887159776828304,0.0,-0.4762940011401257,1.6841057489515847,0.0,-0.47769249347850173,1.694767688838178,0.0,-0.48113343134485903,1.690261462093681,0.0,-0.4835150447598371,1.686682028634702,0.0,-0.4797862645221468,1.6837849100379196,0.0,-0.4808368953036064,1.6928563345153338,0.0,-0.4857404262891512,1.6918987510177101,0.0,-0.48917408901788395,1.6909147233388964,0.0
-0.4754434952498934,1.6420739979203118,0.0,-0.4711934654118594,1.6525735784439466,0.0,-0.4691637450260317,1.6622231296697474,0.0,-0.4684744126912609,1.6701199037216508,0.0,-0.4703990972903748,1.6758918061693058,0.0,-0.46794815404181356,1.669680537082099,0.0,-0.469794969488683,1.6816899424897134,0.0,-0.4749323874884167,1.6780829705169578,0.0,-0.4775653643376349,1.6742641379123409,0.0,-0.4710657113761201,1.6699530016866742,0.0,-0.4731323334954168,1.6812817400941227,0.0,-0.47738351940410123,1.6767428696908604,0.0,-0.47986506367169307,1.6726797977683792,0.0,-0.47449612592421125,1.6681335094398226,0.0,-0.47629454911144703,1.6787353214078513,0.0,-0.47973126333332566,1.6742258726355415,0.0,-0.4820616438206948,1.670612874831812,0.0,-0.47798424061186834,1.6677635750021176,0.0,-0.47934780462817367,1.676793262718856,0.0,-0.4842618986869719,1.6758914523937858,0.0,-0.487699812223309,1.6749223802994448,0.0
-0.5999218075453912,1.6176463028517225,0.0,-0.595980274317284,1.6282655429661654,0.0,-0.5942345746841469,1.6379704971904192,0.0,-0.5937640865061593,1.6458833260378636,0.0,-0.5958353788463474,1.6516042539969267,0.0,-0.5929251296596766,1.6453834195526411,0.0,-0.5951760424336667,1.6573236849275446,0.0,-0.6003106969151204,1.6537127800724811,0.0,-0.6028991220569959,1.6498636107029272,0.0,-0.5959602588004864,1.645587490625188,0.0,-0.5984617086009554,1.6568282196844661,0.0,-0.6027036703653474,1.6522807273472275,0.0,-0.6051260460039442,1.648182104204658,0.0,-0.5993280513532442,1.6437162683840942,0.0,-0.6015085201647299,1.654246144866179,0.0,-0.6049411220559182,1.6497335649910343,0.0,-0.6072203525712466,1.6460880835957095,0.0,-0.6028127054979406,1.6432988361898624,0.0,-0.6044748774660993,1.6522783546311066,0.0,-0.6093985434915856,1.6514303598489344,0.0,-0.6128406250671771,1.650476198104609,0.0
-0.6038241497852689,1.6233266073011974,0.0,-0.6001782270491864,1.6340509344222331,0.0,-0.5987071444538513,1.6438012944002902,0.0,-0.5984488072770467,1.6517238874983646,0.0,-0.6006605501154283,1.6573919967323314,0.0,-0.5973083592304991,1.6511806127180706,0.0,-0.5999471167506589,1.663041198887777,0.0,-0.6050790965573313,1.6594264936743273,0.0,-0.6076232210331205,1.6555479011200243,0.0,-0.600264110482437,1.651321784793269,0.0,-0.603180551451505,1.6624620546716116,0.0,-0.6074135281096273,1.657906197476791,0.0,-0.6097769939327629,1.6537733238152639,0.0,-0.6035720717042126,1.6494021150798737,0.0,-0.6061164517582636,1.659850027460171,0.0,-0.6095450484816396,1.6553344037622302,0.0,-0.6117732486040781,1.6516575096163473,0.0,-0.6070538919257422,1.6489386849861976,0.0,-0.6090003770296526,1.6578608911499575,0.0,-0.6139327070672921,1.6570648367040068,0.0,-0.6173788746070994,1.6561255393629382,0.0
-0.6046699405679065,1.6293391954038,0.0,-0.6013068540130446,1.640155553091163,0.0,-0.6001008118168383,1.6499422310732448,0.0,-0.6000477986945183,1.6578688576636322,0.0,-0.6023939573538515,1.6634826628095691,0.0,-0.5986177741146924,1.6572976006791267,0.0,-0.6016279000323268,1.6690694181895716,0.0,-0.6067572897303565,1.6654510384635093,0.0,-0.6092573833960193,1.6615439191649062,0.0,-0.6014972156199467,1.6573809082447606,0.0,-0.6048084980826399,1.668410262230404,0.0,-0.6090327195128371,1.663846285951273,0.0,-0.6113375744046468,1.659680441579843,0.0,-0.6047480326679056,1.6554158046714689,0.0,-0.6076381993363015,1.6657733951052869,0.0,-0.6110628937941021,1.6612548111740468,0.0,-0.6132402176791203,1.657547563266853,0.0,-0.6082275874260855,1.6549077875916565,0.0,-0.610444277829455,1.6637667294440444,0.0,-0.6153844399031119,1.6630208199541443,0.0,-0.6188346120542851,1.662096340460252,0.0
-0.5965510435533786,1.642606593527763,0.0,-0.5934582522011318,1.6535033171843458,0.0,-0.5925076061447019,1.6633180956219566,0.0,-0.5926530209180882,1.6712435655788902,0.0,-0.5951277095963173,1.6768019092725779,0.0,-0.5909457783661083,1.6706580132154936,0.0,-0.5943107648722623,1.682333346673371,0.0,-0.5994376450300736,1.6787114120572197,0.0,-0.6018939953779977,1.6747766449079646,0.0,-0.5937519656613721,1.6706880643867617,0.0,-0.5974379244832599,1.6815979199518787,0.0,-0.6016536118860314,1.6770260597298332,0.0,-0.6039001925700428,1.6728285020316591,0.0,-0.5969482188618949,1.668680294857821,0.0,-0.6001662713066476,1.6789407471591888,0.0,-0.6035871623970357,1.6744192831240943,0.0,-0.605713797292939,1.670682727174401,0.0,-0.6004260219872506,1.6681290209157185,0.0,-0.6028991216614721,1.676919831179269,0.0,-0.6078463531560954,1.676222347975367,0.0,-0.6113004492900549,1.6753126391732078,0.0
-0.550670895877249,1.6632979505908385,0.0,-0.5478361835716549,1.674264643389535,0.0,-0.547131311138463,1.6841001280525765,0.0,-0.5474682449090527,1.6920197678883777,0.0,-0.550065747333883,1.6975217902278736,0.0,-0.5454963671923831,1.6914320117482031,0.0,-0.5491998386517305,1.7030044291572421,0.0,-0.5543242861647828,1.699379053562603,0.0,-0.5567371973525492,1.6954174996817937,0.0,-0.5482323188791289,1.6914130210135592,0.0,-0.5522730217707295,1.7021965251300408,0.0,-0.5564803882341627,1.6976170062022293,0.0,-0.5586690672582751,1.6933889688882164,0.0,-0.5513764802022473,1.6893651291883598,0.0,-0.5549049130520747,1.6995230278189861,0.0,-0.5583220960161355,1.694998760644837,0.0,-0.5603982609474503,1.6912339279096889,0.0,-0.5548529944627316,1.6887718550630182,0.0,-0.5575691156193707,1.6974906424185416,0.0,-0.5625227172363422,1.6968399402582124,0.0,-0.5659806574416796,1.6959449543680045,0.0
-0.49569000056895834,1.633649122875434,0.0,-0.49310154277543483,1.6446765355841166,0.0,-0.4926329178876619,1.6545261038192505,0.0,-0.49315449782775955,1.6624357292124445,0.0,-0.4958692830237892,1.6678808380277697,0.0,-0.4909306117967304,1.6618563801478385,0.0,-0.4949564611039143,1.6733206325392975,0.0,-0.5000785494212664,1.6696919245343078,0.0,-0.5024483411050373,1.665704426957364,0.0,-0.4935992903040454,1.6617921997015113,0.0,-0.49797523876429023,1.6724440688314643,0.0,-0.5021744896581075,1.6678571070811792,0.0,-0.5043056731024697,1.663599798949771,0.0,-0.49669372321151056,1.6597065247054628,0.0,-0.5005155599007711,1.6697577090777864,0.0,-0.5039291265062155,1.6652307127332833,0.0,-0.5059550706768825,1.661438618778355,0.0,-0.5001693638749891,1.6590724401650603,0.0,-0.5031155987583446,1.6677161816639992,0.0,-0.5080749290420707,1.6671106856540736,0.0,-0.5115366341282137,1.6662303742864704,0.0
-0.4874552619461513,1.6131366162256875,0.0,-0.48510167212384525,1.6242165331813694,0.0,-0.4848599262906059,1.634074279508807,0.0,-0.48555935711669257,1.641970165527114,0.0,-0.4883860908650368,1.647358007858445,0.0,-0.48309598833574685,1.6414084728662843,0.0,-0.48742848732573296,1.6527603889178148,0.0,-0.4925482866198136,1.649128452009695,0.0,-0.49487529270055775,1.6451158353757784,0.0,-0.4857002850311965,1.6413026223088774,0.0,-0.490392570911591,1.6518189759595026,0.0,-0.49458390418818005,1.6472247783655407,0.0,-0.4966580292433376,1.6429393821580889,0.0,-0.48874724544862796,1.6391813167980513,0.0,-0.4928461372133044,1.6491227366799037,0.0,-0.4962561758590296,1.6445930822441204,0.0,-0.4982321769068991,1.640774725764628,0.0,-0.4922223837989486,1.6385075505182398,0.0,-0.49538635510491513,1.6470739880895644,0.0,-0.5003508254718794,1.6465121907447386,0.0,-0.503816216978213,1.6456465049384608,0.0
-0.4868576088863237,1.607299578582098,0.0,-0.48472796809344654,1.618424711160624,0.0,-0.4847039392116595,1.6282853919848286,0.0,-0.4855745376902508,1.6361642420140936,0.0,-0.48850809016570906,1.6414946771318906,0.0,-0.48288399561985695,1.6356282132460804,0.0,-0.4875078813516696,1.6468645928355374,0.0,-0.4926254587020031,1.6432295257688128,0.0,-0.49491002618948815,1.6391925961254168,0.0,-0.48542671962775424,1.6354839075359693,0.0,-0.4904171414603604,1.6458621025052793,0.0,-0.49460074798916576,1.6412608676079996,0.0,-0.4966182806708389,1.6369485390864633,0.0,-0.48842835782886485,1.6333289542379654,0.0,-0.4927886526812981,1.6431585306156975,0.0,-0.496195248547932,1.6386262864172476,0.0,-0.49812161089102386,1.6347826482359433,0.0,-0.49190332457846925,1.6326165790124505,0.0,-0.4952732176615564,1.6411041221019989,0.0,-0.5002422878657578,1.6405845803935302,0.0,-0.5037112880660929,1.6397334706371332,0.0
-0.486869252121293,1.6072409746627538,0.0,-0.48495312526570794,1.6184048629938763,0.0,-0.48513789551921926,1.62826384182829,0.0,-0.486173118590315,1.6361227560464022,0.0,-0.48920856871726714,1.6413958302160017,0.0,-0.4832674079632003,1.6356192738185813,0.0,-0.4881679474928969,1.6467377835144492,0.0,-0.4932833670780884,1.6430996805769733,0.0,-0.49552585505644126,1.6390392252801442,0.0,-0.48575127806225415,1.6354394493848665,0.0,-0.49102242240689986,1.6456779198852036,0.0,-0.4951984863284535,1.6410698382571391,0.0,-0.4971599193148949,1.6367317054745962,0.0,-0.4887096412416906,1.6332526762057187,0.0,-0.4933164276820604,1.6429691705148122,0.0,-0.49671966291133013,1.6384344022906128,0.0,-0.4985967161727462,1.6345664445091121,0.0,-0.4921847298010345,1.6325027136106687,0.0,-0.495749309912904,1.6409103491709462,0.0,-0.5007224839129888,1.6404316815973632,0.0,-0.5041950158163557,1.6395950978373854,0.0
-0.48642947393844643,1.6073960512836993,0.0,-0.4847169156589167,1.6185929744742764,0.0,-0.48510184000955553,1.6284461687252938,0.0,-0.48629530721533515,1.6362826127864292,0.0,-0.4894279442947858,1.6414985358686613,0.0,-0.4831860615110056,1.635817547024465,0.0,-0.48834909804808385,1.646816619678831,0.0,-0.4934624213158889,1.6431755709734226,0.0,-0.4956631999165813,1.63909235862267,0.0,-0.4856137005513473,1.6356048860067292,0.0,-0.4911489938967225,1.6457029931793141,0.0,-0.49531769294020817,1.6410882478501927,0.0,-0.49722354341996217,1.6367254105453994,0.0,-0.4885307358952055,1.6333879797897537,0.0,-0.4933698659871179,1.642990873255755,0.0,-0.4967698198334034,1.6384536442868711,0.0,-0.4985979172424745,1.634562309527613,0.0,-0.49200620548279006,1.632601404344483,0.0,-0.4957548230548597,1.6409286147649509,0.0,-0.5007316452554302,1.6404894985331537,0.0,-0.5042076326080451,1.6396673901876049,0.0
-0.48594709946948694,1.605627036504534,0.0,-0.484428652048921,1.616851931258047,0.0,-0.4850053786748786,1.6266957613105677,0.0,-0.48635088954136674,1.6345075357570515,0.0,-0.4895762126248192,1.6396666596825509,0.0,-0.48304932291267744,1.6340858494689503,0.0,-0.4884613060751495,1.6449645894597924,0.0,-0.4935725918900316,1.64132068114113,0.0,-0.49573204126751386,1.637215461544483,0.0,-0.485423254298771,1.6338428021132751,0.0,-0.49120699068931606,1.6438006951762203,0.0,-0.4953684964529217,1.639179462013169,0.0,-0.49721930398387293,1.6347929911215924,0.0,-0.48830081241444595,1.6315973211515589,0.0,-0.49335890830717083,1.6410867051624325,0.0,-0.4967556572611002,1.6365470763871988,0.0,-0.49853517403149905,1.6326332871223643,0.0,-0.49177689099841776,1.6307750640288874,0.0,-0.4956994775263002,1.6390217531839153,0.0,-0.5006795293585684,1.63862092151221,0.0,-0.5041588966472536,1.6378132374912047,0.0
-0.6080695518038274,1.5893482246827972,0.0,-0.6067362370375133,1.600596611968555,0.0,-0.6074967209383413,1.610427953074456,0.0,-0.6089882679114957,1.618213163869383,0.0,-0.612301983322433,1.6233159629881637,0.0,-0.6055051423869374,1.6178390117666845,0.0,-0.6111531450646266,1.6285971069183387,0.0,-0.6162624498472065,1.6249504214157295,0.0,-0.6183809592010359,1.6208239256059243,0.0,-0.6078277882509953,1.6175678170440422,0.0,-0.6138451373320088,1.6273863073009804,0.0,-0.6179996155522239,1.622758755368742,0.0,-0.6197959399932469,1.6183496926676844,0.0,-0.6106676268485217,1.6152952024516414,0.0,-0.6159320742898466,1.6246716802606778,0.0,-0.6193256921995693,1.6201297103845382,0.0,-0.6210570239408757,1.6161943683730724,0.0,-0.6141445139107848,1.6144381547950049,0.0,-0.618231570596113,1.6226045820884603,0.0,-0.6232144674031924,1.6222408216025388,0.0,-0.62669713985806,1.621447510327271,0.0
-0.6107242953608377,1.5988651218584058,0.0,-0.6095676019710388,1.6101330411516233,0.0,-0.610504112868423,1.6199491784287336,0.0,-0.6121358903954182,1.6277062088912861,0.0,-0.6155339077611488,1.6327532621556677,0.0,-0.6084814955724077,1.6273830283984352,0.0,-0.6143532197665316,1.6380206691390962,0.0,-0.6194605976285255,1.6343712853704242,0.0,-0.6215385642818196,1.6302242256724693,0.0,-0.6107551763103944,1.6270857329258024,0.0,-0.6169921760211134,1.6367661810299377,0.0,-0.6211397868366237,1.6321324729369662,0.0,-0.6228822063687685,1.6277018308194764,0.0,-0.6135589640407382,1.6247873189633957,0.0,-0.6190178959752852,1.6340519185283962,0.0,-0.6224084541700443,1.6295076641340094,0.0,-0.6240920153490821,1.6255516499654175,0.0,-0.6170368331588318,1.6238963348570865,0.0,-0.6212794141562459,1.631983056910475,0.0,-0.6262648023548011,1.6316552051286806,0.0,-0.629750705950755,1.6308762145465323,0.0
-0.6112707294547836,1.604720177108363,0.0,-0.610282597355416,1.616004127646657,0.0,-0.6113877229148463,1.625802714340762,0.0,-0.6131541332388712,1.6335301986702029,0.0,-0.6166325603614724,1.6385221735723898,0.0,-0.6093382760456041,1.633260793221863,0.0,-0.6154220498512857,1.6437785991632432,0.0,-0.6205275527212372,1.6401265927337378,0.0,-0.6225653812376094,1.6359596628701016,0.0,-0.6115652109334622,1.6329392685768889,0.0,-0.6180087485421895,1.6424834848345646,0.0,-0.6221496467429569,1.63784377705727,0.0,-0.6238387559614511,1.6333925384153556,0.0,-0.6143345313046001,1.630616292019674,0.0,-0.6199768041927631,1.6397703894422122,0.0,-0.6233643715988402,1.6352239050924937,0.0,-0.6250005940345371,1.631248077821776,0.0,-0.6178135325529521,1.6296921911491853,0.0,-0.6222032243735558,1.6377000106282011,0.0,-0.6271907788676023,1.6374069535517874,0.0,-0.6306798403256066,1.636642231151417,0.0
-0.5995794492391833,1.6372929505084475,0.0,-0.59875225167669,1.6485898389733777,0.0,-0.6000188969418612,1.6583688580180578,0.0,-0.6019145531258479,1.6660656565165692,0.0,-0.6054696899731358,1.6710032946835847,0.0,-0.5979465555923793,1.6658522712751438,0.0,-0.6042313232107488,1.676251225141871,0.0,-0.6093350009492383,1.6725966685260998,0.0,-0.6113331022814352,1.6684105437528904,0.0,-0.6001288642493434,1.6655082298052561,0.0,-0.6067666488298038,1.67491838691084,0.0,-0.6109009840886216,1.6702728300943213,0.0,-0.6125373921606623,1.6658019482997495,0.0,-0.6028652195597046,1.6631618384373001,0.0,-0.6086803845757479,1.6722070912696985,0.0,-0.6120650278218585,1.667658429601745,0.0,-0.6136543592100664,1.6636636264671563,0.0,-0.6063454817351956,1.6622054084742792,0.0,-0.6108743800588416,1.6701353294740406,0.0,-0.6158638018826159,1.6698759992876697,0.0,-0.6193559486710818,1.669125492115707,0.0
-0.5136836624361575,1.660736045275465,0.0,-0.51301018679925,1.6720431393036828,0.0,-0.5144315706011926,1.6818008681271115,0.0,-0.5164512972366322,1.689466044172883,0.0,-0.5200796292863825,1.6943501485132986,0.0,-0.5123400005511104,1.6893104344562593,0.0,-0.5188153069375049,1.6995918231144878,0.0,-0.5239172074445752,1.6959347858256173,0.0,-0.5258759981219954,1.691730123100421,0.0,-0.5144797050590804,1.688945443687923,0.0,-0.5213002339483558,1.698224001041247,0.0,-0.5254281510397361,1.6935727402815715,0.0,-0.5270124799401531,1.6890831392598127,0.0,-0.5171845203025908,1.6865767040030166,0.0,-0.5231627911433365,1.6955149935888665,0.0,-0.5265445746599517,1.6909642054022223,0.0,-0.5280874771406452,1.686951241624572,0.0,-0.5206661529802723,1.6855887027478114,0.0,-0.5253268378679943,1.6934418921295682,0.0,-0.5303178520362526,1.6932152650054961,0.0,-0.5338130123721732,1.692478919683268,0.0
-0.493691456186697,1.6540891119558063,0.0,-0.49316488410117276,1.665403998903329,0.0,-0.49473453309506754,1.6751389773696617,0.0,-0.49687336510238117,1.682771776144624,0.0,-0.5005715562360928,1.6876031994349026,0.0,-0.49262713851343726,1.6826752689589295,0.0,-0.4992831100268019,1.692840631163618,0.0,-0.5043832793433816,1.6891811799126168,0.0,-0.5063031807024437,1.6849586180928118,0.0,-0.4947261660332033,1.682290764712052,0.0,-0.5017186873314625,1.691440403326869,0.0,-0.5058403263408175,1.6867835784381313,0.0,-0.5073732091728724,1.6822761528289318,0.0,-0.4974007927397174,1.6799006688947278,0.0,-0.503533011423168,1.6887340508622508,0.0,-0.5069119975382373,1.6841811852034465,0.0,-0.5084089463132555,1.680150853863391,0.0,-0.5008838881655506,1.6788818262054805,0.0,-0.5056693984544142,1.6866595802748479,0.0,-0.5106617520008586,1.686464674275907,0.0,-0.5141598548504852,1.6857424370151721,0.0
-0.48686964288412543,1.6564793053391298,0.0,-0.48648353006956657,1.6677998557537916,0.0,-0.48819527095582627,1.6775108570843602,0.0,-0.49044845083735644,1.68511068602428,0.0,-0.4942133359494246,1.6898903208183034,0.0,-0.4860752042067589,1.6850742351607735,0.0,-0.49290252640803855,1.695125315555395,0.0,-0.4980010088111595,1.6914635144000483,0.0,-0.499882446265416,1.6872236744671822,0.0,-0.48813538995846134,1.6846715334701967,0.0,-0.49528986271478953,1.6936951004183234,0.0,-0.4994053592371658,1.6890328461843593,0.0,-0.5008874386362316,1.6845084615793398,0.0,-0.49078110994122687,1.6822610057240146,0.0,-0.49705871167828664,1.6909916677491241,0.0,-0.5004349607082328,1.6864367719917288,0.0,-0.5018864427090095,1.6823898439781506,0.0,-0.49426574477007923,1.6812120252568628,0.0,-0.49916955225992743,1.6889157411908058,0.0,-0.5041630124465704,1.6887516142718317,0.0,-0.5076639875257759,1.688043430890114,0.0
-0.48393951771705856,1.6603465697807414,0.0,-0.48368777396449725,1.6716709050760032,0.0,-0.4855357243601976,1.6813569095690348,0.0,-0.48789869822009435,1.688923320477254,0.0,-0.49172727567915586,1.6936520902233168,0.0,-0.48340589724320476,1.688947555664216,0.0,-0.4903957907863985,1.698886264523723,0.0,-0.495492628878058,1.6952221750073984,0.0,-0.497336031225142,1.6909656603137353,0.0,-0.48542898774261045,1.688527863606492,0.0,-0.4927360411075747,1.6974283249434077,0.0,-0.4968455264354119,1.692760771354203,0.0,-0.498277453053114,1.6882202646026618,0.0,-0.488047016731956,1.6860977658911627,0.0,-0.49446199469979674,1.694727991881132,0.0,-0.4978355650349663,1.6901711118007903,0.0,-0.49924207763958606,1.6861083358238615,0.0,-0.49153325361989064,1.685019326673202,0.0,-0.49654923751363594,1.6926504781371732,0.0,-0.5015435901954384,1.6925162262437323,0.0,-0.5050473679698926,1.6918220421798118,0.0
-0.48386343355224587,1.6634393576972664,0.0,-0.4837403030855576,1.6747658215622439,0.0,-0.48571886143087134,1.6844259929157026,0.0,-0.4881872740309781,1.6919586656638186,0.0,-0.49207669810344884,1.696637516917684,0.0,-0.4835819573274203,1.6920439362722373,0.0,-0.4907261527045238,1.7018723144676977,0.0,-0.4958213874948614,1.6982059957489328,0.0,-0.49762718626040686,1.693933392283953,0.0,-0.4855696137904667,1.691608361791217,0.0,-0.4930205061091435,1.7003887629519754,0.0,-0.4971241074101402,1.6957160354261864,0.0,-0.498506538480007,1.6911602150021199,0.0,-0.48816110493919707,1.6891594990251158,0.0,-0.49470597557321255,1.6976916389296077,0.0,-0.4980769237585589,1.6931328187747146,0.0,-0.4994389735607502,1.68905492143883,0.0,-0.4916489939992007,1.6880522568796716,0.0,-0.4967714159360902,1.6956123733198365,0.0,-0.5017664640665835,1.6955071285804262,0.0,-0.5052729757517012,1.6948268889097997,0.0
-0.48444288131913016,1.6631632202547817,0.0,-0.4844429237287147,1.6744903533781572,0.0,-0.4865467585439567,1.6841240174149696,0.0,-0.48911644762504003,1.6916227451418,0.0,-0.4930640209486622,1.6962526407697747,0.0,-0.4844052450569908,1.6917691589359123,0.0,-0.49169595680410444,1.7014893476048492,0.0,-0.4967896277896126,1.6978208565788788,0.0,-0.49855825660849906,1.693532733253739,0.0,-0.48635904690189574,1.691318719755052,0.0,-0.4939456254721592,1.6999821524745684,0.0,-0.4980434659584096,1.6953043720696055,0.0,-0.4993770639439301,1.6907340184933173,0.0,-0.48892509415254287,1.688851844534621,0.0,-0.49559286340521713,1.697288289055799,0.0,-0.49896124421707083,1.692727571614509,0.0,-0.5002793458496444,1.688635257546421,0.0,-0.4924146742827536,1.6877164333761139,0.0,-0.49763815420753793,1.695207082517794,0.0,-0.5026337164725116,1.6951300115252608,0.0,-0.5061428940331208,1.6944636609752672,0.0
-0.4859548443994175,1.661977608541437,0.0,-0.48607291627982846,1.6733041262687671,0.0,-0.4882969550304766,1.6829107518646573,0.0,-0.4909639450934903,1.6903754275775307,0.0,-0.4949671112705068,1.694957340849353,0.0,-0.48615309679756324,1.6905828849830913,0.0,-0.4935829976406217,1.700197099407658,0.0,-0.49867514287770937,1.6965264908204292,0.0,-0.5004070369114957,1.692223399767902,0.0,-0.4880745451875869,1.6901185166863235,0.0,-0.49578920720889025,1.6986680915754877,0.0,-0.4998814062977157,1.6939853751859097,0.0,-0.5011668376214534,1.6894012414933537,0.0,-0.4906161864952755,1.6876343335690032,0.0,-0.4974003173771177,1.6959774931110387,0.0,-0.5007661838961772,1.6914149197747708,0.0,-0.5020408589093301,1.6873088718017792,0.0,-0.49410748658870784,1.6864713665824123,0.0,-0.49942697962395943,1.6938941397121994,0.0,-0.5044228891915643,1.6938444418909835,0.0,-0.5079346653413134,1.6931919248556397,0.0
-0.48809802384326023,1.6614633337379592,0.0,-0.48832926122150444,1.6727881063216083,0.0,-0.4906686789984823,1.6823672883414238,0.0,-0.4934291747094031,1.6897978928205064,0.0,-0.49748551107336764,1.6943328022985105,0.0,-0.48852455043551596,1.6900661171581601,0.0,-0.4960867457450025,1.6995766243812482,0.0,-0.5011774019191064,1.6959039509362916,0.0,-0.5028729973080848,1.691586427823733,0.0,-0.4904150718171808,1.6895886805151432,0.0,-0.4982507268950347,1.6980275045084061,0.0,-0.5023374003617258,1.6933399650531642,0.0,-0.5035753342133067,1.688742777306467,0.0,-0.4929332922249105,1.6870878499080681,0.0,-0.49982767383687343,1.6953401371761199,0.0,-0.5031910775173883,1.690775747999587,0.0,-0.5044228533114894,1.6866566273727142,0.0,-0.4964263322694839,1.6858979206261004,0.0,-0.5018371066983063,1.6932544202807447,0.0,-0.5068332100750259,1.6932313263367258,0.0,-0.510347518275563,1.6925925868914142,0.0
-0.4900264039629741,1.661130941552704,0.0,-0.490366205568886,1.672452976690659,0.0,-0.4928164137486152,1.6820044207479723,0.0,-0.49566679310255246,1.6894010116541414,0.0,-0.49977400369933905,1.693889896792453,0.0,-0.4906739115427032,1.6897295757552497,0.0,-0.4983619143753624,1.6991386754988094,0.0,-0.5034511168659198,1.6954639879574889,0.0,-0.5051108502147363,1.6911325523107974,0.0,-0.492534861144149,1.6892398633609222,0.0,-0.500484895588952,1.6975710213365467,0.0,-0.5045661557118964,1.692878767935816,0.0,-0.5057572629330891,1.6882692257690821,0.0,-0.49503059570978253,1.68672300505364,0.0,-0.5020295138937192,1.6948868207803933,0.0,-0.505390504629098,1.690320654538386,0.0,-0.5065799134419214,1.68618910119592,0.0,-0.4985253877871105,1.685506688343182,0.0,-0.5040230042064646,1.6927985180719967,0.0,-0.509019160189391,1.6928012885212793,0.0,-0.5125359346493243,1.6921762704372851,0.0
-0.4913856079825247,1.6603623513461365,0.0,-0.4918296193858512,1.6716807787400012,0.0,-0.4943862543989121,1.6812042876056446,0.0,-0.49732306175509683,1.6885669896943638,0.0,-0.5014789705675603,1.6930108270691786,0.0,-0.4922471096185427,1.6889553392845797,0.0,-0.5000548165495726,1.6982653477710623,0.0,-0.5051425994912058,1.6945886950467683,0.0,-0.5067669073871875,1.6902438505835389,0.0,-0.4940797748807756,1.688454081577197,0.0,-0.5021380179419608,1.6966806215336565,0.0,-0.506213973640718,1.6919837596760354,0.0,-0.5073589256858428,1.6873625368710152,0.0,-0.4965539114568984,1.685921777952998,0.0,-0.5036520211274027,1.6939994992945224,0.0,-0.5070106473125813,1.689431593535733,0.0,-0.5081582252609255,1.685288226402816,0.0,-0.5000504606478668,1.6846796309210468,0.0,-0.5056307523169963,1.6919083868289346,0.0,-0.5106268310337532,1.691936310601758,0.0,-0.5141460067073833,1.691324957360588,0.0
-0.49224531960441753,1.6593041367556658,0.0,-0.4927894182234007,1.6706181944490528,0.0,-0.4954483305312477,1.680113655946167,0.0,-0.4984682696099555,1.687442652293244,0.0,-0.5026708140466947,1.6918424123922202,0.0,-0.4933141202611024,1.6878901264966752,0.0,-0.5012357881503559,1.6971033628114345,0.0,-0.5063221844905414,1.693424792058169,0.0,-0.5079115030536118,1.6890670270282846,0.0,-0.4951197241814596,1.6873779972129985,0.0,-0.5032804162838708,1.6955029184617252,0.0,-0.5073511732506121,1.690801550162439,0.0,-0.5084506412200012,1.686169295248948,0.0,-0.4975731060506839,1.6848307961700455,0.0,-0.504765405224407,1.6928247673709873,0.0,-0.508121713815177,1.6882551584690708,0.0,-0.509227999990276,1.6841005757891319,0.0,-0.5010714112554158,1.6835633589980339,0.0,-0.5067304656372398,1.6907306228129033,0.0,-0.5117263476657206,1.6907830159290758,0.0,-0.5152478602515517,1.690185270736545,0.0
-0.49270031996067704,1.6584460549469833,0.0,-0.49334060093219473,1.6697550772333696,0.0,-0.4960978442870873,1.6792224534689428,0.0,-0.4991977712019432,1.6865179776185242,0.0,-0.5034449958632786,1.6908746221240416,0.0,-0.493970002725783,1.6870238269033975,0.0,-0.5020002265133974,1.6961426015721817,0.0,-0.5070852680668358,1.6924621582678996,0.0,-0.5086400325297235,1.68809194579989,0.0,-0.495749707098336,1.6865014480245182,0.0,-0.5040074700922648,1.6945276919296375,0.0,-0.508073130916906,1.6898219158802716,0.0,-0.5091277846607581,1.6851792527566052,0.0,-0.4981831354676911,1.6839398656348896,0.0,-0.5054649409713077,1.6918523906157867,0.0,-0.5088189775407392,1.6872811138177939,0.0,-0.5098845131564522,1.6831158935118185,0.0,-0.5016831901470511,1.682647662349203,0.0,-0.5074173316207988,1.6897549957906157,0.0,-0.5124129071816214,1.689831200103045,0.0,-0.5159366931206619,1.6892470059031592,0.0
-0.49288624615539534,1.657973536274335,0.0,-0.49361900904590233,1.6692769429883645,0.0,-0.496470830089201,1.6787162607836819,0.0,-0.49964774647324106,1.6859785897340525,0.0,-0.5039377972015087,1.690293069241502,0.0,-0.494350659072424,1.6865419915900373,0.0,-0.5024843506609753,1.6955685970805612,0.0,-0.5075680681608772,1.6918863251056218,0.0,-0.5090887124783925,1.6875041235572887,0.0,-0.4961055676144702,1.686009937826486,0.0,-0.504455377009988,1.6939403806859288,0.0,-0.5085160412993566,1.6892302923962197,0.0,-0.5095265485892957,1.6845778209652216,0.0,-0.49851980397333945,1.6834344607584664,0.0,-0.505886728786087,1.6912677973252908,0.0,-0.5092385375781971,1.68669488679762,0.0,-0.5102638651708581,1.6825195868475096,0.0,-0.5020215968186685,1.6821179999439937,0.0,-0.5078273705279075,1.6891669401994853,0.0,-0.5128225387431542,1.6892663222024213,0.0,-0.5163485352170174,1.6886956216910634,0.0
-0.49320038500382246,1.6577959293915918,0.0,-0.49402212133271206,1.6690932164200005,0.0,-0.49696494957039655,1.6785045588145522,0.0,-0.5002159958415145,1.685734006762883,0.0,-0.5045471140579623,1.6900072588811725,0.0,-0.49485362850058673,1.6863540793711902,0.0,-0.5030859967508741,1.6952907822604493,0.0,-0.5081684198973764,1.6916067239715336,0.0,-0.5096553763835907,1.6872129772834883,0.0,-0.49658478985797244,1.6858128822314977,0.0,-0.5050219489851328,1.6936503299507073,0.0,-0.5090777134765203,1.6889360218828986,0.0,-0.5100447392421495,1.6842743186997386,0.0,-0.4989805582046002,1.6832239699579385,0.0,-0.5064284903737661,1.6909803253758733,0.0,-0.5097781143546134,1.6864058142479073,0.0,-0.510763777033337,1.682220973100452,0.0,-0.5024840737419034,1.681883745420673,0.0,-0.5083582305323873,1.6888758015624092,0.0,-0.513352898744803,1.6889977512610692,0.0,-0.5168810436736087,1.6884404868994753,0.0
-0.49393709983167466,1.6578419427156723,0.0,-0.49484448137358467,1.6691326735836838,0.0,-0.49787491955473784,1.678516172298673,0.0,-0.5011973683554906,1.6857130850715882,0.0,-0.5055678856822882,1.689946032858589,0.0,-0.49577351473275316,1.6863888992019236,0.0,-0.5041000465772592,1.6952379337809982,0.0,-0.5091812040831725,1.6915521300808083,0.0,-0.5106349030753139,1.687147268131683,0.0,-0.49748192535964064,1.68583905068465,0.0,-0.506002041376286,1.6935862349441901,0.0,-0.5100530000457087,1.688867796640425,0.0,-0.5109772056733516,1.684197415568488,0.0,-0.4998599143016088,1.6832371374979436,0.0,-0.5073849973578208,1.6909186652081674,0.0,-0.5107324782641787,1.6863425856137415,0.0,-0.5116790190102432,1.6821487226019465,0.0,-0.5033651334359688,1.681873628881914,0.0,-0.5093046158314589,1.6888102790793826,0.0,-0.5142986989788185,1.6889542089177703,0.0,-0.5178289310189037,1.688410322945791,0.0
-0.4948970150764562,1.6582102501529785,0.0,-0.4958868829058622,1.6694940485594008,0.0,-0.49900169781937553,1.6788498773179101,0.0,-0.5023929476572442,1.686014627420442,0.0,-0.5068012808201883,1.6902081781111813,0.0,-0.4969111711842716,1.686745216763966,0.0,-0.5053276138448856,1.695508779879493,0.0,-0.5104075334789369,1.691821270282514,0.0,-0.5118284030267841,1.6874057092447063,0.0,-0.4985977780952557,1.6861871727094178,0.0,-0.5071967397513726,1.6938467483716197,0.0,-0.5112429839168209,1.6891242665747905,0.0,-0.5121250266075434,1.6844457394464074,0.0,-0.5009586428295517,1.6835726695615771,0.0,-0.5085572576217705,1.6911814668519047,0.0,-0.5119026360075116,1.6866038499687257,0.0,-0.5128105970212724,1.6824014657474586,0.0,-0.5044655433351047,1.682186342924735,0.0,-0.510467472495659,1.6890690323293258,0.0,-0.5154608925355126,1.6892343761732025,0.0,-0.5189931510769568,1.6887038106223464,0.0
-0.4956684746885821,1.658976990855734,0.0,-0.4967378289282543,1.6702535340453184,0.0,-0.4999339426246685,1.6795819026563668,0.0,-0.5033915117315018,1.686714884877433,0.0,-0.5078361577367507,1.690869928867493,0.0,-0.4978551599156055,1.6874992550020942,0.0,-0.5063575041992041,1.6961795019583958,0.0,-0.51143621282694,1.69249032465298,0.0,-0.5128246784065125,1.6880644673478982,0.0,-0.4995208633099108,1.6869334381364698,0.0,-0.5081948203699989,1.6945079816744075,0.0,-0.5122364387899461,1.6897815404428518,0.0,-0.5130769709739496,1.685095377721933,0.0,-0.5018652274883209,1.6843067343209506,0.0,-0.5095339753548962,1.691844840789071,0.0,-0.512877290635209,1.6872657168762053,0.0,-0.5137472127289083,1.6830552938693617,0.0,-0.5053737844487168,1.6828980426740856,0.0,-0.5114354480542378,1.6897281818689982,0.0,-0.5164281334346801,1.689914394041098,0.0,-0.5199623585986526,1.6893970907473688,0.0
-0.4961319087216063,1.6598966998556015,0.0,-0.49727789895582447,1.6711657127307182,0.0,-0.5005523803946663,1.680466861853847,0.0,-0.5040739008179587,1.6875684893717409,0.0,-0.5085534323944558,1.6916858994225468,0.0,-0.4984861187546027,1.6884056254656166,0.0,-0.5070705833907116,1.6970046668337355,0.0,-0.5121481070132115,1.693313858740758,0.0,-0.5135045912635876,1.6888780949926436,0.0,-0.5001317745135165,1.6878324281671564,0.0,-0.5088771187349845,1.6953244369322609,0.0,-0.5129141977024125,1.6905941177486796,0.0,-0.5137138665069114,1.6859008091926198,0.0,-0.5024602319990934,1.6851938928574026,0.0,-0.510195919190264,1.69266328952957,0.0,-0.5135372096838235,1.6880826879631161,0.0,-0.5143696317186097,1.6838646908197237,0.0,-0.5059704182029673,1.683763276669665,0.0,-0.5120892592045739,1.6905422405938526,0.0,-0.5170811443770862,1.6907487949585422,0.0,-0.5206172770130224,1.6902446955750603,0.0
-0.4964369709916301,1.6604077296735253,0.0,-0.4976568873051916,1.6716689795590565,0.0,-0.5010069444231052,1.6809431760746967,0.0,-0.5045901563568114,1.688013877011147,0.0,-0.5091032176548478,1.692094507647639,0.0,-0.49895389946780605,1.6889027505607372,0.0,-0.5076169164460888,1.697422649760447,0.0,-0.5126932802366274,1.6937302465887525,0.0,-0.5140182027187472,1.6892849535762529,0.0,-0.5005803215276078,1.6883225373745703,0.0,-0.5093936690927322,1.6957344295476042,0.0,-0.5134262925249151,1.6910003114225447,0.0,-0.5141857392926417,1.6863003267410523,0.0,-0.5028934380479086,1.6856725210327657,0.0,-0.510693061316027,1.6930751300215783,0.0,-0.5140323642852375,1.6884930793286272,0.0,-0.5148278226506491,1.6842679553855269,0.0,-0.5064052243435142,1.6842204087069539,0.0,-0.5125788305261572,1.6909495359750335,0.0,-0.517569855496933,1.6911759250697598,0.0,-0.521107837179543,1.69068497107917,0.0
-0.4967330621900478,1.660320223915617,0.0,-0.49802432679484265,1.6715735159013814,0.0,-0.5014472989859574,1.6808210488201036,0.0,-0.5050900453445337,1.6878612631962184,0.0,-0.5096353478800885,1.6919059502708376,0.0,-0.4994080913643526,1.6888008377298143,0.0,-0.5081462922254788,1.6972436092682275,0.0,-0.5132215205642691,1.693549645567083,0.0,-0.5145152975405882,1.6890951881718272,0.0,-0.5010160539678284,1.688213947655587,0.0,-0.50989422926848,1.6955480627500796,0.0,-0.5139224787927534,1.6908102223203059,0.0,-0.5146423386482613,1.6861040118290824,0.0,-0.5033143686705037,1.685552783323752,0.0,-0.5111751019465152,1.6928904679264882,0.0,-0.5145124536359243,1.6883069958174701,0.0,-0.5152714817700533,1.6840751755664123,0.0,-0.5068277242833135,1.6840795916441407,0.0,-0.5130538185846911,1.6907601841956088,0.0,-0.5180439285011826,1.6910059184066022,0.0,-0.5215837015273007,1.6905280511332654,0.0
-0.497049209573701,1.6603303136664616,0.0,-0.49840936898578353,1.6715754864606072,0.0,-0.5019027199828922,1.680796663311476,0.0,-0.5056029412190433,1.6878068403633135,0.0,-0.5101792600530186,1.6918164007632968,0.0,-0.49987790145624533,1.6887960763745018,0.0,-0.5086881044872631,1.6971636846403968,0.0,-0.5137622209943941,1.693468193849136,0.0,-0.5150252652282931,1.6890049250006554,0.0,-0.5014681412864979,1.6882028249485106,0.0,-0.5104081619640188,1.695461424756591,0.0,-0.5144321169997417,1.6907199363786354,0.0,-0.5151130184607382,1.6860079316460734,0.0,-0.5037521682026613,1.6855308294328741,0.0,-0.5116713502805152,1.6928053945871375,0.0,-0.5150067859535006,1.6882205279866433,0.0,-0.5157299139020226,1.683982425543836,0.0,-0.507267061019413,1.6840369639880441,0.0,-0.5135434925524067,1.6906702870089758,0.0,-0.5185326373221227,1.6909348937888111,0.0,-0.5220741447074027,1.6904700544107802,0.0
-0.497223780287039,1.6612133256699262,0.0,-0.49865049801857003,1.672450247904729,0.0,-0.5022118091616127,1.6816453915494165,0.0,-0.5059675383256683,1.6886259873650211,0.0,-0.5105737084668724,1.6926012188427582,0.0,-0.5002018682295797,1.689663846517941,0.0,-0.5090810665138528,1.6979582050445414,0.0,-0.5141540940805391,1.694261219539583,0.0,-0.5153868146544163,1.6897894805559945,0.0,-0.5017750864302817,1.6890645277093497,0.0,-0.5107741495770757,1.6962497975976965,0.0,-0.5147938874139892,1.6915047334368771,0.0,-0.5154364520450019,1.686787347922183,0.0,-0.5040453158509106,1.6863820026678455,0.0,-0.5120204390053382,1.6935951956943447,0.0,-0.515353992979158,1.6890089607705123,0.0,-0.5160417469914225,1.6847649743468445,0.0,-0.5075617126732761,1.6848678582506817,0.0,-0.5138864484016294,1.6914551403195528,0.0,-0.518874582340487,1.6917381634442912,0.0,-0.5224177678159488,1.6912862930050763,0.0
-0.4969829967182747,1.6626577904837698,0.0,-0.49847404645033894,1.6738863574222966,0.0,-0.5021010103272546,1.6830558032474021,0.0,-0.5059103683641049,1.6900072786909075,0.0,-0.5105452813847584,1.6939489597995574,0.0,-0.5001063774289134,1.691092727396892,0.0,-0.509051727700671,1.69931569851777,0.0,-0.5141236885189135,1.695617249657174,0.0,-0.5153264906699315,1.691137370581115,0.0,-0.5016632415154545,1.690487615335694,0.0,-0.5107187109496847,1.6976016658144362,0.0,-0.5147343068228525,1.6928530959295967,0.0,-0.5153391489286094,1.6881307256109561,0.0,-0.5039201412858635,1.6877948482774563,0.0,-0.5119488407530639,1.6949483598508865,0.0,-0.5152805464323614,1.6903607820434279,0.0,-0.5159334485927339,1.6861112944137666,0.0,-0.5074380080566374,1.6862608092642382,0.0,-0.5138091250763208,1.6928032426807798,0.0,-0.5187962065840905,1.6931042415445308,0.0,-0.5223410145925262,1.692665280964649,0.0
-0.49626216965586717,1.6634415221938479,0.0,-0.49781542885991453,1.6746616527920857,0.0,-0.5015058433040007,1.6838057462373035,0.0,-0.5053670345819901,1.6907285651291533,0.0,-0.5100296354346123,1.6946374552479002,0.0,-0.49952689562147545,1.6918605775737565,0.0,-0.5085357078757826,1.7000139724069456,0.0,-0.5136066234665366,1.6963140905726595,0.0,-0.5147799084390134,1.6918263905020259,0.0,-0.5010680412876334,1.6912499281263944,0.0,-0.5101774358176157,1.6982947966266217,0.0,-0.5141889629791185,1.6935427890508354,0.0,-0.5147566893351041,1.6888158130424349,0.0,-0.5033120580248516,1.6885471933312546,0.0,-0.5113921022799168,1.69564265862974,0.0,-0.5147219921887525,1.6910537626766828,0.0,-0.5153405600814142,1.6867991416468107,0.0,-0.5068313600292971,1.686993634041549,0.0,-0.5132470384108122,1.6934923753037734,0.0,-0.5182330296714193,1.693810924248631,0.0,-0.5217794053636602,1.693384814336939,0.0
-0.49570588083726475,1.66313056285989,0.0,-0.4973193248147204,1.6743421971443322,0.0,-0.5010710872421262,1.683461291528771,0.0,-0.5049823953071553,1.6903559190542443,0.0,-0.5096716793318776,1.6942327584895054,0.0,-0.4991081531336445,1.6915334797442192,0.0,-0.5081778809439301,1.6996190584487127,0.0,-0.5132477721838664,1.6959177730866462,0.0,-0.5143919370973453,1.6914225604997524,0.0,-0.5006341859585035,1.6909175319512155,0.0,-0.5097951685587196,1.6978951847576327,0.0,-0.5138026983462697,1.6931398055750957,0.0,-0.5143339079640113,1.688408586731997,0.0,-0.5028657461961568,1.6882050913164193,0.0,-0.5109950279653956,1.6952440913080475,0.0,-0.5143231337778842,1.6906539012712591,0.0,-0.5149078801833222,1.6863945001411718,0.0,-0.50638644824091,1.6866323763552913,0.0,-0.5128449643906244,1.6930885467551688,0.0,-0.517829831095262,1.6934242344345896,0.0,-0.521377720326316,1.6930109158994002,0.0
-0.49619212339235963,1.6627204159586386,0.0,-0.4978638197037511,1.673923512684051,0.0,-0.5016749217745358,1.6830179672971688,0.0,-0.5056347053217825,1.6898848686182546,0.0,-0.5103497154334196,1.693730378768868,0.0,-0.4997282848627279,1.6911069745096907,0.0,-0.5088565163597389,1.6991264467664047,0.0,-0.5139254035066892,1.695423786424473,0.0,-0.5150408412387666,1.6909213594993067,0.0,-0.5012397819225889,1.6904859518982258,0.0,-0.5104501497485854,1.6973982861926746,0.0,-0.5144537516512235,1.6926395996120098,0.0,-0.5149490355759762,1.6879044851220364,0.0,-0.5034592931876649,1.6877640557188844,0.0,-0.5116358211382515,1.6947481185507252,0.0,-0.5149621737078849,1.690156657840293,0.0,-0.5155136063293557,1.6858928158627284,0.0,-0.5069813597593833,1.686172540302777,0.0,-0.5134810802607765,1.692587226615618,0.0,-0.5184647913519731,1.6929396553894198,0.0,-0.5220141406770358,1.6925390688494104,0.0
-0.4974922587202758,1.6631842671127852,0.0,-0.49922036197700587,1.6743788016690115,0.0,-0.5030888845632411,1.6834489800963517,0.0,-0.5070955736183387,1.690288619144601,0.0,-0.5118353976628933,1.6941035027205407,0.0,-0.5011587875033228,1.6915542814060476,0.0,-0.5103432369713732,1.6995093070821883,0.0,-0.5154111396885384,1.6958052994464534,0.0,-0.5164982387715598,1.6912959463737502,0.0,-0.5026562988933113,1.6909283931891566,0.0,-0.511913974067983,1.6977772391684902,0.0,-0.5159137157890139,1.693015307592664,0.0,-0.5163736569275994,1.6882766295546126,0.0,-0.5048641507189551,1.6881972808783148,0.0,-0.5130860417724803,1.6951278833391248,0.0,-0.5164106711602119,1.6905351747366568,0.0,-0.5169292923784921,1.6862672175698599,0.0,-0.5083875461246941,1.686587311145807,0.0,-0.5149269220231162,1.6929615663923054,0.0,-0.5199094494580543,1.6933303517515703,0.0,-0.5234602061284022,1.692942437746486,0.0
-0.4976269197595827,1.6636551805417292,0.0,-0.4994096667532001,1.6748411430820391,0.0,-0.5033337751978431,1.6838874117392635,0.0,-0.5073858674989818,1.690700250169582,0.0,-0.5121496357696569,1.694485191455074,0.0,-0.5014204231490464,1.692008495627464,0.0,-0.5106589231976234,1.6999006855891712,0.0,-0.5157258605766053,1.6961953575181756,0.0,-0.516785005107355,1.6916793568080797,0.0,-0.5029044734190465,1.6913779378003748,0.0,-0.5122074945278668,1.6981650608386887,0.0,-0.5162034420451469,1.693399944931709,0.0,-0.5166286150217793,1.6886580209193258,0.0,-0.5051010382973096,1.6886378385540137,0.0,-0.5133665105178085,1.6955164075867402,0.0,-0.5166894460189358,1.69092247326763,0.0,-0.5171757526736894,1.686650713421477,0.0,-0.5086257267884218,1.6870097518625389,0.0,-0.5152032882855868,1.6933445961257698,0.0,-0.5201846068171256,1.6937293661459996,0.0,-0.5237367187758923,1.6933540651471384,0.0
-0.49537410985403735,1.663394198932146,0.0,-0.4972098149995268,1.6745715926988203,0.0,-0.5011877546501708,1.6835943195504894,0.0,-0.5052838122223886,1.6903808158379452,0.0,-0.510070695125604,1.694136480991046,0.0,-0.4992913184724758,1.6917306881458163,0.0,-0.5085818127435224,1.6995616051891054,0.0,-0.513647803326237,1.6958549827464926,0.0,-0.5146793728877809,1.691332603528614,0.0,-0.5007624079819015,1.6910956444889316,0.0,-0.5101089222194759,1.6978227473196594,0.0,-0.514101139843169,1.6930545060702173,0.0,-0.5144921108812017,1.6883096396815092,0.0,-0.5029480422601447,1.688346777900711,0.0,-0.5112554082709475,1.6951746921450748,0.0,-0.5145766784408392,1.6905795536997679,0.0,-0.515031161636984,1.6863042909744976,0.0,-0.5064739881413349,1.686700903110206,0.0,-0.5130883396682502,1.6929973243927103,0.0,-0.5180684266422348,1.6933977192136913,0.0,-0.5216218425200769,1.6930349716341553,0.0
-0.4942189476798115,1.6664850766990613,0.0,-0.49610599875103284,1.6776539165247133,0.0,-0.5001360907531347,1.6866534699668898,0.0,-0.5042747366659974,1.6934140786305028,0.0,-0.5090839425283364,1.697141116012252,0.0,-0.498256709949993,1.6948046391986185,0.0,-0.5075972463234693,1.7025757990731158,0.0,-0.512662308123026,1.6988679075586697,0.0,-0.5136666777179661,1.6943394098754017,0.0,-0.4997153161457743,1.6941652821957096,0.0,-0.5091035720606234,1.7008340070937442,0.0,-0.5130921224885876,1.6960626978759934,0.0,-0.5134494493162857,1.6913151792675536,0.0,-0.5018903608702202,1.691407858825798,0.0,-0.5102380217575215,1.698186450174776,0.0,-0.5135576544362838,1.693590128629122,0.0,-0.5139807993738659,1.6893116505460342,0.0,-0.5054175285952409,1.6897445165701548,0.0,-0.5120673442346155,1.6960034716786938,0.0,-0.5170461794021766,1.6964191430096476,0.0,-0.5206008485128352,1.696068889214394,0.0
-0.5205967295388154,1.6889566324335206,0.0,-0.5225335836757358,1.7001169433991148,0.0,-0.5266142210104796,1.7090936912872028,0.0,-0.5307941363103905,1.7158288622263953,0.0,-0.5356249093178507,1.7195279027535733,0.0,-0.5247520064369067,1.7172591909436097,0.0,-0.5341407306995054,1.7249720634474255,0.0,-0.5392048812201417,1.7212629274266558,0.0,-0.5401824212145813,1.7167285625196511,0.0,-0.5261985850589055,1.7166156826229675,0.0,-0.5356269258476593,1.7232276135708442,0.0,-0.5396118702186279,1.7184532922025142,0.0,-0.5399361019971791,1.7137033986086478,0.0,-0.5283633667686285,1.7138499045248958,0.0,-0.5367498064330097,1.720580459681903,0.0,-0.5400678287692033,1.7159829755166807,0.0,-0.5404601145953567,1.7117015577402586,0.0,-0.5318917210239684,1.7121694074719935,0.0,-0.5385757402553469,1.7183918229196264,0.0,-0.5435533055990021,1.7188224335683138,0.0,-0.5471091779347708,1.7184846138840528,0.0
-0.5888845600623843,1.669804477574012,0.0,-0.5908697400311501,1.6809562938067195,0.0,-0.5949993837837255,1.6899106026120272,0.0,-0.59921930459223,1.6966207805429412,0.0,-0.6040709228536281,1.7002924380592384,0.0,-0.5931544201378534,1.6980899763190005,0.0,-0.6025895700820428,1.7057459864463378,0.0,-0.6076528263381245,1.7020356297786463,0.0,-0.6086039024155654,1.6974956403683588,0.0,-0.594589406355766,1.6974424690245353,0.0,-0.604056263661982,1.703999133849895,0.0,-0.6080376616065812,1.6992218546478233,0.0,-0.6083293388785238,1.6944698508843246,0.0,-0.5967442378302018,1.6946685302336415,0.0,-0.6051680177504954,1.7013522922596476,0.0,-0.6084844562238756,1.696753665429252,0.0,-0.6088463559053483,1.692469572180242,0.0,-0.6002737436079693,1.6929711833346808,0.0,-0.6069907673509332,1.6991579562515444,0.0,-0.6119670469234102,1.6996031796759814,0.0,-0.6155240731505076,1.6992777344008574,0.0
-0.601638504616721,1.6478333998521741,0.0,-0.6036705953049506,1.6589767634481123,0.0,-0.6078477711496619,1.6679089975284729,0.0,-0.6121064859193117,1.6745946215087264,0.0,-0.6169782596461401,1.6782394931698275,0.0,-0.6060201192646089,1.6761018026615697,0.0,-0.6155000191873583,1.6837023317874849,0.0,-0.6205623977214276,1.6799907776528902,0.0,-0.6214873708457882,1.6754453982111037,0.0,-0.6074439287502345,1.6754504397601788,0.0,-0.6169478169267817,1.6819533122344053,0.0,-0.6209257266163568,1.6771731280675146,0.0,-0.6211853812726249,1.6724192670200342,0.0,-0.6095891097130998,1.672668526746881,0.0,-0.6180488640899007,1.6793066965887895,0.0,-0.621363744533082,1.674706946539019,0.0,-0.6216957247477914,1.6704204309980808,0.0,-0.6131197323741742,1.6709546274756788,0.0,-0.6198686193068943,1.6771066265213335,0.0,-0.6248435990816921,1.6775661464028115,0.0,-0.6284017305355334,1.6772530158157637,0.0
-0.6099237178059114,1.6285773626602578,0.0,-0.6120013629369008,1.6397123227188366,0.0,-0.6162246578261881,1.6486228436902566,0.0,-0.6205210047457483,1.6552843467219573,0.0,-0.6254122745411845,1.6589030133907134,0.0,-0.6144143567778526,1.6568286512315868,0.0,-0.6239374123503851,1.6643750383208955,0.0,-0.6289989292503622,1.660662309245474,0.0,-0.6298981556375809,1.6561117662608256,0.0,-0.6158273867164261,1.6561735677625056,0.0,-0.6253668975137106,1.662624069652813,0.0,-0.6293413757071641,1.6578410319927512,0.0,-0.6295695309713263,1.6530855550897783,0.0,-0.6179632044987748,1.6533838598533326,0.0,-0.6264576357474951,1.659977597846807,0.0,-0.6297709833667029,1.6553767435318736,0.0,-0.6300735044131505,1.65108804823352,0.0,-0.6214949098272424,1.651653698436154,0.0,-0.628274572959395,1.6577717647076904,0.0,-0.6332482406921662,1.6582452745440295,0.0,-0.6368074293725491,1.6579443989139193,0.0
-0.6135823385690303,1.6084607575549974,0.0,-0.6157042376197889,1.6195873693130691,0.0,-0.6199722966648981,1.6284765355108326,0.0,-0.6243051612059485,1.6351143442127676,0.0,-0.6292152964561002,1.6387073708612256,0.0,-0.6181793657101122,1.636694929860574,0.0,-0.6277440591919325,1.6441884726901073,0.0,-0.6328047301077007,1.640474590570474,0.0,-0.6336785612056373,1.6359191028070306,0.0,-0.6195819957542092,1.6360362531318795,0.0,-0.6291557933996115,1.642435756201123,0.0,-0.6331268954886716,1.6376499151709518,0.0,-0.6333240659172719,1.6328930528414998,0.0,-0.6217087259192053,1.6332389229009159,0.0,-0.6302366004849708,1.6397893502424254,0.0,-0.6335484398802826,1.6351874101414887,0.0,-0.6338219556039906,1.6308967673581114,0.0,-0.6252414801690416,1.6314927825373413,0.0,-0.6320508836497019,1.6375777304685855,0.0,-0.6370232287496028,1.6380649331867725,0.0,-0.6405834273158354,1.6377762527815576,0.0
-0.5156273698013389,1.5979995209133455,0.0,-0.5177922751103707,1.6091178449686785,0.0,-0.5221037986420715,1.6179860109876245,0.0,-0.5264721112393647,1.6246005453285213,0.0,-0.531400508600325,1.6281684814439514,0.0,-0.5203282390005503,1.6262165897385927,0.0,-0.5299331247730554,1.6336585461236004,0.0,-0.5349929649324013,1.629943532250396,0.0,-0.5358417474083292,1.6253833109992764,0.0,-0.5217208321699074,1.6255544398755408,0.0,-0.5313276488068805,1.6319042678253315,0.0,-0.5352954288597616,1.6271156722462743,0.0,-0.5354621203572448,1.6223576443623773,0.0,-0.5238387391016939,1.6227496535087065,0.0,-0.5323988835708164,1.6292578536925955,0.0,-0.5357092387557925,1.6246548458257488,0.0,-0.5359541964914079,1.6203624779415355,0.0,-0.5273725090364776,1.6209878105840374,0.0,-0.5342106651792573,1.6270404288319813,0.0,-0.5391816785895049,1.6275410364190754,0.0,-0.5427428403554668,1.6272644915149248,0.0
-0.4941521712295323,1.5600805260871433,0.0,-0.4963588852811688,1.5711906277019252,0.0,-0.5007126260795618,1.580038144006765,0.0,-0.5051153599378477,1.586629817092384,0.0,-0.5100614419126238,1.5901731970847228,0.0,-0.4989544225721728,1.588280517689251,0.0,-0.5085981229691534,1.5956721067059987,0.0,-0.5136571471926721,1.591955981785859,0.0,-0.5144812229270677,1.5873912311097997,0.0,-0.5003373261026187,1.5876150081386773,0.0,-0.5099759575607822,1.5939164384923403,0.0,-0.5139404683635644,1.5891251359280651,0.0,-0.5140771782096416,1.5843661522322263,0.0,-0.5024466635614555,1.5848029257730643,0.0,-0.5110379610465176,1.5912699459902113,0.0,-0.514346855466423,1.5866658879333588,0.0,-0.5145636959933979,1.5823720078079333,0.0,-0.5059814164877123,1.5830256500628,0.0,-0.5128473829969589,1.5890467023779924,0.0,-0.5178170570839458,1.589560435528811,0.0,-0.5213791360130352,1.5892959664185227,0.0
-0.5003025466519638,1.5748698698191093,0.0,-0.5025499195251768,1.5859718182951748,0.0,-0.5069446802082606,1.594799030892729,0.0,-0.5113808492285691,1.6013682488003516,0.0,-0.5163440628281919,1.6048875924090136,0.0,-0.5052038027630477,1.603052822695811,0.0,-0.5148850041767461,1.6103952258941263,0.0,-0.5199432268917614,1.6066780100702152,0.0,-0.5207429329778954,1.6021089270411595,0.0,-0.5065773489075358,1.6023840606904356,0.0,-0.5162466507772665,1.6086383266138184,0.0,-0.5202079438730984,1.6038443634123825,0.0,-0.5203151607613836,1.5990846239302112,0.0,-0.5086783605533085,1.599564836730705,0.0,-0.5172997473305404,1.605991689226538,0.0,-0.5206072038792228,1.6013865981252102,0.0,-0.5207963613900413,1.5970914094469606,0.0,-0.5122140643481546,1.5977723915975022,0.0,-0.5191069417311456,1.603762617675993,0.0,-0.5240752701814729,1.604289205456698,0.0,-0.5276382208814576,1.6040367524574317,0.0
-0.583913537590258,1.6421663834446982,0.0,-0.5862004645611074,1.6532602515630088,0.0,-0.5906350951223717,1.662067501729156,0.0,-0.5951037519410027,1.6686146633837875,0.0,-0.600083567424221,1.6721104760824903,0.0,-0.5889115001586194,1.6703323472038543,0.0,-0.5986289494009768,1.6776267098053046,0.0,-0.6036863846554579,1.6739084226777465,0.0,-0.6044620534059493,1.66933519760783,0.0,-0.590276006943138,1.6696604341899772,0.0,-0.5999748909298498,1.6758687262498493,0.0,-0.6039330166577062,1.6710721475847703,0.0,-0.6040112207463871,1.6663118430231074,0.0,-0.592368926829332,1.6668342176035884,0.0,-0.601019389208205,1.6732218809946513,0.0,-0.6043254302454958,1.668615773578112,0.0,-0.6044873323275317,1.664319471207294,0.0,-0.5959055499633235,1.6650268601868985,0.0,-0.6028244791142123,1.6709869765023206,0.0,-0.6077914568389282,1.6715261560302102,0.0,-0.6113552345568072,1.6712856594919623,0.0
-0.611931136487305,1.633195792978911,0.0,-0.6142565557747366,1.6442816564966578,0.0,-0.6187299512606277,1.6530692805515892,0.0,-0.6232301853944769,1.6595947776387936,0.0,-0.628226095080976,1.6630675510370527,0.0,-0.6170235829606341,1.661344827300413,0.0,-0.6267760838612756,1.6685922593782057,0.0,-0.6318327453380665,1.6648729200248567,0.0,-0.6325847042984319,1.6602957366909132,0.0,-0.6183793548976475,1.6606698593321618,0.0,-0.6281067854334423,1.6668333271920317,0.0,-0.6320617929670191,1.662034177102989,0.0,-0.6321114559410568,1.6572734892337537,0.0,-0.62046440793766,1.6578367939250842,0.0,-0.6291429793446401,1.664186214473431,0.0,-0.6324476267148756,1.659579107069501,0.0,-0.6325826943455282,1.6552818773711007,0.0,-0.6240019194934749,1.6560147753237568,0.0,-0.630946079436134,1.6619454759382835,0.0,-0.6359117024815845,1.662496992077314,0.0,-0.6394762630984767,1.6622683923925812,0.0
-0.6081137960348016,1.6444490910477314,0.0,-0.610476686679426,1.6555270282473193,0.0,-0.6149877849980991,1.6642953573733992,0.0,-0.6195187210904296,1.6707995742841266,0.0,-0.624530238243457,1.6742497865234278,0.0,-0.6132985764761845,1.6725812647300382,0.0,-0.6230849867014652,1.6797828423656505,0.0,-0.6281408877308845,1.6760624693605675,0.0,-0.6288694596962086,1.671481505221661,0.0,-0.6146459052382383,1.6719033328330126,0.0,-0.6244008963318102,1.6780230868846637,0.0,-0.6283528337151445,1.673221408315037,0.0,-0.6283744188550975,1.6684605103450099,0.0,-0.6167233076454641,1.6690635575075317,0.0,-0.6254290659066191,1.6753756503509676,0.0,-0.6287323409544636,1.6707675588988329,0.0,-0.6288409885042876,1.6664695800650575,0.0,-0.6202616773322689,1.6672271229561093,0.0,-0.627230283111094,1.673129080308353,0.0,-0.6321945485761423,1.6736926853772156,0.0,-0.6357598486019966,1.6734759229888658,0.0
-0.6068600443633956,1.6500344683626078,0.0,-0.6092594242298631,1.661104559647365,0.0,-0.6138072040831744,1.6698539197445272,0.0,-0.6183680002442088,1.676337233547828,0.0,-0.6233946580185679,1.6797653496909577,0.0,-0.6121350784605026,1.678149858446887,0.0,-0.6219543065386806,1.6853066248597268,0.0,-0.6270094601082352,1.681585236287641,0.0,-0.6277149631403135,1.677000662695437,0.0,-0.6134742435164364,1.6774690489537927,0.0,-0.6232558558233345,1.6835461618839518,0.0,-0.6272047700009302,1.6787419967134158,0.0,-0.6271987322549958,1.6739810536403579,0.0,-0.6155442032195532,1.6746226979498673,0.0,-0.6242762680276026,1.6808983482869917,0.0,-0.6275781916086826,1.6762892883462166,0.0,-0.6276608268488731,1.671990730708736,0.0,-0.6190834013830984,1.6727720869891332,0.0,-0.6260757020914554,1.6786459526576933,0.0,-0.6310386080508074,1.6792214061482102,0.0,-0.6346046046188545,1.679016421553578,0.0
-0.6102824121152403,1.6440348145738737,0.0,-0.6127173360113971,1.6550971421054737,0.0,-0.6173008149425547,1.66382785367966,0.0,-0.6218906611791979,1.6702906341198844,0.0,-0.6269320116294494,1.6736971065341364,0.0,-0.6156456863342799,1.6721335055392588,0.0,-0.6254966888698466,1.6792464721906277,0.0,-0.6305511076349819,1.675524085662756,0.0,-0.6312338550863363,1.6709360680659857,0.0,-0.6169769555500476,1.6714499003999255,0.0,-0.6267842936439874,1.6774854086966247,0.0,-0.6307302304923746,1.6726787977745357,0.0,-0.6306970165585132,1.667917966730078,0.0,-0.6190396725855543,1.668597103521157,0.0,-0.627797203135329,1.6748371677544471,0.0,-0.6310977956292962,1.6702271545156682,0.0,-0.6311548197513275,1.6659281808480153,0.0,-0.6225796702156439,1.6667325501624404,0.0,-0.629594947150444,1.6725789556065096,0.0,-0.6345564925831314,1.673166023916417,0.0,-0.6381231434444747,1.672972757673533,0.0
-0.6097994850163102,1.6336601743515564,0.0,-0.6122690429229496,1.6447148217245948,0.0,-0.6168872754726901,1.6534271998052634,0.0,-0.6215053922019735,1.6598698093207693,0.0,-0.6265610053459545,1.663255078055998,0.0,-0.6152490498933643,1.6617422573755702,0.0,-0.6251308289546879,1.6688124050488806,0.0,-0.6301845252547151,1.6650890377257008,0.0,-0.6308448258062932,1.6604977358697792,0.0,-0.616572680099327,1.6610559344435434,0.0,-0.6264048899267123,1.6670508398471868,0.0,-0.6303478942948098,1.6622418230328087,0.0,-0.6302879427201891,1.6574812536122483,0.0,-0.6186283469833075,1.6581968172686807,0.0,-0.6274105397607403,1.6644021241092672,0.0,-0.630709821094876,1.6597911724123642,0.0,-0.6307416287504735,1.6554919382225683,0.0,-0.6221691157202742,1.656318550151335,0.0,-0.6292066806519396,1.6621381074301123,0.0,-0.6341668653739547,1.6627365636144802,0.0,-0.6377341288925799,1.6625549563567892,0.0
-0.606011296407738,1.635026247233751,0.0,-0.6085146118091391,1.6460732991842748,0.0,-0.6131666877738087,1.6547676532674107,0.0,-0.6178123244157292,1.6611904470275916,0.0,-0.6228817873517722,1.6645549401857653,0.0,-0.6115452639694419,1.663091819512663,0.0,-0.6214568646417546,1.6701200993627996,0.0,-0.6265098505138342,1.6663957679741075,0.0,-0.6271480082135925,1.6618013360940114,0.0,-0.6128615014965271,1.6624028528102617,0.0,-0.6227177680040552,1.6683581237042637,0.0,-0.6266578837497666,1.663546739903505,0.0,-0.6265716250326614,1.6587865744827452,0.0,-0.6149103035759425,1.659537536891682,0.0,-0.6237163902928984,1.66570888842107,0.0,-0.6270143799623247,1.6610970127708267,0.0,-0.6270213593072957,1.6567976665839736,0.0,-0.6184518157141738,1.6576457794354262,0.0,-0.6255110092663916,1.6634390819029923,0.0,-0.6304698338680834,1.664048705434998,0.0,-0.6340376690156007,1.6638786978836937,0.0
-0.599511811226475,1.6535756056892894,0.0,-0.60204803953097,1.6646151478348652,0.0,-0.6067330823163966,1.6732917818482786,0.0,-0.6114055159623801,1.6796951078058144,0.0,-0.616488432039852,1.6830392418971285,0.0,-0.6051283525319704,1.6816247698137423,0.0,-0.6150688606308727,1.688612104375282,0.0,-0.6201211478106472,1.684886825222075,0.0,-0.6207374620928315,1.6802894122260326,0.0,-0.6064374337191999,1.6809332297772575,0.0,-0.6163169786476449,1.6868498025094396,0.0,-0.6202542486504458,1.6820360896915774,0.0,-0.6201421053217266,1.6772764637322084,0.0,-0.6084795495023687,1.6780618328280266,0.0,-0.6173087951725783,1.6842000055089559,0.0,-0.6206055122346597,1.6795872200722017,0.0,-0.6205880449511957,1.6752879037033273,0.0,-0.6120217779876387,1.676156803382747,0.0,-0.6191019681234526,1.6819244263531832,0.0,-0.6240594339130812,1.682545002880118,0.0,-0.6276278002624667,1.6823865358364378,0.0
-0.5806357566211381,1.6767102623319927,0.0,-0.5832040836700291,1.6877423809393322,0.0,-0.5879212487353391,1.6964015932274457,0.0,-0.5926197828872175,1.7027857921841045,0.0,-0.597715770924046,1.7061099724740125,0.0,-0.58633309941998,1.7047431257131977,0.0,-0.5963016393474903,1.7116904098770176,0.0,-0.6013532392682317,1.707964198831331,0.0,-0.6019480049736872,1.7033639484787721,0.0,-0.5876352510944057,1.704049079419954,0.0,-0.5975373309197245,1.7099278595673468,0.0,-0.6014717970901993,1.705111854779019,0.0,-0.6013341837971762,1.7003528971220465,0.0,-0.5896708525634794,1.701171715489715,0.0,-0.5985225537031608,1.7072774611362014,0.0,-0.6018180167692493,1.7026637797370372,0.0,-0.6017764780921608,1.6983646285552376,0.0,-0.5932137709881184,1.699253627480534,0.0,-0.6003143515905005,1.7049961288690803,0.0,-0.6052704605420145,1.7056274499774262,0.0,-0.6088393182614817,1.7054804643129602,0.0
-0.5757656885361734,1.6768986945935924,0.0,-0.5783653292058337,1.6879234763685353,0.0,-0.5831138025915094,1.696565559694304,0.0,-0.5878377659649986,1.7029309653797655,0.0,-0.5929464595018454,1.7062355862381835,0.0,-0.5815421150390696,1.7049153689353744,0.0,-0.591537847755634,1.7118234709177016,0.0,-0.5965887715749458,1.7080963434597602,0.0,-0.5971622790225799,1.7034933945399793,0.0,-0.582837554968099,1.704218880314398,0.0,-0.5927614589632874,1.7100607439196742,0.0,-0.5966931623012559,1.705242483338301,0.0,-0.5965304859494687,1.700484316485001,0.0,-0.584866807878575,1.7013356599532707,0.0,-0.5937402908076249,1.707409706682897,0.0,-0.5970345180891996,1.7027951428367378,0.0,-0.5969692768980694,1.6984962860197872,0.0,-0.5884103904836522,1.69940472201506,0.0,-0.5955307800130087,1.7051226429692712,0.0,-0.6004855347133271,1.705764505992659,0.0,-0.6040548445620695,1.7056289426826126,0.0
-0.5825853471103799,1.6654920941451616,0.0,-0.585215543996052,1.6765096260438705,0.0,-0.5899945409311089,1.6851348676056306,0.0,-0.5947432863210678,1.6914818067668262,0.0,-0.5998643329138821,1.6947672520129895,0.0,-0.5884391918652219,1.6934926949584128,0.0,-0.5984613129787331,1.7003624572487208,0.0,-0.603511571616598,1.696634428519365,0.0,-0.6040641066974248,1.6920289150262724,0.0,-0.5897281291838414,1.6927938249859225,0.0,-0.5996731776009194,1.6985996197523898,0.0,-0.6036021582735694,1.6937791387554613,0.0,-0.6034148181937807,1.689021879135283,0.0,-0.5917511933498338,1.6899048553980278,0.0,-0.6006458125943277,1.695947908555274,0.0,-0.6039388219718885,1.691332475519009,0.0,-0.6038502409126445,1.68703403629743,0.0,-0.5952954150293557,1.6879612715028545,0.0,-0.6024350552583251,1.6936551370166562,0.0,-0.6073884588560383,1.6943073448664108,0.0,-0.6109581821801575,1.69418314504113,0.0
-0.5850309562527336,1.6520609643066557,0.0,-0.5876909784040663,1.6630713333718092,0.0,-0.592499741988129,1.6716800148327873,0.0,-0.5972726451965951,1.6780088073287684,0.0,-0.6024057057624843,1.681275450544399,0.0,-0.590960604112926,1.6800456104643426,0.0,-0.601008342115662,1.6868778506948674,0.0,-0.6060579462347582,1.6831489354696794,0.0,-0.6065897904084584,1.67854098675843,0.0,-0.5922432397311974,1.6793444173446528,0.0,-0.6022087821305482,1.6851149637291043,0.0,-0.606135079447679,1.6802922968791862,0.0,-0.6059234674544273,1.6755360551103538,0.0,-0.5942602692880188,1.6764498025358843,0.0,-0.6031754061117446,1.6824625455355535,0.0,-0.6064672150905772,1.677846256276871,0.0,-0.6063556505776841,1.6735483521707832,0.0,-0.5978051055741629,1.67449377212802,0.0,-0.6049634604197882,1.6801640916068934,0.0,-0.6099155165857708,1.6808264525432972,0.0,-0.6134856153106598,1.6807135574508187,0.0
-0.5806013386638267,1.6457112977112345,0.0,-0.583290480372687,1.6567145909303638,0.0,-0.5881282803287075,1.6653069884589657,0.0,-0.5929247391515073,1.6716179473604134,0.0,-0.5980694873617942,1.6748661521760095,0.0,-0.5866052228451446,1.6736801110406223,0.0,-0.5966778374821062,1.6804756227884228,0.0,-0.6017267974228326,1.6767458353905713,0.0,-0.6022382276384981,1.6721355763213748,0.0,-0.5878817498365138,1.672976650373669,0.0,-0.597867163546832,1.6787127425906887,0.0,-0.6017908158548875,1.6738879235543622,0.0,-0.6015553162218893,1.6691328046996823,0.0,-0.5898928934832739,1.6700764912937194,0.0,-0.5988279545335005,1.6760595863952994,0.0,-0.6021185801102752,1.6714424534985304,0.0,-0.6019843822378972,1.6671451965505795,0.0,-0.5934383205170697,1.6681082094299502,0.0,-0.6006148749597608,1.6737554772135308,0.0,-0.605565587858162,1.6744278045733225,0.0,-0.6091360244795612,1.6743261554713547,0.0
-0.5761512519179908,1.6442518448253431,0.0,-0.5788688316106092,1.6552481489958695,0.0,-0.5837349631028553,1.6638245333158594,0.0,-0.5885543963614923,1.670117965015665,0.0,-0.5937105180408238,1.6733480854312597,0.0,-0.5822278521566464,1.6722049497308165,0.0,-0.5923246328305931,1.678964503381868,0.0,-0.5973729586565603,1.675233857744568,0.0,-0.5978642474670779,1.6706214088445515,0.0,-0.5834984561194726,1.671499274668762,0.0,-0.5935031447393324,1.6772016817489357,0.0,-0.597424189511637,1.672374743375454,0.0,-0.5971651791624191,1.6676208471798823,0.0,-0.5855038573635378,1.6685936693390209,0.0,-0.5944582733457048,1.6745477584703772,0.0,-0.5977477320925624,1.6699297941974889,0.0,-0.5975912447869505,1.6656332911928529,0.0,-0.5890498518986057,1.6666133268016459,0.0,-0.5962441109256995,1.672238022716934,0.0,-0.6011934851705225,1.67292013477943,0.0,-0.6047642227517045,1.672829672999135,0.0
-0.5750935099948263,1.6435689208573145,0.0,-0.5778388692320251,1.6545583224540894,0.0,-0.5827326517445917,1.6631189589037756,0.0,-0.5875744983588252,1.6693951632391049,0.0,-0.5927416908833958,1.6726075439894728,0.0,-0.5812413508049217,1.671506443970335,0.0,-0.5913616150009819,1.6782307876662783,0.0,-0.5964093166799685,1.674499297578366,0.0,-0.5968807325921313,1.669884775220812,0.0,-0.5825062101972278,1.6707986053644774,0.0,-0.5925296021216241,1.676468072289887,0.0,-0.5964480762903897,1.6716390468854683,0.0,-0.5961659252474723,1.6668864679867803,0.0,-0.5845060076043677,1.6678876489906926,0.0,-0.5934792319700497,1.673813354640567,0.0,-0.596767540386463,1.66919457118261,0.0,-0.5965891018474231,1.6648989238468235,0.0,-0.5880525470504975,1.6658954323677626,0.0,-0.5952640346124238,1.6714980223253237,0.0,-0.6002120752042093,1.6721897423432235,0.0,-0.6037830773769535,1.6721104095655377,0.0
-0.5751480796591885,1.6435920905852301,0.0,-0.5779205821207367,1.6545746756587534,0.0,-0.5828413583953326,1.6631198242566054,0.0,-0.5877050765148908,1.6693790946252711,0.0,-0.5928830482901355,1.6725740714586896,0.0,-0.5813657286463758,1.671514160447419,0.0,-0.5915088205547011,1.6782040208404687,0.0,-0.5965559079417357,1.674471699923952,0.0,-0.5970077154256003,1.6698552164626876,0.0,-0.5826250151138657,1.6708042069832045,0.0,-0.5926665622503129,1.6764414556024223,0.0,-0.5965825021861623,1.671610374917252,0.0,-0.5962775736417861,1.666859203063688,0.0,-0.5846193425201045,1.6678879920728102,0.0,-0.5936108503292672,1.6737859180034733,0.0,-0.596898024804729,1.6691663274544286,0.0,-0.5966979675270541,1.6648716326537107,0.0,-0.5881664049257657,1.6658840838763207,0.0,-0.5953946630222192,1.6714650203550339,0.0,-0.6003413753180893,1.672166176359791,0.0,-0.6039126062735659,1.6720979145842074,0.0
-0.5736653532712424,1.6451505738337044,0.0,-0.576464383663785,1.656126427953457,0.0,-0.5814115186959912,1.664656343467524,0.0,-0.5862965848992847,1.6708989669291794,0.0,-0.5914850549531756,1.6740768667342694,0.0,-0.579951419479058,1.6730573206155812,0.0,-0.5901167088937745,1.679713403296429,0.0,-0.5951631913497015,1.6759802644913142,0.0,-0.5955956502215833,1.6713619283326164,0.0,-0.5812052981863844,1.672345298934851,0.0,-0.5912644749318037,1.677951028512059,0.0,-0.5951779157713339,1.6731179231993947,0.0,-0.5948505654714872,1.6683682435069875,0.0,-0.5831942848506178,1.6694239154295858,0.0,-0.5922035718794162,1.6752946470874412,0.0,-0.5954896279359974,1.670674260905967,0.0,-0.5952682779687064,1.6663806108809134,0.0,-0.5867418487762787,1.6674084942878529,0.0,-0.5939864367254551,1.672968216631192,0.0,-0.598931826472155,1.6736786408244417,0.0,-0.6025032509432429,1.6736213917661493,0.0
-0.5709083678228077,1.6473917395473778,0.0,-0.5737333309515006,1.6583609477283723,0.0,-0.5787062110376634,1.666875879751157,0.0,-0.5836121195527796,1.6731021371451205,0.0,-0.5888108170781241,1.6762632781908964,0.0,-0.5772615001890434,1.6752832947828593,0.0,-0.5874483813085793,1.681906284938044,0.0,-0.5924942676298568,1.6781723404085982,0.0,-0.5929076329751772,1.6735522561407636,0.0,-0.5785101301169859,1.6745692496002345,0.0,-0.5885864322472238,1.680144137605256,0.0,-0.5924974077743912,1.675309037131253,0.0,-0.592147984000857,1.6705609303058158,0.0,-0.5804939009050807,1.671642784984707,0.0,-0.5895204826607819,1.6774868901149613,0.0,-0.5928054348084872,1.672865719023102,0.0,-0.5925631116817137,1.66857320159764,0.0,-0.5840419453911696,1.6696160257652128,0.0,-0.5913024390346453,1.6751549606033769,0.0,-0.5962465123545853,1.6758744891213506,0.0,-0.5998180956138346,1.675828194093429,0.0
-0.5680983885109064,1.6484866565467067,0.0,-0.5709487087179836,1.6594493031027895,0.0,-0.5759467405424186,1.6679494961350643,0.0,-0.5808730024513598,1.6741596622438804,0.0,-0.5860816661586173,1.6773043547655762,0.0,-0.5745172745017866,1.6763631528644456,0.0,-0.5847251643214025,1.6829537166468402,0.0,-0.5897704635736492,1.6792189789088576,0.0,-0.5901649872248564,1.6745972475623554,0.0,-0.5757608086789296,1.6756471270842173,0.0,-0.5858537518650175,1.681191830749046,0.0,-0.5897622960094435,1.6763547646094445,0.0,-0.589391141260226,1.671608307030217,0.0,-0.5777394843570953,1.672715666434842,0.0,-0.5867828947196548,1.6785336963402457,0.0,-0.5900667580994905,1.6739117514925086,0.0,-0.5898037766411184,1.6696204501632828,0.0,-0.5812879891598407,1.670677740169596,0.0,-0.5885639797952957,1.6761963022432842,0.0,-0.5935067430218102,1.6769247759680914,0.0,-0.5970784508952918,1.6768893771846467,0.0
-0.565145102362111,1.6475585299155453,0.0,-0.5680202228674656,1.658514698355112,0.0,-0.5730428326352484,1.667000391893331,0.0,-0.5779889751380174,1.673194735590356,0.0,-0.5832073527275582,1.676323282218471,0.0,-0.5716284666217583,1.6754201008007907,0.0,-0.5818568036085445,1.681978886360936,0.0,-0.5869015255791947,1.6782433688927567,0.0,-0.587277456934316,1.673620088113176,0.0,-0.5728670523643639,1.6747021356232072,0.0,-0.5829761709544641,1.6802172931204737,0.0,-0.5868823186126881,1.675378291504442,0.0,-0.5864897705467145,1.6706335553247187,0.0,-0.5748407498319996,1.671765761674142,0.0,-0.5839005399462467,1.677558252161973,0.0,-0.587183331225058,1.6729355457801323,0.0,-0.5869000025584912,1.6686455398113293,0.0,-0.5783896955415543,1.6697168355625815,0.0,-0.5856807890399585,1.6752154283540062,0.0,-0.5906222486129218,1.6759526932791782,0.0,-0.5941940474702192,1.675928134566487,0.0
-0.561869804575254,1.6457691826857737,0.0,-0.5647691861113067,1.6567189558114994,0.0,-0.5698158187429592,1.6651903844268592,0.0,-0.5747813845847752,1.671369168721942,0.0,-0.5800092327364517,1.6744818640771486,0.0,-0.5684164073723741,1.6736159623224491,0.0,-0.5786646513059899,1.6801435990936195,0.0,-0.5837088048441903,1.676407314093878,0.0,-0.5840663880612584,1.6717825780156272,0.0,-0.569650186628212,1.67289609732346,0.0,-0.5797750335100813,1.6783823270404026,0.0,-0.5836788175825206,1.6735414184393673,0.0,-0.5832652060153799,1.6687984720058935,0.0,-0.5716190188655994,1.6699548906554753,0.0,-0.5806947570860159,1.6757223613940482,0.0,-0.5839764911688003,1.671098904431683,0.0,-0.5836731193230917,1.6668102692328237,0.0,-0.5751683864004526,1.6678951285203574,0.0,-0.582474203101335,1.6733741438900644,0.0,-0.5874143658259365,1.6741200490687413,0.0,-0.5909862225467672,1.674106273248742,0.0
-0.5596471427704678,1.6451253039644786,0.0,-0.5625702623153928,1.6560687639713751,0.0,-0.5676403806888031,1.6645261573868197,0.0,-0.5726249276137145,1.670689639474725,0.0,-0.5778620119550115,1.6737867698035058,0.0,-0.5662557785246938,1.6729574270919871,0.0,-0.5765234102976358,1.679454525160702,0.0,-0.5815670017811623,1.6757174814810627,0.0,-0.5819064732053189,1.6710913806712246,0.0,-0.5674848881943977,1.6722357002972505,0.0,-0.5776250346205901,1.6776936001995704,0.0,-0.5815264832654734,1.6728508092027232,0.0,-0.5810921274494587,1.668109717511523,0.0,-0.5694489642215401,1.6692897395158433,0.0,-0.5785402360188749,1.6750326934659294,0.0,-0.5818209230019338,1.6704084934494792,0.0,-0.5814978018447037,1.6661213010041354,0.0,-0.5729987343700027,1.667219302230878,0.0,-0.580318908955757,1.6726791200961972,0.0,-0.5852577822533062,1.6734335157694846,0.0,-0.5888296642338955,1.673430462230374,0.0
-0.5599483757379223,1.6462067548949284,0.0,-0.562894726937011,1.6571439830359198,0.0,-0.5679878111280363,1.6655875662283286,0.0,-0.5729909110849662,1.6717359977612922,0.0,-0.5782370050942968,1.6748178423901758,0.0,-0.566617872202883,1.6740243565388644,0.0,-0.576904391260866,1.6804915097927295,0.0,-0.5819474277448151,1.676753717190432,0.0,-0.5822690213516601,1.6721263391960772,0.0,-0.5678424441896902,1.673300804535562,0.0,-0.5779974774242547,1.6787309556286032,0.0,-0.5818966197046279,1.6738863074839787,0.0,-0.5814418343144205,1.6691471318543858,0.0,-0.5698018696264057,1.6703501661589644,0.0,-0.5789082753491384,1.6760690924374544,0.0,-0.5821879267508834,1.6714441578913248,0.0,-0.5818453465951918,1.6671584764772915,0.0,-0.5733520239620812,1.668269211057365,0.0,-0.580686203750445,1.673710201217284,0.0,-0.5856237950990891,1.6744729422971487,0.0,-0.5891956702789493,1.6744805519528378,0.0
-0.5612173054910062,1.6487533757767838,0.0,-0.5641863995356851,1.6596844519063476,0.0,-0.5693019460679101,1.6681144452266674,0.0,-0.574323184367615,1.6742480726552085,0.0,-0.5795780680257269,1.6773149059423338,0.0,-0.5679465231457381,1.6765565909518687,0.0,-0.5782514443864208,1.682994381237561,0.0,-0.583293938042827,1.679255856362515,0.0,-0.5835978930562523,1.6746272862917029,0.0,-0.5691666843283206,1.6758312490084681,0.0,-0.5793362047997225,1.6812342198829135,0.0,-0.5832330786682425,1.676387746915832,0.0,-0.582758182073893,1.6716505442999468,0.0,-0.5711215621085792,1.672876007269389,0.0,-0.5802427142437897,1.678571384929577,0.0,-0.5835213518187403,1.6739457316216568,0.0,-0.583159608559696,1.6696616251617051,0.0,-0.5746720842623595,1.6707846872640824,0.0,-0.5820199271203865,1.6762072118073297,0.0,-0.5869562432456836,1.6769781627735083,0.0,-0.5905280800497098,1.6769963850885157,0.0
-0.5592934971130116,1.6539379573909032,0.0,-0.5622848601851957,1.6648629604465934,0.0,-0.5674223813941959,1.6732795796925302,0.0,-0.5724613564696666,1.679398644137636,0.0,-0.5777248171836773,1.6824507335831436,0.0,-0.5660813273054326,1.681726921128252,0.0,-0.5764041830393102,1.6881359144218027,0.0,-0.5814461457453524,1.684396673511255,0.0,-0.581732697426326,1.6797669934267638,0.0,-0.5672972000449727,1.680999823217694,0.0,-0.577480823176143,1.6863761659160956,0.0,-0.5813754657823118,1.6815278997169247,0.0,-0.5808807700963614,1.6767927237352345,0.0,-0.5692476298505666,1.6780400504684327,0.0,-0.5783831548801022,1.6837123450130198,0.0,-0.5816607998933151,1.6790859883427758,0.0,-0.5812801839030751,1.674803517348871,0.0,-0.5727985039071288,1.6759385153185395,0.0,-0.5801596795662902,1.6813429264801136,0.0,-0.585094727361481,1.6821219550677158,0.0,-0.5886664946640117,1.6821507395068112,0.0
-0.5533052609057992,1.6615604680502216,0.0,-0.5563184295662968,1.6724794771362084,0.0,-0.5614774530823983,1.6808829335717657,0.0,-0.5665337766369177,1.686987670388909,0.0,-0.5718056115178906,1.6900252723475386,0.0,-0.5601506232544886,1.689335315639938,0.0,-0.5704909681624911,1.6957160532714954,0.0,-0.5755323999473325,1.6919760965772241,0.0,-0.5758017599866799,1.6873453844592226,0.0,-0.5613623262173051,1.6886064943982166,0.0,-0.571559687013576,1.6939567349235618,0.0,-0.5754521139340874,1.6891066896829188,0.0,-0.5749379039755336,1.6843735930731085,0.0,-0.5633084031265365,1.6856422618992368,0.0,-0.5724579461154375,1.6912919172922742,0.0,-0.5757345963761789,1.6866648560281743,0.0,-0.5753353691228547,1.6823840799366383,0.0,-0.5668596102817427,1.6835306608266014,0.0,-0.5742338037013364,1.6889172960006966,0.0,-0.5791675922915289,1.689704260058583,0.0,-0.582739259614929,1.6897435377662113,0.0
-0.549847650238073,1.6664561072892707,0.0,-0.5528821737233435,1.6773692008934606,0.0,-0.5580622418331611,1.685759701360158,0.0,-0.5631355378901814,1.6918503406215488,0.0,-0.5684155516118357,1.6948737036117394,0.0,-0.5567494927234347,1.694216973893613,0.0,-0.5671068990072838,1.7005699795295708,0.0,-0.572147796081776,1.6968293021576755,0.0,-0.5724001663764435,1.6921976330433093,0.0,-0.5579571406130652,1.69348646075548,0.0,-0.5681678891959125,1.698811106684201,0.0,-0.5720581088338956,1.6939592908039294,0.0,-0.5715246571450106,1.689228324233037,0.0,-0.5598989562611905,1.6905178382433066,0.0,-0.5690621765235375,1.696145283257657,0.0,-0.5723378222936437,1.6915175108278873,0.0,-0.5719202329911338,1.6872384869298362,0.0,-0.5634504771668671,1.688396318254111,0.0,-0.5708373852883579,1.6937655039924735,0.0,-0.5757699246217942,1.6945602605622632,0.0,-0.5793414621711013,1.6946099570535842,0.0
-0.5534594908733569,1.6642834710230228,0.0,-0.556514940286255,1.6751907242832018,0.0,-0.5617156090820589,1.683568471461313,0.0,-0.566805511903758,1.6896452394147758,0.0,-0.5720935102019258,1.692654615208838,0.0,-0.560416792636543,1.692030490619599,0.0,-0.570790835543139,1.6983562932810272,0.0,-0.5758312183933803,1.6946149230455083,0.0,-0.5760668387710572,1.689982371633141,0.0,-0.5616204948437102,1.6912983161428117,0.0,-0.5718442831240091,1.696597881604997,0.0,-0.5757323472806521,1.6917443382311685,0.0,-0.5751799653703744,1.6870155445557717,0.0,-0.5635581411183961,1.6883253701265282,0.0,-0.572734699092845,1.6939310392843898,0.0,-0.5760093789725457,1.6893025833260347,0.0,-0.5755737213704597,1.6850253612369437,0.0,-0.5671099639219799,1.6861940699008546,0.0,-0.5745092858511522,1.691546135116904,0.0,-0.5794405815737573,1.6923485718915707,0.0,-0.5830119595472834,1.6924086516516583,0.0
-0.5599199969667399,1.6562494955147908,0.0,-0.5629959617516999,1.6671509809841274,0.0,-0.5682168005692534,1.6755161734950696,0.0,-0.5733229546404821,1.6815792923373363,0.0,-0.5786187459685086,1.6845749329835604,0.0,-0.5669317661278193,1.6839828010795548,0.0,-0.5773220275795918,1.6902819289956268,0.0,-0.5823619327584806,1.6865399153259506,0.0,-0.5825810669358374,1.681906554800056,0.0,-0.5681316273737286,1.6832489949306935,0.0,-0.578368112439259,1.688523993925152,0.0,-0.5822541016454584,1.6836687890832212,0.0,-0.5816831246761804,1.678942204618745,0.0,-0.570065195460801,1.6802717892602028,0.0,-0.5792547560656596,1.6858561172283164,0.0,-0.5825285407648764,1.6812270280505055,0.0,-0.5820751360616956,1.6769516508132554,0.0,-0.5736173133464044,1.678130841031733,0.0,-0.5810287527626576,1.6834661135521942,0.0,-0.585958807592124,1.6842761392675727,0.0,-0.5895299959811564,1.6843465927799082,0.0
-0.564030475001725,1.64852413450376,0.0,-0.5671265401579157,1.6594199284328452,0.0,-0.5723671316617153,1.6677727605510135,0.0,-0.577489194873134,1.6738224454975876,0.0,-0.5827926042605629,1.6768045785497239,0.0,-0.5710957388503689,1.6762438601709788,0.0,-0.5815018380419597,1.6825167897221536,0.0,-0.5865412536861344,1.6787741168161303,0.0,-0.5867440801731354,1.674140013778133,0.0,-0.5722918628362599,1.6755084505725009,0.0,-0.5825407351665223,1.6807593416251077,0.0,-0.586424642521002,1.6759024712511297,0.0,-0.5858353126921911,1.6711781400019319,0.0,-0.5742214351605323,1.6725270505831942,0.0,-0.5834236957780927,1.6780904256822073,0.0,-0.5866965597150458,1.673460685460214,0.0,-0.5862256272491118,1.6691872033954112,0.0,-0.5777738279554213,1.6703765944848823,0.0,-0.5851971139476966,1.6756953718035217,0.0,-0.59012593952345,1.6765128439589598,0.0,-0.5936969101283375,1.6765935851900038,0.0
-0.5636138679463324,1.644666231188468,0.0,-0.5667296126687362,1.6555564139060024,0.0,-0.5719895525797722,1.6638970755006415,0.0,-0.5771271960705437,1.669933534632973,0.0,-0.582438065422382,1.6729023619096965,0.0,-0.5707316718139164,1.6723725122889592,0.0,-0.5811532657377956,1.6786196656907089,0.0,-0.5861921279904121,1.674876247771829,0.0,-0.586378734493026,1.67024146325,0.0,-0.5719241614990704,1.6716355260201397,0.0,-0.5821851454219293,1.6768627097574111,0.0,-0.5860668699257274,1.6720040946209325,0.0,-0.5854593312337515,1.6672820704641724,0.0,-0.5738498114223557,1.6686499988330734,0.0,-0.5830645024868067,1.6741927609200251,0.0,-0.5863363164254224,1.6695622786099378,0.0,-0.5858479679839879,1.6652907516996385,0.0,-0.5774024447770381,1.6664901837777715,0.0,-0.5848373323458593,1.6717927316490657,0.0,-0.5897649501167365,1.6726174530476332,0.0,-0.5933356775722395,1.6727083136324676,0.0
-0.556738537449522,1.6385378356137543,0.0,-0.5598735831551698,1.6494224776942257,0.0,-0.5651524784931934,1.657751155123097,0.0,-0.5703053785160642,1.6637745960706678,0.0,-0.5756235359767438,1.6667303480722286,0.0,-0.563907963690869,1.666230803524159,0.0,-0.5743446793658211,1.6724526610811465,0.0,-0.579383012933781,1.66870853162636,0.0,-0.5795536336751366,1.6640731310920778,0.0,-0.5650969138514733,1.6654922672822872,0.0,-0.5753697051312373,1.6706962081169596,0.0,-0.5792493051390822,1.66583589640402,0.0,-0.5786238564627759,1.6611162111017377,0.0,-0.5670187234652292,1.662502672870811,0.0,-0.5762455466052203,1.668025215555947,0.0,-0.5795163577862568,1.6633940248784906,0.0,-0.5790108779921328,1.6591244913532217,0.0,-0.5705715886844349,1.6603336253716112,0.0,-0.578017812479666,1.6656202422746706,0.0,-0.5829442275639074,1.6664521176853406,0.0,-0.5865146839363707,1.6665530706431795,0.0
-0.5402118945879834,1.6206547157000555,0.0,-0.5433659226748342,1.631533872451561,0.0,-0.5486633903849159,1.6398507492430396,0.0,-0.5538312247977342,1.645861382069645,0.0,-0.5591564732155891,1.648804339418885,0.0,-0.5474320690604397,1.6483344957733168,0.0,-0.5578834781531701,1.654531639753863,0.0,-0.5629214513409774,1.650787025397862,0.0,-0.563076558932006,1.646151079843198,0.0,-0.5486175636094537,1.6475944367630473,0.0,-0.5589018061928958,1.6527757102911753,0.0,-0.5627795991896349,1.64791395673487,0.0,-0.5621367906276185,1.6431966044529356,0.0,-0.5505356306299474,1.6446008244321775,0.0,-0.5597742354238815,1.6501036350256217,0.0,-0.5630443778098779,1.6454719720793074,0.0,-0.5625223304496882,1.641204432636094,0.0,-0.5540887597535336,1.6424226363819574,0.0,-0.5615460164326416,1.647693678964813,0.0,-0.5664712068134716,1.648532774903129,0.0,-0.5700413572561266,1.6486440224836434,0.0
-0.5144264237422748,1.5896333766134838,0.0,-0.5175990751989701,1.600507116886766,0.0,-0.5229147442753752,1.6088123722094005,0.0,-0.5280972078992417,1.6148103960741307,0.0,-0.5334293867722528,1.6177407778133461,0.0,-0.5216964732134381,1.6173000989528514,0.0,-0.5321622287819883,1.623472983685178,0.0,-0.5371998629283182,1.6197279132287028,0.0,-0.5373396792742067,1.6150914813096484,0.0,-0.5228786009623889,1.6165585422191044,0.0,-0.533174012925133,1.621717586065182,0.0,-0.5370500511598882,1.6168544334076436,0.0,-0.5363901641066275,1.612139439825865,0.0,-0.5247930024432066,1.6135609693739799,0.0,-0.5340431115473803,1.619044419430897,0.0,-0.5373126262279768,1.614412313362777,0.0,-0.5367742784185141,1.610146799562341,0.0,-0.5283463863131781,1.6113737629868001,0.0,-0.5358144281687928,1.6166295139256448,0.0,-0.5407383992326815,1.6174757356714693,0.0,-0.5443082151056653,1.6175972463308896,0.0
-0.4840236886548888,1.5537303248182828,0.0,-0.4872144903674507,1.5645987529119667,0.0,-0.4925480043188889,1.5728925597962515,0.0,-0.49774482061543696,1.57887815248825,0.0,-0.5030838511776108,1.581796032082662,0.0,-0.49134270963973214,1.5813841324429165,0.0,-0.501822645256415,1.5875329124039665,0.0,-0.5068595962747073,1.5837869232214465,0.0,-0.5069837275697697,1.579150044856405,0.0,-0.4925215758129923,1.580641098803779,0.0,-0.5028280404177848,1.5857780267026813,0.0,-0.5067017153132799,1.5809129913511328,0.0,-0.5060243785178066,1.576200472888063,0.0,-0.4944323411957048,1.5776396452092794,0.0,-0.5036938413462713,1.5831038338889354,0.0,-0.5069620393393283,1.5784707987335402,0.0,-0.5064069372040736,1.5742074329311373,0.0,-0.4979858690893294,1.5754436220149906,0.0,-0.5054645726930483,1.5806841906383462,0.0,-0.5103873996244092,1.5815370430786828,0.0,-0.5139568739938345,1.5816682030320817,0.0
-0.4503888587919154,1.5254849070633483,0.0,-0.4535974174667025,1.5363481062250555,0.0,-0.4589484291687878,1.5446306346716197,0.0,-0.4641593198635822,1.5506039785978873,0.0,-0.4695050851536099,1.5535095012935907,0.0,-0.45775599992753396,1.5531259341029628,0.0,-0.4682498650179575,1.5592509109195083,0.0,-0.47328598899110425,1.5555038099276308,0.0,-0.4733943757220492,1.5508665368208192,0.0,-0.4589316959288526,1.5523814454335936,0.0,-0.4692490179832961,1.5574965316022968,0.0,-0.47312008172120945,1.5526294183197833,0.0,-0.47242527868556683,1.547919443357967,0.0,-0.4608388775638466,1.5493761765344551,0.0,-0.4701115772915691,1.5548213379393465,0.0,-0.47337816873686395,1.550187169923135,0.0,-0.47280625265446063,1.5459260270787385,0.0,-0.4643924958744034,1.5471714906139769,0.0,-0.47188168042731193,1.5523970701819152,0.0,-0.47680340101663105,1.553256284195879,0.0,-0.4803725193566085,1.5533967992576927,0.0
-0.39898781565342956,1.5070549431249365,0.0,-0.40221404304525593,1.5179129080177098,0.0,-0.4075822064107189,1.526184330252471,0.0,-0.4128068551170133,1.5321456443182109,0.0,-0.41815906158317967,1.5350392846923484,0.0,-0.4064023730251674,1.5346832887738897,0.0,-0.41690952842434215,1.54078543847353,0.0,-0.42194555198628225,1.5370382025322238,0.0,-0.4220395866949801,1.5324006161961903,0.0,-0.4075749414926131,1.5339373744225764,0.0,-0.41790256767571726,1.5390316239561612,0.0,-0.42177234721002543,1.5341634895574763,0.0,-0.42106159101597695,1.529455895582642,0.0,-0.4094786973679563,1.5309282975211367,0.0,-0.4187620475517841,1.5363552812441865,0.0,-0.422028483412852,1.5317210035616906,0.0,-0.42144138590900126,1.527461925860282,0.0,-0.4130325945015928,1.5287149049148985,0.0,-0.4205318109331586,1.533926077527748,0.0,-0.4254522952475515,1.5347923433027462,0.0,-0.4290209868100532,1.5349433093223976,0.0
-0.3603450346849019,1.482526277890315,0.0,-0.36358879744117395,1.4933790170826797,0.0,-0.368973775034466,1.501639502542006,0.0,-0.37421188007375,1.5075889962256737,0.0,-0.3795702711379636,1.5104711679544691,0.0,-0.36780629827850103,1.5101420467534783,0.0,-0.37832618709482235,1.516222218201017,0.0,-0.3833626880424406,1.5124756239180885,0.0,-0.3834435086713752,1.5078377884772236,0.0,-0.368975787802005,1.5093947341779756,0.0,-0.37931324011190376,1.5144690144844757,0.0,-0.3831827951218272,1.5096007016152178,0.0,-0.38245732313359304,1.5048953529784468,0.0,-0.3708762553170421,1.506381865103208,0.0,-0.3801697808013633,1.511791405475374,0.0,-0.3834372167929932,1.5071578328889617,0.0,-0.3828362650973017,1.5029006879060995,0.0,-0.3744305769340761,1.5041597532741537,0.0,-0.3819394318081061,1.5093570280955517,0.0,-0.38685857654425587,1.5102308686679267,0.0,-0.3904267717801912,1.5103931430208226,0.0
-0.3543397909055694,1.4859197071825267,0.0,-0.3576002989916968,1.496767427303214,0.0,-0.3630017819697614,1.5050171294397567,0.0,-0.3682531519946677,1.5109549179469444,0.0,-0.37361787939673224,1.5138252783028665,0.0,-0.3618467780982541,1.513523081751693,0.0,-0.3723797421304655,1.5195805741565886,0.0,-0.3774153335847925,1.5158327575627115,0.0,-0.37748079975036897,1.5111946799726135,0.0,-0.36301333826226173,1.512774379381262,0.0,-0.3733609640525163,1.5178278812753176,0.0,-0.37722779593837574,1.512957405186237,0.0,-0.37648539738211545,1.5082546974786564,0.0,-0.36491041131311397,1.5097578621756123,0.0,-0.37421446110075673,1.5151492813315384,0.0,-0.3774801202283319,1.5105144562716861,0.0,-0.3768628314616636,1.506259649469467,0.0,-0.3684647610803647,1.5075274598467345,0.0,-0.3759834831013572,1.512710449935421,0.0,-0.38090156733432606,1.5135902395458063,0.0,-0.3844693404270594,1.5137615444381143,0.0
-0.37768134195574565,1.5196561998213542,0.0,-0.38095770968887227,1.5304991403484343,0.0,-0.3863754063797533,1.5387382037824426,0.0,-0.3916398768421011,1.5446643804795757,0.0,-0.39701116015168036,1.5475224540054926,0.0,-0.3852330479579254,1.5472473737864734,0.0,-0.3957795770998779,1.5532812173871293,0.0,-0.4008125389581603,1.5495298702358642,0.0,-0.4008599655046908,1.5448915731050965,0.0,-0.38639684181197953,1.5464972859563506,0.0,-0.39675512279176023,1.551528911541813,0.0,-0.4006161251896207,1.5466538129118852,0.0,-0.3998540305441743,1.5419542568529945,0.0,-0.3882903724225498,1.5434772854773269,0.0,-0.3976054313279113,1.5488496611674167,0.0,-0.40086586560795323,1.5442111591270509,0.0,-0.4002291453960812,1.53995921678061,0.0,-0.3918442671049121,1.541239093715722,0.0,-0.3993731903858299,1.5464072540575104,0.0,-0.40429056203184194,1.5472910178133386,0.0,-0.4078580310899751,1.547468541689543,0.0
-0.3918943789985189,1.5311414786402273,0.0,-0.39518715173586216,1.5419794485837488,0.0,-0.40062073861652014,1.5502080412528714,0.0,-0.40589793567904253,1.5561228878829945,0.0,-0.41127514189701037,1.5589698023461913,0.0,-0.3994904537158155,1.5587204705218403,0.0,-0.41004916358421956,1.564732973449415,0.0,-0.4150819878598071,1.560981441718603,0.0,-0.4151156798931764,1.556343024488826,0.0,-0.4006514209434779,1.5579690401959212,0.0,-0.41101911570373484,1.5629812399372032,0.0,-0.4148788149022144,1.5581051094769853,0.0,-0.41410157974674977,1.553408033693864,0.0,-0.40254177438755767,1.5549454409302377,0.0,-0.4118666029032206,1.560300841579984,0.0,-0.41512680080221764,1.5556621733947906,0.0,-0.41447564441366647,1.551412417907317,0.0,-0.406095887080893,1.552699004607339,0.0,-0.4136340444361069,1.5578536870200987,0.0,-0.4185502256903369,1.5587440488323283,0.0,-0.42211717558496004,1.5589317151761595,0.0
-0.37978558696759424,1.5507116981118567,0.0,-0.38309602297268514,1.5615442859029927,0.0,-0.38854515305233633,1.5697625938236681,0.0,-0.3938345953685271,1.5756664924913506,0.0,-0.39921667032800096,1.5785041918767535,0.0,-0.38742600418524653,1.57827843838083,0.0,-0.397994587627749,1.5842735688679912,0.0,-0.40303190868843497,1.5805280773050852,0.0,-0.4030597095081953,1.5758896210247022,0.0,-0.3885839734422145,1.5775257287319169,0.0,-0.3989589941313459,1.5825227465013931,0.0,-0.4028258132551803,1.5776522602801462,0.0,-0.40204166633163674,1.572956333427908,0.0,-0.39047177336582006,1.5744982714156586,0.0,-0.39980428034551974,1.5798402800678117,0.0,-0.40307353749434777,1.5752079922348088,0.0,-0.40241699105616996,1.5709590661210502,0.0,-0.3940273549538919,1.5722426479808453,0.0,-0.40157313195286753,1.5773861697869729,0.0,-0.4064872117369547,1.578288057893528,0.0,-0.410053199379176,1.5784931977065455,0.0
-0.3590905622150644,1.5691314901496787,0.0,-0.3624170459025492,1.579959160770517,0.0,-0.3678814594550779,1.5881673145355812,0.0,-0.37318310390848053,1.5940602582468582,0.0,-0.3785707169815281,1.596887428925547,0.0,-0.3667739979585231,1.5966862712138237,0.0,-0.3773539347132299,1.6026613430799714,0.0,-0.3823918417153648,1.598916639679958,0.0,-0.38240743170574104,1.5942781262863366,0.0,-0.3679292428057206,1.59593226566209,0.0,-0.3783129800595532,1.6009111452079048,0.0,-0.3821798404088145,1.5960406917169947,0.0,-0.38138220328867733,1.5913470374451237,0.0,-0.369814071506365,1.5929012608207254,0.0,-0.3791556504131849,1.5982273894798438,0.0,-0.3824261277320856,1.593595963027928,0.0,-0.3817568904373346,1.5893490173267237,0.0,-0.37337003939365454,1.5906374495363824,0.0,-0.3809244573848919,1.595768271683178,0.0,-0.38583721661266124,1.596677325615069,0.0,-0.38940254490141246,1.5968936226349053,0.0
-0.3290232586250417,1.55263773766922,0.0,-0.3323616713592762,1.5634617362470271,0.0,-0.3378412128037916,1.5716597987780057,0.0,-0.3431554147702585,1.577541420744281,0.0,-0.3485507357985104,1.5803538537965358,0.0,-0.33674727866670084,1.5801811698938515,0.0,-0.3473433377347979,1.5861276039315442,0.0,-0.3523703314170082,1.5823682628941746,0.0,-0.35235490075269443,1.5777297489677966,0.0,-0.33790045819981396,1.5794257792243611,0.0,-0.34829731836714145,1.5843771971575804,0.0,-0.3521433479855085,1.5794902776429527,0.0,-0.35131267810117317,1.574802356681318,0.0,-0.3397809795171657,1.5763920444467692,0.0,-0.34913605642191453,1.581694428728586,0.0,-0.3523846710102237,1.5770476410069898,0.0,-0.3516811601662249,1.572806238074228,0.0,-0.3433342079680453,1.5741227670277853,0.0,-0.35090059496560655,1.579235922109681,0.0,-0.35581434299964587,1.580139615940076,0.0,-0.3593801054029336,1.5803486343379742,0.0
-0.2979043324942425,1.49569341107966,0.0,-0.3012560371342025,1.50651330113469,0.0,-0.30675041393637476,1.5147014283479023,0.0,-0.31207672804916814,1.5205720839728247,0.0,-0.3174786894071591,1.5233717414801073,0.0,-0.30566906505714697,1.5232253938005502,0.0,-0.3162789068672612,1.5291472011516536,0.0,-0.3212997414598504,1.525379638211225,0.0,-0.32126136574285424,1.5207412573671213,0.0,-0.306819988071817,1.522468678179586,0.0,-0.31722784703007895,1.5273969347469016,0.0,-0.3210616887691345,1.5225004478749002,0.0,-0.3202064823732785,1.5178169409175273,0.0,-0.30869683295531164,1.519431936372369,0.0,-0.3180632831936358,1.5247142041522928,0.0,-0.32129957898334266,1.5200588285031666,0.0,-0.32057116414025627,1.5158216315332307,0.0,-0.31224861596407993,1.5171561995605023,0.0,-0.3198253409306322,1.5222540232009987,0.0,-0.3247391389862318,1.523157445001657,0.0,-0.32830488903816424,1.5233666740018075,0.0
-0.27629553352690245,1.4328431456194985,0.0,-0.2796692362182688,1.4436561967590584,0.0,-0.28517790137479443,1.4518347181350333,0.0,-0.29051476751708194,1.457695782822774,0.0,-0.2959179711411961,1.460493042064902,0.0,-0.28410449005609983,1.4603626176755162,0.0,-0.29471628588955634,1.466280922730873,0.0,-0.29975790237559424,1.4625412150251902,0.0,-0.29974094228628495,1.4579027064388044,0.0,-0.2852518316416333,1.4596048452428478,0.0,-0.29565986297153446,1.4645327377664488,0.0,-0.29953047476027495,1.4596652650599335,0.0,-0.2986967913734824,1.454977879070935,0.0,-0.28712829455452166,1.4565633255891626,0.0,-0.29649523251782917,1.4618447284480034,0.0,-0.2997733047664162,1.4572186744917688,0.0,-0.2990706809591643,1.4529771245237564,0.0,-0.29068587375153815,1.454275081272996,0.0,-0.29826463812895543,1.4593698724954085,0.0,-0.30317307795852033,1.4603019672978081,0.0,-0.30673602323295707,1.460554496857917,0.0
-0.2616569550439035,1.372228752735898,0.0,-0.2650518300541491,1.3830351752920116,0.0,-0.2705744778064577,1.3912042612572784,0.0,-0.27592172043663576,1.397055860675265,0.0,-0.2813263554675023,1.3998503532686426,0.0,-0.2695091378518205,1.3997359221553036,0.0,-0.2801233177252247,1.4056499504909012,0.0,-0.285184164706748,1.4019363082967962,0.0,-0.2851866720273305,1.397297769382014,0.0,-0.2706530470725863,1.3989771016730153,0.0,-0.2810616796673835,1.4039037240854688,0.0,-0.28496641322786864,1.3990635813200714,0.0,-0.28415226062845,1.3943727635934768,0.0,-0.2725290073636286,1.3959309494195795,0.0,-0.2818968575813493,1.4012107340045954,0.0,-0.28521378387844454,1.3966124590223234,0.0,-0.284534864304429,1.3923670503779546,0.0,-0.2760919499129332,1.393630637717542,0.0,-0.2836730390223945,1.3987219690761148,0.0,-0.2885763287594172,1.3996807871172088,0.0,-0.29213620513959904,1.3999734137824038,0.0
-0.2503715151555271,1.3113884899562467,0.0,-0.2537674482581366,1.322194580052071,0.0,-0.2593044371233809,1.3303539524550292,0.0,-0.2646647847025552,1.3361935494723767,0.0,-0.2700823857711402,1.338962821458473,0.0,-0.2582569047183839,1.3388861585075769,0.0,-0.268898758343924,1.3447502438541428,0.0,-0.2739192968445985,1.3409822863597596,0.0,-0.2738428931643144,1.3363443760514155,0.0,-0.2594005036664725,1.3381257525146972,0.0,-0.2698329699887663,1.3430017024039569,0.0,-0.27366329945922285,1.338102467533535,0.0,-0.27276669936921494,1.3334267083782883,0.0,-0.2612688516416681,1.335079072616506,0.0,-0.27066099718028486,1.3403155165575087,0.0,-0.2738967676073193,1.3356597757339146,0.0,-0.27312887952743237,1.3314295541980572,0.0,-0.2648211415512542,1.3327804990872363,0.0,-0.2724223044739862,1.3378418120898536,0.0,-0.2773327103514437,1.3387634933795358,0.0,-0.2808966090883835,1.3390021898399183,0.0
-0.24058557628330246,1.248814601735194,0.0,-0.24397694576776952,1.2596221249397166,0.0,-0.24952833794709306,1.2677717045960755,0.0,-0.25490248495026413,1.2735986045851675,0.0,-0.2603360762350274,1.2763363690785918,0.0,-0.24850122174989558,1.2763035759096522,0.0,-0.2591773445807905,1.28210503666009,0.0,-0.2641400568006665,1.2782612367252697,0.0,-0.2639596939030288,1.2736262050343574,0.0,-0.24964538560767469,1.2755414365207858,0.0,-0.2601077213196038,1.280352961470244,0.0,-0.2638325018154548,1.2753730080140826,0.0,-0.26282848957928223,1.270719130616805,0.0,-0.2515041762220993,1.2724953919384632,0.0,-0.26092677275431075,1.2776768413068333,0.0,-0.2640471223668597,1.2729429685615627,0.0,-0.2631639293845207,1.2687353092952234,0.0,-0.25504138594792697,1.2702024329617716,0.0,-0.2626673780431519,1.2752262573667392,0.0,-0.26758800695613466,1.276091701404119,0.0,-0.2711566270826753,1.276244346744073,0.0
-0.2329465699683387,1.1861343991243924,0.0,-0.2363749232684541,1.1969302473284962,0.0,-0.2419392254992739,1.205071017831839,0.0,-0.24732089510252991,1.2108909707333633,0.0,-0.25274626247168835,1.2136449964378517,0.0,-0.2409119531265611,1.21360900222361,0.0,-0.25156934911128276,1.2194447932037653,0.0,-0.2566014890535124,1.2156923435881075,0.0,-0.256519403340995,1.2110545303656497,0.0,-0.24205030642844844,1.2128463033080175,0.0,-0.252493961203774,1.2176982426957452,0.0,-0.2563434610556471,1.2128140562682799,0.0,-0.25543966785526384,1.2081396821657702,0.0,-0.24391458520254786,1.2097923426338546,0.0,-0.2533186084158457,1.2150074256024737,0.0,-0.25657776085661393,1.2103680228132359,0.0,-0.25580586722092,1.2061385303424024,0.0,-0.24747029680493662,1.2074761684140347,0.0,-0.2550836461880044,1.2125191316559907,0.0,-0.25998939768490814,1.2134652735754434,0.0,-0.26355051242462596,1.2137424233867804,0.0
-0.22736164864118047,1.1278077280821186,0.0,-0.23085275600904526,1.1385834468118603,0.0,-0.23642863917529927,1.1467162895264518,0.0,-0.24181362662310354,1.1525331726851171,0.0,-0.24721515353567944,1.1553336682991167,0.0,-0.23538839217329754,1.1552644673748032,0.0,-0.24599284266944435,1.1611959237907266,0.0,-0.2511702946205665,1.157646656005668,0.0,-0.25132766077872337,1.153010786568025,0.0,-0.2365169839507078,1.1545019910991121,0.0,-0.2469105596439714,1.1594602998023662,0.0,-0.2510271481867911,1.1547990097516472,0.0,-0.25037216921623096,1.1500833318632202,0.0,-0.23839633351763168,1.1514346487226121,0.0,-0.2477502410676477,1.1567390955845929,0.0,-0.2513061194524479,1.1523230043507684,0.0,-0.25081501519880756,1.1480517934033063,0.0,-0.2419915377377579,1.1490768630588466,0.0,-0.24956834988955712,1.1541745571164306,0.0,-0.2544408019692166,1.1552794521397434,0.0,-0.25797716215822636,1.1557819527078494,0.0
-0.2204042419456309,1.0741458115077565,0.0,-0.22387340146649054,1.0849286161992684,0.0,-0.22946309841694582,1.0930519709069042,0.0,-0.23486335571889905,1.0988546806676347,0.0,-0.24029011714362197,1.1016059583908844,0.0,-0.2284503188777258,1.1015968914559047,0.0,-0.23910938235285115,1.1074296362105187,0.0,-0.24418331630530005,1.1037338947744304,0.0,-0.2441469722392769,1.0990954975663996,0.0,-0.229582211661939,1.1008323008710437,0.0,-0.2400245060613706,1.105687167353653,0.0,-0.24394866072740998,1.1008627568896887,0.0,-0.24309080396563595,1.0961797346630116,0.0,-0.23144633736293985,1.0977692697234749,0.0,-0.24084954845852988,1.1029858168628763,0.0,-0.2441933635581305,1.0984070579204734,0.0,-0.2434760886572285,1.0941679609574164,0.0,-0.23501343858809753,1.0954291648877614,0.0,-0.24262911539051213,1.100468612667979,0.0,-0.2475238045867397,1.1014704110276567,0.0,-0.2510773584031663,1.1018318048310345,0.0
-0.2100090257274195,1.01598485071119,0.0,-0.21336611576147102,1.0268030710500322,0.0,-0.21897284861098854,1.034914676961203,0.0,-0.22440160228837555,1.0406907355658945,0.0,-0.22990361717906277,1.0432882537687118,0.0,-0.21803115278463964,1.043442939169687,0.0,-0.2288538206574327,1.0489661995885375,0.0,-0.23353172718673143,1.0447804498325945,0.0,-0.23290932915928708,1.0401838565020902,0.0,-0.2191800947748278,1.0426737123425518,0.0,-0.22977045435403995,1.0471964907885243,0.0,-0.23299121030463707,1.0418766545810363,0.0,-0.23154295557204796,1.0373413294957963,0.0,-0.22099670777876415,1.0396336665888046,0.0,-0.2305508021211895,1.0445684436113112,0.0,-0.23312318636297272,1.0395158232826525,0.0,-0.23177881332095826,1.0354320642949588,0.0,-0.22446306954247786,1.037373875350682,0.0,-0.23219671490429847,1.0422303449023183,0.0,-0.2371598390785333,1.0428039133047298,0.0,-0.2407121035080048,1.0424300582118502,0.0
-0.20296649874241235,0.9482398598629195,0.0,-0.20638317273373114,0.9590394100217692,0.0,-0.21200184118519416,0.9671427530687179,0.0,-0.21743465478850346,0.9729149931751473,0.0,-0.22291623879101516,0.9755553540396351,0.0,-0.2110490958460839,0.9756802091386947,0.0,-0.2218265272245658,0.9812912267310163,0.0,-0.22665174609814454,0.9772761833516379,0.0,-0.2262118329859747,0.9726585512740091,0.0,-0.2121888633926467,0.9749110396813754,0.0,-0.22273653907445573,0.9795324873549665,0.0,-0.22621138771905216,0.9743750312897194,0.0,-0.2249427932657101,0.9697862097076325,0.0,-0.21401907334203138,0.9718584170583668,0.0,-0.22352977373871755,0.9768763171102108,0.0,-0.22638055320111822,0.9719753795132091,0.0,-0.22522299194651077,0.9678347903899689,0.0,-0.2175222822156992,0.9695597783692184,0.0,-0.22522356544679403,0.9744674054621048,0.0,-0.23016375245287565,0.9752131498057391,0.0,-0.2337352803717472,0.9751627659583169,0.0
-0.2116333698980762,0.8932691257219124,0.0,-0.21553380354629614,0.9039035303668513,0.0,-0.22114922541968798,0.9120091235522901,0.0,-0.22652333912806022,0.9178360542489828,0.0,-0.23172168684965402,0.9209977704975907,0.0,-0.21998850454687746,0.9206277234439673,0.0,-0.23014114785792333,0.9273030795646475,0.0,-0.2361226984039441,0.9253993034271694,0.0,-0.23847353047322925,0.921400598870363,0.0,-0.22105326595011532,0.9198711820525625,0.0,-0.23102354918598766,0.9256335334029098,0.0,-0.23668997606831685,0.9230712038856494,0.0,-0.2385560855786974,0.9186912209296847,0.0,-0.22305295685737286,0.9167124335719965,0.0,-0.23199049205737576,0.922691832163371,0.0,-0.23720893723993483,0.9204750861811762,0.0,-0.23974624150797647,0.9170042774285883,0.0,-0.2269300934430462,0.9140638367423903,0.0,-0.23420836900083247,0.9195793849466317,0.0,-0.23879995785408986,0.9215488757650317,0.0,-0.24210205899917958,0.9229106680527749,0.0
-0.24120170108723551,0.8853974646425516,0.0,-0.24583308553588512,0.8957344962708902,0.0,-0.2514335253539653,0.9038504483128912,0.0,-0.25670630248742926,0.9097692354179823,0.0,-0.26137632579869313,0.9136692547696734,0.0,-0.24997497735938762,0.9126248546711484,0.0,-0.25892829639472276,0.9208391485416363,0.0,-0.26511104062997315,0.9219240375855989,0.0,-0.2697102640569351,0.9213213822782393,0.0,-0.25092098837181764,0.9118916016794524,0.0,-0.2597873427195658,0.919240002966027,0.0,-0.26590753271831813,0.9203432710871012,0.0,-0.2705906216212467,0.9194857783894405,0.0,-0.25319946592853654,0.9085502028842283,0.0,-0.26109130646686174,0.9158544205619453,0.0,-0.26662224776844073,0.9171013452555162,0.0,-0.2709076128895799,0.9174478595036901,0.0,-0.2576298559243122,0.9053104123471347,0.0,-0.264201154378333,0.9116517531924578,0.0,-0.26830826701224064,0.914496609620033,0.0,-0.2713677005971979,0.9163400347871051,0.0
-0.28242464265103173,0.9273102738520786,0.0,-0.2875419803015483,0.9374155596059339,0.0,-0.2931300841856325,0.9455400102756522,0.0,-0.29833010165214924,0.9515228221432017,0.0,-0.30259939797186947,0.9558578397447501,0.0,-0.29149454809308895,0.9544402933800658,0.0,-0.29951240732446993,0.9635699417240595,0.0,-0.3053425214559916,0.9658965443393901,0.0,-0.30994761452054487,0.9664525725917359,0.0,-0.29235695772216674,0.9537252877642084,0.0,-0.300384036233122,0.9619822394697306,0.0,-0.30616160867359443,0.9642830182211319,0.0,-0.3109139484278646,0.964569168984293,0.0,-0.2948362489069273,0.950243823063297,0.0,-0.301953950906927,0.9583042859039175,0.0,-0.3071637572198215,0.9605412595414629,0.0,-0.31132085397963283,0.961638060742789,0.0,-0.29961863774680053,0.9465658260457475,0.0,-0.30569471841797247,0.953383143022813,0.0,-0.3095749213831648,0.9565304604885343,0.0,-0.31255729644044616,0.9584961128548153,0.0
-0.3165412947491798,0.9803089169920411,0.0,-0.32170520903567446,0.9903904810590995,0.0,-0.32729130564267217,0.9985163119951508,0.0,-0.3324833499481371,1.0045060444954101,0.0,-0.3367116538211567,1.0088810547843945,0.0,-0.3256386375036374,1.0074297484528343,0.0,-0.33355979402336644,1.016643424425495,0.0,-0.33935177588845505,1.0190633947952965,0.0,-0.34394721004789935,1.0196942944995417,0.0,-0.32649276518261733,1.0067167203626877,0.0,-0.33443442792015754,1.0150558590383263,0.0,-0.34017824356942283,1.0174396601951055,0.0,-0.344925676053138,1.017798129457164,0.0,-0.32899254242702597,1.0032209679814155,0.0,-0.3360319954331384,1.0113498574714108,0.0,-0.34121259939799237,1.0136536533461118,0.0,-0.3453575556820465,1.0147954780913961,0.0,-0.33380848172958894,0.9994988625735175,0.0,-0.3398351399221402,1.006359909003803,0.0,-0.34369661887570274,1.0095301712283378,0.0,-0.34667334641149566,1.0115043655918725,0.0
-0.33094820835071803,1.005270818865064,0.0,-0.33598319844009367,1.0154173857522608,0.0,-0.3415725143746568,1.0235410026245435,0.0,-0.3467841777201536,1.0295136724352545,0.0,-0.3511221760677948,1.0337799400085759,0.0,-0.3399639011951166,1.032418902164853,0.0,-0.3481434967492534,1.0414039320540618,0.0,-0.3540391644733623,1.0435590219833066,0.0,-0.3586591838990909,1.0439731114138582,0.0,-0.34084073706322043,1.0317007586743527,0.0,-0.3490113898294522,1.0398156631261646,0.0,-0.3548483045814815,1.0419614385909672,0.0,-0.35960692861697136,1.042110141947121,0.0,-0.3432856832863438,1.0282443332128421,0.0,-0.35053506125382594,1.0361865786164044,0.0,-0.355796927880685,1.038298187593961,0.0,-0.3599758574180236,1.0393086203070212,0.0,-0.3480104516190275,1.024643211910051,0.0,-0.35416960423159966,1.0313855710063484,0.0,-0.3580835989313232,1.0344907646833443,0.0,-0.3610766419145383,1.0364401348144345,0.0
-0.329817593899265,1.0024240403070985,0.0,-0.3348173554822863,1.012588012410042,0.0,-0.34040791231959444,1.0207107753607148,0.0,-0.3456252639243842,1.0266784769054111,0.0,-0.34999342419428325,1.0309138569978924,0.0,-0.3388122319365584,1.0295791067016942,0.0,-0.3470626521332929,1.0384991466184514,0.0,-0.3529865086237326,1.040575497936728,0.0,-0.3576120337468375,1.0409227253638262,0.0,-0.33969523394865486,1.028859548051513,0.0,-0.34792891375627644,1.0369104956798318,0.0,-0.35379184107649286,1.0389841420830712,0.0,-0.3585520521623651,1.0390678428430047,0.0,-0.3421251226567218,1.0254136115331813,0.0,-0.3494323958657318,1.033302622955071,0.0,-0.354717385470936,1.035355673793661,0.0,-0.35890602515230585,1.0363250674006736,0.0,-0.34682442010805004,1.0218451015536065,0.0,-0.353020320212972,1.028553707144801,0.0,-0.35694945359713526,1.031639722882054,0.0,-0.35994728528389874,1.0335817206640292,0.0
-0.3261834634236501,0.9949024328734907,0.0,-0.3312328037720696,1.0050418661339,0.0,-0.3368221673710805,1.0131654502112668,0.0,-0.34203206951191123,1.0191396563658568,0.0,-0.34635850177949257,1.0234176526848526,0.0,-0.335209239556026,1.0220471655029542,0.0,-0.34336163418784804,1.0310568828851072,0.0,-0.3492461022682214,1.0332423681692715,0.0,-0.35386375739511944,1.0336820392732067,0.0,-0.3360835821463555,1.021329530556109,0.0,-0.34423001923451635,1.029468744502001,0.0,-0.350056671000723,1.031642233715953,0.0,-0.35481445515587084,1.0318157425984342,0.0,-0.3385343143798468,1.0178687588733664,0.0,-0.3457614706511608,1.0258312305496635,0.0,-0.3510142616214179,1.027965315809379,0.0,-0.35518937042825394,1.0289914214553746,0.0,-0.3432689295462662,1.0142543476368768,0.0,-0.3494140792856788,1.0210094717488807,0.0,-0.3533221353218122,1.024122136250487,0.0,-0.3563132537123259,1.0260744581966041,0.0
-0.32627855077588885,0.9951617805351808,0.0,-0.3313506706364584,1.0052898378472461,0.0,-0.33693931134491034,1.013413919255986,0.0,-0.34214560282306905,1.019391272226911,0.0,-0.3464525327907201,1.0236889021464202,0.0,-0.3353182523744717,1.0223018789013514,0.0,-0.3434247728352123,1.0313528938476888,0.0,-0.3492908999059003,1.0335871417539813,0.0,-0.3539045125441326,1.0340673791691701,0.0,-0.3361885927161383,1.0215851586574574,0.0,-0.3442943014423479,1.0297649341393527,0.0,-0.3501042775305809,1.031982614012997,0.0,-0.354860464456206,1.0321954550987567,0.0,-0.3386490644937693,1.0181175214212965,0.0,-0.34583884851559044,1.0261137548274317,0.0,-0.35107696764874324,1.0282836029372882,0.0,-0.35524592576267755,1.0293344190914868,0.0,-0.3434000000244672,1.014481866799605,0.0,-0.3495214941583298,1.0212584350061134,0.0,-0.3534200245940385,1.0243830218144727,0.0,-0.35640816526882285,1.0263398982835068,0.0
-0.3278072440634926,0.9984522955833223,0.0,-0.33286063314303127,1.0085897116055276,0.0,-0.33844969766126604,1.0167135014547917,0.0,-0.3436587855379919,1.022688417603753,0.0,-0.3479815210673959,1.0269701492877967,0.0,-0.33683503717753005,1.0255963574718265,0.0,-0.344978744062737,1.0346139283036564,0.0,-0.3508598504148852,1.036808443874563,0.0,-0.3554767833460626,1.0372556349518613,0.0,-0.33770866128780896,1.024878906784918,0.0,-0.3458473945019771,1.0330258241502142,0.0,-0.35167098536295915,1.0352075014067514,0.0,-0.35642849756667416,1.0353883135489785,0.0,-0.3401612360053647,1.0214169321442372,0.0,-0.3473813189387924,1.0293858182270124,0.0,-0.3526314135052429,1.0315265283699966,0.0,-0.3568053953846751,1.0325572085414545,0.0,-0.34489890958048,1.0177987352426459,0.0,-0.3510395541213257,1.0245579549987536,0.0,-0.35494586530347605,1.027672808964725,0.0,-0.3579364556922228,1.0296259396142453,0.0
-0.3279784629847254,0.9988053310284701,0.0,-0.3330188251424716,1.0089492303830196,0.0,-0.33860827761275314,1.0170727533125412,0.0,-0.34381940216756846,1.0230458932212303,0.0,-0.3481532361690706,1.02731639102813,0.0,-0.33699824338278783,1.0259520565379594,0.0,-0.3451680433906288,1.0349459941278647,0.0,-0.35105959688732047,1.0371123061810674,0.0,-0.355678756591352,1.037535878110326,0.0,-0.3378741516890178,1.0252340878610957,0.0,-0.3460360716115005,1.0333577756977463,0.0,-0.35186920667830174,1.0355138047931578,0.0,-0.3566275346071388,1.0356716994445032,0.0,-0.340321183778623,1.0217760274192773,0.0,-0.34756254919274754,1.029725578972978,0.0,-0.35282106814503095,1.0318455108825983,0.0,-0.3569985852119347,1.0328617674945775,0.0,-0.34504953286519247,1.0181699464590084,0.0,-0.3512036542376575,1.0249168981574681,0.0,-0.35511545015142854,1.0280248613184666,0.0,-0.3581077658829463,1.0299753476091826,0.0
-0.32732022687211026,0.9973908093377964,0.0,-0.33236702076959956,1.0075315103072922,0.0,-0.3379563416817192,1.0156551237548497,0.0,-0.34316652178263907,1.0216290874985088,0.0,-0.347494960924039,1.0259050532690113,0.0,-0.33634412087329146,1.0245361677139955,0.0,-0.34450123726477977,1.0335416103857877,0.0,-0.35038767361336665,1.0357217887340586,0.0,-0.3550057511842898,1.0361570002912805,0.0,-0.33721890456986603,1.0238184468123466,0.0,-0.34536954667207276,1.0319534498369372,0.0,-0.35119799961743603,1.0341221043579467,0.0,-0.3559559393905395,1.0342912921671834,0.0,-0.33966863207951015,1.0203584504467265,0.0,-0.34689964601741274,1.0283174189977187,0.0,-0.35215402811450625,1.0304475836980864,0.0,-0.3563298074435711,1.0314709572079144,0.0,-0.34440153222283243,1.0167463967779082,0.0,-0.3505491066383528,1.0234993143617395,0.0,-0.3544582044284178,1.0266106704565683,0.0,-0.3574496637175266,1.0285624700182456,0.0
-0.32714505766390706,0.9970183164294377,0.0,-0.3321986687724907,1.007155621769599,0.0,-0.3377877957573643,1.0152793686422532,0.0,-0.34299691897404844,1.0212542539807323,0.0,-0.34731956017967186,1.0255360808897465,0.0,-0.336173171452829,1.0241622716631742,0.0,-0.344316654603634,1.0331800445429813,0.0,-0.3501976260228104,1.0353749216883048,0.0,-0.3548145287101159,1.0358224249023216,0.0,-0.33704675979247983,1.0234448208824922,0.0,-0.34518528878131255,1.0315919422628508,0.0,-0.35100875448333985,1.0337739535793016,0.0,-0.35576625529742967,1.033955065155985,0.0,-0.3394993830576524,1.0199827736043898,0.0,-0.3467192796807591,1.027951828486713,0.0,-0.3519692629540709,1.030092811555982,0.0,-0.35614319647189524,1.0311236875594114,0.0,-0.34423715279402545,1.0163643765373618,0.0,-0.3503776898963141,1.0231236938981458,0.0,-0.35428392517927504,1.0262386430462491,0.0,-0.35727448399061873,1.028191822045536,0.0
-0.3274135843942986,0.997597351414691,0.0,-0.33246534207340794,1.0077355805079808,0.0,-0.3380544987005477,1.0158593069867157,0.0,-0.3432638859085625,1.0218339621576478,0.0,-0.3475880721907011,1.0261142286994271,0.0,-0.3364404890080297,1.024741708791712,0.0,-0.3445876062448895,1.03375619858693,0.0,-0.3504700496340494,1.0359471276797034,0.0,-0.3550872710897671,1.036391329862795,0.0,-0.3373144013594474,1.0240241875112222,0.0,-0.3454561605980216,1.0321680807687164,0.0,-0.3512809691795531,1.0343465047761868,0.0,-0.35603859076000466,1.0345244156991098,0.0,-0.33976625244673847,1.0205627001222763,0.0,-0.3469891132175974,1.0285290685075954,0.0,-0.3522402805745628,1.0306671457424237,0.0,-0.3564147114388677,1.0316960059393414,0.0,-0.34450271955469597,1.0169460262299361,0.0,-0.3506451292194727,1.0237036419779968,0.0,-0.35455213585778783,1.026817623578662,0.0,-0.3575429397123954,1.0287704273349632,0.0
-0.3275328703128299,0.9978519209255053,0.0,-0.3325812887090076,1.0079918132569654,0.0,-0.3381705368324221,1.0161154767851346,0.0,-0.3433804381908514,1.0220896836220303,0.0,-0.3477074596477953,1.0263670839987147,0.0,-0.33655769869854846,1.024996968667684,0.0,-0.34471148263408286,1.034005428750953,0.0,-0.3505966006710081,1.0361891632145932,0.0,-0.35521439705530133,1.0366273482255322,0.0,-0.3374321964084633,1.0242793155285042,0.0,-0.34557987930802436,1.0324172823665152,0.0,-0.351407128934596,1.034589168173234,0.0,-0.3561649652014681,1.0347612421599686,0.0,-0.3398826314055586,1.020818832999776,0.0,-0.3471109288155171,1.0287802687697245,0.0,-0.35236424930752763,1.030913050212154,0.0,-0.35653958374653344,1.031938237350249,0.0,-0.34461671636479385,1.0172052659001918,0.0,-0.35076256693035934,1.0239597524028152,0.0,-0.35467097491309235,1.0270719749722383,0.0,-0.35766222000765585,1.029024102783528,0.0
-0.3274303779899593,0.9976307884519867,0.0,-0.33247912232385346,1.0077705185000423,0.0,-0.3380683710003449,1.015894181647683,0.0,-0.34327823179772854,1.0218684238562359,0.0,-0.3476049896106692,1.0261460909189548,0.0,-0.3364554342238764,1.0247757604411314,0.0,-0.34460859799159543,1.0337847818150645,0.0,-0.3504934609892042,1.035969203481229,0.0,-0.3551112026272935,1.036407965050262,0.0,-0.33732987524386315,1.0240581189409004,0.0,-0.34547700628910705,1.0321966382546321,0.0,-0.3513040227331521,1.0343691495960607,0.0,-0.35606183875446484,1.0345417824626106,0.0,-0.3397804421217058,1.02059753757363,0.0,-0.34700823318448787,1.0285594330337946,0.0,-0.3522613477880787,1.030692721536199,0.0,-0.35643659558860447,1.0317182614670979,0.0,-0.34451475103813933,1.0169836682166897,0.0,-0.3506602825527527,1.0237384450073224,0.0,-0.35456855600939885,1.0268508365105231,0.0,-0.35755975765699793,1.0288030308939695,0.0
-0.32736137600048665,0.9974830734868718,0.0,-0.3324116678754978,1.0076220328404575,0.0,-0.3380008755844407,1.015745724174469,0.0,-0.34321049957451844,1.021720172883478,0.0,-0.3475359455379775,1.02599916644371,0.0,-0.336387398166211,1.0246277243076265,0.0,-0.34453747725055406,1.0336395363594937,0.0,-0.35042110175277075,1.0358272916550304,0.0,-0.35503857753682766,1.0362688422571706,0.0,-0.33726156799393603,1.02391014372069,0.0,-0.3454059579521005,1.0320514060980928,0.0,-0.3512318438004909,1.0342269474673458,0.0,-0.35598956088450096,1.0344022858481823,0.0,-0.33971279013111144,1.0204490966134072,0.0,-0.34693806545733785,1.028413275128863,0.0,-0.3521901826591073,1.0305490180375076,0.0,-0.3563650118455155,1.0315762607595447,0.0,-0.34444820178646895,1.0168337877423177,0.0,-0.3505921412383475,1.0235900126571673,0.0,-0.35449976540290173,1.0267032193110386,0.0,-0.357490762408329,1.0286557272164993,0.0
-0.3273968499508646,0.9975599614341902,0.0,-0.33244722993400827,1.0076988768999748,0.0,-0.3380364311912108,1.0158225726728656,0.0,-0.3432460375202229,1.0217970367819964,0.0,-0.3475714031236109,1.0260761115731563,0.0,-0.33642291615227404,1.0247045976123488,0.0,-0.34457280638720467,1.0337165804517583,0.0,-0.35045635778068057,1.0359045323517235,0.0,-0.35507381789742737,1.0363462467626907,0.0,-0.33729707034888695,1.0239870210269806,0.0,-0.3454412928309021,1.0321284509414244,0.0,-0.35126711208805256,1.0343041706271427,0.0,-0.3560248233062151,1.034479668102466,0.0,-0.3397483325389933,1.0205259477432933,0.0,-0.3469734540937596,1.0284902657608437,0.0,-0.3522255126197155,1.030626152956574,0.0,-0.3564003172804895,1.0316534953484005,0.0,-0.34448381070676043,1.016910556509353,0.0,-0.35062765222064524,1.023666870485231,0.0,-0.35453523840577034,1.026780124809397,0.0,-0.35752622390794636,1.0287326503362806,0.0
-0.32743319723892617,0.9976378564544044,0.0,-0.33248289624274807,1.0077771110999525,0.0,-0.33807211490313827,1.0159007948992116,0.0,-0.34328182480862424,1.0218751686902674,0.0,-0.3476077668584018,1.02615366072056,0.0,-0.3364588366951904,1.0247826345290607,0.0,-0.3446100824319859,1.0337933913495285,0.0,-0.35049417847348185,1.0359798780955853,0.0,-0.3551117556679705,1.0364203669189884,0.0,-0.33733311020525747,1.0240650312165571,0.0,-0.3454785372157848,1.032205256011029,0.0,-0.3513048536001603,1.0343796440989668,0.0,-0.35606260852154503,1.03455395275427,0.0,-0.33978408445043495,1.0206041629568299,0.0,-0.3470103114829465,1.0285674779600442,0.0,-0.35226280852559766,1.0307022865439441,0.0,-0.35643779724339686,1.031728880695453,0.0,-0.34451907796315995,1.016989405165391,0.0,-0.35066361895499065,1.0237450830061476,0.0,-0.3545714906109504,1.026857978989258,0.0,-0.35756256614174287,1.0288103665984318,0.0
-0.32742276802779513,0.9976151531626474,0.0,-0.3324723243840204,1.007754478850373,0.0,-0.3380615485744033,1.0158781588449097,0.0,-0.3432712820868014,1.021852512050435,0.0,-0.3475973474714172,1.0261308793744663,0.0,-0.3364483231143808,1.0247599592900787,0.0,-0.3445998588129389,1.0337704537989478,0.0,-0.3504840701181246,1.0359566303316547,0.0,-0.3551016720371474,1.036396859894543,0.0,-0.33732262170310734,1.0240423501357983,0.0,-0.34546830623502806,1.032182317236149,0.0,-0.35129472778200244,1.0343564235179947,0.0,-0.35605249191379096,1.0345304805935205,0.0,-0.3397735343802425,1.020581524660601,0.0,-0.34699999779059637,1.028544625158814,0.0,-0.35225258757915434,1.0306792055358642,0.0,-0.3564276151801594,1.0317056415428854,0.0,-0.34450842465728093,1.0169668997291912,0.0,-0.3506531155057836,1.0237224412666779,0.0,-0.35456104744637945,1.026835261568075,0.0,-0.3575521417793601,1.0287876203718227,0.0
-0.32740490969329455,0.9975767802012215,0.0,-0.33245474997607694,1.0077159644837392,0.0,-0.33804396719565455,1.0158396492742994,0.0,-0.34325365781361145,1.0218140398842062,0.0,-0.34757948325813465,1.0260926498097347,0.0,-0.3364306434559833,1.0247215269188077,0.0,-0.3445816149399266,1.0337325318243202,0.0,-0.3504655993537272,1.0359193189503078,0.0,-0.3550831525382326,1.0363600593941835,0.0,-0.3373048923132998,1.0240039288702305,0.0,-0.3454500754389247,1.0321443976981546,0.0,-0.35127628985754583,1.034319058985817,0.0,-0.35603403583436366,1.0344936116121168,0.0,-0.33975592485039474,1.0205430178962347,0.0,-0.3469819280869858,1.0285065359749859,0.0,-0.3522343351486188,1.0306415659353987,0.0,-0.3564092860459104,1.0316683138844431,0.0,-0.3444910169478846,1.016928128901534,0.0,-0.35063541666535797,1.0236839352338896,0.0,-0.3545432296298178,1.0267969048957908,0.0,-0.3575342864050397,1.028749321238367,0.0
-0.32740687063462204,0.9975811373388954,0.0,-0.33245681791158244,1.007720268332052,0.0,-0.33804603159453916,1.0158439555558592,0.0,-0.3432557051253634,1.0218183610657656,0.0,-0.34758143889854587,1.0260970636722646,0.0,-0.33643266930947824,1.0247258624728475,0.0,-0.34458342525391317,1.0337370623415376,0.0,-0.35046732359245725,1.035924081056115,0.0,-0.3550848582924623,1.0363650151156452,0.0,-0.33730689938388125,1.0240082687271896,0.0,-0.34545189103908613,1.0321489291319117,0.0,-0.3512780269137876,1.0343238008378575,0.0,-0.35603576599512377,1.0344985413117027,0.0,-0.3397579776954599,1.0205473256087518,0.0,-0.3469838051929641,1.0285110031475608,0.0,-0.35223614298004857,1.0306462035230097,0.0,-0.3564110648201597,1.0316730696168237,0.0,-0.34449314666953634,1.016932337014759,0.0,-0.35063743506663614,1.023688244591217,0.0,-0.35454520297392844,1.0268012708140197,0.0,-0.3575362456292145,1.0287537087878411,0.0
-0.3274151725396575,0.9975990293964573,0.0,-0.3324650086320513,1.0077382157660049,0.0,-0.3380542249069646,1.0158619012065082,0.0,-0.34326391509564214,1.0218362921907485,0.0,-0.34758974264137044,1.026114899991883,0.0,-0.336440900876654,1.024743777918106,0.0,-0.3445918773310153,1.0337547783275873,0.0,-0.35047586443608914,1.0359415582121572,0.0,-0.35509341821377355,1.036382292441366,0.0,-0.3373151504197581,1.0240261798411008,0.0,-0.3454603380465966,1.0321666441652018,0.0,-0.3512865549548856,1.0343412987826928,0.0,-0.35604430115100366,1.0345158454314647,0.0,-0.33976618188512464,1.020565270216908,0.0,-0.34699218923570624,1.0285287845626705,0.0,-0.352244598508706,1.0306638090828706,0.0,-0.3564195503596384,1.031690553154224,0.0,-0.3445012719536862,1.016950385019523,0.0,-0.35064567411340847,1.023706189130654,0.0,-0.35455348857159097,1.0268191569174356,0.0,-0.3575445459364054,1.0287715723567694,0.0
-0.32741558064516013,0.9975997924037239,0.0,-0.33246535189736753,1.0077390110667597,0.0,-0.3380545701515139,1.0158626951455205,0.0,-0.3432642705288565,1.0218370772451932,0.0,-0.34759015340278226,1.0261156291067917,0.0,-0.3364412692083229,1.024744554150286,0.0,-0.3445923757555545,1.0337554368814565,0.0,-0.35047641491980924,1.035942076684842,0.0,-0.3550939798768873,1.0363826937723097,0.0,-0.3373155301265171,1.0240269534869142,0.0,-0.345460833332476,1.0321673021631912,0.0,-0.3512870977515037,1.034341829488239,0.0,-0.3560448481155243,1.0345162624923856,0.0,-0.3397665339613182,1.020566063356076,0.0,-0.346992647392553,1.028529481444105,0.0,-0.35224509857252684,1.030664402865362,0.0,-0.3564200680053606,1.031691075442461,0.0,-0.34450157758965794,1.016951238500826,0.0,-0.3506460469207512,1.0237069815190016,0.0,-0.35455388864468984,1.0268199150778434,0.0,-0.3575449545726534,1.028772317398559,0.0
-0.3274118963701692,0.9975918452991211,0.0,-0.33246170768781813,1.0077310440077278,0.0,-0.3380509250787638,1.015854728680384,0.0,-0.34326061952530273,1.0218291159517516,0.0,-0.3475864687060015,1.0261077018790363,0.0,-0.33643761046772613,1.0247365985554318,0.0,-0.34458863778229143,1.0337475529586255,0.0,-0.35047264500450037,1.035934278713087,0.0,-0.3550902030973394,1.0363749677302638,0.0,-0.3373118643736931,1.0240189994436655,0.0,-0.3454570971578661,1.03215941858398,0.0,-0.35128333241426,1.0343340240435883,0.0,-0.35604108021997705,1.0345085268128185,0.0,-0.3397628850421992,1.0205580972375228,0.0,-0.346988933844802,1.0285215739699702,0.0,-0.3522413592965671,1.0306565586880891,0.0,-0.3564163179265488,1.0316832751940463,0.0,-0.3444979570403264,1.0169432351306589,0.0,-0.3506423855024713,1.0236990153196497,0.0,-0.3545502104684989,1.02681196991553,0.0,-0.3575412710929974,1.0287643803610904,0.0
-0.3274111745328218,0.9975903495857863,0.0,-0.3324610210086274,1.0077295307838545,0.0,-0.3380502373808602,1.0158532161574003,0.0,-0.34325992635806246,1.021827608198051,0.0,-0.3475857456130727,1.0261062243813859,0.0,-0.336436910341987,1.0247350956229107,0.0,-0.3445878672908696,1.0337461136761992,0.0,-0.3504718463192008,1.0359329152928054,0.0,-0.3550893983564201,1.0363736677564126,0.0,-0.33731115808255313,1.0240174979065066,0.0,-0.34545632834711376,1.0321579796029225,0.0,-0.35128253787146235,1.0343326540029645,0.0,-0.3560402834192888,1.0345072183218031,0.0,-0.33976219369690625,1.0205565851258827,0.0,-0.34698818511876556,1.0285201139251672,0.0,-0.3522405878728629,1.0306551544825575,0.0,-0.35641553697882905,1.031681909715442,0.0,-0.3444972908267548,1.0169416903048845,0.0,-0.3506416829631318,1.0236975035322322,0.0,-0.3545494931587513,1.0268104766699466,0.0,-0.3575405491383392,1.0287628942314153,0.0
-0.3274127006837513,0.9975936495381295,0.0,-0.3324625345077813,1.0077328370374388,0.0,-0.3380517511130343,1.0158565222506633,0.0,-0.34326144192294183,1.0218309126931886,0.0,-0.3475872717632079,1.026109518174461,0.0,-0.3364384283243502,1.0247383982913332,0.0,-0.34458941016658295,1.0337493938271671,0.0,-0.35047339925676646,1.0359361683703778,0.0,-0.3550909534570761,1.0363768981717367,0.0,-0.3373126782774133,1.024020800090077,0.0,-0.345457870670248,1.0321612596454137,0.0,-0.35128408938201705,1.0343359094311126,0.0,-0.356041835736188,1.0345104517716701,0.0,-0.33976370860235405,1.0205598911259335,0.0,-0.346989720331464,1.0285234014986642,0.0,-0.35224213119147585,1.0306584221146253,0.0,-0.3564170837019335,1.0316851635042104,0.0,-0.34449879680956585,1.0169450080644928,0.0,-0.35064320178143604,1.0237008096179752,0.0,-0.35455101725878446,1.0268137761253626,0.0,-0.35754207491434964,1.0287661911192727,0.0
-0.3274132684628316,0.9975948339995647,0.0,-0.33246308459690554,1.0077340303093574,0.0,-0.33805230169450134,1.0158577151838428,0.0,-0.34326199523581263,1.0218321032445727,0.0,-0.3475878401054867,1.0261106935304993,0.0,-0.33643898512531906,1.0247395864030278,0.0,-0.344590002307467,1.0337505499716788,0.0,-0.3504740055707995,1.0359372863785934,0.0,-0.35509156281554516,1.0363779842820375,0.0,-0.3373132381795945,1.0240219875023064,0.0,-0.34545846197341473,1.0321624156382803,0.0,-0.35128469362141257,1.0343370307655326,0.0,-0.3560424411106669,1.0345115421627762,0.0,-0.33976426099794443,1.0205610838604442,0.0,-0.3469903015466764,1.0285245680824358,0.0,-0.3522427238177497,1.0306595606255802,0.0,-0.3564176811168154,1.0316862825434536,0.0,-0.3444993365783681,1.0169462172572978,0.0,-0.35064375979187296,1.023702002219959,0.0,-0.3545515826959627,1.0268149594042764,0.0,-0.3575426426893226,1.0287673708167304,0.0
