# right_hand_wrist_x, right_hand_wrist_y, right_hand_wrist_z,right_hand_thumb_cmc_x, right_hand_thumb_cmc_y, right_hand_thumb_cmc_z,right_hand_thumb_mcp_x, right_hand_thumb_mcp_y, right_hand_thumb_mcp_z,right_hand_thumb_ip_x, right_hand_thumb_ip_y, right_hand_thumb_ip_z,right_hand_thumb_tip_x, right_hand_thumb_tip_y, right_hand_thumb_tip_z,right_hand_index_finger_mcp_x, right_hand_index_finger_mcp_y, right_hand_index_finger_mcp_z,right_hand_index_finger_pip_x, right_hand_index_finger_pip_y, right_hand_index_finger_pip_z,right_hand_index_finger_dip_x, right_hand_index_finger_dip_y, right_hand_index_finger_dip_z,right_hand_index_finger_tip_x, right_hand_index_finger_tip_y, right_hand_index_finger_tip_z,right_hand_middle_finger_mcp_x, right_hand_middle_finger_mcp_y, right_hand_middle_finger_mcp_z,right_hand_middle_finger_pip_x, right_hand_middle_finger_pip_y, right_hand_middle_finger_pip_z,right_hand_middle_finger_dip_x, right_hand_middle_finger_dip_y, right_hand_middle_finger_dip_z,right_hand_middle_finger_tip_x, right_hand_middle_finger_tip_y, right_hand_middle_finger_tip_z,right_hand_ring_finger_mcp_x, right_hand_ring_finger_mcp_y, right_hand_ring_finger_mcp_z,right_hand_ring_finger_pip_x, right_hand_ring_finger_pip_y, right_hand_ring_finger_pip_z,right_hand_ring_finger_dip_x, right_hand_ring_finger_dip_y, right_hand_ring_finger_dip_z,right_hand_ring_finger_tip_x, right_hand_ring_finger_tip_y, right_hand_ring_finger_tip_z,right_hand_pinky_mcp_x, right_hand_pinky_mcp_y, right_hand_pinky_mcp_z,right_hand_pinky_pip_x, right_hand_pinky_pip_y, right_hand_pinky_pip_z,right_hand_pinky_dip_x, right_hand_pinky_dip_y, right_hand_pinky_dip_z,right_hand_pinky_tip_x, right_hand_pinky_tip_y, right_hand_pinky_tip_z,
0.10363718995240624,1.6009447896596363,0.0,0.10177821610430164,1.593887137277842,0.0,0.10388601348044806,1.601889456420486,0.0,0.10574329587409546,1.608940687540939,0.0,0.10730081309060763,1.614853850738922,0.0,0.108221611144537,1.6183496891151479,0.0,0.1108332008409192,1.6282646716869988,0.0,0.11265618246324609,1.635185679869605,0.0,0.11127369720871536,1.6299370310793126,0.0,0.10839834782855885,1.6190206754969005,0.0,0.11099339397511955,1.6288728499690162,0.0,0.10917476748877353,1.621968378090406,0.0,0.10767130291537114,1.6162604275044947,0.0,0.1085100458886101,1.6194447406983692,0.0,0.11097513230767934,1.6288035189601764,0.0,0.11265053154339716,1.635164225098438,0.0,0.11127097148740238,1.6299266819340226,0.0,0.10854360662746063,1.6195721551008209,0.0,0.11062488543336801,1.6274737956591439,0.0,0.11200968798755974,1.6327312422271407,0.0,0.11086529326041275,1.628386511671159,0.0
0.10363718399690444,1.6009447912283055,0.0,0.1017782100542678,1.5938871388714106,0.0,0.10388600742035847,1.6018894580167033,0.0,0.1057432898070295,1.6089406891389941,0.0,0.10730080701559347,1.6148538523390707,0.0,0.10822160518027082,1.6183496906861257,0.0,0.11083319486505742,1.6282646732610309,0.0,0.11265617620318275,1.635185681518495,0.0,0.11127369094192571,1.6299370327299745,0.0,0.10839834186582271,1.6190206770674753,0.0,0.11099338799985824,1.62887285154289,0.0,0.10917476124473875,1.6219683797350744,0.0,0.10767129666271148,1.6162604291514349,0.0,0.10851003992615106,1.619444742268871,0.0,0.11097512633565129,1.6288035205331985,0.0,0.11265052552537429,1.635164226683575,0.0,0.11127096545453447,1.6299266835230697,0.0,0.10854360066509189,1.6195721566712986,0.0,0.11062487946434339,1.6274737972313746,0.0,0.11200968200284403,1.6327312438035047,0.0,0.11086528724999557,1.6283865132542927,0.0
0.10363718606912627,1.6009447906824856,0.0,0.10177821245483709,1.5938871382391047,0.0,0.10388600984744158,1.6018894573774136,0.0,0.10574329225700731,1.6089406884936739,0.0,0.10730080949791897,1.6148538516852302,0.0,0.10822160728143329,1.6183496901326828,0.0,0.11083319700842945,1.6282646726964702,0.0,0.1126561792799373,1.6351856807080831,0.0,0.11127369403318066,1.6299370319157431,0.0,0.10839834396261395,1.619020676515184,0.0,0.11099339014526405,1.6288728509777939,0.0,0.10917476417120463,1.6219683789642483,0.0,0.10767129960366688,1.6162604283767923,0.0,0.10851004202206196,1.6194447417168114,0.0,0.11097512846942459,1.6288035199711661,0.0,0.11265052781793224,1.6351642260797192,0.0,0.11127096777944832,1.6299266829106913,0.0,0.10854360276133701,1.6195721561191512,0.0,0.11062488158675735,1.6274737966723345,0.0,0.11200968418013768,1.6327312432300092,0.0,0.11086528948958121,1.6283865126643897,0.0
0.10363719021414469,1.6009447950387408,0.0,0.10177821692136471,1.5938871425106749,0.0,0.10388601434532965,1.6018894616407235,0.0,0.10574329677817147,1.608940692750853,0.0,0.10730081404771975,1.6148538559348664,0.0,0.10822161145575694,1.618349694481219,0.0,0.1108332012228398,1.6282646770344475,0.0,0.11265618444287033,1.635185684796221,0.0,0.11127369921599875,1.6299370359986431,0.0,0.10839834813204928,1.6190206808650078,0.0,0.11099339435902533,1.6288728553159422,0.0,0.10917476924770823,1.6219683830751517,0.0,0.10767130470428248,1.6162604324813448,0.0,0.10851004619058183,1.6194447460668762,0.0,0.11097513267205157,1.6288035243122472,0.0,0.112650532176664,1.6351642303796825,0.0,0.11127097218219076,1.6299266871990623,0.0,0.1085436069297674,1.6195721604692397,0.0,0.11062488577885572,1.6274738010161889,0.0,0.11200968842573575,1.632731247559772,0.0,0.11086529381346201,1.628386516973533,0.0
0.10363719031157947,1.6009447950130768,0.0,0.1017782163954932,1.5938871426491887,0.0,0.1038860137709511,1.601889461792014,0.0,0.10574329616061724,1.608940692913516,0.0,0.1073008133677284,1.6148538561139751,0.0,0.10822161149857425,1.6183496944699414,0.0,0.11083320118511338,1.628264677044385,0.0,0.11265618264488747,1.635185685269807,0.0,0.11127369739240814,1.6299370364789743,0.0,0.10839834818296264,1.6190206808515974,0.0,0.11099339431654409,1.6288728553271319,0.0,0.1091747677554756,1.6219683834682035,0.0,0.1076713031878902,1.6162604328807602,0.0,0.1085100462431498,1.6194447460530301,0.0,0.11097513265173971,1.6288035243175976,0.0,0.11265053185513674,1.6351642304643725,0.0,0.11127097180339773,1.629926687298836,0.0,0.10854360698156092,1.6195721604555975,0.0,0.11062488578031023,1.6274738010158059,0.0,0.11200968832291983,1.6327312475868536,0.0,0.11086529359824769,1.62838651703022,0.0
0.10363718154021775,1.6009447973234472,0.0,0.101778206697147,1.5938871452037253,0.0,0.10388600398633069,1.6018894643692752,0.0,0.10574328630954923,1.6089406955082792,0.0,0.10730080343175859,1.6148538587311014,0.0,0.10822160264346341,1.618349696802371,0.0,0.11083319221346694,1.62826467940751,0.0,0.1126561709650252,1.6351856883462708,0.0,0.11127368565958158,1.6299370395693888,0.0,0.1083983393414777,1.6190206831804381,0.0,0.11099338534474172,1.628872857690298,0.0,0.10917475637152375,1.6219683864667263,0.0,0.10767129174203956,1.616260435895587,0.0,0.10851003740426446,1.619444748381186,0.0,0.11097512371223407,1.6288035266722567,0.0,0.11265052246603988,1.6351642329374532,0.0,0.1112709622968832,1.6299266898028444,0.0,0.10854359814261047,1.6195721627837707,0.0,0.11062487687161936,1.6274738033623486,0.0,0.11200967925980336,1.6327312499740716,0.0,0.11086528432268672,1.6283865194733955,0.0
0.10363717082252627,1.6009448001464688,0.0,0.10177819705583684,1.59388714774323,0.0,0.10388599442402156,1.601889466887971,0.0,0.10574327682104356,1.6089406980075354,0.0,0.10730079405376011,1.6148538612012502,0.0,0.10822159201923878,1.6183496996007736,0.0,0.1108331817294343,1.6282646821689861,0.0,0.11265616349025384,1.6351856903151134,0.0,0.11127367822401336,1.6299370415279053,0.0,0.10839832870380779,1.6190206859823821,0.0,0.11099337487125101,1.6288728604489975,0.0,0.10917474831511431,1.62196838858877,0.0,0.10767128371859314,1.6162604380089483,0.0,0.10851002676378342,1.6194447511838705,0.0,0.11097511320023404,1.6288035294410994,0.0,0.11265051247365057,1.6351642355694314,0.0,0.11127095239250027,1.6299266924116418,0.0,0.10854358750383614,1.6195721655860056,0.0,0.11062486632150405,1.6274738061412308,0.0,0.11200966888996094,1.6327312527054703,0.0,0.11086527413169844,1.6283865221576843,0.0
0.10363721420887889,1.6009447887185682,0.0,0.10177824287165073,1.5938871356754136,0.0,0.10388604045878977,1.6018894547624825,0.0,0.10574332302882168,1.6089406858364763,0.0,0.10730084048807514,1.6148538489705218,0.0,0.1082216356238047,1.618349688115396,0.0,0.11083322564105609,1.6282646706027306,0.0,0.11265621445383828,1.635185676891379,0.0,0.1112737293188767,1.6299370280695924,0.0,0.10839837227346581,1.6190206745061992,0.0,0.11099341878677871,1.628872848881713,0.0,0.10917479842290612,1.6219683753904564,0.0,0.10767133397546842,1.6162604247713663,0.0,0.10851007032669865,1.6194447397094636,0.0,0.11097515703077977,1.628803517896199,0.0,0.11265055748165216,1.6351642237143909,0.0,0.11127099769192109,1.629926680479842,0.0,0.10854363106746974,1.6195721541114094,0.0,0.11062491007050533,1.627473794617809,0.0,0.11200971304400213,1.6327312410753618,0.0,0.1108653188196053,1.6283865103869566,0.0
0.10363726185767899,1.6009447816160114,0.0,0.10177828894124888,1.5938871289888157,0.0,0.10388608642620739,1.6018894481027988,0.0,0.10574336889013707,1.6089406792047398,0.0,0.10730088617953307,1.6148538423835255,0.0,0.10822168313792704,1.6183496810483131,0.0,0.11083327294634264,1.6282646635906548,0.0,0.11265625743207305,1.6351856710190447,0.0,0.11127377225403962,1.6299370222086031,0.0,0.10839841980577368,1.6190206674343264,0.0,0.1109934660698883,1.6288728418754785,0.0,0.10917484240855588,1.6219683692527649,0.0,0.10767137793796826,1.6162604186397724,0.0,0.10851011786299625,1.61944473263654,0.0,0.1109752043710367,1.6288035108749124,0.0,0.11265060406121785,1.6351642168934692,0.0,0.1112710441736732,1.6299266736846842,0.0,0.10854367860020792,1.6195721470394233,0.0,0.11062495746819628,1.6274737875813943,0.0,0.11200976017659506,1.6327312341087734,0.0,0.11086536573373908,1.62838650347791,0.0
0.10363712775660254,1.6009448060419098,0.0,0.10177814889226704,1.5938871549813842,0.0,0.1038859458547156,1.6018894742329954,0.0,0.10574322789721913,1.6089407054459393,0.0,0.10730074462437916,1.614853868772817,0.0,0.10822154850503182,1.6183497056142917,0.0,0.110833137558578,1.6282646883554646,0.0,0.11265610486578474,1.6351857003086328,0.0,0.1112736193806149,1.6299370515790903,0.0,0.10839828525682105,1.6190206919781946,0.0,0.11099333066593028,1.6288728666445538,0.0,0.10917469208994927,1.6219683979503448,0.0,0.10767122727926251,1.616260447426934,0.0,0.10850998333041639,1.6194447571760955,0.0,0.11097506917578362,1.6288035355890147,0.0,0.11265046598478162,1.6351642423664698,0.0,0.11127090541469714,1.6299266993374648,0.0,0.10854354406482543,1.6195721715797171,0.0,0.11062482247407557,1.627473812242519,0.0,0.11200962419022166,1.6327312590312557,0.0,0.11086522848371498,1.628386528733236,0.0
0.10363703112209548,1.600944809703059,0.0,0.10177805377009307,1.5938871582441865,0.0,0.10388585078393844,1.6018894774822598,0.0,0.10574313292069923,1.6089407086703766,0.0,0.10730064983667452,1.6148538719475205,0.0,0.10822145199120604,1.6183497092436536,0.0,0.11083304125544285,1.628264691929331,0.0,0.11265601240947574,1.6351857028692591,0.0,0.11127352691664072,1.6299370541417357,0.0,0.10839818873079426,1.6190206956107702,0.0,0.11099323440676409,1.6288728702068387,0.0,0.10917459814655164,1.621968400902656,0.0,0.10767113327267125,1.6162604503958902,0.0,0.10850988680102536,1.6194447608095572,0.0,0.11097497285968007,1.628803539166297,0.0,0.11265037039176565,1.6351642457532922,0.0,0.11127080980933216,1.62992670272754,0.0,0.1085434475424219,1.6195721752113383,0.0,0.11062472609784392,1.6274738158356388,0.0,0.11200952806996738,1.6327312625569514,0.0,0.11086513242389014,1.6283865322430147,0.0
0.10363724295396388,1.6009447865952062,0.0,0.10177827936946306,1.5938871315100038,0.0,0.10388607756525622,1.6018894504367542,0.0,0.1057433606731292,1.6089406813690816,0.0,0.1073008789059893,1.6148538442993603,0.0,0.10822166504915752,1.6183496858128525,0.0,0.11083325606700911,1.6282646680366306,0.0,0.1126562668076681,1.6351856685494526,0.0,0.11127378199681728,1.6299370196422958,0.0,0.10839840159753139,1.6190206722303349,0.0,0.1109934492692575,1.6288728463007245,0.0,0.10917484703338508,1.621968368034625,0.0,0.10767138289621721,1.6162604173338104,0.0,0.10851009963013261,1.6194447374390335,0.0,0.11097518723778507,1.6288035153877698,0.0,0.1126505914356696,1.635164220219003,0.0,0.1112710323703574,1.6299266767936436,0.0,0.10854366038013447,1.619572151838548,0.0,0.11062494000735802,1.6274737921805376,0.0,0.11200974427747548,1.6327312382965622,0.0,0.11086535146828083,1.6283865072353956,0.0
0.10363755889319987,1.6009447524096683,0.0,0.10177859658457183,1.5938870969884051,0.0,0.10388639506472704,1.601889415840255,0.0,0.10574367829027334,1.6089406467415874,0.0,0.1073011965467446,1.6148538096656468,0.0,0.10822198113322797,1.6183496515891655,0.0,0.11083357227333117,1.6282646337807427,0.0,0.11265658780093203,1.6351856330326693,0.0,0.11127410323734058,1.6299369840603848,0.0,0.10839871764425772,1.619020638016484,0.0,0.11099376539477442,1.6288728120661202,0.0,0.10917516948087769,1.6219683321348497,0.0,0.10767170573319848,1.6162603813314445,0.0,0.10851041567165756,1.6194447032265529,0.0,0.11097550332671939,1.6288034811628016,0.0,0.11265090816269327,1.6351641858259627,0.0,0.1112713496369529,1.629926642258481,0.0,0.10854397640898944,1.6195721176294045,0.0,0.11062525607215622,1.6274737579619267,0.0,0.11201006054732132,1.6327312040239421,0.0,0.11086566856091529,1.6283864727460549,0.0
0.10363720136973889,1.6009448029964168,0.0,0.10177820880578896,1.5938871555443714,0.0,0.10388600474752034,1.6018894750648378,0.0,0.10574328584830066,1.6089407065258299,0.0,0.10730080117759112,1.6148538702209037,0.0,0.10822162092587218,1.6183497028828473,0.0,0.11083320819867457,1.6282646860930647,0.0,0.11265613710854763,1.6351857081598256,0.0,0.11127365110835243,1.6299370595659401,0.0,0.10839835785049012,1.6190206892012275,0.0,0.11099340117933178,1.6288728644155253,0.0,0.10917473156369119,1.621968403897244,0.0,0.10767126630544217,1.6162604534917202,0.0,0.1085100559600086,1.6194447543896664,0.0,0.1109751401785672,1.6288035332310842,0.0,0.11265053037274486,1.6351642417508654,0.0,0.11127096864765237,1.6299266990260877,0.0,0.1085436166738839,1.6195721687986966,0.0,0.11062489396028151,1.6274738097572556,0.0,0.1120096933827416,1.6327312571501444,0.0,0.11086529535101533,1.6283865274645848,0.0
0.10363637065008463,1.6009448910530084,0.0,0.10177736503097243,1.593887247039721,0.0,0.10388515948215982,1.6018895669527937,0.0,0.10574243960354045,1.6089407986717579,0.0,0.10729995389225586,1.6148539626409169,0.0,0.10822078897756998,1.6183497912630627,0.0,0.11083237467264093,1.6282647748888515,0.0,0.11265526367874219,1.6351858074657488,0.0,0.11127277664258121,1.6299371591447351,0.0,0.10839752612501065,1.6190207775227516,0.0,0.11099256778588547,1.6288729531763884,0.0,0.10917385920468098,1.6219685029219502,0.0,0.10767039256848149,1.6162605528793768,0.0,0.1085092242738349,1.6194448427008374,0.0,0.11097430722687834,1.6288036218755892,0.0,0.11264969105709757,1.6351643320716132,0.0,0.11127012704956761,1.629926789948027,0.0,0.10854278500803503,1.6195722571045141,0.0,0.11062406141214179,1.6274738982954668,0.0,0.11200885867224172,1.6327313462579158,0.0,0.11086445676629114,1.6283866175928254,0.0
0.10363691635416768,1.600944801796128,0.0,0.10177797376383661,1.5938871411811624,0.0,0.1038857733697527,1.6018894597364886,0.0,0.10574305789638945,1.6089406902951155,0.0,0.10730057835818894,1.6148538526382945,0.0,0.10822134024900937,1.61834970053975,0.0,0.11083293403127048,1.6282646820353865,0.0,0.11265600262823322,1.635185667308439,0.0,0.1112735184444112,1.629937018236124,0.0,0.10839807654982093,1.6190206870224397,0.0,0.11099312750305852,1.6288728602284837,0.0,0.10917457004210418,1.6219683701690681,0.0,0.10767110630768857,1.6162604193621692,0.0,0.10850977452888375,1.6194447522452404,0.0,0.11097486471430129,1.628803529514997,0.0,0.11265027903120507,1.6351642316808805,0.0,0.11127072138424905,1.629926687881929,0.0,0.10854333532222413,1.6195721666333396,0.0,0.1106246167260454,1.627473806507376,0.0,0.11200942451811467,1.632731251695722,0.0,0.11086503477879688,1.6283865198259575,0.0
0.10363889437437776,1.6009445858775706,0.0,0.10178000215482225,1.5938869119954575,0.0,0.1038878068227235,1.601889229217462,0.0,0.1057450950191231,1.6089404588094776,0.0,0.10730261988369637,1.6148536199929688,0.0,0.10822332288674023,1.618349483404944,0.0,0.1108349229150465,1.6282644632553778,0.0,0.11265814106420982,1.6351854091329008,0.0,0.11127566015211011,1.6299367591988214,0.0,0.10840005840516864,1.6190204700937125,0.0,0.11099511621232414,1.6288726414944399,0.0,0.10917669660673808,1.6219681151270937,0.0,0.10767323692296887,1.6162601632532636,0.0,0.10851175623932413,1.6194445353546816,0.0,0.11097685168638996,1.628803311238525,0.0,0.11265229047711066,1.6351640069579343,0.0,0.11127274006416109,1.6299264612535664,0.0,0.1085453170073243,1.6195719497494554,0.0,0.11062660206509584,1.6274735886610452,0.0,0.11201141823140252,1.6327310316436152,0.0,0.1108670412335636,1.6283862964178024,0.0
0.10363840248376403,1.6009446990965321,0.0,0.10177938678231545,1.5938870577389714,0.0,0.10388718166948803,1.6018893775372065,0.0,0.10574446128574681,1.6089406093892187,0.0,0.10730197387731572,1.614853773805402,0.0,0.10822282014569608,1.6183495994818917,0.0,0.11083440425684604,1.628264583524882,0.0,0.11265727259784833,1.6351856215446021,0.0,0.11127478643250299,1.6299369729942168,0.0,0.10839955728708324,1.6190205857431754,0.0,0.11099459669607918,1.628872761989952,0.0,0.10917588678969425,1.621968312084581,0.0,0.10767242200536221,1.6162603615542284,0.0,0.10851125545070787,1.6194446509173628,0.0,0.1109763365536462,1.6288034305794283,0.0,0.11265171565389609,1.6351641420213041,0.0,0.11127215350561194,1.6299265994079946,0.0,0.10854481607834017,1.6195720653491092,0.0,0.11062609122566881,1.6274737068710947,0.0,0.11201088674402089,1.632731155292315,0.0,0.1108664869287407,1.6283864260765422,0.0
0.10363378714820615,1.6009452392037156,0.0,0.10177461749998166,1.5938876383982503,0.0,0.10388239780363483,1.6018899620377407,0.0,0.10573966634464987,1.6089411968069394,0.0,0.10729716498083539,1.614854364898918,0.0,0.10821819085623356,1.618350143264501,0.0,0.110829755673656,1.6282651323893949,0.0,0.11265217260771308,1.635186289285283,0.0,0.1112696773771473,1.6299376431226718,0.0,0.1083949302892056,1.619021128922188,0.0,0.11098994821224917,1.6288733108282873,0.0,0.10917083308265792,1.6219689676759916,0.0,0.10766735754853426,1.6162610199771272,0.0,0.10850662888700313,1.6194451939820156,0.0,0.11097169342120011,1.628803978008234,0.0,0.1126469978259465,1.635164709124057,0.0,0.11126741559337501,1.629927171800965,0.0,0.10854018952373522,1.619572608411365,0.0,0.11062145318206094,1.62747425295952,0.0,0.11200622306649133,1.6327317081325685,0.0,0.11086178715136834,1.6283869884256392,0.0
0.10363332432696779,1.6009451540757136,0.0,0.10177437794597237,1.5938874944591856,0.0,0.10388217512744195,1.6018898136531072,0.0,0.10573945905440248,1.608941044369688,0.0,0.10729698033534424,1.6148542064971059,0.0,0.10821774750953142,1.6183500530069483,0.0,0.11082934129230779,1.6282650345024492,0.0,0.1126523855615624,1.6351860261836593,0.0,0.11126989898015992,1.629937377742863,0.0,0.10839448409858443,1.619021039413716,0.0,0.1109895357769021,1.6288732124287744,0.0,0.10917093090215868,1.62196873485774,0.0,0.10766746310831843,1.6162607851200876,0.0,0.10850618210858184,1.6194451046283684,0.0,0.11097127302177834,1.628803881706429,0.0,0.11264668525889038,1.6351645844201312,0.0,0.11126712240405041,1.6299270419929277,0.0,0.10853974306125036,1.6195725189745007,0.0,0.11062102493095739,1.6274741587258235,0.0,0.11200583218525255,1.6327316040558189,0.0,0.11086143494278482,1.6283868741623693,0.0
0.10364346529009391,1.600943932129197,0.0,0.10178493738397852,1.5938861623020932,0.0,0.10389277276672822,1.6018884714337656,0.0,0.10575008657193914,1.608939694280391,0.0,0.10730764660049016,1.6148528462015896,0.0,0.10822792614701598,1.6183488211370212,0.0,0.1108395727090582,1.6282637887303788,0.0,0.1126638347496175,1.635184459526365,0.0,0.11128137129259928,1.6299358049946928,0.0,0.10840465666855596,1.6190198091419763,0.0,0.11099976762896346,1.628871966542006,0.0,0.10918223825804355,1.621967205778214,0.0,0.10767879703656766,1.6162592490414958,0.0,0.10851635351243535,1.6194438746637854,0.0,0.11098149025831734,1.6288026396694502,0.0,0.11265710537187831,1.6351632889419356,0.0,0.11127759382285332,1.629925733001106,0.0,0.10854991455143373,1.6195712889871783,0.0,0.11063122817511192,1.627472920374477,0.0,0.11201610517625805,1.6327303473327082,0.0,0.1108718014492951,1.62838559280845,0.0
0.10364794037204836,1.600943695830387,0.0,0.10178905607951372,1.5938860198604128,0.0,0.10389686673691598,1.6018883355047846,0.0,0.10575415633292029,1.6089395647281453,0.0,0.10731167896683501,1.614852726499191,0.0,0.10823237053806396,1.6183485929221901,0.0,0.1108439703535563,1.6282635728286792,0.0,0.11266724526479184,1.6351845037528467,0.0,0.1112847703345428,1.6299358522431668,0.0,0.10840910535051933,1.6190195797969114,0.0,0.11100416108303383,1.628871751744098,0.0,0.10918585729104616,1.621967194876391,0.0,0.10768240778577552,1.6162592403215805,0.0,0.10852080311097237,1.6194436450772935,0.0,0.11098589653045517,1.6288024214952008,0.0,0.11266133977759342,1.635163116040766,0.0,0.11128180235375486,1.629925566915131,0.0,0.10855436347494993,1.6195710595784862,0.0,0.11063564722509502,1.6274726988345036,0.0,0.11202046447440958,1.632730141531808,0.0,0.11087610611184753,1.6283854013976187,0.0
0.10362681980136874,1.6009463442596232,0.0,0.10176688247209832,1.593888945727489,0.0,0.10387459964001251,1.6018912859964163,0.0,0.10573181447143963,1.6089425349122983,0.0,0.1072892381219885,1.6148557227546068,0.0,0.10821115563887587,1.618351266197175,0.0,0.11082262203988003,1.628266281244001,0.0,0.1126428490728794,1.6351880143945479,0.0,0.11126031872958075,1.6299393774807682,0.0,0.10838790542303534,1.6190222491284432,0.0,0.11098281038470538,1.6288744607873393,0.0,0.10916184858582281,1.6219706044485698,0.0,0.10765833705911333,1.6162626662302872,0.0,0.10849960609186236,1.6194463136427786,0.0,0.11096458273397676,1.628805120818962,0.0,0.11263951577050098,1.6351659497350328,0.0,0.11125985526254442,1.6299284330305253,0.0,0.10853316603550356,1.619573728254685,0.0,0.11061436892809486,1.6274753888080575,0.0,0.11199901055288111,1.6327328777619545,0.0,0.11085442532435802,1.6283881973881815,0.0
0.10360972608738356,1.6009477679954833,0.0,0.10175022771683842,1.5938902537928674,0.0,0.10385796843979596,1.6018925878576515,0.0,0.10571521199585343,1.608943829207746,0.0,0.10727268558563754,1.6148570038967636,0.0,0.1081940984931987,1.6183526803011552,0.0,0.11080562405680054,1.6282676797652507,0.0,0.11262702314944507,1.6351891045899782,0.0,0.1112444996757154,1.6299404658667074,0.0,0.1083708437667276,1.6190236644204716,0.0,0.11096582093673985,1.6288758570606356,0.0,0.1091456875619604,1.6219717822698057,0.0,0.10764217356548439,1.6162638447020776,0.0,0.10848254337433015,1.6194477292143223,0.0,0.11094757717132439,1.6288065213365372,0.0,0.1126227210962487,1.6351672947177507,0.0,0.11124307671552372,1.629929773765053,0.0,0.10851610468072387,1.6195751434672856,0.0,0.11059734686699903,1.6274767936710672,0.0,0.11198206239744556,1.6327342631602015,0.0,0.11083752236860972,1.6283895708790388,0.0
0.1036510285329887,1.6009423374058236,0.0,0.10179402526288467,1.5938841662712444,0.0,0.10390198231507752,1.6018864433537832,0.0,0.10575940220914816,1.608937638255423,0.0,0.10731711327702198,1.6148507503898863,0.0,0.10823562353011784,1.6183471910804634,0.0,0.11084746642690711,1.6282621069562968,0.0,0.11267605219036808,1.6351816365909402,0.0,0.11129365454473378,1.629932964725394,0.0,0.10841233391068882,1.6190181843907854,0.0,0.11100767150225478,1.628870282092168,0.0,0.10919374430711856,1.6219645741378665,0.0,0.1076903677165581,1.616256600378148,0.0,0.10852402667734988,1.619442250986583,0.0,0.11098934004728686,1.6288009694669714,0.0,0.11266569224956548,1.6351614245191102,0.0,0.11128632765949047,1.6299238298732008,0.0,0.10855758938017436,1.619569664871715,0.0,0.11063902504997776,1.627471264110687,0.0,0.11202415696048887,1.6327286239157528,0.0,0.11088013786868509,1.6283837944354176,0.0
0.10370306418269531,1.600937328506584,0.0,0.10184592473076988,1.5938791932028167,0.0,0.10395390229295612,1.601881464882592,0.0,0.10581131767773477,1.6089326609720642,0.0,0.10736899758844329,1.6148457813142767,0.0,0.10828765279846038,1.6183421838621312,0.0,0.11089947093115621,1.6282571062614282,0.0,0.11272787206479083,1.6351766846845377,0.0,0.11134550157518806,1.6299280056666985,0.0,0.10846436145625883,1.6190131776262304,0.0,0.11105965974874617,1.6288652856800836,0.0,0.10924597911169726,1.6219595129668998,0.0,0.1077426544012646,1.6162515255431502,0.0,0.10857605427958739,1.6194372442070974,0.0,0.11104133461623214,1.6287959713891937,0.0,0.11271762464676421,1.6351564428269019,0.0,0.11133831853903303,1.6299188327795247,0.0,0.10860961441652336,1.6195646587681005,0.0,0.11069102780780977,1.6274662638756359,0.0,0.11207613552944766,1.6327236300535712,0.0,0.11093219150435119,1.628378780808425,0.0
0.10362857012427008,1.600947739840848,0.0,0.10176582303952979,1.593891082402055,0.0,0.10387332536783488,1.6018934792539865,0.0,0.10573034620721469,1.6089447792622056,0.0,0.10728748630241387,1.6148580417804466,0.0,0.10821266047280068,1.618352726436644,0.0,0.11082376296320119,1.6282678373249286,0.0,0.11263607493360611,1.6351916470840835,0.0,0.11125343316000126,1.6299430395231473,0.0,0.1083894463186629,1.6190236998702663,0.0,0.11098392802674042,1.6288760229972366,0.0,0.10915650576320786,1.6219738739050984,0.0,0.10765289230906767,1.6162659625361995,0.0,0.10850115440734988,1.619447762430423,0.0,0.11096580047100003,1.628806656670027,0.0,0.11263937611352842,1.6351678428601253,0.0,0.1112594661579268,1.6299303918711765,0.0,0.10853471056460105,1.619575178039603,0.0,0.1106156851917586,1.6274768987118349,0.0,0.11199985667049991,1.6327345114635385,0.0,0.11085477696641084,1.6283899613870765,0.0
0.10348745095096464,1.6009624041880741,0.0,0.10162311466201837,1.5939061664432201,0.0,0.10373041088927273,1.601908617570857,0.0,0.10558730862376861,1.6089599499986627,0.0,0.10714433598747947,1.6148732422013505,0.0,0.10807138736053955,1.6183674313272745,0.0,0.11068230351719353,1.6282825912838905,0.0,0.1124896010355544,1.6352077116394632,0.0,0.1111068071779032,1.6299591441444152,0.0,0.10824820309609176,1.6190383968893376,0.0,0.11084249679647258,1.6288907695237822,0.0,0.10900988758063342,1.6219899958221324,0.0,0.1075060610505712,1.6162821405872687,0.0,0.10835991620999164,1.619462458126106,0.0,0.11082442183118912,1.6288213893498216,0.0,0.11249721991843893,1.6351827800574936,0.0,0.11111697583938078,1.6299454171113692,0.0,0.10839347674234677,1.6195898725829736,0.0,0.11047435294138783,1.6274916191762983,0.0,0.11185826234452308,1.6327493009176508,0.0,0.11071263211896537,1.6284048959777435,0.0
0.10360580767435845,1.6009441780229865,0.0,0.10175343275948663,1.5938847907914389,0.0,0.10386171867649197,1.6018869812372964,0.0,0.10571945426558338,1.608938092971259,0.0,0.10727764675246378,1.614851078262932,0.0,0.10819080271882246,1.6183489263166437,0.0,0.11080325106838426,1.6282636826809338,0.0,0.11264469050669698,1.6351798027676636,0.0,0.11126244997998376,1.6299310895225774,0.0,0.10836745649769164,1.6190199345384608,0.0,0.11096350681832474,1.628871844458092,0.0,0.10915979318980434,1.6219634617699625,0.0,0.10765653831408215,1.6162554559541547,0.0,0.10847913728093811,1.6194440042912557,0.0,0.11094500922028194,1.6288025756130926,0.0,0.11262359410616414,1.635162441803293,0.0,0.11124458318452084,1.6299247540285968,0.0,0.10851270815806081,1.6195714160230692,0.0,0.11059452908739044,1.6274729137671085,0.0,0.11198043673593268,1.6327300691309103,0.0,0.11083715206426947,1.6283850463398144,0.0
0.10396023083772524,1.600905246693096,0.0,0.1021154316718952,1.5938438759375035,0.0,0.10422451112244417,1.6018458572740781,0.0,0.10608280398734476,1.6088968221606776,0.0,0.10764164113128499,1.6148096375344556,0.0,0.10854592641414915,1.618309810428039,0.0,0.11115930729380961,1.628224321032208,0.0,0.1130234242648141,1.6351343633025168,0.0,0.11164170951939369,1.6298855116218995,0.0,0.10872245888581947,1.618980850614996,0.0,0.11131952121124353,1.6288324938083751,0.0,0.10953717216860004,1.621918568287403,0.0,0.10803458526286597,1.6162103865974604,0.0,0.10883411754409365,1.6194049261979955,0.0,0.11130076371304529,1.6287632934853138,0.0,0.11298303285241576,1.6351221861341234,0.0,0.111605183239324,1.6298841927405694,0.0,0.10886768214845986,1.6195323395822576,0.0,0.11095004135457848,1.6274336954859963,0.0,0.1123372074138535,1.6326905189425558,0.0,0.11119594259914507,1.6283449651782687,0.0
0.10381610767223388,1.6009327693777053,0.0,0.10194720684392007,1.5938777392144734,0.0,0.10405434813221492,1.6018802311407911,0.0,0.10591096153677644,1.608931638437906,0.0,0.10746741918088205,1.6148450806239614,0.0,0.1083996800431387,1.618337892389164,0.0,0.11100996054255914,1.6282532197088597,0.0,0.11280560385288271,1.635181371075648,0.0,0.11142283321748207,1.629932797462493,0.0,0.1085765325723889,1.6190088482637206,0.0,0.11117002113827433,1.6288614328683007,0.0,0.10933046067942033,1.6219625089277443,0.0,0.10782682495479672,1.6162546034255205,0.0,0.10868825583234931,1.6194329068289892,0.0,0.11115211793301892,1.6287920074885631,0.0,0.11282273294696894,1.6351539718590644,0.0,0.11144252639185821,1.6299165990240982,0.0,0.1087217952715894,1.6195603268409429,0.0,0.11080223044412345,1.6274621895627153,0.0,0.11218536743734495,1.6327200745545558,0.0,0.11103955536604788,1.628375717571886,0.0
0.10297698855042085,1.601028536578188,0.0,0.10108303859394305,1.5939801896462797,0.0,0.10318775811760633,1.6019833188571777,0.0,0.10504256345798686,1.6090352019640575,0.0,0.10659678220700958,1.614949232989162,0.0,0.10755828393718164,1.618434259065421,0.0,0.1101654402608722,1.6283504083203586,0.0,0.11188710981659067,1.6352973119615468,0.0,0.11050281132289777,1.6300491411103653,0.0,0.10773551466919676,1.6191051154110423,0.0,0.1103255421759328,1.6289586104176954,0.0,0.10841953878601747,1.6220777467148606,0.0,0.10691406105390046,1.616370326771245,0.0,0.10784730894368469,1.6195291552888547,0.0,0.11030850622646106,1.6288889570785512,0.0,0.11196695789818967,1.635254103049297,0.0,0.11058337040989388,1.630017622359994,0.0,0.10788085376908782,1.619656573881829,0.0,0.10995944012955847,1.627558923135242,0.0,0.11133841106026501,1.6328179022853915,0.0,0.11018657099728099,1.6284751396433734,0.0
0.10301516595360832,1.6009994311622209,0.0,0.10116651349745413,1.5939390682107475,0.0,0.10327473431516082,1.6019412758076175,0.0,0.10513267171197836,1.6089923343688057,0.0,0.10669143704861289,1.614905168673183,0.0,0.10760042401992696,1.6184041101649658,0.0,0.1102134354091392,1.628318718156319,0.0,0.1120630517141708,1.6352326559477084,0.0,0.11068059049653893,1.6299840008261963,0.0,0.10777706926357304,1.619075120637038,0.0,0.11037389322771052,1.6289268266634616,0.0,0.1085724413369404,1.6220178538523558,0.0,0.10706867859631564,1.616309981811517,0.0,0.10788874363494957,1.6194991920794446,0.0,0.11035524627739149,1.6288575971958081,0.0,0.11203558766702394,1.6352169995254813,0.0,0.11065610882160064,1.6299794349710113,0.0,0.10792234648476325,1.619626595388247,0.0,0.11000459690042727,1.627527979962315,0.0,0.11139114346988824,1.6327849668502723,0.0,0.11024739371511405,1.6284400664608438,0.0
0.1048962972808884,1.6007753915912972,0.0,0.10311856923540297,1.5936968377908038,0.0,0.10523337602997514,1.6016973073808496,0.0,0.10709640570087521,1.6087470221728923,0.0,0.10866170162299937,1.6146581309996604,0.0,0.10948797408391718,1.6181783783136923,0.0,0.11210992930581802,1.6280906248278133,0.0,0.11416498432900045,1.6349463060565996,0.0,0.1127865510512362,1.629696591654693,0.0,0.10966357757086696,1.6188496636861907,0.0,0.1122704142530549,1.6286987250041127,0.0,0.1106554836667999,1.6217437891006743,0.0,0.10915640978046652,1.6160346838206858,0.0,0.10977505255323779,1.6192737877488843,0.0,0.11224928829356394,1.6286301513111048,0.0,0.11396400425948833,1.6349803713334794,0.0,0.11259346530649815,1.629740460329889,0.0,0.10980866235566965,1.619401189218265,0.0,0.1118962720553369,1.6273011595171147,0.0,0.11329465158735798,1.6325550111722211,0.0,0.1121671193614896,1.6282058740192642,0.0
0.1054458058461684,1.600762281612847,0.0,0.10359128991658872,1.5937034565280954,0.0,0.10570050780457053,1.601705401375483,0.0,0.10755826894950658,1.608756506376273,0.0,0.1091156281908837,1.6146697111823836,0.0,0.11003080929944566,1.6181670276913385,0.0,0.11264272779394761,1.6280819236524888,0.0,0.11448525824133053,1.634997753162353,0.0,0.11310408638153266,1.6297487586018171,0.0,0.11020736757707597,1.6188380610706248,0.0,0.11280242968191133,1.628690231339344,0.0,0.11101354939292638,1.6217779928067817,0.0,0.10951223024198775,1.6160694775513318,0.0,0.1103190432794611,1.619262132161683,0.0,0.11278406049213288,1.628620928652065,0.0,0.11446173980126398,1.6349810337857933,0.0,0.11308503928535406,1.6297427382579803,0.0,0.11035252685064881,1.619389566891515,0.0,0.11243377640552961,1.6272912151544512,0.0,0.11381927611338151,1.6325484780439194,0.0,0.11267912405381043,1.628202632191078,0.0
0.1014310288259739,1.6012576896969724,0.0,0.09939153944699905,1.5942500707016765,0.0,0.10148422512953766,1.6022563549880178,0.0,0.1033288851321302,1.6093108987492142,0.0,0.10486903776332718,1.6152286085053893,0.0,0.10599950570404496,1.6186667810499942,0.0,0.10858812453246373,1.6285877856716802,0.0,0.10988681695683278,1.6356260393077697,0.0,0.10849575554671624,1.6303796569583677,0.0,0.10617870211861952,1.619337121973174,0.0,0.10874749776673921,1.6291961734108118,0.0,0.10650205774237688,1.622418479605663,0.0,0.10498955119256186,1.616712918322893,0.0,0.10629088664475034,1.6197610595357825,0.0,0.10873557210046209,1.6291251876121058,0.0,0.1103234569024411,1.6355083033898437,0.0,0.10892483913093975,1.6302758171092642,0.0,0.10632430887766152,1.6198885103499774,0.0,0.1083914763953375,1.6277938543295092,0.0,0.10974620307612651,1.6330591309746438,0.0,0.10856590230575032,1.6287240170214643,0.0
0.09884325933542625,1.6014366439676953,0.0,0.0969135604745006,1.59439800040403,0.0,0.09901308766547277,1.6024024933307546,0.0,0.10086504013914163,1.609455126189416,0.0,0.10241704803594566,1.6153697377890033,0.0,0.10342099783271681,1.618843302261973,0.0,0.10602409953188377,1.6287605166735986,0.0,0.10763073127124059,1.6357349235095333,0.0,0.10624242263540767,1.6304878120437358,0.0,0.10359896287293432,1.6195139655886324,0.0,0.10618511044973183,1.629368479632603,0.0,0.10415256099075014,1.6225239287403856,0.0,0.10264126233897879,1.616818047388672,0.0,0.10371087534716605,1.619937974400201,0.0,0.10616922865237455,1.6292985235632536,0.0,0.10781013631279703,1.6356682148608228,0.0,0.10641776239991309,1.6304340636178865,0.0,0.10374456168845131,1.6200653557619369,0.0,0.1058211420376961,1.6279682323922522,0.0,0.10719424968209045,1.633228745478097,0.0,0.10602826364379882,1.6288897594843295,0.0
0.10689833534757688,1.6004080780596757,0.0,0.10541294337926597,1.5932624604089292,0.0,0.10755177370974406,1.6012565411101132,0.0,0.10943550644763242,1.6083007521501096,0.0,0.1110299762548576,1.6142040584202908,0.0,0.1115161778664131,1.6178041400621679,0.0,0.11417619698963542,1.6277062397590225,0.0,0.11701519484985658,1.6342761489980226,0.0,0.11564991144979385,1.6290229993865664,0.0,0.11168782102939512,1.6184764786537271,0.0,0.1143384789299993,1.6283138369894672,0.0,0.11347217452205612,1.6212266195600287,0.0,0.11198630376328866,1.6155140637657348,0.0,0.11179849272380563,1.6189008163939165,0.0,0.11430684455023161,1.6282480915434998,0.0,0.1161625327592388,1.6345585563795728,0.0,0.11482149259621866,1.6293110183255537,0.0,0.11183239058776141,1.619028141613689,0.0,0.11394357671360453,1.626921844048092,0.0,0.11539122705309096,1.63216233362675,0.0,0.11432064290360057,1.6277988290175553,0.0
0.11530721527913282,1.599508094963606,0.0,0.11373130815097224,1.5923818927749507,0.0,0.11586804702684049,1.6003765327553356,0.0,0.11774616593834555,1.6074222426243303,0.0,0.11932849182832035,1.6133288155446988,0.0,0.11991784296465241,1.6169060705662113,0.0,0.12256472070092626,1.6268116911117185,0.0,0.12522237896772012,1.633457025474712,0.0,0.1238586927075083,1.6282034610288771,0.0,0.12009011534403564,1.617578239957286,0.0,0.12272378345280988,1.6274201604316962,0.0,0.12170460237771044,1.620353307938859,0.0,0.12022457915545151,1.6146392343589815,0.0,0.12020098606437304,1.6180025244198515,0.0,0.12269569623409836,1.6273534496562236,0.0,0.12450867301028,1.6336763177068307,0.0,0.12317078771893193,1.6284279744163812,0.0,0.1202343773642512,1.618129983741484,0.0,0.12233623319294833,1.6260261756753358,0.0,0.12376830357805799,1.6312709442061226,0.0,0.12269731855213054,1.6269075379713283,0.0
0.10012408460896788,1.601674498753498,0.0,0.09751300201896215,1.5948591859493524,0.0,0.09956195447738612,1.6028767738199488,0.0,0.10136776728133569,1.6099413614456275,0.0,0.10285168468393852,1.6158734224726201,0.0,0.10464340598672359,1.6190964153245269,0.0,0.1071593401717158,1.629036101200808,0.0,0.10675789642836558,1.6361819013085612,0.0,0.10534361594154205,1.630941730480485,0.0,0.1048298893365642,1.6197648739566053,0.0,0.1073144525728074,1.6296454889099823,0.0,0.1039715763577632,1.6233364229862302,0.0,0.10243711187505525,1.6176367278745607,0.0,0.10494353875833722,1.620188433373471,0.0,0.10732245942436762,1.6295694843845192,0.0,0.1086299281441728,1.6360158842110188,0.0,0.10717997211443459,1.6307973909553906,0.0,0.10497623625342017,1.6203160730509636,0.0,0.10699796158139843,1.628233160373904,0.0,0.10825767586027495,1.6335219733281532,0.0,0.1069776209002,1.629215259709303,0.0
0.0757113493736491,1.6039820159438338,0.0,0.07295892033323434,1.5972225503371704,0.0,0.07498291427589987,1.605246475184754,0.0,0.07677684617059329,1.6123140891075005,0.0,0.07825489191232385,1.6182476158556551,0.0,0.08021591497617078,1.6214077535596683,0.0,0.08271695318349774,1.6313511980346904,0.0,0.08198886564549242,1.6384711351689665,0.0,0.08055396961886438,1.6332365718638187,0.0,0.08040578337949433,1.6220753451700494,0.0,0.0828778304728303,1.6319590989862933,0.0,0.07903215430821854,1.6259432940479417,0.0,0.07746647373960112,1.6202520947040657,0.0,0.08051993134487376,1.6224987773463178,0.0,0.08289015967684246,1.6318820283427202,0.0,0.08412771792156971,1.638342213693565,0.0,0.08263316863439621,1.6331363163861432,0.0,0.0805535250875494,1.6226261839924327,0.0,0.08256900997260266,1.6305448622697072,0.0,0.08380569994163878,1.6358391063564417,0.0,0.08245705613271358,1.6315533762235177,0.0
0.10204309307655393,1.6002033512399296,0.0,0.10148190124438239,1.5929265865304116,0.0,0.10369438717814702,1.6009005960257978,0.0,0.10564648881298258,1.6079261677043926,0.0,0.10734225105329641,1.6138011782839607,0.0,0.1067474833103981,1.6175762080933962,0.0,0.10953617015540354,1.6274428440866238,0.0,0.11420854798660116,1.632864329276272,0.0,0.11287987503676815,1.6276018006259731,0.0,0.10690660602737201,1.618251966558028,0.0,0.1097078099308521,1.6280475197850242,0.0,0.11143194880625136,1.621118848963164,0.0,0.10997743721706069,1.6153982282231054,0.0,0.10701458916900664,1.6186770390150664,0.0,0.10964058208918571,1.6279919487188865,0.0,0.11194119853620403,1.6341541487432343,0.0,0.11068412090993252,1.628885866272757,0.0,0.10704990213349876,1.6188039837812165,0.0,0.1092422219805313,1.6266755388162246,0.0,0.11085217503480663,1.6318684641663974,0.0,0.10995379099587055,1.6274662795934625,0.0
0.16392703176684192,1.5871350070117378,0.0,0.16427710242066448,1.579845035033224,0.0,0.16661197433415487,1.5877840711577929,0.0,0.16864652344575257,1.5947862114103368,0.0,0.17043292112166583,1.60063430017755,0.0,0.16873469300347954,1.6044795691612146,0.0,0.17165569607620396,1.6143078457747158,0.0,0.17780127375588858,1.6179760185135603,0.0,0.17655565261940045,1.612693215508794,0.0,0.1688752756158282,1.6051605765154855,0.0,0.17181728358339868,1.6149147651260538,0.0,0.1757165116300264,1.6089335315693574,0.0,0.17437211508947886,1.6031860361534007,0.0,0.16897977125177246,1.605586639381475,0.0,0.17171274598461259,1.6148707241891882,0.0,0.1744824234996694,1.6208368310972945,0.0,0.17341440624778964,1.6155269927290483,0.0,0.16901336263571526,1.6057140518246724,0.0,0.17128019130572492,1.6135644742822015,0.0,0.1730639448438557,1.618700294162673,0.0,0.17249720426189874,1.6142432628627643,0.0
0.12239702335827947,1.597923712657381,0.0,0.11833697356548734,1.5918588765845567,0.0,0.12029231453538178,1.5998998070736896,0.0,0.1220015983144229,1.6069883687872184,0.0,0.12332969186591483,1.6129572486154775,0.0,0.12679378476802938,1.6153769625504257,0.0,0.12911807688199312,1.6253632003961476,0.0,0.12488536383148591,1.6311344876434701,0.0,0.12343050571787713,1.6259054373021462,0.0,0.12699684492899524,1.6160413260388682,0.0,0.12925335002953733,1.625976505506951,0.0,0.12442623111104853,1.6207155115736598,0.0,0.12286862234985868,1.6150220977856284,0.0,0.12711392513666508,1.6164640403519923,0.0,0.12931305024966425,1.6258888602624484,0.0,0.1298471677921563,1.6324447937297104,0.0,0.1283088909371097,1.627251649338839,0.0,0.12714315873438634,1.6165925601542233,0.0,0.12904080197350928,1.624540301664732,0.0,0.1300492952659408,1.6298827134617164,0.0,0.1285790563402302,1.6256371604474522,0.0
-0.10005402431199897,1.6893813016020531,0.0,-0.10659836837221762,1.686150542909166,0.0,-0.10501371472999649,1.6942726605070473,0.0,-0.10357362194506635,1.701420771514481,0.0,-0.10256928247204375,1.7074525756482903,0.0,-0.09599823979374254,1.7069169240507944,0.0,-0.09414846040759085,1.7170018433050536,0.0,-0.10021476774305371,1.7207996757882933,0.0,-0.10191335093146944,1.7156446399247067,0.0,-0.09573831838217675,1.7075686861157968,0.0,-0.09400411113607234,1.7176082145688343,0.0,-0.10075602284225849,1.7152864000777033,0.0,-0.10260749765121753,1.7096816568501798,0.0,-0.09561199402103888,1.7079893987724977,0.0,-0.093816695211307,1.717499408435528,0.0,-0.09528046212571321,1.7239121248331752,0.0,-0.09731416118660183,1.7188922530741606,0.0,-0.095583136469686,1.7081179723247335,0.0,-0.09396670129567877,1.716127640377099,0.0,-0.09362838312285555,1.7215538695782457,0.0,-0.09588246882877696,1.7176673003294143,0.0
-0.17915504401126187,1.7499669059767808,0.0,-0.1785250205898535,1.7426957773574632,0.0,-0.1762516078327961,1.750652630747822,0.0,-0.17420287877138685,1.7576506352803112,0.0,-0.1723277006510643,1.763470864305253,0.0,-0.17432691844739248,1.7673057827069165,0.0,-0.17133078356093293,1.7771114165918063,0.0,-0.16584596206696015,1.7817092801650645,0.0,-0.16717395524591613,1.776446579934244,0.0,-0.1741811513400901,1.7679854149278325,0.0,-0.17111907937880227,1.7777025812655918,0.0,-0.1659182681681553,1.7728106801044308,0.0,-0.16742224899670932,1.767102865524224,0.0,-0.17407698072300876,1.7684115850645559,0.0,-0.17124373544710925,1.7776655627397908,0.0,-0.1683754232012477,1.7835848811158037,0.0,-0.1696236897414373,1.778314503995345,0.0,-0.17403574759213317,1.7685368944539388,0.0,-0.17170164537022137,1.7763675784469575,0.0,-0.1698528760325781,1.781480354059639,0.0,-0.1706526300158304,1.7770591871930894,0.0
-0.24685956157975408,1.7641699329095666,0.0,-0.24234975717449198,1.7584316487464686,0.0,-0.2388201634281727,1.7659164259258882,0.0,-0.2358034487474115,1.7725548587785032,0.0,-0.23275789858346496,1.7778573094463168,0.0,-0.24080720478021184,1.781120343520946,0.0,-0.23626086575504696,1.7903104513337316,0.0,-0.22910381326675924,1.7903251461945848,0.0,-0.2296901186382973,1.784929237965738,0.0,-0.24086516052602744,1.781875113765196,0.0,-0.23609377663507397,1.7908769748003897,0.0,-0.2290908337093744,1.7894848811976625,0.0,-0.22967719392259628,1.783611442059046,0.0,-0.24081096318687067,1.7823195161249497,0.0,-0.2366577132393115,1.791061020370802,0.0,-0.2311774601235942,1.794698652975125,0.0,-0.2305386456921149,1.7893202739935594,0.0,-0.24078667405011073,1.7824502968261025,0.0,-0.23753474252245033,1.789946468270264,0.0,-0.2341004883162843,1.7941612423539925,0.0,-0.23185090561989946,1.7902720649875399,0.0
-0.25150375487083426,1.8121656118038831,0.0,-0.2548394919559972,1.805674148254817,0.0,-0.25266439829701887,1.8136584383932257,0.0,-0.25087668502434435,1.820727627841706,0.0,-0.24957161348341148,1.826701583579637,0.0,-0.24701078290116962,1.829594342268353,0.0,-0.24462385818480664,1.8395657950482027,0.0,-0.2517063372530507,1.8405963805647543,0.0,-0.2529607458375022,1.835315657251979,0.0,-0.24683570523029477,1.830265766103693,0.0,-0.24456085137230504,1.8401967603266587,0.0,-0.2464100779818999,1.8333004210683475,0.0,-0.24764417478481043,1.827528236846086,0.0,-0.24672211564288032,1.8306893489998217,0.0,-0.24452141706451208,1.8401138016297798,0.0,-0.24361775812846945,1.846629087172538,0.0,-0.24473156949970631,1.8413286656254801,0.0,-0.24670420330418624,1.8308207980165097,0.0,-0.24480299823645504,1.8387676882429622,0.0,-0.2436718091153878,1.844085472904061,0.0,-0.24451075832906208,1.8396715758603503,0.0
-0.13653999095697303,1.716735156153177,0.0,-0.1434573575421427,1.7190624465167892,0.0,-0.14351045592814085,1.7273375357610825,0.0,-0.14345714413660995,1.7346290730514407,0.0,-0.14435475377625864,1.740677680810299,0.0,-0.13431547665072563,1.7345956986652238,0.0,-0.13526701599964908,1.7448046091364646,0.0,-0.14227739134282155,1.7462462241359982,0.0,-0.14499488877244085,1.7415478427846343,0.0,-0.1337940985845033,1.7352247842782171,0.0,-0.1352022339214993,1.7453152134665366,0.0,-0.14231622850743023,1.7447067603042434,0.0,-0.14513778610815845,1.7395221756226655,0.0,-0.13364613376759588,1.7356459600487812,0.0,-0.134426256545084,1.7452924511237369,0.0,-0.14047239993699842,1.74788275907083,0.0,-0.14395792694154808,1.7437371414030067,0.0,-0.13368517959511048,1.735785135679593,0.0,-0.13391065037907496,1.7439531714230525,0.0,-0.1369586452673553,1.7484551876036605,0.0,-0.14077407310933568,1.7460826713701558,0.0
-0.18348838599202708,1.578955198556264,0.0,-0.19027167677022716,1.57626202066972,0.0,-0.1891738800853715,1.584464140144486,0.0,-0.18786814295410673,1.5916380100030658,0.0,-0.18672779999473732,1.5976455866210317,0.0,-0.1796031206914632,1.5965293886163368,0.0,-0.17781115281271176,1.6066247405796852,0.0,-0.1820549897973002,1.612387852925222,0.0,-0.18422738249627046,1.6074138917709413,0.0,-0.17928610818207463,1.59716912548956,0.0,-0.17749221137584864,1.6071981603673735,0.0,-0.18448082430158907,1.6086604953473056,0.0,-0.18707432262348192,1.6033581494448754,0.0,-0.17915366258618715,1.5975885848938403,0.0,-0.17727847111678688,1.6070831643242438,0.0,-0.1787483029107599,1.6134944933341908,0.0,-0.1816994408448984,1.6089529265075437,0.0,-0.17909688472389332,1.5977106346877077,0.0,-0.1774300359017377,1.6057099634086025,0.0,-0.1772322732337779,1.6111431312190607,0.0,-0.18044945731075554,1.6080068835390386,0.0
-0.2058855490037584,1.6240614439593428,0.0,-0.19992005622953443,1.6198567873894354,0.0,-0.19166830181272712,1.62048006139364,0.0,-0.1844280245134246,1.6213447826394791,0.0,-0.17832394446778296,1.6217075024791803,0.0,-0.19022419820177983,1.6329310287174188,0.0,-0.18038479282362105,1.6358143223109711,0.0,-0.17324800853863342,1.635275874236785,0.0,-0.17049688267642954,1.6305971045167469,0.0,-0.19107349893673434,1.635463612434481,0.0,-0.18112296317733254,1.637651406856417,0.0,-0.1739830892868732,1.6376148685519099,0.0,-0.17008001535654607,1.6331868758340884,0.0,-0.19179102956590194,1.63699734111518,0.0,-0.18272939514617972,1.6403958942264993,0.0,-0.17622320418150533,1.6413628607758446,0.0,-0.17091455722227045,1.6402889372173834,0.0,-0.19254606974888508,1.6379578449710253,0.0,-0.18533178831019798,1.6417947432371078,0.0,-0.17999661164214315,1.642840837138286,0.0,-0.17553052531832308,1.6423505353498031,0.0
-0.1674196522265068,1.6338811697673583,0.0,-0.1616487681999618,1.6294131569582504,0.0,-0.15496625404121997,1.6342941328809355,0.0,-0.14946970616045416,1.6390855125985377,0.0,-0.14393806156306974,1.641691710391097,0.0,-0.15787711293216874,1.6491418180674582,0.0,-0.15037575677578766,1.6561315917374337,0.0,-0.14371111816820456,1.6535227206234548,0.0,-0.14218659052475263,1.6483135560966633,0.0,-0.15856952267878666,1.6503457219966793,0.0,-0.150970623667103,1.657132204159186,0.0,-0.1441565052816955,1.654999852206761,0.0,-0.14162085534162583,1.649669600336905,0.0,-0.15872356943758334,1.6509214472750369,0.0,-0.1522571835669042,1.6581220885922137,0.0,-0.14572296597827397,1.6588767710955215,0.0,-0.14170827395187927,1.655241211677713,0.0,-0.15890042498892423,1.6511575824489053,0.0,-0.1539234896392337,1.6576381502871318,0.0,-0.14891295396315976,1.6597483528291237,0.0,-0.14476386441611766,1.6580245840435182,0.0
-0.17444891492300674,1.6305377368231244,0.0,-0.1808214406541,1.6340954266236465,0.0,-0.1842416965462254,1.6416307946353628,0.0,-0.18719875751772924,1.6482960139576814,0.0,-0.191169909811044,1.6529458858214012,0.0,-0.17718872863547544,1.6483265215917446,0.0,-0.18391450801749878,1.6560654602687668,0.0,-0.19104481263400874,1.6566838228928134,0.0,-0.19582810031832013,1.6541187227910732,0.0,-0.17623274838213582,1.6491448379222629,0.0,-0.18336738786196252,1.6564178377039682,0.0,-0.19049889730373148,1.656070408140863,0.0,-0.19516151818974098,1.6524508678263994,0.0,-0.17631734850756928,1.6495772186792723,0.0,-0.18284198776589433,1.6567251179619902,0.0,-0.18941448198669436,1.6569856268752998,0.0,-0.19422751855194367,1.654501734090016,0.0,-0.17698585591971705,1.6496326470938718,0.0,-0.182138762525399,1.6559741925280678,0.0,-0.18735115144307968,1.6575199688056315,0.0,-0.19173587882739007,1.6565399235715321,0.0
-0.18117343674742878,1.632525182185843,0.0,-0.1875356562674593,1.6361012699489057,0.0,-0.1920694279139158,1.6430240465665211,0.0,-0.1957032866771336,1.649345789102625,0.0,-0.19969516536047102,1.6539778797173723,0.0,-0.1854197401970368,1.6500156467233325,0.0,-0.19294446796248937,1.6569802538334417,0.0,-0.20002019146302735,1.6580562432399766,0.0,-0.20528096914553365,1.6567206543144175,0.0,-0.18444351438848303,1.6509293356666457,0.0,-0.1923053145294813,1.6574094363506464,0.0,-0.19944046608985094,1.6576716317547142,0.0,-0.20485753451228128,1.6553271754592402,0.0,-0.184709545306608,1.6513264813342585,0.0,-0.19205228295569743,1.657631049949461,0.0,-0.1986169492659836,1.6580442102221846,0.0,-0.20378587631150835,1.6564264223667307,0.0,-0.1856362240753925,1.651263783978241,0.0,-0.19158342019739633,1.6568672207153938,0.0,-0.19685108680355168,1.658212624393044,0.0,-0.20131162046895357,1.6576741429027224,0.0
-0.18961148949432446,1.6387322650528222,0.0,-0.19603032765515324,1.6422057010426272,0.0,-0.20104377321807507,1.648789414662404,0.0,-0.20490259232791022,1.6549764069269355,0.0,-0.20867189068238529,1.659791357477114,0.0,-0.19413526277201612,1.6561530261744084,0.0,-0.20169253199899081,1.6630823091079723,0.0,-0.20873006914950448,1.6643848785357496,0.0,-0.21406508147921768,1.6633862679787053,0.0,-0.19324198276293122,1.6570687257732029,0.0,-0.20116468434035675,1.6634742238839548,0.0,-0.20826938410906595,1.6641830083475702,0.0,-0.2139042013754978,1.6624251858341743,0.0,-0.19360563590302984,1.6574416131942282,0.0,-0.20103830129018857,1.663639908673607,0.0,-0.20758161343712184,1.6643111845663356,0.0,-0.21287399474076787,1.6631597747852285,0.0,-0.1945653263442713,1.6573470755093591,0.0,-0.20057055056982695,1.6628882781749952,0.0,-0.20581228668693138,1.6643314084560445,0.0,-0.2102963666171346,1.6640497170022326,0.0
-0.2014749993922247,1.6589289781525123,0.0,-0.2080496046154418,1.6620977014078677,0.0,-0.21345011968564112,1.6683678177079189,0.0,-0.21750434093719906,1.6744285642169898,0.0,-0.2210975090915365,1.6793763416473486,0.0,-0.20594218458439031,1.6763643358827747,0.0,-0.21335014480606374,1.6834530173889832,0.0,-0.22036164785586593,1.6848891375934423,0.0,-0.22571391851999237,1.6839875953921208,0.0,-0.20523476821848713,1.677239368959279,0.0,-0.21303416635002026,1.6837944429571547,0.0,-0.2200755974032051,1.6849765524878684,0.0,-0.22582004018689159,1.6836191716571391,0.0,-0.20571988298720786,1.6775830360669595,0.0,-0.21310239485808694,1.6838409830213115,0.0,-0.21960277207787984,1.684846289530174,0.0,-0.22496685825692933,1.684096873883859,0.0,-0.20667539606148455,1.6774764184705464,0.0,-0.21260019208187808,1.683103534703359,0.0,-0.2177882572090393,1.684729081616177,0.0,-0.22228105857577693,1.6846965427987035,0.0
-0.21431174381831516,1.6921385723615407,0.0,-0.22119297271979635,1.6945706352134433,0.0,-0.2269186696326826,1.7005452746420098,0.0,-0.23118088105910603,1.7064616005255515,0.0,-0.2348616450865495,1.7113445642833518,0.0,-0.21875533099760328,1.7095799592244996,0.0,-0.22605032622649512,1.7167848412327495,0.0,-0.23305647249877057,1.7182468708735303,0.0,-0.2384024340034283,1.7173086410543765,0.0,-0.2182605591815985,1.710409126002582,0.0,-0.22590211244716712,1.7171475434741599,0.0,-0.2328792554398766,1.71866366018426,0.0,-0.2386643379236668,1.7174915141735498,0.0,-0.21886348816689638,1.7107201367950233,0.0,-0.22623646461558028,1.716989315361176,0.0,-0.23270187618185562,1.7181992733997196,0.0,-0.23809250068803003,1.7176737148581245,0.0,-0.2198374234496507,1.7105917166052877,0.0,-0.225755171377657,1.716226244486258,0.0,-0.23092271158376051,1.717915904436586,0.0,-0.23541508237846764,1.717986100864306,0.0
-0.22285105625893645,1.722783083641928,0.0,-0.23001028259250814,1.7242014345205465,0.0,-0.2359585904092182,1.729954482022287,0.0,-0.24036961641908805,1.7357607034910265,0.0,-0.24435412286543778,1.7403991371991558,0.0,-0.22774268749569873,1.7401041513505555,0.0,-0.23514038172038393,1.747203545712078,0.0,-0.24217011748126097,1.7485475811994398,0.0,-0.2474779843366387,1.7474135049019999,0.0,-0.22715644655250397,1.7409729128754179,0.0,-0.23483833915296126,1.7476653064985417,0.0,-0.24183612351559589,1.749083103463352,0.0,-0.24758640998208636,1.7477506954297615,0.0,-0.2276865094469876,1.7412928460898007,0.0,-0.23520990515628667,1.7473806945281618,0.0,-0.2417140495228608,1.7483613327056389,0.0,-0.24708336235929204,1.747650330587677,0.0,-0.22866685151720054,1.7411468575836493,0.0,-0.23477692018358268,1.7465722336879344,0.0,-0.24002652286486262,1.7479864805610572,0.0,-0.24451491250318946,1.7477847843782415,0.0
-0.22397842823246317,1.7387279033567418,0.0,-0.2312188056799823,1.7396461491449926,0.0,-0.23728644732193985,1.7452731951146288,0.0,-0.24177030331710517,1.7510233597747424,0.0,-0.2459924966876719,1.7554465308122738,0.0,-0.2295331911268228,1.7558478347792321,0.0,-0.23707735642209085,1.7627913821535957,0.0,-0.24414372823325842,1.7639271663256006,0.0,-0.24937337730668327,1.762474461891912,0.0,-0.22850750349180482,1.7568633314029358,0.0,-0.23639828335723065,1.7633081121941792,0.0,-0.24346447578069097,1.764331859650338,0.0,-0.2491213731525242,1.7626464464252722,0.0,-0.22876410400868466,1.7572505981060322,0.0,-0.23646313159570828,1.7631147566834757,0.0,-0.24302120193540439,1.7636219633434889,0.0,-0.2483091201351835,1.7624502272556017,0.0,-0.22969671231966873,1.7571222746416402,0.0,-0.2360206187581906,1.762296813494299,0.0,-0.24135973047325557,1.7633226344452912,0.0,-0.24580635729243913,1.7626793360491175,0.0
-0.22064347487102398,1.7430734347838714,0.0,-0.22786900219275566,1.7441020240279785,0.0,-0.23387931351818808,1.749790264459869,0.0,-0.23838506350898367,1.7555232894226829,0.0,-0.24274245173600442,1.7598133391572122,0.0,-0.2263612847930026,1.7601396028487724,0.0,-0.233857697054283,1.7671346784989197,0.0,-0.24093696960227576,1.7681870645736457,0.0,-0.24611919093546147,1.7665733230650063,0.0,-0.22496722636088437,1.761258908277223,0.0,-0.23300016425881526,1.7675256071737533,0.0,-0.24009261446575003,1.7683479722274307,0.0,-0.2457069211888923,1.7665257028639285,0.0,-0.22497666349313852,1.761707178094749,0.0,-0.2326933370540995,1.7675480967520085,0.0,-0.23926237409136294,1.7678846938099644,0.0,-0.24449075925430142,1.7664708221979795,0.0,-0.22585811037798584,1.7616168768699088,0.0,-0.23220566906919077,1.7667623742844023,0.0,-0.23755548167892349,1.7677308408920787,0.0,-0.2419848372531812,1.7669777591618565,0.0
-0.21770146839930984,1.7448642811332415,0.0,-0.2248683321883788,1.7462435216268164,0.0,-0.23056375124051473,1.7522470308722646,0.0,-0.235011157004169,1.7580254337811327,0.0,-0.23944734924074132,1.7622339438887467,0.0,-0.2230367820305193,1.7620538672591481,0.0,-0.23026777285374836,1.7693229835642252,0.0,-0.2372959511938362,1.7706751394276379,0.0,-0.2425581587502579,1.7693451953551407,0.0,-0.22163218089336792,1.7631387379627212,0.0,-0.22960683784222405,1.7694794361009272,0.0,-0.23666325554671677,1.770568519843842,0.0,-0.24237386766836982,1.7690751964325513,0.0,-0.22157695747275044,1.7635985678250843,0.0,-0.22910417105198605,1.769681695091526,0.0,-0.23564514342425671,1.7703753993524003,0.0,-0.2409411850453914,1.7692409446400292,0.0,-0.2224423021179194,1.763534475656095,0.0,-0.22859069755481937,1.768916378528905,0.0,-0.23385819273918598,1.7702624531970097,0.0,-0.23833439869387418,1.7698752799195017,0.0
-0.21616524390659916,1.7473055673437496,0.0,-0.22329040775019574,1.7488861625202854,0.0,-0.22861982528320202,1.7552168204796528,0.0,-0.23295697549599592,1.761078431711683,0.0,-0.23736887975543217,1.7653123967199562,0.0,-0.22147979704247614,1.7645015833849513,0.0,-0.2284871607058601,1.7719865105476862,0.0,-0.2353846883954296,1.773896413171032,0.0,-0.24076093010528307,1.7731510242255386,0.0,-0.22035590279532438,1.765522171066777,0.0,-0.228130962405863,1.7721060950019663,0.0,-0.2350900562388645,1.7737030130470894,0.0,-0.24091926475248335,1.7727748785097333,0.0,-0.220395541605657,1.765962938401534,0.0,-0.22764867788532717,1.7723703868574865,0.0,-0.23410719708279673,1.7736166111359697,0.0,-0.23949580943477233,1.7730708078130157,0.0,-0.22123427148890434,1.7658893405676812,0.0,-0.22713743801994232,1.7715391432091623,0.0,-0.23226178710923356,1.7733555872464282,0.0,-0.23675292962754102,1.77348192716828,0.0
-0.214505076446187,1.7483262246722155,0.0,-0.22166439378965888,1.7497441160945912,0.0,-0.22697471543041747,1.7560908007024245,0.0,-0.23129277485005106,1.7619664896877534,0.0,-0.23558990932113386,1.766316891304058,0.0,-0.2208098731095898,1.7651843675639007,0.0,-0.22796019265176415,1.7725328511208776,0.0,-0.2347623216489842,1.774758757085697,0.0,-0.2401804771233202,1.7744375548771814,0.0,-0.21995159407210782,1.7662075478579868,0.0,-0.2276340600733244,1.7728992832436652,0.0,-0.2345105638197807,1.7748209571089013,0.0,-0.24038467723487247,1.7742413907181238,0.0,-0.22007267059931307,1.766629088075426,0.0,-0.22721966621528467,1.7731547171847486,0.0,-0.23360791267468092,1.7747218331186776,0.0,-0.23902267709922403,1.7745978549999881,0.0,-0.22080219288886618,1.766530564604661,0.0,-0.22667504249553608,1.7722118745309272,0.0,-0.2317198573237525,1.7742387602895349,0.0,-0.23619521589574477,1.7746356085573873,0.0
-0.21251057717413438,1.747116822255612,0.0,-0.21973533002967674,1.7481508372876673,0.0,-0.22545742036253966,1.7541289309354928,0.0,-0.22991404895845624,1.759900223664324,0.0,-0.23413787666018734,1.764321834053289,0.0,-0.2201401807059296,1.7634182514159937,0.0,-0.22776283878955328,1.770275536876183,0.0,-0.23461615962576285,1.7723384498106078,0.0,-0.24003742980240325,1.7720749934106061,0.0,-0.21938580671541544,1.7644989248867138,0.0,-0.22725866969055003,1.770965580506626,0.0,-0.23413758238972934,1.7728786132550203,0.0,-0.24001415166727183,1.7723245021281477,0.0,-0.2195161243070213,1.7649189351296337,0.0,-0.2268503555621739,1.7712333973793504,0.0,-0.23323785042545253,1.7728035739770465,0.0,-0.23865373925250294,1.7727470712316042,0.0,-0.22012053662423778,1.7648125896884324,0.0,-0.22620205328383325,1.770269951697674,0.0,-0.23127713377145195,1.772219818506877,0.0,-0.23575412751729566,1.7725977733921197,0.0
-0.21172751501969897,1.7459101878448242,0.0,-0.21899011253130493,1.7466319345418024,0.0,-0.22525620487760104,1.752037117993574,0.0,-0.229907928868818,1.7576523492544696,0.0,-0.23415368082187382,1.762052911632034,0.0,-0.22009750489495652,1.761844136263575,0.0,-0.22817863015720521,1.7681546587964725,0.0,-0.2351443549241354,1.7697985245849162,0.0,-0.24055387772716072,1.7693550805113496,0.0,-0.21934653081294656,1.762979366836964,0.0,-0.2275472237865019,1.7690248809660738,0.0,-0.23447984383415746,1.770733071088456,0.0,-0.24034207016674483,1.7700435726909243,0.0,-0.2195012096228194,1.7633905364005003,0.0,-0.2271424828364321,1.7693297556490277,0.0,-0.2335656112966508,1.7707471356121611,0.0,-0.2389778454932695,1.7705403377684528,0.0,-0.22009010855112035,1.7632629598797736,0.0,-0.22639646123652063,1.7684588775839138,0.0,-0.2315409838572018,1.7702173739685387,0.0,-0.23602748277887234,1.770457478782008,0.0
-0.21326053711705334,1.7463553092654873,0.0,-0.22053350763658003,1.7469637011887402,0.0,-0.2271212055555794,1.7519719102067053,0.0,-0.23188851438545285,1.7574893484459981,0.0,-0.23618186803594693,1.7618434813467607,0.0,-0.22166388404265616,1.7622716908634288,0.0,-0.2299495410503412,1.7683111583973559,0.0,-0.23697330020467242,1.7696860851594014,0.0,-0.24236765429412824,1.7690856490175817,0.0,-0.22090740955778043,1.7634120268570614,0.0,-0.22930382134353797,1.76918263128431,0.0,-0.2362750925057177,1.7707255222729155,0.0,-0.24212292649348033,1.7699230615160881,0.0,-0.22112554072330476,1.7637947654406139,0.0,-0.22894614585460207,1.7694957756131604,0.0,-0.2353924004346434,1.7708039602582544,0.0,-0.24079803290289797,1.7704660520379287,0.0,-0.22178754205732748,1.7636278844822066,0.0,-0.22818181778131005,1.768715210198783,0.0,-0.23336767664733898,1.7703477818973825,0.0,-0.2378583213225928,1.770490726978504,0.0
-0.2163913073549148,1.7473282721802614,0.0,-0.22366421536337794,1.7479374109252255,0.0,-0.23029071536142712,1.7528941658329722,0.0,-0.235073214591625,1.7583984422901424,0.0,-0.23938159558780667,1.7627377062919583,0.0,-0.22464642340075996,1.7633220366462325,0.0,-0.2329325057271918,1.769360920634351,0.0,-0.23995819678642993,1.770725941293236,0.0,-0.24535053468953127,1.7701076601746428,0.0,-0.22390447036042263,1.764444307199393,0.0,-0.23231796811020372,1.770189971821194,0.0,-0.23929639990395873,1.7717001452944308,0.0,-0.24514094936207198,1.7708741021682273,0.0,-0.22416096676640768,1.76481041467024,0.0,-0.23199870105505757,1.7704878527216568,0.0,-0.23844781372256507,1.7717818739649744,0.0,-0.24385257838512445,1.7714303582618243,0.0,-0.22486486723915453,1.7646271291007891,0.0,-0.23125093856593423,1.7697247499174187,0.0,-0.2364434751458041,1.77133595642068,0.0,-0.24093467350835884,1.7714602953276555,0.0
-0.2192801837887304,1.7469336422994717,0.0,-0.22655371499927546,1.7475352938925144,0.0,-0.23312843670108613,1.7525605258258041,0.0,-0.23790237537230383,1.7580722286268677,0.0,-0.24220663086076302,1.7624155848839322,0.0,-0.22759341187290663,1.7628972785250874,0.0,-0.2358468055517337,1.7689807621426092,0.0,-0.24286068301564073,1.7704052407069752,0.0,-0.24825683430679632,1.7698211766301892,0.0,-0.22686008652744621,1.7640202261474816,0.0,-0.23524148750164903,1.7698126111520733,0.0,-0.24221518147799126,1.7713445140679551,0.0,-0.24806204741142188,1.770535030052567,0.0,-0.22710360374755456,1.7643917926470423,0.0,-0.23491425495981783,1.7701064325523665,0.0,-0.24136086585708355,1.7714128601682788,0.0,-0.24676754412288399,1.7710921196542595,0.0,-0.2277837523737161,1.7642177676516302,0.0,-0.23416163685583907,1.7693256277234752,0.0,-0.23934976348894896,1.7709509783220398,0.0,-0.24384060497351687,1.7710876006338572,0.0
-0.2207628173418735,1.7449119479365265,0.0,-0.2280396179391329,1.7454726742315305,0.0,-0.23462309202904078,1.7504864343322062,0.0,-0.23941537979470884,1.755982190529021,0.0,-0.2437266431128902,1.7603185908203935,0.0,-0.2292338532654148,1.760792407410528,0.0,-0.23750767517462962,1.766848078402,0.0,-0.24452318045522514,1.7682645182761128,0.0,-0.24991954754977228,1.7676824514554454,0.0,-0.2284980585867873,1.7619287724348414,0.0,-0.23689159869191967,1.767703553022476,0.0,-0.24386626435447106,1.769231025809463,0.0,-0.24971348974518728,1.768424142394809,0.0,-0.22872193680272795,1.76230865253304,0.0,-0.23654425667437082,1.7680073096935345,0.0,-0.24299277881229012,1.769304270530695,0.0,-0.2483995705119711,1.7689854479099902,0.0,-0.22937397179765892,1.7621427252494424,0.0,-0.2357728240838886,1.767224293353863,0.0,-0.24096248404654697,1.7688447414404798,0.0,-0.2454533275436587,1.76898129758297,0.0
-0.22124874523321417,1.742562426326113,0.0,-0.22852859248383667,1.7430821040317996,0.0,-0.23516481772755413,1.7480258309613805,0.0,-0.23998882700189006,1.7534937640923653,0.0,-0.24431754703955003,1.7578127387069324,0.0,-0.22980385856546362,1.7583977500864816,0.0,-0.2381186889313494,1.76439698971571,0.0,-0.24514331563080408,1.7657674772174223,0.0,-0.25053717279584276,1.765162593355848,0.0,-0.22906639798996373,1.759541548167314,0.0,-0.23749873667663138,1.765259526009621,0.0,-0.24447980085121992,1.766757483689142,0.0,-0.2503250815271003,1.765936630818733,0.0,-0.22929079982593153,1.7599209479030868,0.0,-0.23714810431019134,1.7655712707123417,0.0,-0.24360109850220074,1.7668457945976639,0.0,-0.24900667595681103,1.7665070074529539,0.0,-0.22994160955548146,1.7597521260833322,0.0,-0.23636464549680752,1.7648030917610307,0.0,-0.241560752719415,1.7664027455550142,0.0,-0.2460519771079953,1.7665261408021817,0.0
-0.22203792888022103,1.7413793658159458,0.0,-0.22931965086145584,1.7418720786107722,0.0,-0.2359896936988382,1.7467700833052473,0.0,-0.24083592089244765,1.7522183344183773,0.0,-0.24517878929694953,1.7565230821353628,0.0,-0.23062236352483748,1.7571988134850534,0.0,-0.2389583896159102,1.7631685663401817,0.0,-0.2459873281388646,1.7645167649529865,0.0,-0.2513797396848505,1.7638991264490462,0.0,-0.22988831544371544,1.7583433778392605,0.0,-0.23834421648730444,1.7640264530519265,0.0,-0.2453300051408096,1.7655022210241762,0.0,-0.2511737640393646,1.76467060359396,0.0,-0.2301195882166822,1.7587194839176168,0.0,-0.23799867989084153,1.764339385695882,0.0,-0.24445461121956946,1.7655989474669407,0.0,-0.24985950018631853,1.7652493482616696,0.0,-0.23077546173801364,1.7585464036334517,0.0,-0.23721056743673793,1.7635819830069797,0.0,-0.24241134518316615,1.7651663861632805,0.0,-0.2469028343361779,1.765279735552252,0.0
-0.22409361247724127,1.7419446570060138,0.0,-0.23137698476256546,1.7424123417968242,0.0,-0.23805868176279685,1.7472944362896332,0.0,-0.24291984817659878,1.7527293621677962,0.0,-0.24727172106326983,1.7570250066204913,0.0,-0.23273252157748472,1.7577344224343239,0.0,-0.24107792155258995,1.763691064055059,0.0,-0.24810725606428738,1.7650371965083118,0.0,-0.25349963940442855,1.764419311797544,0.0,-0.23200247621463493,1.758881485147871,0.0,-0.24046808167161038,1.7645500943757693,0.0,-0.2474559965825664,1.766015761260364,0.0,-0.25329932723951715,1.7651811401198343,0.0,-0.23223250751343155,1.7592579842714584,0.0,-0.24012127867030958,1.7648642906528083,0.0,-0.2465788066897752,1.7661156407453802,0.0,-0.2519837128965039,1.7657663081765043,0.0,-0.23288222217977686,1.7590856023523236,0.0,-0.2393262944432441,1.7641097020372487,0.0,-0.24452935806460346,1.765686582337565,0.0,-0.24902094361631422,1.765796045241169,0.0
-0.2273383991184651,1.743688365143484,0.0,-0.23462371517614466,1.744124726060501,0.0,-0.24132215613870642,1.7489838216667524,0.0,-0.24620152860808348,1.7544024084298195,0.0,-0.2505631402085874,1.7586881642712158,0.0,-0.2360611225417901,1.7594319841303467,0.0,-0.244422984934362,1.7653654938396208,0.0,-0.25145418123661345,1.766701867596564,0.0,-0.2568462261931326,1.7660810368710769,0.0,-0.23533285441032373,1.7605849611826256,0.0,-0.24381288155756123,1.766231973305324,0.0,-0.25080323831841034,1.7676859494314727,0.0,-0.25664609457857424,1.7668480136715585,0.0,-0.23555740308979728,1.760963806878205,0.0,-0.2434599319591356,1.76655070396661,0.0,-0.24991951513964944,1.7677914014762335,0.0,-0.255324278114632,1.76743985982654,0.0,-0.2361962225682807,1.760793645953824,0.0,-0.2426542625016556,1.7657997787127298,0.0,-0.24786002760022097,1.7673677175725062,0.0,-0.25235171788565336,1.7674727950456133,0.0
-0.2309152204430152,1.7453675667079422,0.0,-0.2382024619962957,1.745770495304999,0.0,-0.24492832663823522,1.7505915601518895,0.0,-0.24982977315529512,1.7559901877778887,0.0,-0.254203598242855,1.7602634784290316,0.0,-0.23971581340725304,1.7610677898337814,0.0,-0.24810053311615118,1.7669689554428432,0.0,-0.25513552044918264,1.7682852264951452,0.0,-0.26052652365037066,1.767655413755029,0.0,-0.23898868145089724,1.7622265554225025,0.0,-0.24749005228037813,1.767841384035331,0.0,-0.25448401487146494,1.769277915097939,0.0,-0.26032588334366347,1.7684331202304047,0.0,-0.2392106245373789,1.7626064525281373,0.0,-0.24713296282765973,1.768165223761198,0.0,-0.25359524113215876,1.769391806123522,0.0,-0.2589995059119526,1.7690326870108426,0.0,-0.23984269070867564,1.762436601318149,0.0,-0.24631688164466545,1.767421829167024,0.0,-0.2515264542208259,1.7689770706605406,0.0,-0.2560183082417137,1.7690748988294724,0.0
-0.23408584294384813,1.7457742735412096,0.0,-0.24137474145591775,1.7461460253279344,0.0,-0.24812735054177598,1.750929558747197,0.0,-0.25305008245791627,1.7563087844057481,0.0,-0.2574362231980317,1.7605694332170927,0.0,-0.24295106800479555,1.7614380925947508,0.0,-0.2513564592824409,1.7673097769878396,0.0,-0.2583948410901674,1.7686077745948119,0.0,-0.2637848209845385,1.7679692635603674,0.0,-0.24222592717795746,1.7626011954755703,0.0,-0.2507475733274746,1.768185204182065,0.0,-0.25774514194619447,1.7696040655726408,0.0,-0.2635859544866819,1.7687520007385087,0.0,-0.24244747646442433,1.7629811325886384,0.0,-0.25038872301339365,1.76851285789415,0.0,-0.2568535649636972,1.7697258557234798,0.0,-0.26225734000297884,1.7693594411058005,0.0,-0.24307538007549548,1.762810701864876,0.0,-0.24956384789924618,1.767777333548523,0.0,-0.2547771910433789,1.769319888504096,0.0,-0.2592692017706758,1.7694102351778196,0.0
-0.23671242164049516,1.7443277840507572,0.0,-0.2440027935598932,1.7446694244860634,0.0,-0.2507772471656775,1.7494219711489267,0.0,-0.2557194926489451,1.754783273955794,0.0,-0.26011690528016657,1.7590322880810338,0.0,-0.24564367372468784,1.7599540497253172,0.0,-0.2540665956861059,1.7658005585788314,0.0,-0.26110743876617326,1.7670851382692,0.0,-0.26649671056495794,1.766440677966577,0.0,-0.24492094810991075,1.7611214247020386,0.0,-0.25345964290528133,1.7666793287605214,0.0,-0.26046027480133777,1.7680829979791326,0.0,-0.2663002458810344,1.7672251848275744,0.0,-0.24514101800695667,1.7615019412848627,0.0,-0.25309836023452226,1.7670104879426078,0.0,-0.2595654420737342,1.7682114865526397,0.0,-0.2649688858676079,1.7678402191104101,0.0,-0.24576312092995414,1.761331798583816,0.0,-0.25226465061043013,1.766281319448985,0.0,-0.2574812531945768,1.767812815452412,0.0,-0.2619733853734354,1.7678969069696155,0.0
-0.2387597885624206,1.7412071031422156,0.0,-0.2460515559625592,1.741517536858909,0.0,-0.25284739470497036,1.746239453548852,0.0,-0.2578093301316916,1.751582538334334,0.0,-0.2622178571386098,1.755820019722492,0.0,-0.24776405308869467,1.7567914113740304,0.0,-0.2562050548780864,1.7626117866998874,0.0,-0.2632483656486281,1.763882766498552,0.0,-0.26863695493990875,1.7632326241658838,0.0,-0.24704341403625904,1.757963827826134,0.0,-0.2555991756376754,1.7634954234143452,0.0,-0.26260276035630226,1.7648842845695283,0.0,-0.26844194307305735,1.764021121308593,0.0,-0.24726070349105253,1.7583455791184124,0.0,-0.25523414820592555,1.7638307920573981,0.0,-0.2617034589860021,1.7650197257002684,0.0,-0.26710658266854986,1.7646438283495156,0.0,-0.2478754042314902,1.75817640539194,0.0,-0.2543906972205321,1.7631077948764358,0.0,-0.2596104851556288,1.7646283988492235,0.0,-0.2641027255325742,1.7647064968091444,0.0
-0.2399595858631145,1.7372767921240744,0.0,-0.24725264942634995,1.7375551170650896,0.0,-0.25407197215535127,1.74224305466678,0.0,-0.25905451314074723,1.747566929527504,0.0,-0.2634746483261768,1.7517923009701397,0.0,-0.24903816109570556,1.7528179283267307,0.0,-0.2574987682543448,1.7586097679869372,0.0,-0.26454492984861955,1.7598648468874087,0.0,-0.2699326825763303,1.7592078079632356,0.0,-0.24831934380842402,1.7539956652984035,0.0,-0.25689363375853885,1.7594984971314824,0.0,-0.26390036294767233,1.7608714065565736,0.0,-0.2697386569097802,1.7600022522396108,0.0,-0.24853400176190857,1.7543786138225081,0.0,-0.256524829762694,1.759838471830645,0.0,-0.26299648907005807,1.7610145547298368,0.0,-0.26839921216269735,1.760632942974941,0.0,-0.2491416057566371,1.754210255400783,0.0,-0.25567135448900336,1.759122487731711,0.0,-0.2608945283597641,1.7606314202170266,0.0,-0.26538687755413115,1.7607029856519303,0.0
-0.24037625053782372,1.7338056542579128,0.0,-0.24767046519809385,1.7340519739690285,0.0,-0.2545137657675569,1.7387048396188838,0.0,-0.2595170614769019,1.7440092142520192,0.0,-0.2639490013049238,1.7482222022945497,0.0,-0.24952704848046045,1.7493043748417663,0.0,-0.258007279351543,1.7550674438605702,0.0,-0.2650563161140259,1.756306272735034,0.0,-0.270443183842916,1.7556420170054583,0.0,-0.24881013433624485,1.7504872572144092,0.0,-0.25740317693808656,1.7559607593085644,0.0,-0.2644130957100398,1.7573172890833857,0.0,-0.27025045097239253,1.7564418525318515,0.0,-0.2490226257049315,1.7508712075709505,0.0,-0.25703104608549143,1.7563052286065546,0.0,-0.2635050538657726,1.757468314345966,0.0,-0.26890734999480104,1.7570807051594193,0.0,-0.2496237142089261,1.7507034672383055,0.0,-0.2561677494467052,1.755596651047193,0.0,-0.2613943559762635,1.7570936502838719,0.0,-0.26588680774696216,1.757158457563934,0.0
-0.24072916182143472,1.731616753515211,0.0,-0.2480243817864292,1.7318312449428486,0.0,-0.25489076232617597,1.7364499828357154,0.0,-0.25991451059777193,1.7417349910199509,0.0,-0.264358113175023,1.7459356760856468,0.0,-0.24995211252907545,1.7470726463385893,0.0,-0.2584513233947746,1.7528076872977054,0.0,-0.2655030406809376,1.7540311657711865,0.0,-0.2708890737258658,1.753360175725229,0.0,-0.24923721608203767,1.7482606498685922,0.0,-0.25784840646003515,1.7537055563513217,0.0,-0.2648614049490073,1.755046073569799,0.0,-0.270697849321627,1.754164584658924,0.0,-0.24944740092831752,1.7486457059282552,0.0,-0.2574728925539011,1.754054482663788,0.0,-0.2639491732534044,1.7552048449882773,0.0,-0.2693510668190836,1.754811665319061,0.0,-0.2500417396306795,1.748478768887504,0.0,-0.25659976670077334,1.7533531843323313,0.0,-0.2618297076208353,1.7548384925502107,0.0,-0.2663222494511227,1.7548967231153785,0.0
-0.24165186793061777,1.7306101710329114,0.0,-0.24894796084433582,1.7307925692362391,0.0,-0.2558370262708976,1.7353774028197149,0.0,-0.26088120015247196,1.7406429197037676,0.0,-0.2653364043191455,1.7448312982347707,0.0,-0.2509487394449039,1.746021712901595,0.0,-0.2594668603568782,1.7517286294308028,0.0,-0.2665211883732367,1.7529369640271215,0.0,-0.27190640336756206,1.7522594398078308,0.0,-0.2502358259984251,1.7472150479374111,0.0,-0.2588649873600586,1.7526314286964308,0.0,-0.26588099703346596,1.7539560956289135,0.0,-0.2717165469955548,1.7530687049288018,0.0,-0.2504433269509845,1.7476014382518013,0.0,-0.2584857374721358,1.7529850257746737,0.0,-0.2649642571233506,1.7541227112783113,0.0,-0.2703657551384083,1.7537241343841747,0.0,-0.2510304292665183,1.747435576084126,0.0,-0.2576025202955132,1.7522910126749445,0.0,-0.2628357439154242,1.7537647131443221,0.0,-0.267328365006937,1.7538164685662243,0.0
-0.2428119011528852,1.73037886416432,0.0,-0.2501087333373662,1.730528800756604,0.0,-0.25702078229947384,1.7350789107096758,0.0,-0.2620855988425731,1.7403245747847524,0.0,-0.2665525073903591,1.74450046833122,0.0,-0.2521838501570466,1.7457448660706953,0.0,-0.26072119072360544,1.7514229904258807,0.0,-0.2677781738823142,1.7526157204694117,0.0,-0.27316253685087466,1.7519314580741083,0.0,-0.25147284358733424,1.7469437169940505,0.0,-0.2601202306944971,1.7523309521430543,0.0,-0.2671392567197417,1.753639542176754,0.0,-0.27297389143112194,1.7527461534598805,0.0,-0.2516775163065442,1.747331556615896,0.0,-0.25973707309624183,1.7526894410828096,0.0,-0.2662178368585272,1.7538142727296848,0.0,-0.2716189200747702,1.7534101138024918,0.0,-0.2522572212425078,1.7471668835910796,0.0,-0.2588435586969725,1.7520029774608024,0.0,-0.26408008414162243,1.75346490215003,0.0,-0.2685727761023331,1.7535100888933102,0.0
-0.24314572196492032,1.730460667676623,0.0,-0.2504431519256167,1.7305779573987419,0.0,-0.2573783585126064,1.7350926922785983,0.0,-0.2624639466180332,1.74031822113468,0.0,-0.26694265116316607,1.7444814607966643,0.0,-0.2525929899627998,1.7457804774045396,0.0,-0.2611496580341573,1.7514294340921919,0.0,-0.26820930229764306,1.7526063109472934,0.0,-0.2735927870069268,1.7519151727644817,0.0,-0.25188387361159614,1.7469849219388631,0.0,-0.2605496121835501,1.7523425875997958,0.0,-0.26757165184244897,1.7536349084764402,0.0,-0.2734053499412845,1.7527354241206439,0.0,-0.252085713925086,1.7473742556213105,0.0,-0.260162534766713,1.752706079577464,0.0,-0.26664553482431064,1.7538179498169943,0.0,-0.2720461879745891,1.7534080841102087,0.0,-0.2526580224653414,1.7472108260955268,0.0,-0.2592586401074938,1.7520274111641163,0.0,-0.2644984759014758,1.7534774261231922,0.0,-0.26899122987351043,1.7535159571803984,0.0
-0.241846519693959,1.7295888384111977,0.0,-0.24914440260200735,1.7296733722541244,0.0,-0.2561026072625404,1.7341525808161087,0.0,-0.2612089710293084,1.7393578096569224,0.0,-0.26569948759543893,1.7435083059953163,0.0,-0.2513694809349023,1.7448617114849458,0.0,-0.2599453829943592,1.750481425357463,0.0,-0.2670076380001733,1.7516425327994745,0.0,-0.2723902425887995,1.75094457331259,0.0,-0.25066226754971255,1.7460718254847607,0.0,-0.25934626979932374,1.7513998374273652,0.0,-0.2663712863123897,1.7526758770860393,0.0,-0.27220404335561554,1.7517703104737026,0.0,-0.2508611860705972,1.7464627444062073,0.0,-0.25895520138917205,1.7517684298124323,0.0,-0.2654404104370073,1.7528673423577426,0.0,-0.2708406309588015,1.752451815387253,0.0,-0.2514259764851979,1.7463006807828059,0.0,-0.2580408355929163,1.7510976885966298,0.0,-0.2632839569079332,1.7525357780950457,0.0,-0.26777676301905046,1.7525676551010174,0.0
-0.23912471968673554,1.7262987474211806,0.0,-0.24642290976798126,1.726350346337742,0.0,-0.2534039532907116,1.730793875652753,0.0,-0.25853111598104134,1.7359786187467443,0.0,-0.2630334535571252,1.7401162890135364,0.0,-0.24872418152003783,1.7415236538325285,0.0,-0.2573192824853544,1.7471139596862697,0.0,-0.26438410593902906,1.7482593355317673,0.0,-0.2697658286194838,1.7475546082132165,0.0,-0.24801886272019957,1.7427395653091005,0.0,-0.2567210650055937,1.74803779913896,0.0,-0.26374901956786423,1.7492975566116586,0.0,-0.2695808338580572,1.7483859384353475,0.0,-0.2482146919414737,1.7431322057057579,0.0,-0.25632585174958133,1.7484116439499742,0.0,-0.2628132450579056,1.7494975874289234,0.0,-0.26821303042518513,1.7490764433508148,0.0,-0.24877174920216,1.7429716742607375,0.0,-0.2554008660382713,1.7477489595729248,0.0,-0.26064724745512835,1.7491751098308905,0.0,-0.2651400957828446,1.7492003447222053,0.0
-0.2363978161955292,1.7211348796967831,0.0,-0.24369616538446684,1.7211533195047195,0.0,-0.2507000326409971,1.7255607864521305,0.0,-0.2558480750855294,1.7307247981865377,0.0,-0.26036227509975685,1.7348495232825,0.0,-0.24607459727138542,1.7363107602555277,0.0,-0.25468895883653375,1.7418713407078954,0.0,-0.26175633383637786,1.743000865772079,0.0,-0.26713716155598305,1.7422893373785764,0.0,-0.24537114791416148,1.737532610972507,0.0,-0.2540915834554749,1.7428007805124504,0.0,-0.26112245140652257,1.7440441750895217,0.0,-0.26695331387360854,1.7431264885937034,0.0,-0.2455637444559778,1.737927100292488,0.0,-0.25369208382585573,1.7431800500062438,0.0,-0.26018164532723986,1.744252960392118,0.0,-0.26558098707135336,1.7438261664400931,0.0,-0.2461128926294133,1.73776824850026,0.0,-0.2527563233063669,1.7425256084636604,0.0,-0.25800595371887114,1.7439397523960625,0.0,-0.26249883455271256,1.7439583187231766,0.0
-0.23547394433204152,1.7166963280516603,0.0,-0.24277230156817453,1.7166814094736809,0.0,-0.2497989940022138,1.721052395046413,0.0,-0.2549679955691992,1.7261954273236113,0.0,-0.25949410723971,1.7303070780908554,0.0,-0.2452286735398851,1.7318222230931106,0.0,-0.2538623437628042,1.7373527762864394,0.0,-0.26093225310930535,1.738466328301972,0.0,-0.26631217100068005,1.737747952992751,0.0,-0.24452707525366765,1.7330501378108376,0.0,-0.2532657788293338,1.7382879490090795,0.0,-0.26029953794320193,1.7395148829712128,0.0,-0.2661294370902274,1.7385910964427382,0.0,-0.24471633243547222,1.7334465870214815,0.0,-0.2528618888134867,1.7386727991200994,0.0,-0.25935360224803594,1.7397326113015998,0.0,-0.2647524909092176,1.7393001236470067,0.0,-0.24525744205430156,1.7332895447436467,0.0,-0.25191522312872705,1.738026800926911,0.0,-0.2571680934082676,1.7394288623933805,0.0,-0.2616609969478533,1.7394407232356974,0.0
-0.23708345363066627,1.7149063319539908,0.0,-0.2443816652870205,1.7148578806460701,0.0,-0.2514311174165089,1.7191920640886194,0.0,-0.25662112966119965,1.724313892971329,0.0,-0.2611591884680555,1.728412353798424,0.0,-0.24691672661472583,1.7299812841975069,0.0,-0.2555697063555149,1.7354815770758774,0.0,-0.2626421211639931,1.7365791038572636,0.0,-0.2680211191891667,1.7358538729643676,0.0,-0.24621697022828848,1.7312153830509867,0.0,-0.254973931635477,1.7364226119920645,0.0,-0.2620105533091446,1.7376330208655577,0.0,-0.2678394805836606,1.736703121708077,0.0,-0.24640277422315562,1.731613910387292,0.0,-0.2545655458721406,1.7368131930891348,0.0,-0.2610593908096551,1.7378598654848156,0.0,-0.2664578194589703,1.7374216732148415,0.0,-0.24693570411819546,1.7314588190239046,0.0,-0.2536078504723101,1.7361758210389697,0.0,-0.2588639450426114,1.737565746359801,0.0,-0.2633568613045866,1.7375708804109637,0.0
-0.2406128055879332,1.7158231753170243,0.0,-0.24791071555092553,1.7157410103473554,0.0,-0.2549828391853878,1.720038101076965,0.0,-0.26019390834834244,1.7251385046279306,0.0,-0.2647439437368918,1.7292236651937667,0.0,-0.2505252988629587,1.7308461550412968,0.0,-0.25919758606513776,1.7363159552959022,0.0,-0.2662724753426582,1.737397416330738,0.0,-0.27165054495905905,1.7366653324530448,0.0,-0.24982737437634026,1.7320865696480727,0.0,-0.25860257401910136,1.7372630044792545,0.0,-0.26564202712111984,1.7384568362278028,0.0,-0.2714699754684733,1.7375208214441271,0.0,-0.2500095919102917,1.7324873080644085,0.0,-0.2581895686055096,1.7376594800330158,0.0,-0.26468552377006727,1.7386929749175801,0.0,-0.270083486256919,1.7382490770264463,0.0,-0.2505341769799051,1.7323343248097534,0.0,-0.25722070809345465,1.7370309136408506,0.0,-0.26248000915399855,1.7384086563178411,0.0,-0.2669729280618955,1.738407049250822,0.0
-0.24509623218563298,1.7186879830281296,0.0,-0.2523936816305763,1.7185719118918374,0.0,-0.25948840970732134,1.7228315779534744,0.0,-0.2647205919448514,1.7279103206361741,0.0,-0.26928263815129183,1.7319820639109909,0.0,-0.2550886507835309,1.7336579200115545,0.0,-0.26378026197831367,1.7390969617452687,0.0,-0.27085759901527573,1.7401622864489559,0.0,-0.27623472961655793,1.739423337127563,0.0,-0.2543925445152009,1.7349047906731192,0.0,-0.2631859793592113,1.7400501876428323,0.0,-0.270228234650875,1.7412273769336408,0.0,-0.27605519584080174,1.7402852363359764,0.0,-0.25457104068690206,1.7353078782526727,0.0,-0.26276822679221756,1.7404527321438903,0.0,-0.2692662722975697,1.7414730016115978,0.0,-0.27466376135256915,1.7410233837200801,0.0,-0.2550871161659311,1.7351571634922849,0.0,-0.2617880609624995,1.7398331643278488,0.0,-0.2670505528379682,1.7411986685534246,0.0,-0.27154346423959086,1.7411902999949305,0.0
-0.2497566647908495,1.7223214443168013,0.0,-0.2570534922189207,1.7221712764269865,0.0,-0.2641707656185955,1.7263931647241704,0.0,-0.26942411913720865,1.731450005142087,0.0,-0.2739982133937321,1.735508209254518,0.0,-0.25982968257670036,1.7372372666343694,0.0,-0.2685406362540097,1.7426452760809337,0.0,-0.275620395367904,1.7436943838677086,0.0,-0.2809965752753557,1.742948549297885,0.0,-0.25913538124398894,1.7384907346789378,0.0,-0.26794705273875113,1.7436048379043512,0.0,-0.2749920818271774,1.7447653116707877,0.0,-0.28081804670986543,1.7438170296450357,0.0,-0.25931002784592144,1.738896309859197,0.0,-0.267524432013976,1.7440136280798084,0.0,-0.2740245482210494,1.745020620865734,0.0,-0.2794215559761183,1.7445652620633179,0.0,-0.2598174386374311,1.7387480233117298,0.0,-0.26653282441422155,1.743403261098324,0.0,-0.27179849231873254,1.7447564662006059,0.0,-0.27629138595596114,1.7447413116582804,0.0
-0.2538644604104033,1.7251119606475227,0.0,-0.26116050177119465,1.7249275118150356,0.0,-0.26830024771076677,1.7291112839596414,0.0,-0.2735748246521179,1.7341459831853716,0.0,-0.2781610020394572,1.7381905271470033,0.0,-0.26401873355632693,1.739972585789195,0.0,-0.2727490380501077,1.7453493007331204,0.0,-0.2798311913056168,1.746382122849713,0.0,-0.2852064095531428,1.7456293889031582,0.0,-0.26332622642711156,1.7412327936585221,0.0,-0.27215612711540194,1.746315357988338,0.0,-0.2792039003597119,1.7474590478572045,0.0,-0.28502886012560397,1.7465046111959122,0.0,-0.2634968953339962,1.7416409990603663,0.0,-0.27172851864731234,1.7467305726412101,0.0,-0.2782306850107651,1.7477242414785734,0.0,-0.2836272039549954,1.7472631258403923,0.0,-0.26399548667880746,1.7414953050746411,0.0,-0.27072533525627374,1.7461296101040094,0.0,-0.27599416318129144,1.7474704586510097,0.0,-0.2804870286948168,1.7474484956599368,0.0
-0.2569623098963727,1.7262255614373008,0.0,-0.2642573985229517,1.7260066485766892,0.0,-0.271419533095129,1.7301519772499838,0.0,-0.27671538177462623,1.7351642965701857,0.0,-0.2813136752117574,1.7391950603131692,0.0,-0.26719850515071286,1.7410298766676096,0.0,-0.275948164212876,1.7463750376977625,0.0,-0.28303268235885615,1.74739151145459,0.0,-0.28840692850830535,1.7466318681646429,0.0,-0.2665077827213521,1.7422969715083259,0.0,-0.2753558996036159,1.7473477569887819,0.0,-0.2824063862643582,1.748474598621867,0.0,-0.28823033251763835,1.747513996907532,0.0,-0.2666743412457883,1.7427079569087873,0.0,-0.274923180015754,1.7477695812087788,0.0,-0.2814273754171043,1.7487498808351265,0.0,-0.2868233983019889,1.748282996081667,0.0,-0.2671639532016916,1.742565027210077,0.0,-0.27390828527840794,1.7471782288986908,0.0,-0.2791802562252405,1.7485066658995274,0.0,-0.28367308316678425,1.7484778740787943,0.0
-0.2591360005090759,1.7264978294449438,0.0,-0.26642996701523214,1.7262442677813294,0.0,-0.27361440511847546,1.7303508199337174,0.0,-0.27893157395245216,1.7353405166975286,0.0,-0.2835420164833987,1.7393573784768972,0.0,-0.2694547931281447,1.7412446922166651,0.0,-0.2782238121080365,1.7465580326229122,0.0,-0.2853106661436445,1.7475580906897399,0.0,-0.29068392943690546,1.746791526156171,0.0,-0.2687658460241651,1.7425188265574516,0.0,-0.27763216697565307,1.747537587272707,0.0,-0.2846853361488313,1.7486475146729852,0.0,-0.2905082603428667,1.7476807368054292,0.0,-0.26892815925977304,1.742932747771837,0.0,-0.2771942106974311,1.7479662133013847,0.0,-0.2837004139989284,1.7489330968393293,0.0,-0.2890959333818689,1.7484604289479657,0.0,-0.26940863013398453,1.742792759590794,0.0,-0.2761674676325904,1.7473846830056923,0.0,-0.28144256457708267,1.748700652137415,0.0,-0.2859353423998409,1.74866501043524,0.0
-0.26054962052907293,1.7268956559155968,0.0,-0.2678422928296459,1.726607261001218,0.0,-0.2750489484586456,1.730674697059059,0.0,-0.28038748549022785,1.7356415250776465,0.0,-0.28501011062403375,1.739644361042062,0.0,-0.2709516807835275,1.7415839024135973,0.0,-0.2797400650043337,1.7468651506495585,0.0,-0.2868292259950168,1.747848722053788,0.0,-0.292201495309941,1.7470752222084387,0.0,-0.2702645002764409,1.7428652327608876,0.0,-0.27914901344979914,1.7478517176956099,0.0,-0.28620483413318254,1.7489446626637113,0.0,-0.2920267274512721,1.747971696165078,0.0,-0.27042243364149254,1.7432822502737222,0.0,-0.278705695417381,1.748287343275781,0.0,-0.2852138853935495,1.7492407626013997,0.0,-0.2906088936114802,1.7487622955955657,0.0,-0.2708936031092988,1.7431453849056038,0.0,-0.2776669675485146,1.747715853060445,0.0,-0.2829451734754459,1.7490192964701665,0.0,-0.28743789152547905,1.7489767827252298,0.0
-0.2609083621876717,1.7266732916933036,0.0,-0.268199565550461,1.7263498810678837,0.0,-0.2754283473469513,1.7303778625944484,0.0,-0.2807882983410552,1.7353215741095558,0.0,-0.2854231390607739,1.739310259405308,0.0,-0.27139435356211555,1.7413017375307267,0.0,-0.28020210527097195,1.7465506221720097,0.0,-0.28729354363318693,1.7475176372773453,0.0,-0.29266480786592974,1.7467371885955667,0.0,-0.2707089323000057,1.7425904239286245,0.0,-0.27961162313512666,1.747544382166846,0.0,-0.28667006382533755,1.748620276790931,0.0,-0.29249091742027433,1.7476411092664534,0.0,-0.27086235099864986,1.7430107033659472,0.0,-0.2791628186147118,1.7479872100686316,0.0,-0.2856729736964349,1.7489271175046475,0.0,-0.291067463072138,1.7484428358483377,0.0,-0.27132405917291247,1.7428771469191544,0.0,-0.2781119703455792,1.747425982692497,0.0,-0.28339326782253016,1.748716842673049,0.0,-0.28788591534447766,1.7486674347876368,0.0
-0.2602792250319953,1.7242255184606496,0.0,-0.26756878205981427,1.7238669110871079,0.0,-0.2748195924412921,1.7278551024380175,0.0,-0.2802010007399526,1.7327754482517699,0.0,-0.284848089177455,1.7367498573826652,0.0,-0.27084980934055325,1.7387929544086467,0.0,-0.2796769279270091,1.7440092037894763,0.0,-0.28677061339881893,1.7449595945965,0.0,-0.29214086154185703,1.7441721846111502,0.0,-0.270166141396817,1.7400891611040807,0.0,-0.27908699240166096,1.745010342230717,0.0,-0.28614802100250103,1.7460691195054439,0.0,-0.29196782608705674,1.7450837391766068,0.0,-0.27031490932716407,1.7405128741127565,0.0,-0.2786325758880574,1.7454605811158994,0.0,-0.2851446741531748,1.7463869295178618,0.0,-0.29053863703851424,1.74589681857247,0.0,-0.2707669953482975,1.7403828184102446,0.0,-0.27756947182340264,1.7449098437897288,0.0,-0.28285384291859916,1.746188063120552,0.0,-0.28734640906034503,1.74613173943423,0.0
-0.26033097344839345,1.7194927932649442,0.0,-0.2676187040367428,1.7190988087705525,0.0,-0.274891440973363,1.7230468739790232,0.0,-0.2802943482614981,1.7279436025849004,0.0,-0.28495371607124675,1.7319036089610558,0.0,-0.2709868118046842,1.7339979837720672,0.0,-0.27983329513827143,1.739181323696375,0.0,-0.28692919708202846,1.7401150216473342,0.0,-0.2922984180603032,1.7393206378047952,0.0,-0.27030489250792034,1.7353018796306223,0.0,-0.2792438845119759,1.7401900314575625,0.0,-0.2863074684929391,1.7412316242586316,0.0,-0.2921262162439225,1.7402400193851535,0.0,-0.27044887247026317,1.7357292039764824,0.0,-0.2787837297856591,1.740647896398168,0.0,-0.28529774906773003,1.7415606384039786,0.0,-0.2906911777545901,1.7410646834191599,0.0,-0.2708911748397768,1.7356028464753501,0.0,-0.2777082345990788,1.7401078815716573,0.0,-0.28299566105335644,1.7413734028160635,0.0,-0.28748813486168623,1.7413101416346548,0.0
-0.26208919943420467,1.7143409718844134,0.0,-0.26937492076744796,1.7139114307751955,0.0,-0.2766694783681909,1.717819032450016,0.0,-0.282093924785664,1.7226918898527894,0.0,-0.2867656033280769,1.7266373655506073,0.0,-0.27283094945099157,1.7287826563187232,0.0,-0.2816967939266678,1.733932809896577,0.0,-0.2887948813813822,1.7348497454146303,0.0,-0.2941630639914248,1.7340483746714226,0.0,-0.27215077549063615,1.7300944146949266,0.0,-0.28110788788131075,1.734949282762404,0.0,-0.2881739943364756,1.7359736234204062,0.0,-0.29399167583865604,1.7349757819731475,0.0,-0.2722898298513585,1.7305255340503525,0.0,-0.28064186866607777,1.7354149950886038,0.0,-0.28715778657196117,1.7363140829709331,0.0,-0.2925506732582561,1.7358122687264217,0.0,-0.2727221872565735,1.7304030775321186,0.0,-0.2795538475346051,1.7348859407718817,0.0,-0.2848443108185255,1.7361387060216107,0.0,-0.2893366812347906,1.7360684853788568,0.0
-0.2638160395988513,1.710294364491795,0.0,-0.27109956616678743,1.7098290886119636,0.0,-0.27841583391166025,1.7136958893211998,0.0,-0.2838618576556466,1.7185446194213123,0.0,-0.28854587783752084,1.7224754353444391,0.0,-0.2746443538027661,1.7246712575575662,0.0,-0.28352955369578825,1.729787946233204,0.0,-0.29062979524828336,1.7306880496468529,0.0,-0.29599692822394813,1.7298796789247433,0.0,-0.2739659234962046,1.725991056181247,0.0,-0.28294113365000406,1.7308123847353827,0.0,-0.290009729233323,1.73181940543966,0.0,-0.2958263355145166,1.7308153153121022,0.0,-0.2740999143520403,1.7264261602216953,0.0,-0.28246912385351136,1.7312861719426318,0.0,-0.2889869177158365,1.7321715579288546,0.0,-0.29437925454095804,1.7316638691347586,0.0,-0.2745221657947671,1.726307812894491,0.0,-0.2813684427393822,1.7307683214953666,0.0,-0.2866619239811735,1.7320082726525672,0.0,-0.2911541798422257,1.7319310704865045,0.0
-0.2636748415932208,1.707715715998225,0.0,-0.2709559851911292,1.7072145285913387,0.0,-0.27829384749090624,1.7110401917115214,0.0,-0.28376148463349776,1.715864536462962,0.0,-0.2884578767802089,1.7197805624702842,0.0,-0.2745903676777226,1.7220265067877618,0.0,-0.2834949149716096,1.7271094505837612,0.0,-0.29059727871013086,1.7279926524773166,0.0,-0.29596335076028,1.7271772689139302,0.0,-0.27391368115252845,1.7233545278969027,0.0,-0.28290696420008066,1.7281420602840931,0.0,-0.2899780150862353,1.7291316933397112,0.0,-0.29579353714798273,1.7281213425273652,0.0,-0.2740424702257005,1.7237938125879801,0.0,-0.2824288378325594,1.7286241562579256,0.0,-0.288948484692797,1.7294957926466554,0.0,-0.2943402637582515,1.728982214165274,0.0,-0.2744544548311664,1.723679788358027,0.0,-0.28131536349326314,1.7281177583118708,0.0,-0.2866118434385713,1.7293448372491795,0.0,-0.2911039734782625,1.7292606315361527,0.0
-0.26241064155060223,1.7064603253918946,0.0,-0.26968921126765844,1.7059230509888788,0.0,-0.27704854767620246,1.7097072403426894,0.0,-0.28253783224286666,1.7145069396197257,0.0,-0.28724662612867174,1.7184080444666527,0.0,-0.2734140223464611,1.7207036766051678,0.0,-0.28233790693799055,1.7257525937107878,0.0,-0.28944236049664596,1.7266188245645155,0.0,-0.2948073602804989,1.7257964153463707,0.0,-0.2727390816422087,1.7220401071104414,0.0,-0.2817504106402465,1.7267935854180507,0.0,-0.2888238825430922,1.7277657631070615,0.0,-0.2946383113490462,1.7267491396393153,0.0,-0.27286253036761177,1.722483774882169,0.0,-0.2812660418816287,1.727284230677293,0.0,-0.2877875185061629,1.7281420697134862,0.0,-0.29317873186192367,1.72762258641262,0.0,-0.2732640874622907,1.7223742934611959,0.0,-0.28013964191440455,1.7267895393158308,0.0,-0.2854391009477645,1.728003687775937,0.0,-0.28993109379557147,1.7279124564718082,0.0
-0.2617947553336054,1.7062487333261804,0.0,-0.26907055755017917,1.7056751977863185,0.0,-0.27645124293171275,1.709417577341953,0.0,-0.2819622069218658,1.714192368866516,0.0,-0.2866834318100701,1.718078420132353,0.0,-0.2728866278816029,1.720423281153265,0.0,-0.28182983763022734,1.7254378877713825,0.0,-0.28893634821085445,1.7262870777539396,0.0,-0.2943002643167534,1.7254576299787843,0.0,-0.27221343708461865,1.7217683126920837,0.0,-0.2812427830990278,1.7264874775423367,0.0,-0.2883186412872507,1.7274421319926578,0.0,-0.2941319677471753,1.726419223841835,0.0,-0.2723314068573428,1.7222165725061644,0.0,-0.2807520465437622,1.7269869193361813,0.0,-0.2872753294313273,1.7278309131425351,0.0,-0.2926659690637826,1.727305509773481,0.0,-0.2727223762388351,1.7221118594121785,0.0,-0.2796125895652462,1.726504194246569,0.0,-0.28491500772653067,1.7277053537581741,0.0,-0.28940685190550164,1.7276070747296535,0.0
-0.26160251733656326,1.7067908552809834,0.0,-0.2688753557308344,1.706180885936672,0.0,-0.2762772601334084,1.7098811200718007,0.0,-0.2818099334141472,1.7146307394852274,0.0,-0.2865436180276134,1.7185016035833256,0.0,-0.27278351190669226,1.7208952093302148,0.0,-0.2817460324925023,1.7258752198614578,0.0,-0.2888545668438163,1.726707298965408,0.0,-0.29421738779709966,1.725870799697114,0.0,-0.2721120773381225,1.722249038282135,0.0,-0.28115940933275063,1.726933628991126,0.0,-0.2882376186200749,1.7278706922249554,0.0,-0.29404983359248926,1.7268414873235278,0.0,-0.2722244297117121,1.7227021057316918,0.0,-0.2806621802069928,1.7274421213631581,0.0,-0.28718724558040154,1.7282722219890498,0.0,-0.2925773034163497,1.7277408832342565,0.0,-0.27260465183621735,1.7226023923447924,0.0,-0.27950953604582673,1.726971627865194,0.0,-0.28481489301870183,1.7281597397790325,0.0,-0.28930657694485695,1.728054390820225,0.0
-0.25986006709650966,1.708132860771624,0.0,-0.26712974264978195,1.7074862865219513,0.0,-0.27455273115719775,1.711144040348877,0.0,-0.28010714136288206,1.715868221280085,0.0,-0.28485331383892776,1.7197237634875235,0.0,-0.27113080656085947,1.7221656037198174,0.0,-0.28011262138299575,1.727110730881298,0.0,-0.28722314578331176,1.727925629041531,0.0,-0.29258486005703677,1.7270820653807644,0.0,-0.27046113697050356,1.7235284312595975,0.0,-0.2795264217067634,1.7281781859824106,0.0,-0.28660694643971985,1.7290975899879224,0.0,-0.2924180407393649,1.7280620762722658,0.0,-0.270567733788365,1.7239865287202925,0.0,-0.2790225760140115,1.7286959898939915,0.0,-0.2855493998134021,1.7295121493563959,0.0,-0.290938867725755,1.7289748598916475,0.0,-0.2709370498677866,1.7238920523928183,0.0,-0.27785661585247245,1.7282379989599579,0.0,-0.28316489095096387,1.7294130044953384,0.0,-0.287656402933251,1.729300563361525,0.0
-0.25592283310267316,1.7105712262034902,0.0,-0.2631891441016123,1.7098878775539121,0.0,-0.27063307681500265,1.7135028169998965,0.0,-0.27620924930385793,1.7182012910690316,0.0,-0.2809679371775128,1.7220413755221189,0.0,-0.2672839323510054,1.7245309133988709,0.0,-0.2762850225167428,1.7294408681818219,0.0,-0.2833975027757377,1.7302385152368838,0.0,-0.2887580987884879,1.729387874307397,0.0,-0.2666160390985215,1.7259029455674044,0.0,-0.2756992411226973,1.7305176012771835,0.0,-0.28278204517912253,1.7314192780028708,0.0,-0.28859200957664766,1.7303774434122707,0.0,-0.2667167426492655,1.7263663023384916,0.0,-0.27518865580318175,1.7310449847512712,0.0,-0.2817172136863674,1.7318471550213876,0.0,-0.2871060834927195,1.7313038995037922,0.0,-0.26707499477926055,1.726277306484959,0.0,-0.2740092523130757,1.7305997730765688,0.0,-0.27932042448020494,1.7317616133153926,0.0,-0.2838117527197657,1.7316420577211016,0.0
-0.25146867785762594,1.714021760210463,0.0,-0.2587314198986692,1.7133014693279398,0.0,-0.26619615194988594,1.7168732611532223,0.0,-0.2717941097658702,1.7215457579690865,0.0,-0.276565339964105,1.7253702476449995,0.0,-0.26292074302437995,1.7279069194151588,0.0,-0.2719410873330931,1.73278141104964,0.0,-0.2790554887947914,1.733561736687323,0.0,-0.28441495490522295,1.7327040056024439,0.0,-0.2622546402662994,1.7292883671695143,0.0,-0.27135572190474666,1.7338676596194573,0.0,-0.2784407686949135,1.7347515409466197,0.0,-0.28424959391318316,1.7337033734035838,0.0,-0.2623493134850483,1.7297572195858286,0.0,-0.27083827504147545,1.7344048978557454,0.0,-0.27736854238466213,1.7351930308412704,0.0,-0.28275680584398105,1.734643793879495,0.0,-0.26269634482646037,1.7296739537406245,0.0,-0.269645302550122,1.7339727479361655,0.0,-0.2749593503591343,1.7351213638044916,0.0,-0.2794504829481804,1.7349946714084685,0.0
-0.24807758301909744,1.7178391233268995,0.0,-0.25533654901680347,1.717081724122826,0.0,-0.262821930532122,1.7206100360435248,0.0,-0.2684416943412491,1.7252562832316785,0.0,-0.27322549316580624,1.729065039943767,0.0,-0.2596212106222106,1.731648254526362,0.0,-0.26866078550775485,1.7364869905215365,0.0,-0.2757770730454667,1.7372499242930057,0.0,-0.28113539755228023,1.736385090157166,0.0,-0.25895691551704947,1.7330393337702608,0.0,-0.2680758368334387,1.7375829975295292,0.0,-0.27516308929693517,1.7384490152764738,0.0,-0.28097076601037596,1.7373945026844024,0.0,-0.25904542219615423,1.7335139253095955,0.0,-0.2675514078722189,1.7381303730008117,0.0,-0.27408335976768017,1.7389044205521569,0.0,-0.2794710085799953,1.738349186707393,0.0,-0.259381077159371,1.7334366451842167,0.0,-0.2663447425438551,1.7377115731828843,0.0,-0.2716616441944999,1.7388469054544284,0.0,-0.2761525691154852,1.7387130538587143,0.0
-0.2453555553729692,1.7213571404082753,0.0,-0.25261053556997126,1.7205624686198673,0.0,-0.26011641161535526,1.7240469694780889,0.0,-0.2657579996350575,1.7286666927186902,0.0,-0.2705543927381918,1.7324595771205562,0.0,-0.25699133148252856,1.7350887155929193,0.0,-0.2660501109513028,1.7398914017869647,0.0,-0.273168248960873,1.740636873138361,0.0,-0.278525420105106,1.7397649230628238,0.0,-0.2563288644081362,1.7364896472046454,0.0,-0.26546558315149044,1.7409974157142991,0.0,-0.2725550037523736,1.7418455016551873,0.0,-0.2783615225883235,1.7407846319070845,0.0,-0.2564110694022874,1.7369702286024173,0.0,-0.2649340531156348,1.7415552182675278,0.0,-0.27146766436879377,1.7423151321895989,0.0,-0.27685469017620495,1.7417538859891684,0.0,-0.25673519381686544,1.7368991961524451,0.0,-0.26371357313000604,1.7411500627867662,0.0,-0.2690333064429477,1.7422720520953683,0.0,-0.27352401156797845,1.7421310188523895,0.0
-0.24175219036946516,1.7245196005777481,0.0,-0.2490029723468211,1.7236874938375795,0.0,-0.25652918289559884,1.727127853733736,0.0,-0.2621926108338098,1.7317207767890999,0.0,-0.2670016231976186,1.7354976483742146,0.0,-0.2534806897799846,1.7381720635167484,0.0,-0.26255864536640494,1.7429384040955718,0.0,-0.26967859776270353,1.743666342371446,0.0,-0.27503460372788824,1.742787263476387,0.0,-0.2528200745564752,1.7395830733760904,0.0,-0.26197454612459814,1.7440546789758966,0.0,-0.26906609684817073,1.7448847648475723,0.0,-0.27487144838714356,1.7438175258285957,0.0,-0.2528958439964245,1.740069902737284,0.0,-0.2614357978362376,1.7446232059361733,0.0,-0.2679710429640024,1.7453689379901909,0.0,-0.2733574373505069,1.744801663929225,0.0,-0.2532082852858176,1.7400053862257614,0.0,-0.2602013835682414,1.7442319949601033,0.0,-0.265523925981374,1.7453405818037215,0.0,-0.27001439907150065,1.7451923444182522,0.0
-0.23714465782124614,1.7274179229073132,0.0,-0.24439102651021585,1.7265482208125111,0.0,-0.25193740642559,1.7299441112130474,0.0,-0.2576226874237896,1.7345099559514623,0.0,-0.2624443433428547,1.7382706730484874,0.0,-0.24896644317051755,1.7409896889633238,0.0,-0.25806354389656394,1.745719386471889,0.0,-0.2651852741111839,1.7464297209066515,0.0,-0.27054010302211995,1.745543500314792,0.0,-0.24830770729033108,1.7424110079692419,0.0,-0.2574798846994878,1.746846181912476,0.0,-0.2645735270500845,1.7476581994130138,0.0,-0.2703777018249568,1.7465845789971233,0.0,-0.2483769088143327,1.7429043508698492,0.0,-0.2569338030181689,1.7474257381781326,0.0,-0.2634706562477162,1.7481572400795116,0.0,-0.26885641073824607,1.7475839226151442,0.0,-0.24867751618674686,1.7428466249197958,0.0,-0.25568533722740483,1.747048777849303,0.0,-0.26101066579326737,1.748143902588795,0.0,-0.26550089449763603,1.7479884385155635,0.0
-0.23353948245227313,1.730152795141734,0.0,-0.24078122014833922,1.7292453393292784,0.0,-0.24834759916167193,1.732596433190425,0.0,-0.2540547437335794,1.7371349196164427,0.0,-0.25888906679610285,1.7408793393862958,0.0,-0.24545510328879605,1.743642251127931,0.0,-0.25457131561602486,1.7483350064962877,0.0,-0.26169478659377277,1.7490276662166584,0.0,-0.26704842651606925,1.7481342910517779,0.0,-0.24479827815736815,1.7450741152037927,0.0,-0.2539881120059928,1.749472587684832,0.0,-0.261083807004242,1.7502664684763747,0.0,-0.26688679549977123,1.7491864545248743,0.0,-0.24486078115572402,1.7455742447842855,0.0,-0.2534345840811515,1.750063485811796,0.0,-0.25997301934823835,1.7507807092319922,0.0,-0.2653581254081189,1.7502013327817894,0.0,-0.24514940580405775,1.7455235904248145,0.0,-0.252171952111087,1.7497010882819635,0.0,-0.2575000434935998,1.7507826911430138,0.0,-0.2619900153486386,1.750619977785967,0.0
-0.23290831671216028,1.7330699610080995,0.0,-0.24014520309095677,1.7321245952320248,0.0,-0.24773140577645625,1.7354305671396695,0.0,-0.2534604217437352,1.7399414134294984,0.0,-0.25830743481054075,1.7436693918650488,0.0,-0.24491830853637422,1.7464754650682102,0.0,-0.25405359631464874,1.7511309776447657,0.0,-0.2611787705093558,1.7518058916793817,0.0,-0.26653120944972686,1.7509053490693784,0.0,-0.24426342972346435,1.7479181151568137,0.0,-0.2534708681521821,1.7522796153474773,0.0,-0.2605685763317896,1.753055291063542,0.0,-0.2663703689846749,1.7519688714265664,0.0,-0.2443191055916994,1.7484253122107616,0.0,-0.25290978368448475,1.7528821756272566,0.0,-0.25944977463150887,1.7535850721980308,0.0,-0.26483422366634224,1.7529996211424392,0.0,-0.24459560089665203,1.7483820169203412,0.0,-0.2516328736672826,1.752534659083181,0.0,-0.2569637041379015,1.7536026801611382,0.0,-0.26145340656657934,1.7534326948749321,0.0
-0.23496416165998568,1.7346564775136732,0.0,-0.24219597379472346,1.7336730477205293,0.0,-0.2498018195491586,1.7369335740276395,0.0,-0.25555271197811674,1.7414164965648191,0.0,-0.26041243716157836,1.7451278884906256,0.0,-0.24706904494222728,1.7479763590239057,0.0,-0.25622336936097045,1.7525943266048618,0.0,-0.2633502087317404,1.7532514238901127,0.0,-0.26870143463806273,1.7523437009685463,0.0,-0.24641615244231485,1.7494300410731165,0.0,-0.25564114109606745,1.75375429715595,0.0,-0.2627408225007932,1.754511699407564,0.0,-0.2685414096996664,1.7534188619251592,0.0,-0.24646487484456936,1.7499445941294127,0.0,-0.2550723926085896,1.754368847687837,0.0,-0.26161391258282896,1.7550573690041307,0.0,-0.2669976959382473,1.7544658276876255,0.0,-0.24672909658317754,1.7499089518743056,0.0,-0.2537810956751513,1.754036536372248,0.0,-0.25911464110923677,1.7550909156360734,0.0,-0.2636040614203122,1.7549136357271564,0.0
-0.23706439986571126,1.733572525776382,0.0,-0.24429091224624522,1.7325508801802123,0.0,-0.2519162152748229,1.735765639138825,0.0,-0.2576889864141505,1.7402203525501172,0.0,-0.26256144505764384,1.74391501162142,0.0,-0.24926467903004676,1.746805085280711,0.0,-0.25843799857101646,1.7513852041374247,0.0,-0.2655664645788456,1.7520244135196033,0.0,-0.2709164653398378,1.7511094974249723,0.0,-0.24861381753145192,1.7482700502177886,0.0,-0.25785629952358446,1.752556789416398,0.0,-0.26495791370449,1.7532958497961506,0.0,-0.2707572857896485,1.7521965822979668,0.0,-0.2486554626764972,1.7487922556138964,0.0,-0.25727978264537965,1.753183666171051,0.0,-0.2638228046973806,1.7538577637926107,0.0,-0.2692059136585805,1.7532601165228425,0.0,-0.24890726923911274,1.7487645668793161,0.0,-0.2559739931423238,1.752866890398572,0.0,-0.2613102290158007,1.7539075676934412,0.0,-0.26579935440303104,1.7537229704200952,0.0
-0.23633204559407006,1.7306430187042492,0.0,-0.24355303014787688,1.7295830078628578,0.0,-0.25119759945276826,1.7327516797585152,0.0,-0.25699224867059006,1.7371778969522595,0.0,-0.2618774613276403,1.7408556756542901,0.0,-0.2486282079649337,1.7437865278883553,0.0,-0.2578204783538226,1.748328492797942,0.0,-0.2649505319581047,1.7489497430366576,0.0,-0.27029929540305886,1.7480276209120154,0.0,-0.24797942712825546,1.7452630315811444,0.0,-0.25723934300400786,1.7495119801929515,0.0,-0.2643428490166967,1.750232630279368,0.0,-0.2701409962798299,1.74912692058433,0.0,-0.24801387405796663,1.7457931935266928,0.0,-0.25665495676617733,1.750151527065675,0.0,-0.2631994536480976,1.75081115251917,0.0,-0.26858187943940015,1.7502073835663967,0.0,-0.24825312667313937,1.7457737653406495,0.0,-0.2553345724802117,1.7498506232315199,0.0,-0.260673473866182,1.7508775382817177,0.0,-0.265162291407528,1.7506856008541352,0.0
-0.23465522586450127,1.7253529137602075,0.0,-0.24187045197958215,1.7242543906523764,0.0,-0.24953409135019228,1.7273766579434409,0.0,-0.25535061507020823,1.731774090150797,0.0,-0.2602486014829387,1.7354348397989456,0.0,-0.24704774058052592,1.7384056154627838,0.0,-0.25625891473746776,1.742909119741992,0.0,-0.26339051639234445,1.743512339515541,0.0,-0.26873803029104093,1.7425829985091927,0.0,-0.2464010953265453,1.7398939186671625,0.0,-0.2556783830256684,1.7441048020993517,0.0,-0.26278373942744965,1.7448069734623577,0.0,-0.26858065211148063,1.7436948093789595,0.0,-0.24642822621587127,1.7404323492979572,0.0,-0.25508603016893416,1.7447573709531032,0.0,-0.2616319743328289,1.7454024757349293,0.0,-0.26701370811734115,1.744792569332396,0.0,-0.24665478918171335,1.7404214952483539,0.0,-0.25375095255790814,1.7444726815337777,0.0,-0.25909249412313273,1.7454857739463525,0.0,-0.26358099077997976,1.7452864735271987,0.0
-0.23737859723655827,1.721333149010003,0.0,-0.24458783178617832,1.720195969112736,0.0,-0.2522703397926854,1.7232715165712498,0.0,-0.2581087314301971,1.7276398733894178,0.0,-0.26301951050738676,1.7312834441298797,0.0,-0.24986791413390608,1.7342932572719332,0.0,-0.2590979421241303,1.7387579928119217,0.0,-0.2662310517748899,1.7393431107225001,0.0,-0.2715773038375176,1.7384065379887086,0.0,-0.2492234649405123,1.735793625565058,0.0,-0.258518059760132,1.7399661683714156,0.0,-0.26562522460721705,1.740649792577919,0.0,-0.27142089290616656,1.739531161904626,0.0,-0.2492431654089544,1.7363406449867833,0.0,-0.25791764705378695,1.7406321190692655,0.0,-0.26446501064991973,1.7412626546482766,0.0,-0.2698460435291983,1.7406465949926142,0.0,-0.24945690633096496,1.7363386852313,0.0,-0.25656778148405346,1.7403639926155927,0.0,-0.2619119374854444,1.7413632018840826,0.0,-0.2664001001018256,1.741156515589131,0.0
-0.24331854496969407,1.7206139064991623,0.0,-0.25052155233897544,1.7194379278648915,0.0,-0.2582227223298794,1.722466442717227,0.0,-0.264082972227985,1.7268054321543602,0.0,-0.26900656202296136,1.730431672964968,0.0,-0.2559050934337137,1.7334796066544673,0.0,-0.26515392241853014,1.7379052639561547,0.0,-0.27228849949810413,1.7384722085342734,0.0,-0.27763347737509947,1.7375283912334878,0.0,-0.25526290664143914,1.73499231035279,0.0,-0.26457474119948676,1.739126236270769,0.0,-0.2716836720442675,1.7397912448898742,0.0,-0.27747808610306696,1.7386661354152597,0.0,-0.2552750660764984,1.7355482466731724,0.0,-0.2639661797721669,1.7398059366966614,0.0,-0.2705149346473633,1.74042185451663,0.0,-0.2758952576610289,1.7397996257678308,0.0,-0.2554758561124163,1.7355555079410336,0.0,-0.2626014357624491,1.7395547278189463,0.0,-0.2679481800436276,1.74053999332688,0.0,-0.27243599534543606,1.7403258982254504,0.0
-0.24531190543476725,1.7196901648822873,0.0,-0.25250844754921853,1.7184752482163745,0.0,-0.2602280676524441,1.7214564202847886,0.0,-0.26611016301815393,1.7257657488070175,0.0,-0.2710465807064195,1.7293745074984088,0.0,-0.2579960932193246,1.7324596136945662,0.0,-0.2672636674069509,1.7368458819056087,0.0,-0.27439967083242767,1.73739458161458,0.0,-0.2797433621143003,1.7364435069135862,0.0,-0.257356241345271,1.7339849277553963,0.0,-0.26668524554406803,1.7380799597443575,0.0,-0.27379589943243643,1.738726284352577,0.0,-0.2795890493467244,1.7375946838553762,0.0,-0.2573607532379186,1.7345501171038458,0.0,-0.26606845122644796,1.7387737858109908,0.0,-0.27261856892246017,1.7393750372931105,0.0,-0.27799817304780217,1.7387466235744387,0.0,-0.257548467349615,1.7345669326889308,0.0,-0.264688742698299,1.7385398551555578,0.0,-0.2700380486861689,1.7395111161799885,0.0,-0.27452550328036585,1.7392895892953384,0.0
-0.23800178025032495,1.7168831052934543,0.0,-0.24519161660634683,1.7156291140319977,0.0,-0.2529294697336173,1.7185626358779036,0.0,-0.2588333945737912,1.7228420084587124,0.0,-0.2637826564302677,1.7264331316759998,0.0,-0.2507839922659503,1.729554431140063,0.0,-0.26007025286206814,1.7339009980938034,0.0,-0.2672076410311961,1.7344313813347088,0.0,-0.2725500332483916,1.7334730364069917,0.0,-0.2501465543258487,1.7310926350456295,0.0,-0.2594926553156715,1.7351484953267315,0.0,-0.266604988784358,1.7357760675134646,0.0,-0.2723968646002968,1.7346379637627354,0.0,-0.25014331661775546,1.7316674215796026,0.0,-0.2588675489948203,1.7358568309697349,0.0,-0.2654190007466901,1.736443367515301,0.0,-0.2707978768982894,1.7358087529133819,0.0,-0.25031783382979833,1.7316941313246321,0.0,-0.2574727945294817,1.7356405451862083,0.0,-0.26282463523078653,1.7365977409014597,0.0,-0.2673117156046108,1.7363687592112673,0.0
-0.21909575176540647,1.7209851638484421,0.0,-0.22627863946277277,1.7196919642361597,0.0,-0.23403450331751033,1.7225775313045868,0.0,-0.23996023837478417,1.7268266514764337,0.0,-0.24492235975070503,1.7303999847013571,0.0,-0.2319763488376545,1.7335564669545533,0.0,-0.24128123399593474,1.7378630192105438,0.0,-0.2484199647836445,1.7383750143273617,0.0,-0.25376104540642097,1.7374093863535365,0.0,-0.23134141067559805,1.735107844577635,0.0,-0.24070453281842372,1.7391242546750125,0.0,-0.24781850189236793,1.7397330060481728,0.0,-0.25360909360647094,1.738588386803515,0.0,-0.2313303261179378,1.7356925804748553,0.0,-0.24007104080360023,1.739847491832634,0.0,-0.2466237975380341,1.7404192648257835,0.0,-0.2520019365673912,1.739778433390758,0.0,-0.23149152978262413,1.7357295307462288,0.0,-0.23866116390502576,1.7396492235316072,0.0,-0.24401551190290977,1.740592293013138,0.0,-0.2485022044230877,1.7403558334500373,0.0
-0.3776687979013589,1.922876064234862,0.0,-0.3848444916776833,1.9215435254029316,0.0,-0.3926181387666976,1.92438083616756,0.0,-0.3985656614555422,1.9285994060756544,0.0,-0.4035406567550503,1.9321547936291548,0.0,-0.39064811550023587,1.9353454169602766,0.0,-0.39997156027295816,1.9396116398461978,0.0,-0.4071115910279229,1.9401051751308518,0.0,-0.4124513474662137,1.939132251299011,0.0,-0.39001577012552663,1.9369102564103702,0.0,-0.399395834959095,1.9408869371933652,0.0,-0.40651139514886386,1.9414767993850133,0.0,-0.4123006927078157,1.9403256523967474,0.0,-0.3899967466492456,1.9375053018458923,0.0,-0.3987538893588593,1.9416254757706937,0.0,-0.4053079216926224,1.9421824365811204,0.0,-0.4106853143877768,1.9415353723267281,0.0,-0.3901445247180517,1.937552845498611,0.0,-0.39732881872276726,1.9414456034713936,0.0,-0.40268564617335734,1.9423744856996894,0.0,-0.4071719370853098,1.9421305251517822,0.0
-0.4040047550276572,1.8999200845517779,0.0,-0.4111730072948774,1.8985480785956403,0.0,-0.4189642049438608,1.9013368347043906,0.0,-0.4249334892867941,1.9055245551627082,0.0,-0.4299213719432456,1.9090618402079347,0.0,-0.4170831019689774,1.9122855317335739,0.0,-0.42642503825770256,1.9165111093887306,0.0,-0.43356632579892745,1.9169861130861758,0.0,-0.43890474540219854,1.9160058805922013,0.0,-0.41645344989949484,1.9138641251825042,0.0,-0.42585037610166104,1.9178007969090811,0.0,-0.43296748240091143,1.918371701581097,0.0,-0.43875547570138196,1.9172140145904177,0.0,-0.4164264009968573,1.9144698482895972,0.0,-0.4251999152121097,1.9185550447257453,0.0,-0.431755193450436,1.919097144711439,0.0,-0.43713183053557764,1.918443831615067,0.0,-0.41656064629818257,1.9145283446217325,0.0,-0.42375958500092176,1.9183939527931666,0.0,-0.42911886362992635,1.9193085866576902,0.0,-0.43360473905697294,1.9190571019690468,0.0
-0.4098527009725677,1.8899519214405174,0.0,-0.41701326185546983,1.8885403234976046,0.0,-0.424821772228275,1.8912802299188918,0.0,-0.430812788792249,1.8954368004685143,0.0,-0.435813571244198,1.8989558250143213,0.0,-0.42303035809258094,1.9022114807943722,0.0,-0.4323907145988557,1.9063960962149096,0.0,-0.43953321521229005,1.9068524965283744,0.0,-0.4448702852694034,1.9058649425762806,0.0,-0.4224035077040208,1.9038041242802528,0.0,-0.43181721105737014,1.9077005066417423,0.0,-0.43893581794035164,1.9082523854916065,0.0,-0.44472249682881226,1.9070881462307483,0.0,-0.42236835282111557,1.9044209010941229,0.0,-0.43115817976117254,1.9084708793620895,0.0,-0.437714673896187,1.9089980698721367,0.0,-0.44309054603127074,1.9083384918748978,0.0,-0.42248896334407116,1.9044907157903668,0.0,-0.42970252988461693,1.9083289579330633,0.0,-0.4350642309839354,1.9092292822363042,0.0,-0.43954967692649777,1.9089702502074872,0.0
-0.4101316482929554,1.8832849947284387,0.0,-0.4172842656697532,1.8818336830557392,0.0,-0.4251098457915242,1.8845244482252324,0.0,-0.431122561624558,1.88864956719503,0.0,-0.43613625529142447,1.8921501720999767,0.0,-0.42340886709789705,1.8954366573113544,0.0,-0.43278756927405615,1.89957999239716,0.0,-0.43993123870923156,1.9000177174935173,0.0,-0.4452669464483154,1.899022829295822,0.0,-0.4227849349781199,1.8970436505198487,0.0,-0.43221532833489357,1.9008994626869942,0.0,-0.43933538975399333,1.901432247453674,0.0,-0.4451207440265373,1.9002614436460967,0.0,-0.4227415999179509,1.897671864903212,0.0,-0.4315476785107414,1.9016863837317581,0.0,-0.4381053582198967,1.9021986161091966,0.0,-0.4434804560002568,1.901532757116031,0.0,-0.422848479101932,1.8977533699670255,0.0,-0.43007665491185565,1.9015640286294733,0.0,-0.4354407493361994,1.9024499820910967,0.0,-0.4399257516710039,1.9021833794797054,0.0
-0.41222320242077215,1.8750749158792062,0.0,-0.41936762196574984,1.8735837719305801,0.0,-0.4272100237500046,1.876225107898217,0.0,-0.4332444023181546,1.8803184724678657,0.0,-0.4382710175755886,1.8838004974447211,0.0,-0.42560020371308516,1.887116646616471,0.0,-0.43499717371321667,1.8912183822197233,0.0,-0.44214196717991777,1.8916373602349295,0.0,-0.44747629976823544,1.8906351250130156,0.0,-0.4249793150207057,1.8887382926383125,0.0,-0.43442630826809625,1.8925532533085614,0.0,-0.44154777765143044,1.893066875778468,0.0,-0.4473317970535916,1.8918894951390388,0.0,-0.42492773235645825,1.8893783361877814,0.0,-0.4337499992101399,1.8933571537470049,0.0,-0.44030883385466973,1.8938543793317035,0.0,-0.445683147810632,1.893182223211475,0.0,-0.42502078938624166,1.8894719098616297,0.0,-0.4322635541563927,1.8932547663835073,0.0,-0.4376300123199244,1.894126287644581,0.0,-0.44211455679920303,1.8938520911658037,0.0
-0.4187754989044362,1.859531981089802,0.0,-0.4259114641326679,1.8580008895929765,0.0,-0.43377043441238555,1.8605925121700757,0.0,-0.4398264355371182,1.864653818435434,0.0,-0.4448659816920685,1.868117102056196,0.0,-0.43225247138756423,1.8714617193690912,0.0,-0.4416676280186683,1.875521535344494,0.0,-0.4488135001836361,1.8759216943890997,0.0,-0.4541464447274551,1.8749120993735695,0.0,-0.4316347602138188,1.8730983244328139,0.0,-0.44109826023966625,1.8768721518788656,0.0,-0.4482210904887192,1.877366543891883,0.0,-0.4540037647152904,1.876182574127054,0.0,-0.4315748697118172,1.8737505963650556,0.0,-0.4404132590864462,1.8776934703003467,0.0,-0.44697321770983545,1.8781756404319232,0.0,-0.4523467383063265,1.8774971710175072,0.0,-0.4316540198179029,1.87385662303821,0.0,-0.43891135146568017,1.8776114575665248,0.0,-0.44428014333867094,1.87846848519382,0.0,-0.44876421558936125,1.8781866715209943,0.0
-0.43442144246090636,1.8400742821964167,0.0,-0.4415486947750641,1.8385031312296038,0.0,-0.4494239753378086,1.8410447601359698,0.0,-0.455501555133837,1.8450737031768565,0.0,-0.46055404039932357,1.8485180828783057,0.0,-0.44799854132481437,1.851889942531878,0.0,-0.45743179999818395,1.8559075177886288,0.0,-0.4645787049818519,1.8562887859533939,0.0,-0.4699102485263145,1.8552718183844268,0.0,-0.4473841510576526,1.8535418157107357,0.0,-0.4568640617165594,1.8572742278303889,0.0,-0.46398820520387146,1.8577493212859832,0.0,-0.46976952389872234,1.8565587500939718,0.0,-0.44731590010944433,1.854206722727357,0.0,-0.45617034388885597,1.858113410194303,0.0,-0.46273139521532786,1.8585804762150806,0.0,-0.46810411285148285,1.8578956773034572,0.0,-0.4473810648733008,1.8543255928307707,0.0,-0.45465293950970914,1.8580521843368543,0.0,-0.4600240346152151,1.858894656827235,0.0,-0.46450762013815855,1.8586052025924167,0.0
-0.46586697609172073,1.8160011802320097,0.0,-0.47298525483097764,1.8143898613000702,0.0,-0.48087658245809517,1.8168812203109532,0.0,-0.4869756932717556,1.820877494261334,0.0,-0.49204112474134715,1.824302806351142,0.0,-0.47954432158157106,1.8277006530010964,0.0,-0.4889955942644369,1.8316756655566078,0.0,-0.4961434856377014,1.8320379709182188,0.0,-0.5014736151666982,1.8310136180459389,0.0,-0.4789334052708066,1.8293681058931854,0.0,-0.48842962735070705,1.833058820260486,0.0,-0.4955550359176116,1.8335145471239063,0.0,-0.5013349886735075,1.8323173621948785,0.0,-0.4788567493337243,1.8300460620233185,0.0,-0.4877271769976484,1.8339163197235555,0.0,-0.4942892894306687,1.834368232981564,0.0,-0.49966119443943835,1.83367708833392,0.0,-0.47890785699756755,1.8301781719110721,0.0,-0.48619424889407603,1.8338762982084489,0.0,-0.4915676163046335,1.8347041539933522,0.0,-0.4960507004737732,1.8344070357878992,0.0
-0.4597176295032952,1.8404282483813224,0.0,-0.4668266719943264,1.838776656491388,0.0,-0.4747337785042613,1.8412174735841178,0.0,-0.4808543688525033,1.8451807717047248,0.0,-0.4859327524745093,1.848586851368129,0.0,-0.4734953054739361,1.8520094006370935,0.0,-0.4829645006414268,1.855941527672469,0.0,-0.490113331422454,1.8562847982993502,0.0,-0.495442033858499,1.8552530473841968,0.0,-0.4728880261961842,1.8536927470177353,0.0,-0.4824004573854078,1.8573414809354214,0.0,-0.4895270823398203,1.8577777732439773,0.0,-0.4953056586982419,1.8565739622602382,0.0,-0.4728029292416615,1.8543841734372841,0.0,-0.48168926783809835,1.8582177576553014,0.0,-0.48825240945889786,1.8586544695073184,0.0,-0.49362349210665346,1.8579569628491492,0.0,-0.472839915022362,1.8545299252541192,0.0,-0.48014079657758024,1.858199363017255,0.0,-0.48551640491192277,1.8590125404672533,0.0,-0.4899989729735002,1.858707734842423,0.0
-0.41976411223144694,1.8824426392202305,0.0,-0.42686365384153263,1.8807506729567236,0.0,-0.434786266137295,1.883140680456848,0.0,-0.4409282806473708,1.8870706952102325,0.0,-0.44601962119875255,1.8904573765172894,0.0,-0.433642164690603,1.8939033155817826,0.0,-0.44312918727806366,1.8977922334990664,0.0,-0.45027890992913455,1.8981163974572801,0.0,-0.4556061721332412,1.8970772357703762,0.0,-0.4330386959126156,1.8956028710272739,0.0,-0.4425672307674815,1.899209341580515,0.0,-0.44969502288174146,1.8996261314499374,0.0,-0.45547221233270324,1.898415682086116,0.0,-0.4329451308814499,1.8963081958538022,0.0,-0.44184730499933184,1.9001048624946948,0.0,-0.44841144356544804,1.900526324309323,0.0,-0.4537816940515851,1.8998224393305396,0.0,-0.4329679372881331,1.8964679973882457,0.0,-0.44028327899431924,1.9001085221722003,0.0,-0.44566109641411766,1.900906959601653,0.0,-0.4501431334858687,1.9005944430692079,0.0
-0.4021817472751592,1.8934793669556769,0.0,-0.4092715214673857,1.8917469285546296,0.0,-0.4172093615881932,1.8940858632814048,0.0,-0.4233727409381175,1.897982286409445,0.0,-0.42847704199812475,1.9013494023228823,0.0,-0.41616018291847034,1.9048173905792691,0.0,-0.42566493427418406,1.9086627750604903,0.0,-0.43281550069857927,1.9089677604197335,0.0,-0.4381413094701386,1.9079211752432599,0.0,-0.415560708857371,1.9065334720611664,0.0,-0.4251052387703463,1.910097396172607,0.0,-0.4322341482791143,1.9104946158034863,0.0,-0.4380099402609843,1.9092775157267274,0.0,-0.41545865812103694,1.9072531301234217,0.0,-0.4243765898631974,1.9110126347516037,0.0,-0.43094169280703487,1.91141879791239,0.0,-0.43631110126357464,1.9107085182674255,0.0,-0.41546723527589824,1.9074273946460318,0.0,-0.4227970056853114,1.9110387809070326,0.0,-0.42817699989193825,1.9118224165788218,0.0,-0.43265849096228814,1.9115021656116467,0.0
-0.4216265573174174,1.8789557329346478,0.0,-0.42870629570797686,1.8771827283572644,0.0,-0.43665908088508953,1.8794703317683288,0.0,-0.4428437617449557,1.8833328543721988,0.0,-0.4479610256684941,1.886680236755878,0.0,-0.4357053420587375,1.890168906567964,0.0,-0.4452277198970958,1.893970432635993,0.0,-0.45237908143602135,1.8942561674756915,0.0,-0.45770342351268145,1.8932021461032615,0.0,-0.4351100580375438,1.8919018320171441,0.0,-0.44467047120600306,1.8954229265032576,0.0,-0.45180044780421386,1.8958005081875666,0.0,-0.4575748317035327,1.894576745057722,0.0,-0.43499951386456837,1.892636264598239,0.0,-0.443933122821041,1.896358362477122,0.0,-0.4504991572484526,1.8967491783857156,0.0,-0.4558677137396426,1.8960324876936363,0.0,-0.4349938198263891,1.8928254106845064,0.0,-0.44233798551750253,1.8964074318014634,0.0,-0.44772012374882175,1.8971762039318187,0.0,-0.4522010536760796,1.896848194964552,0.0
-0.3039175369129324,1.659327623351122,0.0,-0.31098696933051184,1.657513962356487,0.0,-0.3189544120472718,1.6597499806915559,0.0,-0.32516032702150655,1.6635782933141574,0.0,-0.3302905549122442,1.6669057729421657,0.0,-0.3180965944135654,1.6704137304729691,0.0,-0.3276364927687375,1.6741710725541943,0.0,-0.3347886001982934,1.674437484969695,0.0,-0.3401114622558411,1.673376014706734,0.0,-0.3175057072102697,1.672163818312793,0.0,-0.3270818886058938,1.6756417999415385,0.0,-0.334212881446767,1.6759996760692346,0.0,-0.339985846598068,1.6747692375390582,0.0,-0.31738667223659367,1.672913472866092,0.0,-0.32633587545826737,1.676597918998734,0.0,-0.332902808147155,1.6769733390780874,0.0,-0.3382705026690677,1.6762502209227073,0.0,-0.31736667332639823,1.6731179242035572,0.0,-0.32472519886998996,1.676670352500534,0.0,-0.3301094478971736,1.6774241992639485,0.0,-0.33458980140872635,1.6770884086936233,0.0
-0.2835219535011395,1.67724945454716,0.0,-0.2905808080483905,1.675395050764016,0.0,-0.29856261610447543,1.6775792351874186,0.0,-0.30478969367511694,1.6813730278982837,0.0,-0.30993288535833674,1.6846804344646695,0.0,-0.29780116370194976,1.6882062605947454,0.0,-0.30735847288210055,1.6919190925835867,0.0,-0.3145112764102941,1.6921661106924424,0.0,-0.3198326450625387,1.6910971788565707,0.0,-0.2972148918903165,1.6899738292427458,0.0,-0.30680672322916913,1.6934084147925308,0.0,-0.31393868092227956,1.6937465178582407,0.0,-0.31971021660790877,1.692509391573584,0.0,-0.2970873795924616,1.6907391590795575,0.0,-0.3060520915651177,1.6943857082502762,0.0,-0.3126198889640556,1.6947456839478838,0.0,-0.31798671144418555,1.694016121877883,0.0,-0.2970530507207265,1.6909593442587065,0.0,-0.30442589864586467,1.6944819510283646,0.0,-0.30981222477023873,1.6952208105625957,0.0,-0.3142919864617447,1.6948772147492952,0.0
-0.27834518396232827,1.6841841668954405,0.0,-0.2853931870794063,1.6822889378929604,0.0,-0.29338906365929507,1.684421044634848,0.0,-0.2996372281303841,1.6881800071175048,0.0,-0.30479338212559076,1.6914671692466716,0.0,-0.29272438162292896,1.6950094205811839,0.0,-0.3022989881650367,1.6986774159064517,0.0,-0.3094524374288423,1.6989049678548045,0.0,-0.31477229922750005,1.6978285617762194,0.0,-0.29214295590305117,1.6967947879188185,0.0,-0.30175031561637156,1.7001856942387656,0.0,-0.3088831862257807,1.7005039568485498,0.0,-0.3146532816757166,1.699260130448561,0.0,-0.2920069910728307,1.6975762518670174,0.0,-0.30098712369158587,1.701184658683983,0.0,-0.3075557519184645,1.70152914147516,0.0,-0.31292169221532407,1.7007931190042056,0.0,-0.2919583160676079,1.6978126041555555,0.0,-0.29934544682754727,1.7013051596835909,0.0,-0.30473381587746695,1.702028970094753,0.0,-0.3092129702120491,1.7016775453622766,0.0
-0.27837601568959813,1.6834209033726553,0.0,-0.28541289221975535,1.681484770730116,0.0,-0.2934225359653997,1.6835645612261698,0.0,-0.29969170740856993,1.6872883828679701,0.0,-0.30486082090185845,1.6905551281257483,0.0,-0.29285498893908873,1.6941123380922738,0.0,-0.3024467755644149,1.6977351697853797,0.0,-0.3096008196268817,1.697943183754443,0.0,-0.31491916106146256,1.6968592907763074,0.0,-0.2922786524556398,1.695915820902394,0.0,-0.30190141566139095,1.699262764973906,0.0,-0.309035146703841,1.6995611198521015,0.0,-0.3148037910955155,1.6983105809694259,0.0,-0.29213427167503814,1.6967138829351767,0.0,-0.3011297342192215,1.7002839018739706,0.0,-0.30769915905991463,1.7006128432651746,0.0,-0.31306420696262804,1.6998703438720422,0.0,-0.29207124361031966,1.6969668400352924,0.0,-0.29947261554832993,1.700429113625881,0.0,-0.3048629928760867,1.7011378129936279,0.0,-0.3093415241835253,1.700778535630168,0.0
-0.28090048146871455,1.6808613124788458,0.0,-0.28792595472592764,1.678884201854129,0.0,-0.29594905981361486,1.6809114428835932,0.0,-0.3022391540149727,1.6845998128679962,0.0,-0.30742122283117135,1.6878459677734028,0.0,-0.2954789703726972,1.6914166478122108,0.0,-0.30508781594296075,1.6949939885772465,0.0,-0.31224240329036956,1.6951823927898817,0.0,-0.3175592107880669,1.694091000268714,0.0,-0.2949079790187043,1.6932385611840508,0.0,-0.30454601749391663,1.6965412601836745,0.0,-0.311680555937089,1.6968196401798215,0.0,-0.3174477383952078,1.6955623764408045,0.0,-0.2947552311334657,1.694053690018076,0.0,-0.30376593024195386,1.6975850754662316,0.0,-0.3103361171490089,1.697898426998421,0.0,-0.31570026237690485,1.697149434127124,0.0,-0.29467785265707164,1.694323693806342,0.0,-0.3020934219722146,1.6977554538086095,0.0,-0.3074857724509765,1.6984489801914058,0.0,-0.3119636649269022,1.698081826450242,0.0
-0.2788465715058112,1.686598138792475,0.0,-0.28586036334442366,1.6845799799893089,0.0,-0.29389661956581026,1.6865544438111706,0.0,-0.3002075479741996,1.6902070512124643,0.0,-0.3054025665487913,1.6934324412501744,0.0,-0.293524266654671,1.6970150820984773,0.0,-0.3031500461289829,1.7005466043841602,0.0,-0.3103051246680558,1.7007153271115525,0.0,-0.3156203845936363,1.699616422417618,0.0,-0.292958889358538,1.698855738800106,0.0,-0.30261207151248914,1.702113910163682,0.0,-0.30974736377332857,1.7023722482595285,0.0,-0.3155130733696925,1.7011082472844192,0.0,-0.29279783594889974,1.6996884074623506,0.0,-0.3018236755959388,1.7031809137648635,0.0,-0.3083945896872906,1.7034786270168996,0.0,-0.3137578218894931,1.7027231240768192,0.0,-0.2927061196091366,1.6999759037119337,0.0,-0.30013584032201324,1.7033769175474693,0.0,-0.30553012834280024,1.7040552089879526,0.0,-0.3100073660478867,1.7036801550881537,0.0
-0.27113407205898493,1.6959034131047679,0.0,-0.2781359029453383,1.693844140138624,0.0,-0.2861849957926258,1.6957656046257696,0.0,-0.2925166654693663,1.6993821385062202,0.0,-0.29772462682020473,1.7025865881397588,0.0,-0.28591061318267097,1.7061796612111217,0.0,-0.295553197575285,1.7096650372846145,0.0,-0.3027087146304476,1.709814006853046,0.0,-0.30802241328614377,1.7087075773707543,0.0,-0.285351132176082,1.708039371029477,0.0,-0.2950193230243531,1.7112527325175755,0.0,-0.3021553149674594,1.711490961834161,0.0,-0.3079195407207853,1.7102202112373188,0.0,-0.28518184802299384,1.70889005639222,0.0,-0.29422272949453554,1.7123434378980324,0.0,-0.30079433555224466,1.712625464490119,0.0,-0.30615664430726297,1.7118634348561381,0.0,-0.28507581659328574,1.7091954944771106,0.0,-0.29251964051177515,1.7125655286685362,0.0,-0.2979158299804697,1.713228523198973,0.0,-0.3023923968396266,1.7128455453261127,0.0
-0.26558958097169044,1.6988686623738505,0.0,-0.2725791700577179,1.6967682135364184,0.0,-0.2806407808129363,1.6986364623075845,0.0,-0.2869930943831332,1.7022166118169895,0.0,-0.2922139900819605,1.7053999445026633,0.0,-0.28046455558646544,1.7090019033624546,0.0,-0.2901238119254017,1.7124408053850602,0.0,-0.29727971423610033,1.712569950182782,0.0,-0.30259183786150573,1.7114559833110836,0.0,-0.2799112666507153,1.7108809724112528,0.0,-0.289594327790166,1.7140492421758797,0.0,-0.296730964726256,1.714267295980697,0.0,-0.30249369560199896,1.7129897833708028,0.0,-0.2797338401957921,1.711750154694693,0.0,-0.28878966206637097,1.7151641658041508,0.0,-0.2953619245353874,1.715430457401317,0.0,-0.3007232993507039,1.7146618844139556,0.0,-0.2796135269964497,1.712073987275697,0.0,-0.2870714036814594,1.7154128074763133,0.0,-0.2924694580158562,1.7160604431241417,0.0,-0.2969453378174223,1.7156695174310297,0.0
-0.26406053416946046,1.6987372857081815,0.0,-0.27103759936821015,1.6965956036303325,0.0,-0.27911140519656624,1.6984104261796797,0.0,-0.2854842608020854,1.7019538806573051,0.0,-0.2907180809458638,1.7051159188588916,0.0,-0.2790334762623156,1.7087252007962934,0.0,-0.2887092675489143,1.712117300901028,0.0,-0.29586550126699124,1.7122265493852273,0.0,-0.3011760360389566,1.711105032538016,0.0,-0.27848668895053874,1.7106239307923017,0.0,-0.2881844785352414,1.71374682744487,0.0,-0.29532170521968043,1.7139446391591087,0.0,-0.3010829301298553,1.7126603521393735,0.0,-0.2783012227478997,1.7115120930344163,0.0,-0.28737188085807935,1.714886488247693,0.0,-0.2939447638450317,1.7151369965633145,0.0,-0.2993051941566884,1.714361863528872,0.0,-0.2781666719641529,1.7118547757266964,0.0,-0.2856385486954043,1.7151621467512168,0.0,-0.29103843082229913,1.7157943615446851,0.0,-0.2955136072172357,1.7153954641521076,0.0
-0.26409023190499703,1.7001323265547763,0.0,-0.27105448996805204,1.6979493582679344,0.0,-0.279140164015292,1.699710550092071,0.0,-0.28553345526949603,1.7032169991709427,0.0,-0.2907801884515674,1.706357564375148,0.0,-0.2791606206616355,1.7099725920718807,0.0,-0.2888528058311014,1.713317562442922,0.0,-0.29600931651822804,1.7134068431467908,0.0,-0.3013182485507596,1.7122777637533058,0.0,-0.2786206584943349,1.7118912795802512,0.0,-0.2883330312125114,1.7149685222608027,0.0,-0.29547079184391867,1.7151460254666686,0.0,-0.3012304996469225,1.7138549516350479,0.0,-0.27842726965239406,1.712798907073615,0.0,-0.28751265708681295,1.7161334410401021,0.0,-0.2940861243588244,1.7163681178394623,0.0,-0.299445599531008,1.7155864080301604,0.0,-0.27827853664777813,1.7131608980956115,0.0,-0.2857643583896513,1.7164365839520013,0.0,-0.2911660307419709,1.7170533159258967,0.0,-0.2956404872430556,1.7166464229233724,0.0
-0.2637790267083134,1.7035766070610525,0.0,-0.27073019330507064,1.7013523040568936,0.0,-0.2788274047988002,1.7030596667791733,0.0,-0.28524102074314595,1.7065288004926866,0.0,-0.290500654024229,1.7096477132253929,0.0,-0.27894628529079324,1.7132668965208941,0.0,-0.28865471917379026,1.7165644094748997,0.0,-0.2958114517989617,1.7166336510147997,0.0,-0.30111876714312197,1.715496996520033,0.0,-0.2784134859220231,1.7152058321704797,0.0,-0.2881402929740263,1.7182371406181454,0.0,-0.29527853119295355,1.718394269066257,0.0,-0.3010367106933885,1.717096396015666,0.0,-0.2782123065332132,1.7161334118658844,0.0,-0.2873123135992563,1.7194278394345404,0.0,-0.29388632858278735,1.7196466365384349,0.0,-0.29924483790741313,1.7188583331925646,0.0,-0.27804945815735793,1.7165151716694937,0.0,-0.28554916752481696,1.7197589355919303,0.0,-0.2909525920387923,1.7203601227933984,0.0,-0.29542631201981384,1.7199452102399477,0.0
-0.2633466261489844,1.7067305592083548,0.0,-0.2702844159477511,1.7044648774967475,0.0,-0.2783928303026483,1.70611821898867,0.0,-0.28482665536524,1.709549727879489,0.0,-0.29009917424428155,1.7126468077228032,0.0,-0.2786101205292817,1.7162685454751703,0.0,-0.2883346538146374,1.719518273544466,0.0,-0.29549155275172956,1.7195674046271918,0.0,-0.3007972373955401,1.7184231624922988,0.0,-0.27808483588079924,1.7182280131449663,0.0,-0.28782592495818027,1.7212131077696502,0.0,-0.29496458384586743,1.7213497953865144,0.0,-0.3007212237943633,1.7200451107050447,0.0,-0.2778760134371264,1.7191760330218215,0.0,-0.2869905276442528,1.7224301092924776,0.0,-0.2935650534239723,1.7226329785808547,0.0,-0.2989225861202661,1.7218380649029283,0.0,-0.2776991283269682,1.719578023903759,0.0,-0.28521266555159563,1.7227896283867228,0.0,-0.2906178036639796,1.7233752088811838,0.0,-0.2950907703589326,1.7229522528061083,0.0
-0.26378188041479483,1.7085900759342232,0.0,-0.2707060071656583,1.7062829760993308,0.0,-0.2788252860925071,1.7078821105988788,0.0,-0.2852792000487059,1.7112756858300744,0.0,-0.29056458843359767,1.7143507514401977,0.0,-0.27914091827068543,1.7179734334817456,0.0,-0.2888813974692701,1.7211750494993685,0.0,-0.2960384064946616,1.7212039989295094,0.0,-0.30134244636300755,1.7200521566322182,0.0,-0.2786235146313666,1.719953709459859,0.0,-0.28837872989707347,1.7228923114151276,0.0,-0.29551775197428165,1.7230084923106892,0.0,-0.3012728410673198,1.72169698358183,0.0,-0.27840721242362565,1.720922657863486,0.0,-0.28753611846338256,1.724136138239098,0.0,-0.29411111778106713,1.7243230316547422,0.0,-0.29946766299514627,1.7235214908156469,0.0,-0.2782163812970261,1.721345343557819,0.0,-0.28574368419318863,1.7245245503913351,0.0,-0.29115049683852046,1.725094462268487,0.0,-0.2956226933408017,1.724663438672166,0.0
-0.2651088201275484,1.7103115565486522,0.0,-0.27201899674697194,1.7079630038031182,0.0,-0.2801487983654366,1.7095077520298614,0.0,-0.2866226763006243,1.7128630854982503,0.0,-0.29192091647880225,1.7159159546241798,0.0,-0.2805626498073259,1.719537963809973,0.0,-0.2903189172171658,1.7226911409965668,0.0,-0.2974759795074263,1.7226998376839648,0.0,-0.3027783604619634,1.7215403827189943,0.0,-0.28005350789513456,1.7215393159267662,0.0,-0.2898226899648838,1.7244311471839247,0.0,-0.29696201719080756,1.7245267556591946,0.0,-0.3027155440705444,1.7232084104620535,0.0,-0.27982990539354546,1.722529680872858,0.0,-0.2889730851202975,1.7257023211127,0.0,-0.29554852037375984,1.7258731906649563,0.0,-0.3009040671782123,1.7250650058021118,0.0,-0.27962523133426975,1.7229735261247514,0.0,-0.2871662352654456,1.7261200964307901,0.0,-0.2925746828733631,1.7266742778107107,0.0,-0.2970460921349684,1.72623516266541,0.0
-0.2668758918288676,1.7127817381078478,0.0,-0.27377183048596165,1.7103917023449817,0.0,-0.28191180944101596,1.7118818916117833,0.0,-0.28840552171561135,1.7151986760634126,0.0,-0.2937165943245517,1.7182291655664923,0.0,-0.28242370139149103,1.7218488799137162,0.0,-0.29219559506418225,1.7249532919662596,0.0,-0.29935265319382964,1.7249416649335692,0.0,-0.3046533610328929,1.723774584813044,0.0,-0.28192321637531587,1.7238715666510365,0.0,-0.2917062023001797,1.7267163500743756,0.0,-0.29884577607144075,1.7267913206291323,0.0,-0.30459772932553236,1.7254661265386593,0.0,-0.2816925095892836,1.7248838350977185,0.0,-0.2908498420016864,1.7280153913715082,0.0,-0.29742567524373414,1.7281701891400434,0.0,-0.3027802126371966,1.7273553433575644,0.0,-0.2814741083222656,1.725349305218493,0.0,-0.2890287461675568,1.7284629994885439,0.0,-0.29443878866015905,1.7290013885278799,0.0,-0.2989093934908813,1.7285541577785737,0.0
-0.26887899405949967,1.7152925316690995,0.0,-0.2757604062639145,1.7128609875129892,0.0,-0.2839102138458315,1.714296451834157,0.0,-0.2904236260626589,1.7175743809818786,0.0,-0.2957475100602861,1.7205823068562185,0.0,-0.2845199103968159,1.7241981017717039,0.0,-0.29430726410530095,1.7272534229540615,0.0,-0.30146426004462884,1.7272214013444032,0.0,-0.3067632805031443,1.7260466835982755,0.0,-0.28402849187552043,1.7262423713503847,0.0,-0.2938251151257741,1.7290398307735717,0.0,-0.300964876275498,1.7290940981141367,0.0,-0.3067152444369247,1.7277620427013518,0.0,-0.28379089369017463,1.7272770284384755,0.0,-0.2929622549134247,1.7303672573814213,0.0,-0.2995384478508495,1.7305059355200285,0.0,-0.3048919647575838,1.7296844118888886,0.0,-0.28355889384597005,1.7277645888421513,0.0,-0.2911270959668316,1.7308451669759828,0.0,-0.2965386927560931,1.7313677018742368,0.0,-0.30100847582272156,1.7309123314394437,0.0
-0.2705229946471183,1.7168969384192174,0.0,-0.2773895913384997,1.7144238652726864,0.0,-0.2855488756063014,1.7158044454684092,0.0,-0.2920818485804084,1.7190432141114875,0.0,-0.29741852121543455,1.7220283915052577,0.0,-0.28625608269481395,1.725638642097951,0.0,-0.2960587259025862,1.72864454733323,0.0,-0.3032156010155642,1.7285920604179426,0.0,-0.30851291976496176,1.7274096925944153,0.0,-0.28577415463091105,1.7277047315460414,0.0,-0.295584245081183,1.7304545918496337,0.0,-0.30272413387816033,1.7304880908967237,0.0,-0.3084729054250517,1.7291491617289434,0.0,-0.28552989511804217,1.728762259808303,0.0,-0.2947151583869322,1.7318109185770623,0.0,-0.3012916723795305,1.7319334293175024,0.0,-0.3066441576489989,1.7311052108757041,0.0,-0.28528443848534635,1.7292723755298622,0.0,-0.29286613269255946,1.732319596875476,0.0,-0.29827924267779815,1.732826215881384,0.0,-0.30274818650331903,1.732362681654016,0.0
-0.2708718752642654,1.7173314648065152,0.0,-0.2777233669032145,1.7148168468968528,0.0,-0.28589177281147315,1.7161423906937687,0.0,-0.2924441625424963,1.7193416948394515,0.0,-0.297793599324707,1.7223039380770746,0.0,-0.2866961373081683,1.7259070215516616,0.0,-0.2965138951399713,1.7288631865163466,0.0,-0.3036705901822201,1.7287901637028391,0.0,-0.3089661928303498,1.7276001333687916,0.0,-0.28622413791362106,1.7279951557561193,0.0,-0.2960475218293886,1.7306971429461755,0.0,-0.30318747797732265,1.7307098088428237,0.0,-0.3089346413327832,1.729363993483894,0.0,-0.2859734646146056,1.7290760342964626,0.0,-0.2951725002574157,1.7320828806260018,0.0,-0.30174929631704106,1.7321891762818873,0.0,-0.30710073872348015,1.7313542460346347,0.0,-0.28571470637969815,1.7296091694921407,0.0,-0.2933098179006165,1.7326227928869375,0.0,-0.2987243994660175,1.7331134343049392,0.0,-0.303192486428816,1.7326417121531676,0.0
-0.2696291201359555,1.7168298773454567,0.0,-0.2764652167964276,1.7142737037678477,0.0,-0.2846423863253043,1.7155440658955996,0.0,-0.2912140439724791,1.7187036028825853,0.0,-0.29657621864298556,1.7216427254878353,0.0,-0.2855434952202367,1.725237023615157,0.0,-0.29537618843432156,1.7281431248350132,0.0,-0.3025326435511641,1.7280494956747092,0.0,-0.30782651564221375,1.726851790416126,0.0,-0.2850818767919922,1.7273474143600234,0.0,-0.29491837681746685,1.7300012556477844,0.0,-0.3020583394543091,1.7299930237673367,0.0,-0.30780388298624456,1.7286403097778642,0.0,-0.2848250549702831,1.7284521180038401,0.0,-0.2940377303935392,1.7314169102651775,0.0,-0.3006147691831882,1.7315069432358943,0.0,-0.3059651574251809,1.7306652841557688,0.0,-0.2845531639422431,1.7290087354338284,0.0,-0.2921616153883463,1.731988519246984,0.0,-0.2975776264005422,1.7324631214437882,0.0,-0.30204483873360666,1.73198318721192,0.0
-0.2692025467423735,1.7151349424534241,0.0,-0.2760229582054496,1.7125372072120024,0.0,-0.2842085304938487,1.7137522494956323,0.0,-0.29079930235376056,1.7168717181193558,0.0,-0.296174186855236,1.7197875328393804,0.0,-0.2852059101860787,1.723371434498707,0.0,-0.29505335514808806,1.7262271494464139,0.0,-0.3022095098726801,1.726112843642797,0.0,-0.3075016368870954,1.7249074510651994,0.0,-0.28475513888908804,1.7255042794930529,0.0,-0.29460457403653256,1.7281097033756623,0.0,-0.3017444817339085,1.7280805093298426,0.0,-0.3074883937548523,1.7267208842674313,0.0,-0.28449245174985194,1.7266332779100368,0.0,-0.2937186314239816,1.7295557751688604,0.0,-0.30029587325691265,1.7296294979435298,0.0,-0.3056451959569598,1.7287810929706708,0.0,-0.28420761057038013,1.7272138384040536,0.0,-0.29182932190516164,1.7301595405801258,0.0,-0.2972467197108732,1.7306180419913675,0.0,-0.3017130395010003,1.7301298715007385,0.0
-0.2746016493119778,1.7118151160072799,0.0,-0.28140608516093996,1.7091758180537433,0.0,-0.2895996966426514,1.7103354095017897,0.0,-0.29620942412982154,1.7134145101414486,0.0,-0.30159698857674194,1.7163068289717287,0.0,-0.29069281234014466,1.719878732759351,0.0,-0.3005548209986889,1.722683739953844,0.0,-0.3077106142502299,1.7225486873705977,0.0,-0.3130009816046376,1.7213355950994784,0.0,-0.2902533679357868,1.722034214658559,0.0,-0.3001155535763067,1.7245909510007953,0.0,-0.3072553443390328,1.7245407306478422,0.0,-0.31299761310597324,1.7231741820673299,0.0,-0.2899851168102796,1.7231879714595926,0.0,-0.2992246622561955,1.7260679335357334,0.0,-0.3058020670950823,1.7261252986972122,0.0,-0.3111503127991724,1.7252701307395024,0.0,-0.28968752214695576,1.7237929333658624,0.0,-0.29732241065418075,1.7267043114696299,0.0,-0.302741152077918,1.727146650606619,0.0,-0.3072065612649205,1.7266502196565001,0.0
-0.2869532142980205,1.7071816667534303,0.0,-0.2937413840146566,1.7045008100231427,0.0,-0.30194266855735236,1.7056048269113087,0.0,-0.3085711881877531,1.7086432616585416,0.0,-0.3139714008366632,1.7115118958688,0.0,-0.303130923793429,1.7150702127668283,0.0,-0.31300730365742085,1.717824191874319,0.0,-0.32016267373944807,1.7176683225435623,0.0,-0.3254512667865804,1.7164475182248216,0.0,-0.30270329931145123,1.7172484981910363,0.0,-0.31257804716730353,1.719756278308018,0.0,-0.31971765843299776,1.7196849677608916,0.0,-0.3254582721472056,1.7183114832145903,0.0,-0.30242980380375983,1.7184274700009243,0.0,-0.3116825735804025,1.721264657528671,0.0,-0.31826010103652236,1.7213056177575927,0.0,-0.3236072582136997,1.7204436696908434,0.0,-0.3021196665255611,1.7190572886191862,0.0,-0.30976764677792606,1.7219340998817283,0.0,-0.3151876881197532,1.7223602153382935,0.0,-0.31965216849566935,1.721855499706812,0.0
-0.3002593724269153,1.7007962916230865,0.0,-0.30703098548897934,1.6980738850686077,0.0,-0.3152395745359241,1.6991222110188704,0.0,-0.3218867179135134,1.702119683808,0.0,-0.3272995451333387,1.7049644439690734,0.0,-0.3165223108082401,1.7085076000677386,0.0,-0.32641286492605504,1.711210232004376,0.0,-0.3335677495248225,1.7110334761349946,0.0,-0.33885455355344496,1.7098049474353814,0.0,-0.3161070121605528,1.7107088386215275,0.0,-0.32599413029901325,1.7131673953623647,0.0,-0.33313349893780053,1.713074930997019,0.0,-0.33887244574465736,1.7116944980349569,0.0,-0.3158286102543745,1.711913474129573,0.0,-0.32509445994724484,1.7147076486188073,0.0,-0.3316720692797025,1.7147321566976603,0.0,-0.33701812632163464,1.713863411365806,0.0,-0.31550615558829,1.712568601128817,0.0,-0.3231671394165181,1.7154106024948408,0.0,-0.32858843644988256,1.7158204329542657,0.0,-0.3330519696581882,1.715307408399341,0.0
-0.30742655774291644,1.6932700948909924,0.0,-0.314181323722663,1.6905061525129674,0.0,-0.322396846436993,1.6914986785680128,0.0,-0.32906244024336023,1.694454895307753,0.0,-0.33448784648578694,1.6972755913194406,0.0,-0.3237733429747322,1.7008020305856342,0.0,-0.33367786991526194,1.7034529976217703,0.0,-0.34083220609820647,1.7032552856078431,0.0,-0.3461172063330475,1.702019020215396,0.0,-0.32337088850964896,1.7030263538832748,0.0,-0.3332701813384796,1.705435421715622,0.0,-0.34040924365279435,1.7053217401793475,0.0,-0.3461465116416213,1.7039343463495134,0.0,-0.323087936632848,1.7042570928739045,0.0,-0.3323667188435595,1.707008016772041,0.0,-0.3389443689585481,1.7070160255892866,0.0,-0.3442893141790922,1.7061404658045802,0.0,-0.32275340430042593,1.7049379756956307,0.0,-0.3304273007628333,1.7077449238720503,0.0,-0.335849808732463,1.7081384081140993,0.0,-0.34031237626728544,1.7076170503743937,0.0
-0.3094990241055834,1.6868136097441429,0.0,-0.3162366527692996,1.684008150619498,0.0,-0.32445873618071863,1.6849447753123628,0.0,-0.33114260216792696,1.6878594440188954,0.0,-0.3365805499378728,1.690655885138793,0.0,-0.3259282098452986,1.6941640722230122,0.0,-0.3358465036809625,1.6967630580890356,0.0,-0.34300022789525914,1.6965443205183557,0.0,-0.3482834094969426,1.6953003061428498,0.0,-0.32553912984109007,1.696411592923813,0.0,-0.33545039810564825,1.6987709080192908,0.0,-0.3425890898301348,1.6986359462391203,0.0,-0.34832466703402204,1.6972415790877111,0.0,-0.32525200288585565,1.6976688652896748,0.0,-0.33454356722273704,1.7003763020443836,0.0,-0.3411212166728357,1.700367764598613,0.0,-0.3464650383076023,1.6994853731418251,0.0,-0.32490564721854054,1.6983759465375414,0.0,-0.3325923625711077,1.701147598043316,0.0,-0.3380160361909766,1.701524674951356,0.0,-0.3424776193963118,1.700994959747239,0.0
-0.3134046051480643,1.6820180538425298,0.0,-0.32012480655651143,1.6791711021499138,0.0,-0.3283530757102481,1.6800517315687291,0.0,-0.33505503069695963,1.682924562500039,0.0,-0.3405054805231592,1.6856965573733738,0.0,-0.329914681034424,1.6891849804467285,0.0,-0.339846531326208,1.6917316704404162,0.0,-0.34699957939741655,1.691491838103105,0.0,-0.35228092746239636,1.6902400624764986,0.0,-0.3295395171313674,1.6914557913052126,0.0,-0.33946255791339586,1.6937650916256533,0.0,-0.3466008142149095,1.693608786816835,0.0,-0.35233468861054607,1.6922074338885031,0.0,-0.3292486084278933,1.6927400160453767,0.0,-0.33855280149767264,1.6954037301680678,0.0,-0.34513040848118226,1.695378599572195,0.0,-0.35047309468709975,1.6944893591928198,0.0,-0.3288906984600306,1.693473732862202,0.0,-0.33659013612701727,1.69620984407943,0.0,-0.3420149295783821,1.6965704526476413,0.0,-0.3464755096473141,1.6960323556821708,0.0
-0.32172670037789847,1.6781760825978118,0.0,-0.3284291849875788,1.67528766764023,0.0,-0.3366632630954428,1.6761122154879686,0.0,-0.3433831189664083,1.6789429212793308,0.0,-0.3488460293721366,1.6816902779698057,0.0,-0.338316092465226,1.6851574515822048,0.0,-0.34826128424981073,1.6876515326775554,0.0,-0.35541359138061634,1.6873905365747706,0.0,-0.3606930909411141,1.6861309874516575,0.0,-0.33795539703565736,1.68745162451804,0.0,-0.34789000375379553,1.6897106499025174,0.0,-0.35502775923150565,1.6895329395770493,0.0,-0.36075991873901003,1.688124588415156,0.0,-0.33766111827739387,1.6887632087241384,0.0,-0.34697778367799337,1.6913829658541846,0.0,-0.3535553060383112,1.69134119533968,0.0,-0.3588968448931872,1.6904450887561413,0.0,-0.33729193781580225,1.689523992157302,0.0,-0.34500399836093965,1.6922243193835818,0.0,-0.3504298652904503,1.69256839872426,0.0,-0.35488942326437345,1.6920218956841762,0.0
-0.32973875907379757,1.675872848447322,0.0,-0.33642323783895733,1.6729430046719114,0.0,-0.34466274643233064,1.6737113923210465,0.0,-0.3514003101413234,1.6764996881215426,0.0,-0.35687563761528324,1.6792222141432023,0.0,-0.3464058304155969,1.6826666820934086,0.0,-0.3563641441946453,1.685107843050899,0.0,-0.36351564496369393,1.6848256144036335,0.0,-0.36879328098763886,1.6835582795616952,0.0,-0.34606016587184146,1.6849842672861326,0.0,-0.3560061282838966,1.687192759538728,0.0,-0.3631433169694932,1.6869935815139576,0.0,-0.3688737494522449,1.6855782196608247,0.0,-0.3457629469905027,1.6863236051194788,0.0,-0.35509192530497447,1.6888991720891515,0.0,-0.3616693205300082,1.6888407150103117,0.0,-0.3670097000320915,1.6879377249101775,0.0,-0.3453827946595536,1.687111879475853,0.0,-0.35310737575785484,1.6897761789779027,0.0,-0.35853426927573895,1.6901036683288535,0.0,-0.36299278604358365,1.689548734885592,0.0
-0.3321863155265302,1.6763472510070634,0.0,-0.33885250000181044,1.6733760180219683,0.0,-0.34709705908640215,1.6740881745639535,0.0,-0.35385213266267135,1.676833778173907,0.0,-0.35933983163006966,1.6795312805240319,0.0,-0.34892936691150006,1.6829516187318034,0.0,-0.35890057864316566,1.685339550210019,0.0,-0.36605120700399846,1.6850360204679935,0.0,-0.37132696439496965,1.6837608877084562,0.0,-0.3485993049519291,1.6852926437455187,0.0,-0.35855640915894504,1.6874503467237836,0.0,-0.36569296451695044,1.6872296391310653,0.0,-0.3714216577814217,1.6858072541282334,0.0,-0.3482995939406026,1.686660115408436,0.0,-0.35764072273223546,1.689191260308532,0.0,-0.3642179479538574,1.6891160701467869,0.0,-0.3695571560213973,1.6882061791869853,0.0,-0.34790878320178104,1.687476297600073,0.0,-0.3556457796120051,1.6901043256686128,0.0,-0.36107365229033067,1.690415164400636,0.0,-0.36553110858779175,1.6898517762113503,0.0
-0.32825026817226455,1.6784662386516962,0.0,-0.3348978706159018,1.6754536612399884,0.0,-0.34314709882809347,1.676109523529495,0.0,-0.34991947938640955,1.6788121555386932,0.0,-0.3554195021802501,1.6814844407317344,0.0,-0.3450675390151369,1.6848792601019023,0.0,-0.35505142010785984,1.6872136547704897,0.0,-0.36220110938794664,1.6868887556211345,0.0,-0.36747497298511844,1.6856058127692277,0.0,-0.3447536598090015,1.687243729045194,0.0,-0.35472168826116246,1.689350388749251,0.0,-0.36185754318935054,1.6891080900426654,0.0,-0.367584484984939,1.6876786694311512,0.0,-0.344451922491888,1.6886396997499624,0.0,-0.3538050363005131,1.6911261919960918,0.0,-0.3603820482940555,1.6910342223643515,0.0,-0.36572007276486057,1.6901174131713905,0.0,-0.3440507816368589,1.6894841986318314,0.0,-0.3518000851746691,1.6920757116377292,0.0,-0.3572288890456857,1.692369839262193,0.0,-0.3616852654544549,1.6917979719707976,0.0
-0.3186104520033856,1.6786226204822323,0.0,-0.3252391854808735,1.675568748612848,0.0,-0.3334927002454785,1.6761682613066775,0.0,-0.3402821799998403,1.67882764523325,0.0,-0.3457944768324588,1.6814745193358127,0.0,-0.3355001213923259,1.6848424686038204,0.0,-0.345496438700978,1.6871230212576962,0.0,-0.35264512160085376,1.6867766846352237,0.0,-0.35791707617894347,1.685485919540642,0.0,-0.3352030127044387,1.6872303613301747,0.0,-0.3451817442088438,1.6892857259924137,0.0,-0.35231683103876754,1.6890217749575458,0.0,-0.35804200905762934,1.6875853062781028,0.0,-0.33489973245194427,1.6886551802691818,0.0,-0.3442646627914694,1.6910967906686918,0.0,-0.3508414179752615,1.6909879953157252,0.0,-0.35617824660625746,1.6900642504859194,0.0,-0.33448860456819884,1.6895283959703489,0.0,-0.3422501040800531,1.6920831504220213,0.0,-0.34767979063461524,1.6923605065985265,0.0,-0.3521350675816164,1.6917801358367528,0.0
-0.30686751343415786,1.6747455566027187,0.0,-0.31347709192226814,1.6716504454383672,0.0,-0.32173450961152417,1.6721935610289904,0.0,-0.3285408758925902,1.6748094234588153,0.0,-0.334065394827461,1.6774306921256952,0.0,-0.3238277013357518,1.6807704606738187,0.0,-0.33383621716019507,1.682996868348578,0.0,-0.3409838257526998,1.6826290264431436,0.0,-0.3462538560219188,1.6813304269805116,0.0,-0.3235479575925144,1.68318173202784,0.0,-0.3335371673228575,1.6851855522031567,0.0,-0.34067141782048704,1.6848998879659274,0.0,-0.34639481969737124,1.6834563587593097,0.0,-0.32324363498063413,1.6846357313486748,0.0,-0.3326202103378362,1.6870322321681754,0.0,-0.33919666477278365,1.6869065649830308,0.0,-0.3445322852395701,1.6859758670827305,0.0,-0.32282287788885256,1.6855380545983893,0.0,-0.33059645922666847,1.6880558072004561,0.0,-0.33602697941274123,1.688316331744588,0.0,-0.34048113716937023,1.6877274331330558,0.0
-0.2988307385124468,1.669170158788617,0.0,-0.30542087700351656,1.6660338686906342,0.0,-0.3136818130971287,1.6665205475343,0.0,-0.3205048483734349,1.669092618260793,0.0,-0.326041535297277,1.6716880867720776,0.0,-0.3158595071345404,1.6749984074053565,0.0,-0.32587997922065826,1.677170369493813,0.0,-0.3330264449502847,1.6767809547607635,0.0,-0.33829453555629097,1.6754745088301024,0.0,-0.3155977284332576,1.677432986520023,0.0,-0.32559718794144715,1.6793850151765408,0.0,-0.3327305333079199,1.6790775772120983,0.0,-0.3384521466200029,1.6776269750193262,0.0,-0.3152928808464289,1.6789164803093868,0.0,-0.3246809266810293,1.6812676453428532,0.0,-0.3312570360702375,1.6811250603593106,0.0,-0.33659143596664237,1.6801873919251362,0.0,-0.31486286700876126,1.6798482917596165,0.0,-0.32264841300539393,1.6823287994728016,0.0,-0.328079717226645,1.68257243236397,0.0,-0.3325327359080126,1.6819749815132772,0.0
-0.2968398350826757,1.6623948576686343,0.0,-0.30341024968905617,1.6592174541987477,0.0,-0.31167431893510633,1.659647664538122,0.0,-0.31851380083812486,1.6621756767022704,0.0,-0.3240625994333364,1.6647451500015074,0.0,-0.31393519039455753,1.6680248016722496,0.0,-0.32396737193782055,1.6701420200420385,0.0,-0.33111262562016985,1.66973096521125,0.0,-0.33637876114402443,1.6684166607384472,0.0,-0.31369198145842514,1.6704825913223709,0.0,-0.3237014586881749,1.6723825839325956,0.0,-0.33083382956065943,1.6720533120742567,0.0,-0.3365536418273803,1.670595624436884,0.0,-0.3133871426352728,1.6719958746028072,0.0,-0.3227864813813272,1.6743014792402233,0.0,-0.32936220106976744,1.6741419306412857,0.0,-0.33469536790740273,1.6731972741803651,0.0,-0.3129482590338141,1.672957544148838,0.0,-0.32074564947938855,1.6754005642511127,0.0,-0.32617768759386756,1.6756272456404806,0.0,-0.33062954715804727,1.6750212181523052,0.0
-0.3030171719116706,1.6502065993270019,0.0,-0.3095675799702412,1.6469881532459874,0.0,-0.31783439654677603,1.647361871227285,0.0,-0.32469009789986447,1.6498455614577812,0.0,-0.3302509496173188,1.652388844191218,0.0,-0.3201770653202697,1.6556366546608676,0.0,-0.3302207049718934,1.657698833773043,0.0,-0.3373646767932421,1.657266071858341,0.0,-0.3426288417513679,1.6559438967956233,0.0,-0.3199530344018709,1.6581175306777653,0.0,-0.3299722937042945,1.6599652453101117,0.0,-0.3371036201569693,1.6596140797583574,0.0,-0.34282161883986667,1.6581492942187428,0.0,-0.31964875392353853,1.6596608784213074,0.0,-0.3290592049921638,1.661920699717818,0.0,-0.3356344899663857,1.6617441418402366,0.0,-0.34096641117419973,1.6607924798304483,0.0,-0.3192014019083528,1.6606527645220952,0.0,-0.3270105135274929,1.6630580546710512,0.0,-0.33244323484640054,1.6632677248895495,0.0,-0.33689391509367994,1.6626530963577688,0.0
-0.33272870450010084,1.6333147284113287,0.0,-0.3392588246767442,1.6300553156745339,0.0,-0.3475280023538543,1.6303725253591266,0.0,-0.3543996912051445,1.6328116339124414,0.0,-0.35997253523737316,1.635328530469348,0.0,-0.3499510346800512,1.6385433788965016,0.0,-0.3600058765558033,1.6405502259250468,0.0,-0.3671484960727833,1.640095690233713,0.0,-0.3724106749169268,1.6387656325601208,0.0,-0.34974679241664286,1.6410471896487557,0.0,-0.35977559456787955,1.642842387059387,0.0,-0.3669058061130296,1.6424692683909068,0.0,-0.37262197861557844,1.6409973724924871,0.0,-0.3494436351376802,1.6426208558116722,0.0,-0.3588650149211474,1.6448346725572107,0.0,-0.3654398198090357,1.6446410598960444,0.0,-0.3707704827328663,1.6436823747862666,0.0,-0.34898823024381376,1.643643304811696,0.0,-0.35680893667380964,1.6460106231081388,0.0,-0.36224228996035845,1.646203222674566,0.0,-0.366691770532496,1.645579968686394,0.0
-0.36863013262176375,1.642975082194639,0.0,-0.3751396850156984,1.6396747839443584,0.0,-0.38341083731789943,1.6399354773148356,0.0,-0.3902982769771624,1.6423297482150916,0.0,-0.3958830502319621,1.6448200627691565,0.0,-0.38591274749633964,1.6480008822125878,0.0,-0.3959785311880527,1.6499521071647658,0.0,-0.40311972732744705,1.649475731307128,0.0,-0.4083799044446429,1.6481377790289946,0.0,-0.3857289057206448,1.6505274481574645,0.0,-0.39576700794154696,1.6522698918823826,0.0,-0.40289603353077774,1.6518747610591706,0.0,-0.408610367198227,1.6503957423467348,0.0,-0.38542745114271604,1.652131664740337,0.0,-0.39485957301993435,1.6542992575296895,0.0,-0.4014338520905129,1.6540885447429017,0.0,-0.40676324399263786,1.6531228189532612,0.0,-0.3849644228757363,1.6531850101947605,0.0,-0.39279659464569244,1.6555141152475126,0.0,-0.39823052811406184,1.6556895848767184,0.0,-0.40267878849354755,1.6550576810138564,0.0
-0.3802281884433674,1.6587449136450751,0.0,-0.38671689469123766,1.6554038161997686,0.0,-0.3949896350599634,1.6556079931604484,0.0,-0.4018925841394869,1.6579571743389243,0.0,-0.40748922121397924,1.6604207108907398,0.0,-0.397568887312453,1.6635664907164307,0.0,-0.40764534790229434,1.6654618065538924,0.0,-0.4147850489609499,1.6649635244529966,0.0,-0.42004320867348843,1.6636176656044284,0.0,-0.3974060578230987,1.6661156040263323,0.0,-0.40745321380100497,1.6678050604736578,0.0,-0.4145809818265774,1.667387858852153,0.0,-0.42029346394578915,1.6659017048721207,0.0,-0.39710689941208027,1.6677505801637267,0.0,-0.40654957375549455,1.6698717314670004,0.0,-0.413123280918777,1.6696438733800854,0.0,-0.4184513889774652,1.6686710893022174,0.0,-0.39663669100177,1.6688351421687302,0.0,-0.4044801955127758,1.6711257931606287,0.0,-0.40991465682716294,1.6712840737717864,0.0,-0.4143616763364841,1.670643495611591,0.0
-0.3835388706428007,1.6729557729526203,0.0,-0.39000645402241585,1.6695739677929593,0.0,-0.39828039597843407,1.669721636164852,0.0,-0.4051986084379422,1.6720254795989653,0.0,-0.41080704159311904,1.6744620420195953,0.0,-0.4009354064532075,1.677571830201026,0.0,-0.4110222745307596,1.6794109529615886,0.0,-0.41816040817562034,1.6788906988629517,0.0,-0.42341653474101765,1.6775369215063096,0.0,-0.4007941997493568,1.6801432544689723,0.0,-0.41085015966197785,1.6817794930113452,0.0,-0.4179765979582645,1.681340162351615,0.0,-0.4236872157575532,1.679846860652317,0.0,-0.4004979441967002,1.6818091755529732,0.0,-0.40995097838062977,1.6838836697864221,0.0,-0.416524067187518,1.68363862139707,0.0,-0.4218508784965785,1.6826587613943773,0.0,-0.4000210123186451,1.6829252600831641,0.0,-0.40787571382501236,1.6851772168382386,0.0,-0.4133106500987814,1.6853182495631944,0.0,-0.41775640789969365,1.684668972679862,0.0
-0.3854057360967199,1.6891284193979879,0.0,-0.39185192163034255,1.685706003149736,0.0,-0.4001266789359044,1.6857971786599721,0.0,-0.4070599041315401,1.6880554405115749,0.0,-0.4126800632673308,1.6904648325872034,0.0,-0.4028558178493362,1.6935377378884504,0.0,-0.41295281953153606,1.6953203868084603,0.0,-0.4200893127997975,1.6947780952899023,0.0,-0.42534339041076924,1.6934163875162895,0.0,-0.4027368418344424,1.6961312079162387,0.0,-0.41280135237588056,1.697714000983278,0.0,-0.419926388220945,1.697252483458252,0.0,-0.4256351288699183,1.6957520215902127,0.0,-0.40244410826400023,1.6978282347580835,0.0,-0.41190730667443765,1.6998558583552654,0.0,-0.41847973031666913,1.699593574838056,0.0,-0.42380523188499974,1.6986066212459756,0.0,-0.4019609227289117,1.6989761330129334,0.0,-0.40982668232052105,1.7011891560647472,0.0,-0.4152620401154527,1.7013128822564543,0.0,-0.41970651520825636,1.7006548822222216,0.0
-0.38682136588857896,1.709441221520912,0.0,-0.3932458804456548,1.7059782959346332,0.0,-0.40152106726618847,1.706013002200377,0.0,-0.40846905000357797,1.708225442953197,0.0,-0.41410086263446844,1.710607468430864,0.0,-0.40432266117601606,1.7136426624624532,0.0,-0.41442951813000006,1.7153685600996451,0.0,-0.4215642974293885,1.714804166081198,0.0,-0.426816310213826,1.7134345160109474,0.0,-0.40422651983597974,1.716257884134739,0.0,-0.41429932424490473,1.7177870073054902,0.0,-0.4214228843622059,1.7173032455102275,0.0,-0.42712973497160556,1.7157956110264503,0.0,-0.4039379389578085,1.7179861521687427,0.0,-0.41341110300370415,1.7199666936519498,0.0,-0.4199828143138487,1.7196871303630838,0.0,-0.4253069930649836,1.718693065489358,0.0,-0.4034489823685451,1.719166139930022,0.0,-0.4113256579543451,1.7213399905911566,0.0,-0.41676138327998885,1.7214463518321899,0.0,-0.4212045545028103,1.7207796042185506,0.0
-0.3906743281585278,1.7523957936886387,0.0,-0.3970769005577535,1.74889246561624,0.0,-0.40535213162291556,1.7488707341231164,0.0,-0.4123146122143232,1.7510371187191824,0.0,-0.417958003445564,1.7533915813535998,0.0,-0.40822446582613875,1.7563883004915424,0.0,-0.4183408952950389,1.7580571728482937,0.0,-0.42547388640421663,1.7574706116021885,0.0,-0.43072381842516655,1.7560930073853551,0.0,-0.40815175788747426,1.7590249507386115,0.0,-0.41823259597747353,1.7605001828339133,0.0,-0.4253546065376958,1.7599941197949138,0.0,-0.4310595541592402,1.7584793002511678,0.0,-0.40786797110045303,1.7607845692724826,0.0,-0.4173508992265038,1.7627178193244184,0.0,-0.42392185067801014,1.7624209318064756,0.0,-0.42924469344966676,1.7614197379314271,0.0,-0.4073737384768126,1.7619969062747014,0.0,-0.4152611847695155,1.764131346707363,0.0,-0.4206972230826461,1.7642202848185133,0.0,-0.4251390691107256,1.7635447651974532,0.0
-0.34663648676796693,1.8021578115666985,0.0,-0.3530168478785931,1.7986141929348205,0.0,-0.3612917386424913,1.7985360630098974,0.0,-0.3682684529680691,1.8006561609847747,0.0,-0.37392334547250694,1.8029828645862171,0.0,-0.36423305969035646,1.8059404117451943,0.0,-0.3743587745220879,1.807551988392088,0.0,-0.3814899025911868,1.8069431955528152,0.0,-0.38673773784683346,1.8055576253696688,0.0,-0.3641843772642523,1.808598138596737,0.0,-0.374272985456373,1.8100192617714346,0.0,-0.3813933720793844,1.8094908409559858,0.0,-0.3870964037056119,1.807968823911098,0.0,-0.36390603570967395,1.81038919011227,0.0,-0.37339852341063773,1.8122749416479198,0.0,-0.37996866711793126,1.811960685634653,0.0,-0.3852901606615562,1.8109523450114655,0.0,-0.36340703408115865,1.811634119428133,0.0,-0.37130510258317456,1.8137289127158627,0.0,-0.37674139878735574,1.8138003697648084,0.0,-0.38118189813234027,1.8131160537100541,0.0
-0.3091594205515657,1.7823609473453104,0.0,-0.3155173033938312,1.7787771551255784,0.0,-0.3237914701942356,1.7786426739049472,0.0,-0.3307821497673641,1.7807162595216133,0.0,-0.33644846376293236,1.7830150080048843,0.0,-0.3267999885159928,1.7859327542571906,0.0,-0.33693469719507396,1.7874867684567768,0.0,-0.34406388674636024,1.7868556800312203,0.0,-0.34930960917001097,1.7854621320927413,0.0,-0.326775915734395,1.7886111769888369,0.0,-0.33687202709189346,1.7899779768237716,0.0,-0.3439907148488325,1.7894271421493317,0.0,-0.3496918174129453,1.787897915165478,0.0,-0.32650367930300295,1.7904337164968285,0.0,-0.33600551913955745,1.7922717647354822,0.0,-0.34257480685818975,1.7919400961566403,0.0,-0.3478949378385039,1.7909245910116443,0.0,-0.32600042726987843,1.7917114639397256,0.0,-0.33390896626053324,1.7937663741601841,0.0,-0.3393454647057901,1.7938202924702404,0.0,-0.3437845957150333,1.7931271555585284,0.0
-0.31747364856563703,1.7650078148948485,0.0,-0.3238087884102299,1.7613839710710013,0.0,-0.3320818486265904,1.7611931934620173,0.0,-0.3390862206633015,1.7632200458432084,0.0,-0.344763873891205,1.7654906432776714,0.0,-0.3351557412530486,1.7683680293101967,0.0,-0.3452991479354883,1.7698642181408584,0.0,-0.3524263228641592,1.7692107705185012,0.0,-0.3576699163242336,1.7678092330668798,0.0,-0.3351568529030923,1.771066738684043,0.0,-0.3452601971684023,1.7723790042777456,0.0,-0.35237711058389554,1.7718057001213576,0.0,-0.35807627095960515,1.770269250764359,0.0,-0.33489138919834216,1.7729207931370985,0.0,-0.34440237081450564,1.774710935674483,0.0,-0.35097075394135574,1.774361810660664,0.0,-0.3562895089358986,1.7733391231936257,0.0,-0.3343844164614417,1.7742315666826467,0.0,-0.3423032709855213,1.77624635898145,0.0,-0.34773991546812344,1.7762826811403944,0.0,-0.352177656323991,1.775580698952753,0.0
-0.329784616959969,1.775946166919156,0.0,-0.3360967514264159,1.7722823984510787,0.0,-0.3443683236365086,1.7720353870893188,0.0,-0.35138611112897256,1.774015290348172,0.0,-0.3570750188326043,1.7762575410088415,0.0,-0.3475057370137886,1.779094078411152,0.0,-0.357657541565074,1.780532182890966,0.0,-0.36478262514019033,1.779856312854164,0.0,-0.37002407344021165,1.7784467741633023,0.0,-0.34753259717704643,1.7818126370109313,0.0,-0.35764290081097805,1.7830701610709385,0.0,-0.3647579638654895,1.782474332278679,0.0,-0.37045516886686236,1.7809306481182978,0.0,-0.3472745804376715,1.7836982047776255,0.0,-0.35679449057980234,1.7854402416580928,0.0,-0.36336192015333213,1.7850736165456293,0.0,-0.3686792856520056,1.7840437289300475,0.0,-0.3467644272975239,1.7850421940062613,0.0,-0.3546934391551876,1.787016634671838,0.0,-0.3601301729175462,1.787035303540807,0.0,-0.36456650163672844,1.7863244516638592,0.0
-0.3414861142500744,1.7994069751918145,0.0,-0.34777498340395274,1.7957034139765,0.0,-0.35604468753897944,1.7954002391775183,0.0,-0.3630756093330319,1.7973329825463389,0.0,-0.36877568423765783,1.7995466909660198,0.0,-0.3592437404223251,1.8023419633433961,0.0,-0.3694036384585402,1.8037217285538836,0.0,-0.37652655332409524,1.8030233732882086,0.0,-0.3817658402026861,1.8016058216642252,0.0,-0.35929690112543866,1.80507990600435,0.0,-0.3694138873486155,1.8062824849380743,0.0,-0.3765270234809291,1.8056640768345256,0.0,-0.38222225986223446,1.804113145444768,0.0,-0.35904701111068105,1.8069969564079733,0.0,-0.3685756336480717,1.808690690196703,0.0,-0.3751420603486346,1.8083065215325747,0.0,-0.3804580227532457,1.8072694159159794,0.0,-0.35853422793667195,1.8083743319705723,0.0,-0.3664732356747787,1.8103081885100123,0.0,-0.3719100014054581,1.810309147232475,0.0,-0.3763448958382893,1.809589401259756,0.0
-0.3393722225563292,1.8079279867212752,0.0,-0.3456375690052072,1.8041847695507498,0.0,-0.3539050265031771,1.803825509256705,0.0,-0.36094879737985536,1.8057108872136833,0.0,-0.3666599496731037,1.807895858236154,0.0,-0.35716381292018573,1.81064952214233,0.0,-0.3673314958522872,1.811970697351987,0.0,-0.3744521640284146,1.8112497944566341,0.0,-0.3796892731592947,1.8098242182383686,0.0,-0.3572438128034873,1.8134063564752392,0.0,-0.36736720164002795,1.81455379048031,0.0,-0.3744783337498646,1.8139127488780644,0.0,-0.3801715882054224,1.812354557837482,0.0,-0.35700273364462354,1.8153548294001018,0.0,-0.36653984959170266,1.8170000652552676,0.0,-0.3731052237419067,1.8165983098020428,0.0,-0.37841976936571,1.8155539683063027,0.0,-0.35648788031502865,1.8167657425085642,0.0,-0.36443671921991844,1.8186587837244292,0.0,-0.36987345905376534,1.8186419757352281,0.0,-0.3743068968835495,1.8179133112685213,0.0
-0.32789594941357436,1.8050313684221166,0.0,-0.3341375184015788,1.8012486369383651,0.0,-0.3424023523588041,1.8008333766596103,0.0,-0.34945868311985295,1.802671189053321,0.0,-0.35518082043304766,1.8048272278875392,0.0,-0.3457189446310358,1.8075390135727858,0.0,-0.35589409971230873,1.8088013523602773,0.0,-0.36301244259663207,1.8080578398585372,0.0,-0.36824735758862026,1.8066242274180606,0.0,-0.3458263076417512,1.8103142205810092,0.0,-0.35595581596519743,1.8114063137350127,0.0,-0.3630648664159679,1.810742584944196,0.0,-0.3687561255799978,1.8091771218361907,0.0,-0.3455947266637929,1.8122940261489862,0.0,-0.35514011420394864,1.8138905718938343,0.0,-0.3617043857690756,1.8134711866346405,0.0,-0.36701750083631485,1.8124195913562717,0.0,-0.3450783719776504,1.81373860809369,0.0,-0.35303687406942363,1.8155906041617458,0.0,-0.35847352958781586,1.8155559731962099,0.0,-0.3629054883301601,1.814818365846897,0.0
-0.3193971915720931,1.7994099283434193,0.0,-0.32561473107300803,1.7955878289903482,0.0,-0.33387656639355134,1.795116661742081,0.0,-0.34094516395085356,1.7969067139135837,0.0,-0.3466781913412268,1.7990336261889124,0.0,-0.33724901820513653,1.8017033381600653,0.0,-0.34743132858184955,1.8029065985369757,0.0,-0.35454726695097505,1.8021404148867661,0.0,-0.35977997134799433,1.800698754629893,0.0,-0.33738425232168956,1.8044963729478354,0.0,-0.3475195939031839,1.8055329332973666,0.0,-0.35462648452487866,1.8048464641351853,0.0,-0.3603157349713507,1.8032737165483181,0.0,-0.33716285883936636,1.8065073912675242,0.0,-0.34671629335040244,1.8080550574623153,0.0,-0.35327941193888257,1.8076179996058368,0.0,-0.3585910825843315,1.80655913261632,0.0,-0.3366455799012864,1.8079857529634797,0.0,-0.3446135739296218,1.8097964755113225,0.0,-0.35005008616083844,1.8097439656144458,0.0,-0.3544805431629944,1.8089973910048787,0.0
-0.3689346673597278,1.7281373170188221,0.0,-0.375127928168531,1.7242760009913094,0.0,-0.3833863917114452,1.7237490272253835,0.0,-0.390466959180322,1.7254911301277644,0.0,-0.39621077911414543,1.7275887219501944,0.0,-0.38681274121305503,1.7302162393401956,0.0,-0.3970018859783304,1.731360183873213,0.0,-0.4041153399894847,1.730571267977674,0.0,-0.40934581727057007,1.7291215483444753,0.0,-0.3869763372068695,1.7330265319098042,0.0,-0.397117222765578,1.734007371558761,0.0,-0.40422187485779526,1.733298109359069,0.0,-0.40990910310028167,1.7317180648873705,0.0,-0.3867658212992057,1.7350686129003403,0.0,-0.396327075380439,1.7365672129141045,0.0,-0.4028889902443828,1.7361124398996053,0.0,-0.4081992025128854,1.735046283245705,0.0,-0.3862482028783358,1.736580844463829,0.0,-0.39422551431988956,1.7383500666503588,0.0,-0.39966182373960496,1.7382796221860464,0.0,-0.40409075617981677,1.7375240559509342,0.0
-0.3792864142518732,1.7242999500412426,0.0,-0.3854551500746187,1.7203995732313229,0.0,-0.39370987079882624,1.7198169007633313,0.0,-0.40080210759514756,1.72151087107851,0.0,-0.40655661993182074,1.723578949087868,0.0,-0.39718814373519756,1.7261642258333942,0.0,-0.4073837979861081,1.7272486217658143,0.0,-0.4144946871789232,1.7264369129839556,0.0,-0.419722920758234,1.7249791224492768,0.0,-0.3973805739762066,1.7289911819683357,0.0,-0.4075267112319846,1.7299161171653639,0.0,-0.4146290455670978,1.7291840097882452,0.0,-0.4203142380586249,1.7275966560315281,0.0,-0.39718162524417994,1.731064145259547,0.0,-0.40675046874519016,1.7325134953415935,0.0,-0.4133111287809776,1.7320409648439687,0.0,-0.41861986862698836,1.7309675005480607,0.0,-0.3966642591086733,1.7326103156169361,0.0,-0.40465071016610016,1.7343378122126432,0.0,-0.41008675669800315,1.7342493778730204,0.0,-0.41451414158486455,1.7334847956608328,0.0
-0.3974285753701833,1.705802697547196,0.0,-0.403572542912137,1.7018634204874294,0.0,-0.4118231520188003,1.701225164419177,0.0,-0.4189267539598364,1.7028708246718138,0.0,-0.4246918559369687,1.7049091960999345,0.0,-0.41535136486792534,1.7074522609266858,0.0,-0.42555319976582534,1.708476880299111,0.0,-0.4326614430642733,1.7076423184565188,0.0,-0.43788741629110756,1.706176445530497,0.0,-0.41557308217976413,1.7102952631572388,0.0,-0.42572417590805633,1.7111641143822565,0.0,-0.432824112734522,1.7104091102236216,0.0,-0.4385072558674245,1.708814434787797,0.0,-0.4153863884916883,1.712398898067466,0.0,-0.42496258854272456,1.7137988174186027,0.0,-0.43152194229165247,1.7133084873534536,0.0,-0.4368291955787755,1.7122276974138568,0.0,-0.4148698727201351,1.7139790545978177,0.0,-0.4228652823227697,1.7156646020658386,0.0,-0.4283010053393108,1.7155581228806227,0.0,-0.43272681951112957,1.714784500355013,0.0
-0.41165970355191994,1.6786599756967597,0.0,-0.4177786626038643,1.6746819635008494,0.0,-0.4260247936761045,1.6739882461383373,0.0,-0.43313945308504326,1.6755854248066773,0.0,-0.43891503930456915,1.6775938975365234,0.0,-0.42960095678818466,1.680094853752745,0.0,-0.43980863962227845,1.6810594735228646,0.0,-0.44691415533675666,1.680201998922457,0.0,-0.45213785149557034,1.6787280321510447,0.0,-0.4298523933587536,1.6829532623999506,0.0,-0.4400081454477191,1.6837658544496654,0.0,-0.44710560449352665,1.6829879024508607,0.0,-0.45278668459930266,1.681385892948256,0.0,-0.42967863958814156,1.6850873279924616,0.0,-0.4392619606321922,1.6864376388358642,0.0,-0.4458199562811808,1.6859294673645973,0.0,-0.45112570878170843,1.6848413337559092,0.0,-0.42916357785953946,1.6867014962054536,0.0,-0.43716776166577986,1.688344872783348,0.0,-0.44260309998904823,1.6882202941292817,0.0,-0.44702732011321916,1.6874376069705246,0.0
-0.41327478409303076,1.65870611914855,0.0,-0.41936849761565104,1.654689541449262,0.0,-0.4276097867554782,1.6539404922163121,0.0,-0.43473519256952486,1.655489023839803,0.0,-0.4405211549848902,1.6574674064655084,0.0,-0.431231907479831,1.6599264315653353,0.0,-0.44144510173397894,1.660830833726654,0.0,-0.44854780756354923,1.659950387159491,0.0,-0.4537692098739778,1.6584683151249786,0.0,-0.4315134738325782,1.6627995858588083,0.0,-0.4416735833424281,1.6635557479311478,0.0,-0.4487684838186919,1.662754797588573,0.0,-0.4544474871678586,1.6611454416382523,0.0,-0.4313533405933368,1.6649638110773488,0.0,-0.4409435444198659,1.6662643387290272,0.0,-0.447500129802225,1.6657382842639772,0.0,-0.45280436719667677,1.6646427889374193,0.0,-0.4308403414572863,1.6666119943279172,0.0,-0.43885311185871506,1.668212980110128,0.0,-0.44428800376144695,1.6680702477204672,0.0,-0.4487106063338341,1.6672784716269173,0.0
-0.4033684376617428,1.651700109925028,0.0,-0.40943667186801375,1.6476451408094825,0.0,-0.41767275783033814,1.6468408961571415,0.0,-0.4248085957123082,1.6483406214406655,0.0,-0.43060482361676533,1.65028872332848,0.0,-0.4213388436186092,1.6527060684076442,0.0,-0.43155720904136485,1.6535500401070453,0.0,-0.438657022076147,1.6526465628631821,0.0,-0.44387611369303115,1.651156374184725,0.0,-0.4216509276494995,1.6555932876721955,0.0,-0.4318150908740309,1.6562928534495687,0.0,-0.43890735147872617,1.6554688548242988,0.0,-0.44458426428067804,1.653852140052388,0.0,-0.4215050900333585,1.657787371555817,0.0,-0.4311019358137114,1.659037944494624,0.0,-0.43765705840996655,1.6584939657042024,0.0,-0.44295976628662675,1.6573910905879643,0.0,-0.4209947661622659,1.659469550796824,0.0,-0.42901593228954865,1.6610279278177613,0.0,-0.4344503154962695,1.660866987791822,0.0,-0.4388712768405969,1.6600660984813895,0.0
-0.39769603085073885,1.6619012661632706,0.0,-0.4037385552862328,1.6578080841056726,0.0,-0.4119690796098319,1.6569487874175257,0.0,-0.4191150320631391,1.6583995533320943,0.0,-0.4249214120791886,1.660317184682207,0.0,-0.41567714108411147,1.6626931736696315,0.0,-0.42590033376198144,1.6634765073236415,0.0,-0.43299717048570385,1.6625499412030296,0.0,-0.43821393449911883,1.6610516245371774,0.0,-0.41602010716882454,1.665593758575238,0.0,-0.4261880176991331,1.666236566306545,0.0,-0.4332775566209764,1.6653894700339593,0.0,-0.4389523650238429,1.6637653840739695,0.0,-0.4158892334899289,1.6678173705521298,0.0,-0.4254924778144065,1.6690178204892545,0.0,-0.43204608475318684,1.6684558763031172,0.0,-0.4373472486076422,1.6673456033027125,0.0,-0.4153822009150991,1.6695335041262285,0.0,-0.4234115686456953,1.6710490564439378,0.0,-0.42884538033399755,1.6708698552566974,0.0,-0.433264676601249,1.6700598284683381,0.0
-0.3693788300187471,1.713477251922828,0.0,-0.3753954176397868,1.709346039714706,0.0,-0.3836200247751108,1.7084318412082569,0.0,-0.39077577126204566,1.709833501088014,0.0,-0.39659218733206375,1.7117204729972242,0.0,-0.38736807874987883,1.7140555017069201,0.0,-0.3975957511837905,1.7147779951165534,0.0,-0.40468952747649983,1.7138282824399844,0.0,-0.4099039469117878,1.712321826481211,0.0,-0.3877422669253184,1.716968735576211,0.0,-0.39791361571566836,1.7175546281575214,0.0,-0.4050003506381434,1.7166843854569303,0.0,-0.4106730407286497,1.7150529159500896,0.0,-0.3876270174769008,1.7192215158358626,0.0,-0.3972364143935014,1.7203716777837557,0.0,-0.4037884524524885,1.7197917273979921,0.0,-0.40908805768716555,1.7186740383966168,0.0,-0.3871238948104844,1.720971539307612,0.0,-0.3951612667782065,1.7224440530879648,0.0,-0.40059444358016494,1.7222465375997127,0.0,-0.4050120507479937,1.7214273490949408,0.0
-0.35150913770134373,1.7104613961500188,0.0,-0.3574995649509262,1.706292340828049,0.0,-0.3657179023846303,1.705323397452307,0.0,-0.3728831194478195,1.7066758110876952,0.0,-0.3787094528259069,1.7085319356129083,0.0,-0.36950397483185465,1.7108264706214813,0.0,-0.379735776016813,1.711487927085539,0.0,-0.38682640715774386,1.710515010705626,0.0,-0.3920384649755501,1.7090004041868638,0.0,-0.3699097000555589,1.7137516207885664,0.0,-0.3800841754913858,1.7142804458423817,0.0,-0.3871680235969159,1.7133870085266527,0.0,-0.39283858140024386,1.7117481431222354,0.0,-0.36981072588356634,1.7160331807311777,0.0,-0.37942602693839195,1.7171328930718484,0.0,-0.38597644254533164,1.7165348959541928,0.0,-0.39127447446903374,1.7154097728130902,0.0,-0.3693121335284059,1.7178170067603145,0.0,-0.3773573091348598,1.7192462703616744,0.0,-0.3827897871385861,1.7190303878277136,0.0,-0.3872056810107338,1.7182020133921287,0.0
-0.3475109198845711,1.7023784400922406,0.0,-0.3534749667659942,1.6981717328637338,0.0,-0.36168668514209273,1.6971482081931653,0.0,-0.36886104652901974,1.6984512419201163,0.0,-0.37469717577411027,1.700276332142629,0.0,-0.36550881408926833,1.7025309094985268,0.0,-0.37574438959717943,1.7031311379252192,0.0,-0.38283179026778646,1.7021349612374173,0.0,-0.38804146936410017,1.7006121929305944,0.0,-0.36594636557979304,1.7054672287127177,0.0,-0.3761236535478127,1.705938838665741,0.0,-0.38320453152208017,1.70502215915092,0.0,-0.3888729430017307,1.7033758855065808,0.0,-0.3658643072782621,1.7077771514743776,0.0,-0.3754852615575842,1.7088262560270069,0.0,-0.38203400079136085,1.708210171922068,0.0,-0.387330444618805,1.7070775964808984,0.0,-0.3653708666277497,1.709594669731014,0.0,-0.3734236420556902,1.710980473789318,0.0,-0.37885535680702864,1.7107461718697126,0.0,-0.3832695130127546,1.709908587314546,0.0
-0.3474154799477958,1.6955825440943368,0.0,-0.35335293009592184,1.6913383802604702,0.0,-0.3615576833334668,1.6902604443854703,0.0,-0.3687408601239315,1.6915139711704772,0.0,-0.3745866610941963,1.6933078412610254,0.0,-0.3654139216849163,1.6955230650324205,0.0,-0.37565291375054777,1.6960618800491898,0.0,-0.3827369980377021,1.6950423870028506,0.0,-0.3879442812438993,1.6935114457194276,0.0,-0.36588356234572283,1.6984697929001802,0.0,-0.3760633463061161,1.6988840450595077,0.0,-0.38314117034252954,1.6979440763744296,0.0,-0.3888074214001869,1.6962903821565416,0.0,-0.3658190488785898,1.7008076339519398,0.0,-0.3754454030525674,1.7018059760397524,0.0,-0.3819924116443422,1.7011717649742626,0.0,-0.38728725249569546,1.7000317190514802,0.0,-0.3653313815087069,1.7026587110743077,0.0,-0.3733915497373388,1.7040008485885016,0.0,-0.3788224362417057,1.7037480753578689,0.0,-0.38323483023522603,1.702901256521548,0.0
-0.3499214569058364,1.6918689542711574,0.0,-0.35583209765592705,1.687587533148031,0.0,-0.3640295430631205,1.686455362562077,0.0,-0.37122120379950524,1.6876592620830269,0.0,-0.37707654964808995,1.6894217273675571,0.0,-0.36791796133546606,1.6915982680364727,0.0,-0.37816000894551244,1.6920754900978894,0.0,-0.38524069034486336,1.6910326252073467,0.0,-0.3904455604277543,1.6894934997988569,0.0,-0.3684199272642949,1.6945546324947534,0.0,-0.37860188832493596,1.6949113891224097,0.0,-0.38567657412924616,1.6939480849183022,0.0,-0.391340650604643,1.6922869578022945,0.0,-0.36837357481818295,1.6969199203133487,0.0,-0.3780050731862243,1.6978673488296872,0.0,-0.3845502965206381,1.6972149711177686,0.0,-0.38984351942105383,1.6960674365110024,0.0,-0.36789230167394416,1.6988043999085523,0.0,-0.37595965249619834,1.7001026663263294,0.0,-0.3813896452205654,1.6998313702836758,0.0,-0.3858002522805031,1.6989752930334057,0.0
-0.34858794081116756,1.6938163248860554,0.0,-0.3544715632652356,1.6894978497236666,0.0,-0.3626613616498919,1.6883116272073158,0.0,-0.3698611724700994,1.6894657859299458,0.0,-0.3757259336422281,1.6911966629560815,0.0,-0.3665800506132395,1.6933352556670094,0.0,-0.376824789598455,1.693750711160613,0.0,-0.3839019810179588,1.692684419516295,0.0,-0.3891044206798397,1.691137098874889,0.0,-0.3671145506983875,1.6963004744810333,0.0,-0.37729836769107905,1.6965996028667725,0.0,-0.3843698304861444,1.6956129174268446,0.0,-0.39003171815692833,1.6939443450975447,0.0,-0.3670869615707397,1.6986927112886518,0.0,-0.3767233461084971,1.699589078762194,0.0,-0.3832667292249376,1.6989184950106424,0.0,-0.38855831910409194,1.6977634534970842,0.0,-0.3666127021492961,1.7006104139767426,0.0,-0.37468702219110966,1.7018646072805124,0.0,-0.38011605506613466,1.701574737359105,0.0,-0.38452485029498,1.7007093775924689,0.0
-0.33539555202828497,1.702045946340589,0.0,-0.34125195111890483,1.6976906242398058,0.0,-0.3494337668951864,1.6964505387417024,0.0,-0.35664139166810616,1.6975548499915745,0.0,-0.3625154358995895,1.6992539565957316,0.0,-0.3533808401122511,1.7013553992675572,0.0,-0.36362790324260613,1.7017089206175189,0.0,-0.3707015170062243,1.7006191478970891,0.0,-0.37590150888493185,1.6990636209560792,0.0,-0.3539480557166067,1.704328681546055,0.0,-0.36413340527528376,1.7045700540783466,0.0,-0.37120155980598496,1.703559942327357,0.0,-0.3768612443875871,1.701883912479337,0.0,-0.3539398172433346,1.7067473441161882,0.0,-0.3635808276513199,1.7075925067752509,0.0,-0.3701223152452546,1.7069036778888342,0.0,-0.37541225693688257,1.7057411112256327,0.0,-0.35347318877602324,1.7086980676177088,0.0,-0.36155426151764886,1.7099079884107398,0.0,-0.3669822679399543,1.70959949398802,0.0,-0.3713892262635366,1.7087248276345965,0.0
-0.31095391967249786,1.7104077114336773,0.0,-0.3167828942240235,1.706015753261307,0.0,-0.3249563955153814,1.7047219997763698,0.0,-0.33217149597873696,1.7057763638062415,0.0,-0.33805468829591606,1.7074435191813635,0.0,-0.3289299917714952,1.7095086704919076,0.0,-0.33917900885430974,1.7098000962603879,0.0,-0.34624895670587674,1.708686788739905,0.0,-0.35144648337484724,1.7071230444743128,0.0,-0.32953007650462646,1.7124892182128226,0.0,-0.3397166331454872,1.712672712447947,0.0,-0.34678139368379285,1.711639129961757,0.0,-0.3524388608292971,1.7099556302996781,0.0,-0.3295417600312107,1.7149337587389444,0.0,-0.3391871337850167,1.715727576574814,0.0,-0.34572667020939213,1.7150204637615867,0.0,-0.35101494845082387,1.713850353686247,0.0,-0.3290833766668509,1.71691727800593,0.0,-0.3371709824662211,1.7180827295985956,0.0,-0.34259789530082313,1.717755560506121,0.0,-0.3470029914677936,1.7168715635291216,0.0
-0.2884581037590226,1.7133595036378706,0.0,-0.29425945654616825,1.7089311239399154,0.0,-0.30242431528442504,1.7075839033848732,0.0,-0.30964655118485024,1.7085882274373634,0.0,-0.31553875390601227,1.710223252201226,0.0,-0.30642260090211226,1.7122530294541456,0.0,-0.31667319888311396,1.7124822044402226,0.0,-0.3237393919903779,1.7113453090053223,0.0,-0.32893443595870947,1.7097733364324275,0.0,-0.30705568048015025,1.7152400389938893,0.0,-0.31724311668366895,1.7153655377230626,0.0,-0.3243043970338519,1.7143084407381648,0.0,-0.3299596323338659,1.7126174589771292,0.0,-0.307087840379882,1.7177098860173767,0.0,-0.3167373127819934,1.7184522228466155,0.0,-0.32327484204870116,1.7177267876232476,0.0,-0.32856144148039756,1.7165491158540356,0.0,-0.30663831237162187,1.7197259534076448,0.0,-0.3147322284897899,1.7208467419037106,0.0,-0.32015798007267837,1.7205008484371316,0.0,-0.3245611886540049,1.719607496835054,0.0
-0.27808905294028247,1.7126208955514264,0.0,-0.2838625907440208,1.708156312464621,0.0,-0.2920184827645406,1.7067558315510638,0.0,-0.2992475119997257,1.7077100299165204,0.0,-0.3051485847380221,1.70931274618057,0.0,-0.2960396537971165,1.711308123064681,0.0,-0.306291456864365,1.7114748984007295,0.0,-0.31335380582320027,1.7103143625578194,0.0,-0.31854634953572014,1.7087341507377136,0.0,-0.2967058259896412,1.7143007867241322,0.0,-0.3068938122844162,1.7143681780385918,0.0,-0.3139515257884207,1.71328752346161,0.0,-0.31960451477094864,1.7115890473275128,0.0,-0.2967589987324099,1.7167953461176124,0.0,-0.30641230296558586,1.7174860696432732,0.0,-0.3129477687469956,1.7167422738403906,0.0,-0.318232673912085,1.7155570220767458,0.0,-0.29631893163042333,1.7188436916119956,0.0,-0.30441893225910194,1.7199196259948737,0.0,-0.3098434543999742,1.7195549589239367,0.0,-0.3142447497884478,1.7186522287322386,0.0
-0.27944277788792543,1.7099484263766616,0.0,-0.2851883115486627,1.7054478615383863,0.0,-0.2933349166815624,1.703994332643514,0.0,-0.3005703954443094,1.7048983267129847,0.0,-0.3064801951122084,1.706468558151663,0.0,-0.2973772009809857,1.7084305624030347,0.0,-0.30762983067160227,1.708534795648433,0.0,-0.3146882455103981,1.7073505675359024,0.0,-0.31987827134773233,1.7057621055720409,0.0,-0.298076535643604,1.7114280699236535,0.0,-0.30826474069199017,1.7114372472776251,0.0,-0.3153188002349514,1.7103329926947881,0.0,-0.32096952836526804,1.7086270099246734,0.0,-0.2981512389183478,1.7139467259256793,0.0,-0.3078081061005549,1.7145857077973827,0.0,-0.31434145173111544,1.71382351356492,0.0,-0.3196246470749296,1.7126306634878727,0.0,-0.29772123277065937,1.7160270573877154,0.0,-0.30582708906187633,1.7170579496066172,0.0,-0.31125031304702544,1.7166744601851953,0.0,-0.31564966945677875,1.7157623274779839,0.0
-0.28571915599559583,1.7065877008345165,0.0,-0.2914365004635935,1.7020513792911909,0.0,-0.29957350262095284,1.70054502032642,0.0,-0.30681508554497244,1.7013987386396525,0.0,-0.31273346636027793,1.7029363105601611,0.0,-0.30363516177594674,1.7048660215375044,0.0,-0.31388823708558183,1.704907576769546,0.0,-0.3209426272698057,1.7036996051689832,0.0,-0.32613011754845433,1.7021028822087432,0.0,-0.30436770096676014,1.7078675616011345,0.0,-0.31455579165223324,1.7078184238726117,0.0,-0.32160610966814784,1.7066905275591906,0.0,-0.32725456234867406,1.7049770259016086,0.0,-0.30446443286037905,1.7104096778979134,0.0,-0.31412459210125354,1.71099679377072,0.0,-0.32065576057916234,1.7102161635832858,0.0,-0.3259372304487726,1.7090156968558792,0.0,-0.3040450814240677,1.712521681375332,0.0,-0.3121565615219537,1.7135073464312474,0.0,-0.3175784181173131,1.7131049864073917,0.0,-0.32197580958335126,1.7121834272991316,0.0
-0.2913240709022698,1.7036940917243708,0.0,-0.29701304528527744,1.6991222418384202,0.0,-0.305140132544316,1.6975632761160295,0.0,-0.3123874728515971,1.6983666544044211,0.0,-0.31831428634506126,1.699871393816879,0.0,-0.3092194636855609,1.7017699400008677,0.0,-0.3194726011805273,1.7017486879027715,0.0,-0.3265228756174662,1.700516922250187,0.0,-0.3317078125898814,1.698911927485425,0.0,-0.3099852218632561,1.7047747017070862,0.0,-0.32017286337945267,1.7046671532563498,0.0,-0.3272193518570022,1.7035155741860637,0.0,-0.33286551442718226,1.701794541401432,0.0,-0.3101044600984619,1.7073396225567823,0.0,-0.3197676385572758,1.7078747521488142,0.0,-0.3262965725462175,1.707075648811063,0.0,-0.33157630118997194,1.705867547078786,0.0,-0.30969635006345153,1.7094829626239758,0.0,-0.3178132191381755,1.7104232186554074,0.0,-0.323233638592521,1.7100019402814177,0.0,-0.3276290389702661,1.7090709309286607,0.0
-0.2958164560554007,1.7011810033028134,0.0,-0.301476883663474,1.6965738566583115,0.0,-0.30959374834566844,1.6949625127562964,0.0,-0.3168464979952461,1.6957154939807315,0.0,-0.32278159301980486,1.6971872296686767,0.0,-0.313689085815642,1.6990557860958755,0.0,-0.32394189974763765,1.6989716040417648,0.0,-0.33098796679131737,1.6977159944388183,0.0,-0.33617033264598617,1.696102717106431,0.0,-0.3144880501165074,1.7020629604110162,0.0,-0.3246749060578825,1.701896911136829,0.0,-0.33171747654640865,1.7007216089912085,0.0,-0.3373613342825892,1.6989930328521752,0.0,-0.3146302513507477,1.7046500118060155,0.0,-0.32429617429585356,1.7051330389547656,0.0,-0.33082281612680775,1.7043154256067812,0.0,-0.3361007876938675,1.7030996704980028,0.0,-0.31423396157834077,1.7068243319465446,0.0,-0.3223559818622042,1.7077190003149159,0.0,-0.3277748939105156,1.7072787563574283,0.0,-0.332168276875363,1.7063382729605567,0.0
-0.30127755769411774,1.698357390753561,0.0,-0.30690926608160135,1.6937151820606509,0.0,-0.3150156048277234,1.6920516936859584,0.0,-0.32227341466566917,1.6927542280694716,0.0,-0.3282166374073278,1.694192790660652,0.0,-0.3191253217135233,1.6960325763026987,0.0,-0.3293774241368628,1.6958853484394507,0.0,-0.33641919159314676,1.6946058456646742,0.0,-0.34159896845467735,1.6929842750471606,0.0,-0.3199574523042959,1.699041357475048,0.0,-0.33014318475833704,1.6988167228684534,0.0,-0.3371817483739694,1.6976176580461624,0.0,-0.34282328648927946,1.695881526337972,0.0,-0.3201230514915431,1.7016498483374505,0.0,-0.32979144236126845,1.7020806610547237,0.0,-0.3363157340343876,1.7012445011774084,0.0,-0.3415919325742642,1.7000210743038209,0.0,-0.31973915226979316,1.7038547713654595,0.0,-0.3278660830954929,1.70470367674013,0.0,-0.3332834169624752,1.7042444204902165,0.0,-0.3376747560093641,1.703294439295207,0.0
-0.3091483124505713,1.694599887241138,0.0,-0.3147511334552257,1.6899228542393316,0.0,-0.32284664729628865,1.6882074600896464,0.0,-0.33010916720674416,1.6888595051448683,0.0,-0.3360603611971384,1.690264727182273,0.0,-0.32696915682451966,1.6920770022808518,0.0,-0.3372201577157876,1.691866619606698,0.0,-0.3442575328476565,1.6905631751267165,0.0,-0.34943470277686933,1.6889333005527427,0.0,-0.3278343873276101,1.6950865892168523,0.0,-0.33801865696854416,1.694803290412517,0.0,-0.3450531244004803,1.6935804240386283,0.0,-0.35069232804471395,1.6918367245594914,0.0,-0.3280237971444557,1.6977158126223764,0.0,-0.33769437760941795,1.6980943031478133,0.0,-0.3442162607959759,1.6972395605682866,0.0,-0.34949067025806835,1.6960084435253533,0.0,-0.3276528494623986,1.6999509411416889,0.0,-0.33578444730346557,1.700753911584488,0.0,-0.34120013170723273,1.7002755968677676,0.0,-0.34558940015022976,1.699316094167973,0.0
-0.31899450795126194,1.6890857879778627,0.0,-0.32456827773052094,1.6843741713383213,0.0,-0.33265267215462907,1.6826071149625752,0.0,-0.33991955121170153,1.6832086355139138,0.0,-0.34587855734235673,1.6845803515269888,0.0,-0.33678642894814603,1.6863664148949697,0.0,-0.34703593632818336,1.686092775334746,0.0,-0.3540688258611959,1.6847653413154882,0.0,-0.3592433708552183,1.6831271521604545,0.0,-0.3376846669354719,1.6893760124916821,0.0,-0.3478671331193983,1.6890339763167201,0.0,-0.35489741463633645,1.6877872702519408,0.0,-0.36053426889583634,1.686035990813405,0.0,-0.33789827727261507,1.6920252469171195,0.0,-0.34757076729942354,1.692351311770246,0.0,-0.3540901833438347,1.6914779506672433,0.0,-0.3593627875769677,1.6902391250346545,0.0,-0.337540832115301,1.6942901638166226,0.0,-0.3456768506287184,1.6950470308658345,0.0,-0.35109081378463924,1.6945496120525894,0.0,-0.35547798475653647,1.693580564190539,0.0
-0.32792464664982507,1.6822155190883816,0.0,-0.3334692057141741,1.6774695623152822,0.0,-0.3415421907292746,1.6756510919730498,0.0,-0.3488130773496119,1.6762020601735843,0.0,-0.3547797338879249,1.6775401067495748,0.0,-0.34568569192626264,1.6793012930484763,0.0,-0.3559333119843906,1.6789643015254183,0.0,-0.362961622112327,1.677612830843314,0.0,-0.3681335241046924,1.6759663165299237,0.0,-0.3466168194776406,1.6823101134779552,0.0,-0.3567971403390237,1.6819092724981686,0.0,-0.36382314579574715,1.6806386893480159,0.0,-0.3694576356932901,1.6788798177753403,0.0,-0.34685499699750827,1.6849786240672922,0.0,-0.35652911491382133,1.685252164098045,0.0,-0.36304600483573135,1.6843601490073257,0.0,-0.36831678758769343,1.6831135963494606,0.0,-0.3465115946636824,1.6872728930511067,0.0,-0.3546517847346865,1.6879834918048204,0.0,-0.3600639543593949,1.6874669238201152,0.0,-0.3644490008113217,1.6864883071893313,0.0
-0.33272662213546056,1.677109398103585,0.0,-0.3382418153789293,1.6723293474346714,0.0,-0.3463031055714751,1.6704597159546248,0.0,-0.3535776476673356,1.6709601112976826,0.0,-0.35955179027429857,1.6722643271530466,0.0,-0.3504548918079956,1.6740020041566896,0.0,-0.36070022902837817,1.6736015726606723,0.0,-0.3677238654190668,1.672226018913836,0.0,-0.3728931062798179,1.6705711689126657,0.0,-0.35141876612981066,1.6770092680983606,0.0,-0.3615965986792586,1.6765495606618468,0.0,-0.3686182375233727,1.6752550637857644,0.0,-0.3742503480180569,1.673488587918296,0.0,-0.3516818538906986,1.6796963079427025,0.0,-0.36135731645159835,1.6799172283803758,0.0,-0.3678716209480467,1.6790065242001309,0.0,-0.37314056586512884,1.6777522260665256,0.0,-0.3513530233348805,1.6820194740935197,0.0,-0.35949713312394227,1.6826836432922647,0.0,-0.3649074364395124,1.6821478816260647,0.0,-0.36929033114056214,1.6811596726729012,0.0
-0.3333831026153903,1.675846599086749,0.0,-0.3388687793431572,1.671032703393174,0.0,-0.34691809393269324,1.6691121680307561,0.0,-0.35419593906532554,1.6695619773561607,0.0,-0.36017740081501154,1.670832203407994,0.0,-0.3510767501904378,1.6725477692618957,0.0,-0.3613194074804804,1.6720838169140235,0.0,-0.3683382752818087,1.6706841344334165,0.0,-0.3735048368176048,1.6690209382634882,0.0,-0.35207320429011424,1.675552707079464,0.0,-0.36224820451337303,1.6750340773575318,0.0,-0.3692653857921935,1.6737156308779466,0.0,-0.3748951017793279,1.6719415385695018,0.0,-0.3523615214369005,1.678257518505945,0.0,-0.3620380438925482,1.6784257290065112,0.0,-0.3685497033402029,1.6774963010027735,0.0,-0.3738167939667378,1.6762342389285947,0.0,-0.35204777963750566,1.6806091088797894,0.0,-0.36019555462949004,1.681226690988377,0.0,-0.36560391836777795,1.6806716917056648,0.0,-0.36998463390464936,1.67967386693116,0.0
-0.33276380257431404,1.6770085260226832,0.0,-0.3382198165274255,1.6721610367082405,0.0,-0.34625687941711825,1.6701898590027204,0.0,-0.35353767495026517,1.6705890764977134,0.0,-0.3595262863510925,1.6718251559351258,0.0,-0.350421035738683,1.6735200364208016,0.0,-0.3606606145593599,1.6729924895342554,0.0,-0.36767461840546983,1.6715686333948243,0.0,-0.3728384823596989,1.6698970806241809,0.0,-0.35144987915033155,1.6765218892806737,0.0,-0.3616217021084182,1.6759442873060155,0.0,-0.3686343344760114,1.6746018561173346,0.0,-0.3742616407870062,1.6728201352365795,0.0,-0.35176372067147915,1.6792437051456008,0.0,-0.36144101683601193,1.679359119837355,0.0,-0.36794997129347734,1.6784109336494126,0.0,-0.3732151910713792,1.67714108915594,0.0,-0.35146557202651235,1.681623229396196,0.0,-0.35961675508200835,1.6821940706846885,0.0,-0.3650231054891603,1.6816197904355707,0.0,-0.3694016142658141,1.6806123263973203,0.0
-0.333612292354353,1.6781661117908317,0.0,-0.3390385017315632,1.6732852826906828,0.0,-0.34706304155469786,1.6712637283217522,0.0,-0.35434643480803973,1.6716123555165812,0.0,-0.36034202382583064,1.6728141338719604,0.0,-0.351231373629217,1.6744897796849056,0.0,-0.3614674741272168,1.6738985718219612,0.0,-0.36847651814488597,1.672450497853748,0.0,-0.37363766619778077,1.67077057810003,0.0,-0.3522923931857255,1.677487800613553,0.0,-0.36246069311612356,1.676851182315626,0.0,-0.36946868484049744,1.6754847320931638,0.0,-0.3750935662427568,1.6736953705240012,0.0,-0.35263202973597496,1.6802258455951478,0.0,-0.3623098120576027,1.6802883831226294,0.0,-0.3688160012677996,1.679321404768435,0.0,-0.3740793335361049,1.6780437593635484,0.0,-0.35234996548770414,1.6826327966259615,0.0,-0.3605042968965174,1.6831567472496798,0.0,-0.36590855973764647,1.6825631432794852,0.0,-0.3702848339749773,1.6815460165935328,0.0
-0.3353538264159083,1.678397386386899,0.0,-0.3407500938926488,1.673483473665894,0.0,-0.34876184405512495,1.6714118123099575,0.0,-0.3560474824574766,1.671709858068155,0.0,-0.36204987454032345,1.672877183288259,0.0,-0.35293307367758564,1.674535067337916,0.0,-0.36316529481916043,1.673880139363045,0.0,-0.370169282634369,1.6724078041622668,0.0,-0.3753276964031271,1.670719507093289,0.0,-0.3540260343243506,1.677528522216059,0.0,-0.3641904647431886,1.6768328494536278,0.0,-0.37119372371363407,1.675442346662464,0.0,-0.3768161649104509,1.6736453323044198,0.0,-0.3543917121121964,1.680282014102279,0.0,-0.3640696917444551,1.6802915976684216,0.0,-0.3705730551370746,1.6793057935499989,0.0,-0.3758344831314832,1.6780203287286735,0.0,-0.3541262098020936,1.6827158687442512,0.0,-0.36228342733888824,1.6831927828227429,0.0,-0.36768552790291914,1.6825798129821015,0.0,-0.37205953963844357,1.6815530003248476,0.0
-0.33483804958076285,1.6788731614565122,0.0,-0.34020424232525615,1.6739264235072033,0.0,-0.3482029410441182,1.6718049286935186,0.0,-0.3554904722861955,1.6720524091968876,0.0,-0.36149949039114665,1.673185131713695,0.0,-0.35237583645211124,1.6748267464532671,0.0,-0.36260377615851136,1.674108046582248,0.0,-0.36960261090319513,1.672611407522338,0.0,-0.37475827194210387,1.6709147228566708,0.0,-0.3535004820975801,1.6778149149451993,0.0,-0.3636606959027127,1.6770601555359963,0.0,-0.3706591296372953,1.6756455674397592,0.0,-0.3762791152677473,1.6738408882083742,0.0,-0.35389242283633443,1.6805830659122838,0.0,-0.3635703097104522,1.6805396233187477,0.0,-0.37007078640448365,1.6795349602275986,0.0,-0.3753302932569007,1.6782416574724057,0.0,-0.3536439457914385,1.683043285625165,0.0,-0.3618037847735138,1.6834730213200484,0.0,-0.3672036478781979,1.6828406440749561,0.0,-0.3715753689657585,1.681804122185086,0.0
-0.32962478955517693,1.6811676796197872,0.0,-0.3349607792417114,1.6761883769602393,0.0,-0.3429461695797566,1.6740173259270597,0.0,-0.3502352417663301,1.6742142646554028,0.0,-0.35625070638790335,1.6753122374566658,0.0,-0.3471195456718071,1.676939092250114,0.0,-0.35734280095618065,1.6761565760950814,0.0,-0.36433638527517137,1.674635591337693,0.0,-0.36948927507573764,1.672930508845245,0.0,-0.3482756000700057,1.6799212686669238,0.0,-0.35843124964491474,1.679107396414394,0.0,-0.3654247652981157,1.6776686910839695,0.0,-0.3710422799369641,1.6758563349111923,0.0,-0.34869400099098036,1.6827032865444698,0.0,-0.35837150388930933,1.6826067502301212,0.0,-0.3648690326956418,1.6815831953526266,0.0,-0.3701266014337207,1.680282036134242,0.0,-0.3484629978427032,1.6851893181396524,0.0,-0.3566251911898867,1.685571737731261,0.0,-0.3620227411869868,1.6849199121731215,0.0,-0.3663921432964721,1.6838736578535471,0.0
-0.3199837963744612,1.6858357215485018,0.0,-0.3252894591938509,1.6808241167199933,0.0,-0.33326128909035907,1.6786037902708524,0.0,-0.3405515508916132,1.6787502179764808,0.0,-0.34657328009214533,1.6798132966759063,0.0,-0.33743400753031827,1.681426915208989,0.0,-0.34765217463595083,1.6805805458193441,0.0,-0.35464041069410407,1.6790351743253118,0.0,-0.35979051068518747,1.6773216838279132,0.0,-0.3386211751905833,1.6844024093048406,0.0,-0.34877191250901474,1.683529404021929,0.0,-0.3557604168795211,1.6820665503440881,0.0,-0.36137544503711105,1.6802465051786728,0.0,-0.3390662091166703,1.6871974988234213,0.0,-0.3487430357471367,1.6870478059009104,0.0,-0.3552375551712356,1.686005326823727,0.0,-0.36049316871792186,1.684696292601447,0.0,-0.33885311335293583,1.6897087752060875,0.0,-0.3470173916495717,1.6900437451688217,0.0,-0.35241255243021785,1.6893724310244629,0.0,-0.3567796070473001,1.68831642114429,0.0
-0.30900131070159287,1.692927093835416,0.0,-0.31427652736883926,1.6878834513001257,0.0,-0.32223454966647425,1.6856141336604022,0.0,-0.3295256504683936,1.6857100883374734,0.0,-0.3355534599102307,1.6867381312444634,0.0,-0.32640551887875197,1.6883400489861218,0.0,-0.33661819341851895,1.687429796885243,0.0,-0.34360098290802765,1.6858599984254885,0.0,-0.34874827445597895,1.6841380897974767,0.0,-0.3276234859979659,1.6913081866871775,0.0,-0.33776896272921686,1.6903760342171203,0.0,-0.34475236226785816,1.6888890019030587,0.0,-0.35036488839002106,1.6870612557109634,0.0,-0.32809530147566357,1.6941155507047265,0.0,-0.33777115854718626,1.693912642995119,0.0,-0.3442626067918435,1.6928512077105633,0.0,-0.3495162479649191,1.691534279932826,0.0,-0.32790053102713007,1.6966514916331128,0.0,-0.33606662258613873,1.6969388827094205,0.0,-0.3414593175863548,1.6962480403510756,0.0,-0.345823996012244,1.6951822518475816,0.0
-0.3001172389196336,1.701518579310326,0.0,-0.30536189467882136,1.6964431653491006,0.0,-0.313305867146761,1.6941251440230052,0.0,-0.3205974572003669,1.6941706708717426,0.0,-0.32663116017989824,1.6951635390606317,0.0,-0.3174740422074178,1.696755300780522,0.0,-0.3276808193043195,1.6957811439982113,0.0,-0.3346580634522152,1.694186879164598,0.0,-0.33980252786101794,1.6924565423334017,0.0,-0.31872247762014194,1.699715424846457,0.0,-0.3288623452349107,1.698724117080548,0.0,-0.33584054605274294,1.697212876674337,0.0,-0.341450554520699,1.6953774174391207,0.0,-0.3192211991078599,1.702534265549858,0.0,-0.32889579240668637,1.7022780896152827,0.0,-0.33538410737484553,1.701197666526708,0.0,-0.340635758886474,1.699872826631618,0.0,-0.3190451559688379,1.7050942784094012,0.0,-0.32721278689781996,1.7053339656823006,0.0,-0.3326029391042218,1.704623556137559,0.0,-0.3369652124554365,1.7035479660181898,0.0
-0.2935126470912398,1.709091349284884,0.0,-0.29872663171770547,1.7039844318951896,0.0,-0.30665631707106267,1.7016179975233194,0.0,-0.31394804764032685,1.7016131489091955,0.0,-0.3199874551238609,1.7025707062879183,0.0,-0.31082069949998453,1.704153863635338,0.0,-0.3210211739286334,1.703115787735974,0.0,-0.32799277350447664,1.7014970179521125,0.0,-0.33313439201589495,1.699758242898843,0.0,-0.3120992556420119,1.707105334253765,0.0,-0.3222331655187251,1.7060548691460897,0.0,-0.3292060733952617,1.7045193920330421,0.0,-0.3348135485255277,1.7026762077562734,0.0,-0.3126249837522931,1.709934854332331,0.0,-0.3222980182192012,1.7096253615066273,0.0,-0.3287831375168588,1.7085259194337956,0.0,-0.3340327819731324,1.7071931488496639,0.0,-0.31246805363682917,1.7125183349224546,0.0,-0.3206369479061822,1.7127101978865333,0.0,-0.3260244798618484,1.7119801828482537,0.0,-0.33038431907000554,1.7108947681926414,0.0
-0.28498024957466955,1.713472539167657,0.0,-0.290163457374476,1.7083343879618043,0.0,-0.29807862329007523,1.7059198341793935,0.0,-0.3053701467983405,1.7058646695873474,0.0,-0.3114150674598217,1.706786782965469,0.0,-0.30223826074961385,1.7083628921144034,0.0,-0.31243202707853956,1.7072608902207482,0.0,-0.31939788240229866,1.7056175777527438,0.0,-0.3245366361960312,1.703870354512791,0.0,-0.30354657463062606,1.7113050874288571,0.0,-0.3136741781621541,1.7101954690079715,0.0,-0.32064169855374397,1.7086357274229205,0.0,-0.3262466245980437,1.7067848061245907,0.0,-0.3040993864237635,1.7141444912166368,0.0,-0.31377056623207494,1.713781637633958,0.0,-0.32025242717125846,1.7126631458184087,0.0,-0.32550004707174784,1.7113224259643007,0.0,-0.3039619384572271,1.7167508245479253,0.0,-0.31213181797024286,1.7168947471787326,0.0,-0.31751665178075883,1.7161450890149252,0.0,-0.32187402759238276,1.7150498269769288,0.0
-0.2736339580832375,1.7150466752293594,0.0,-0.2787862878899726,1.70987756133307,0.0,-0.28668670701853854,1.7074151846290286,0.0,-0.29397767719328055,1.7073097706127716,0.0,-0.3000279174538449,1.708196309768793,0.0,-0.2908406929241172,1.7097669291332878,0.0,-0.3010273456587493,1.7086010019458648,0.0,-0.3079873566088633,1.7069331099129879,0.0,-0.3131232268026985,1.7051774285766095,0.0,-0.29217838710532257,1.7126992457057497,0.0,-0.3022993358059896,1.7115304840832388,0.0,-0.30926137385433544,1.7099464511187004,0.0,-0.3148637349995089,1.7080877808376311,0.0,-0.29275833643171356,1.7155477402898553,0.0,-0.3024273650660638,1.7151314869111678,0.0,-0.3089059046678825,1.7139939150215577,0.0,-0.3141514824051849,1.7126452273078416,0.0,-0.29264072287809717,1.7181763013893934,0.0,-0.30081130754300306,1.7182721722111187,0.0,-0.3061933648826755,1.7175028339747644,0.0,-0.31054824785902285,1.7163977017845164,0.0
-0.2637435279014797,1.7169071102071045,0.0,-0.26886488307042167,1.7117073061585144,0.0,-0.2767503330452486,1.7091974057353665,0.0,-0.2840404050610153,1.709041815861867,0.0,-0.2900957691303764,1.709892653609739,0.0,-0.28089780609350007,1.7114593416332662,0.0,-0.29107693981968913,1.7102294974452814,0.0,-0.2980310058413125,1.7085369898305438,0.0,-0.3031639734912852,1.7067728405434466,0.0,-0.2822644896663084,1.7143811948424856,0.0,-0.2923784352791049,1.7131533062183901,0.0,-0.2993348958199192,1.7115449558326057,0.0,-0.3049346761878301,1.7096785246268444,0.0,-0.2828716075547572,1.7172379911349016,0.0,-0.29253818789056363,1.7167683037723356,0.0,-0.29901334288833187,1.7156116219097475,0.0,-0.304256860747617,1.7142549477386329,0.0,-0.2827741635797598,1.7198881458575552,0.0,-0.29094517138366427,1.7199358580089001,0.0,-0.29632437350190627,1.7191468034477069,0.0,-0.30067673401880746,1.7180317784136732,0.0
-0.2556215677344664,1.7209828216833567,0.0,-0.2607118561341918,1.715752601332568,0.0,-0.26858211957638944,1.7131954789674817,0.0,-0.2758709501957616,1.7129897937567735,0.0,-0.2819312401154142,1.7138048060115707,0.0,-0.27272226319644105,1.7153691190335785,0.0,-0.28289347272438636,1.7140753737414156,0.0,-0.28984149283782723,1.7123582154021055,0.0,-0.29497153893838474,1.710585588366041,0.0,-0.2741175327584016,1.718279943410694,0.0,-0.2842241273623172,1.7169929500758656,0.0,-0.29117491493412684,1.7153602571007671,0.0,-0.2967720985815771,1.7134860530480036,0.0,-0.274751827847453,1.721144257181266,0.0,-0.28441566223102754,1.7206211065203696,0.0,-0.29088736907346835,1.7194452852236293,0.0,-0.29612880923203105,1.7180806059897367,0.0,-0.27467487131726526,1.723815363024695,0.0,-0.28284601840196394,1.7238148143229353,0.0,-0.2882222861298551,1.723006007889062,0.0,-0.29257209437757775,1.7218810674001266,0.0
-0.24471269846935362,1.7257234359623168,0.0,-0.24977183247085294,1.720463074371603,0.0,-0.2576266969912594,1.7178590342786557,0.0,-0.2649139447036805,1.7176033411391027,0.0,-0.27097896039190744,1.718382406981811,0.0,-0.26175873872478533,1.7199458971841233,0.0,-0.2719216192332366,1.718588274293443,0.0,-0.27886349204259436,1.7168464309716311,0.0,-0.2839905975267776,1.715065316445024,0.0,-0.2631821793492542,1.722845146687339,0.0,-0.2732810754666466,1.7214990770227585,0.0,-0.2802260943197492,1.7198420171718756,0.0,-0.2858206652384096,1.7179600283699006,0.0,-0.26384363835857316,1.725716199555922,0.0,-0.27350442868782465,1.7251395611758298,0.0,-0.27997262354235886,1.7239445714268609,0.0,-0.2852119680691812,1.7225718685178275,0.0,-0.26378746967416433,1.7284076064771712,0.0,-0.2719584704137626,1.7283586994803513,0.0,-0.2773317241707883,1.7275301063401143,0.0,-0.28167895015392824,1.726395227867715,0.0
-0.23070861634641418,1.7279477666487073,0.0,-0.2357365128096894,1.7226575399933768,0.0,-0.24357577100748526,1.720006888687017,0.0,-0.25086109616581176,1.719701281846033,0.0,-0.25693063546448747,1.7204442835873122,0.0,-0.2476989818231136,1.7220084970226077,0.0,-0.2578531290036855,1.7205870276498663,0.0,-0.26478875270566316,1.7188204659827833,0.0,-0.2699128984452841,1.7170308542813362,0.0,-0.24915016801943682,1.7248956452529072,0.0,-0.25924101872332583,1.7234905337257995,0.0,-0.2661801728288754,1.7218090836020095,0.0,-0.2717721149452075,1.719919298169144,0.0,-0.2498387562582626,1.7277726656389614,0.0,-0.25949620406392204,1.7271425200302974,0.0,-0.26596082282002587,1.7259283332594118,0.0,-0.2711980536753337,1.7245475880564782,0.0,-0.2498036582248981,1.7304837168705436,0.0,-0.2579742253052022,1.7303863589376125,0.0,-0.2633443851061602,1.7295379449810948,0.0,-0.26768899864354556,1.7283931060813493,0.0
-0.22377724612917774,1.727417733880198,0.0,-0.22877382638730923,1.7220979193501382,0.0,-0.23659727584536652,1.7194009655098141,0.0,-0.2438803407999884,1.7190455459400669,0.0,-0.24995419952316886,1.7197523691828636,0.0,-0.24071096939295436,1.7213188438869977,0.0,-0.2508559795943883,1.7198335667562377,0.0,-0.2577852519872562,1.7180422542864324,0.0,-0.26290641879305465,1.7162441357836578,0.0,-0.2421894660541806,1.7241933842470483,0.0,-0.2522719250753511,1.7227292714036493,0.0,-0.25920511813454783,1.7210234085066776,0.0,-0.2647944153096965,1.7191258145821102,0.0,-0.2429051279638433,1.7270756082752208,0.0,-0.25255893449113975,1.7263919408555763,0.0,-0.259019912763755,1.7251585289466198,0.0,-0.2642550117985535,1.7237697228251383,0.0,-0.2428913656954471,1.7298056411386664,0.0,-0.2510612101950682,1.7296597444873538,0.0,-0.25642819565713004,1.7287914763378422,0.0,-0.2607701663817277,1.7276366546536246,0.0
-0.23545315893067334,1.7264291595603327,0.0,-0.24041834877155074,1.721080035262447,0.0,-0.2482257920486937,1.7183370895987833,0.0,-0.25550626127909437,1.7179319649402038,0.0,-0.2615842332633548,1.718602498641265,0.0,-0.2523293238589214,1.7201727628307528,0.0,-0.2624647942311904,1.7186237242659597,0.0,-0.2693876127239464,1.7168076294514203,0.0,-0.2745057813457613,1.7150009945792057,0.0,-0.2538346871940974,1.723034208629258,0.0,-0.26390840902795965,1.721511141084546,0.0,-0.2708355444813878,1.719780843818404,0.0,-0.276422180511089,1.717875429562573,0.0,-0.25457734692141165,1.725920880989656,0.0,-0.26422721321215326,1.7251836821169204,0.0,-0.2706844863451825,1.7239310174124514,0.0,-0.2759174353008016,1.7225341317424352,0.0,-0.25458516777915263,1.7286692277044744,0.0,-0.26275399925226905,1.728474709467087,0.0,-0.2681177296022188,1.727586554490483,0.0,-0.27245702696106755,1.7264217277535427,0.0
-0.27377394547387257,1.722537697495066,0.0,-0.2787076751198348,1.7171595423568482,0.0,-0.286498919740236,1.714370917479837,0.0,-0.29377645998388036,1.713916201957848,0.0,-0.2998583371403637,1.7145503384882257,0.0,-0.2905916863749033,1.7161259088437513,0.0,-0.3007172150130874,1.7145131627572043,0.0,-0.30763347663488194,1.7126722549816944,0.0,-0.31274862776188933,1.7108570942310426,0.0,-0.2921234648232061,1.7189737933476597,0.0,-0.3021881048363912,1.717391823772484,0.0,-0.3091090858735673,1.7156370714530929,0.0,-0.31469304448813307,1.7137238250482885,0.0,-0.2928930268215122,1.7218641681097773,0.0,-0.302538653796547,1.7210734330937096,0.0,-0.308992156866481,1.7198014884004484,0.0,-0.31422293737417784,1.7183965045473346,0.0,-0.29292266038585196,1.7246301565958428,0.0,-0.3010901869465845,1.724386938873253,0.0,-0.3064505810282693,1.7234788651876536,0.0,-0.31078717428247843,1.7223040112209198,0.0
-0.30329006995512625,1.714582476191584,0.0,-0.30819227404031646,1.709175569865659,0.0,-0.3159671324799524,1.7063415801544501,0.0,-0.3232414128583666,1.7058373944941834,0.0,-0.3293269852265441,1.7064350296984578,0.0,-0.3200485706381702,1.7080174097349712,0.0,-0.33016375672589,1.7063410176110456,0.0,-0.33707335813563444,1.7044752671943235,0.0,-0.34218547239658675,1.7026515711160801,0.0,-0.32160630576279875,1.7108512861721397,0.0,-0.3316615202993266,1.709210473277204,0.0,-0.3385762498683813,1.7074312461398773,0.0,-0.3441575147326832,1.7055101557908336,0.0,-0.3224026554177826,1.7137446275518136,0.0,-0.3320437439597469,1.7129003566633192,0.0,-0.3384934117793704,1.7116091052575595,0.0,-0.3437220053599309,1.7101960045829672,0.0,-0.32245431349338183,1.716527582223428,0.0,-0.3306202419017218,1.7162355921367478,0.0,-0.3359772181836734,1.7153075686219343,0.0,-0.3403110764084406,1.7141226653418224,0.0
-0.2596785714377638,1.7176268399323864,0.0,-0.2645491889827598,1.712191462701636,0.0,-0.27230747865265115,1.7093124241750313,0.0,-0.2795781707945185,1.7087588955109239,0.0,-0.28566722659767446,1.7093199287646315,0.0,-0.27637706423783603,1.710910607288317,0.0,-0.2864815081899111,1.7091706381616558,0.0,-0.29338434568587857,1.7072800163688833,0.0,-0.2984934036492119,1.7054477755740824,0.0,-0.2779602915980685,1.713730048803294,0.0,-0.28800573808480817,1.7120304573188962,0.0,-0.29491411890211805,1.710226736524986,0.0,-0.3004926736154057,1.7082977904589862,0.0,-0.2787832958757423,1.7166256318823703,0.0,-0.2884195469119328,1.7157278303593868,0.0,-0.2948653140339732,1.7144172459917149,0.0,-0.30009170209719255,1.7129960098537524,0.0,-0.27885717252870457,1.7194248744324039,0.0,-0.28702120827789246,1.7190840441713715,0.0,-0.29237468486102497,1.71813604047766,0.0,-0.29670577694557654,1.716941065896032,0.0
-0.22396419626463412,1.7233388517321166,0.0,-0.22880317064879604,1.717875284415829,0.0,-0.23654471387536888,1.714951514604315,0.0,-0.24381149203654465,1.7143487763857994,0.0,-0.2499038177389116,1.7148731106513133,0.0,-0.24060196102795336,1.7164735603032129,0.0,-0.2506952646322479,1.7146700907321095,0.0,-0.25759123416179075,1.7127545697829532,0.0,-0.26269721633569687,1.7109137749430576,0.0,-0.24221021102715154,1.7192781598687192,0.0,-0.25224554807858823,1.7175198605210966,0.0,-0.25914748263847676,1.715691628164317,0.0,-0.26472331073414623,1.7137548146311594,0.0,-0.2430597191407344,1.7221752712669836,0.0,-0.25269083372608137,1.7212239493177615,0.0,-0.25913263444688894,1.7198940062175627,0.0,-0.26435679829101655,1.7184646159710166,0.0,-0.24315599076705022,1.7249901214392565,0.0,-0.25131783817233777,1.7246003883079284,0.0,-0.2566677327977783,1.7236323748647773,0.0,-0.26099602744529904,1.7224273070908138,0.0
-0.21285545358386287,1.7308499026650561,0.0,-0.21766273251669593,1.7253584265272472,0.0,-0.22538735652027264,1.7223902443490475,0.0,-0.23264989770076716,1.7217384362442945,0.0,-0.23874527806618384,1.7222259781261937,0.0,-0.22943181662123197,1.7238376540116873,0.0,-0.23951358318003874,1.721970768049427,0.0,-0.24640258034989382,1.7200303211285426,0.0,-0.2515054671826895,1.7181809629765037,0.0,-0.2310646153279956,1.726627024298411,0.0,-0.24108950285070363,1.7248100937854742,0.0,-0.24798489343565466,1.7229573328995724,0.0,-0.25355797838138255,1.7210126401725894,0.0,-0.23194045941979075,1.7295249627973226,0.0,-0.2415661388201376,1.7285201356037752,0.0,-0.24800390718372728,1.7271708084851243,0.0,-0.25322582799517773,1.7257332454826257,0.0,-0.23205928484318722,1.7323547391452372,0.0,-0.24021864713202618,1.7319160456071876,0.0,-0.2455648771893209,1.730927993632888,0.0,-0.24989034291712137,1.7297128108757582,0.0
-0.23269988836073188,1.7460943866612322,0.0,-0.2374754238518871,1.740575283320752,0.0,-0.24518296072314785,1.7375630089611074,0.0,-0.25244094478098633,1.736862276758363,0.0,-0.2585391629331045,1.7373129365578672,0.0,-0.24921422137291274,1.738937274961243,0.0,-0.2592840558436542,1.737007064124514,0.0,-0.26616597593070634,1.7350416653928393,0.0,-0.2712657478114012,1.7331837347246748,0.0,-0.2508710913144304,1.7417110481688316,0.0,-0.2608851906110786,1.7398355691343823,0.0,-0.2677739393023436,1.7379582637016002,0.0,-0.27334426450046123,1.7360056800793457,0.0,-0.25177308715018665,1.7446091252874498,0.0,-0.26139303292579497,1.7435508130076802,0.0,-0.2678267027281668,1.7421820770760952,0.0,-0.2730463615814078,1.7407363226699133,0.0,-0.25191460774853425,1.7474531459175748,0.0,-0.2600711871521497,1.7469654396398118,0.0,-0.2654136696877898,1.7459573211518253,0.0,-0.26973627482764106,1.7447320017238663,0.0
-0.22894345893770351,1.737248227119633,0.0,-0.23368720726283249,1.7317017784596327,0.0,-0.24137749393517538,1.728645733247794,0.0,-0.2486306036966438,1.7278962287502142,0.0,-0.25473144118084057,1.7283099205160648,0.0,-0.24539517791121657,1.729948337699931,0.0,-0.2554526870451315,1.7279549009280275,0.0,-0.2623274250065211,1.7259645255309555,0.0,-0.2674240622647939,1.7240980132056767,0.0,-0.24707563884038608,1.7327061653520852,0.0,-0.25707861271200333,1.7307722263521343,0.0,-0.2639606213995378,1.7288703613085366,0.0,-0.2695281701866726,1.7269098751143608,0.0,-0.2480035865157405,1.7356037058763942,0.0,-0.25761750060428473,1.7344919336401672,0.0,-0.2640470053972312,1.7331037645964833,0.0,-0.26926438325413854,1.7316498001383673,0.0,-0.24816792637674773,1.7384612891765023,0.0,-0.25632142422272225,1.7379245230667837,0.0,-0.2616600759484065,1.7368963108896105,0.0,-0.26597978864646005,1.7356608332079515,0.0
-0.22355675413790616,1.7347417135097811,0.0,-0.2282686758004433,1.7291682015867387,0.0,-0.23594155401817446,1.7260687078707453,0.0,-0.2431894753842292,1.725270588784839,0.0,-0.24929271223111704,1.725647230360483,0.0,-0.23994531821497478,1.7273011214489875,0.0,-0.2499901106934495,1.7252445650537636,0.0,-0.2568575611759264,1.7232291891261091,0.0,-0.2619510440814758,1.7213540860639527,0.0,-0.24164888785029154,1.7300426741551223,0.0,-0.25164040069650856,1.7280503696162357,0.0,-0.25851557108814605,1.7261239308538272,0.0,-0.2640803267340853,1.7241555304332656,0.0,-0.24260257250672018,1.7329390166210459,0.0,-0.2522101573055313,1.731773814518058,0.0,-0.2586354303998599,1.7303661885593389,0.0,-0.263850508108495,1.7289039953983272,0.0,-0.24278983861184222,1.7358094819711654,0.0,-0.25093995541747904,1.7352236142085005,0.0,-0.25627469271804204,1.7341752819789946,0.0,-0.260591480934295,1.7329296245655692,0.0
-0.21416529525784017,1.738169524244917,0.0,-0.21884535495304713,1.7325692312026306,0.0,-0.22650067124036144,1.729426612234191,0.0,-0.23374309329008608,1.7285800420613977,0.0,-0.2398485080801877,1.7289195551340784,0.0,-0.23049020559817707,1.730590293076567,0.0,-0.24052189216933811,1.728470730697125,0.0,-0.24738194952037323,1.7264303313735734,0.0,-0.2524722582833939,1.7245466285573237,0.0,-0.23221640032962299,1.7333152602625073,0.0,-0.24219611824953435,1.731264690446386,0.0,-0.24906435188178372,1.7293136648206708,0.0,-0.25462629758972316,1.7273373385427973,0.0,-0.2331955928721926,1.7362097573915183,0.0,-0.24279655132127026,1.7349911604662642,0.0,-0.24921752579121986,1.7335640542920014,0.0,-0.2544302840856241,1.7320936137759209,0.0,-0.23340587530333123,1.7390924258549152,0.0,-0.2415523108704773,1.738457419924871,0.0,-0.2468830498128029,1.7373889421018855,0.0,-0.251196881321415,1.736133083586404,0.0
-0.20403415436569436,1.7413111024418007,0.0,-0.2086823209491069,1.735684310431869,0.0,-0.2163199265819559,1.7324988902654406,0.0,-0.22355654167364145,1.7316040382002422,0.0,-0.2296639116032125,1.731906348354033,0.0,-0.22029495300978783,1.7335952829662313,0.0,-0.23031314662663951,1.7314128355332716,0.0,-0.2371657049083535,1.7293473909673844,0.0,-0.24225281968181625,1.727455079448514,0.0,-0.22204328856825697,1.736303372577126,0.0,-0.23201087946320373,1.734194643556421,0.0,-0.2388720777146813,1.7322190189024746,0.0,-0.2444311966237042,1.7302347551674777,0.0,-0.22304774638088834,1.7391953916651912,0.0,-0.2326417820475752,1.7379234399233812,0.0,-0.23905839073720073,1.7364768307499738,0.0,-0.24426881023883976,1.734998124232726,0.0,-0.22328111854693497,1.7420895866579091,0.0,-0.23142357205881572,1.7414054113969466,0.0,-0.2367502284023472,1.7403167632777847,0.0,-0.24106107079334718,1.7390506824053442,0.0
-0.1969284866224659,1.7442660398919059,0.0,-0.20154473306973272,1.7386130309897123,0.0,-0.20916448404032648,1.7353851343702786,0.0,-0.2163949879079338,1.7344421751854162,0.0,-0.22250408885661235,1.734707211946202,0.0,-0.21312475533086464,1.7364156690313242,0.0,-0.2231290712848422,1.7341704647120362,0.0,-0.22997402428539834,1.7320799540856058,0.0,-0.23505792516542698,1.730179024985172,0.0,-0.21489474743319179,1.7391066072094843,0.0,-0.22484988110544454,1.7369398308252288,0.0,-0.2317039452078479,1.7349395959641425,0.0,-0.23726022039304748,1.7329473832041655,0.0,-0.2159242151000114,1.7419955304737629,0.0,-0.22551103226173483,1.7406702688713465,0.0,-0.23192320778945333,1.7392041344375064,0.0,-0.23713126900693596,1.7377171432801133,0.0,-0.21618073399078078,1.7449005784154805,0.0,-0.2243189041089861,1.7441672080397472,0.0,-0.22964139331498704,1.743058365768979,0.0,-0.23394921399458787,1.7417820414026812,0.0
-0.19362894823927407,1.7470521993049095,0.0,-0.19821325158857173,1.7413732554143784,0.0,-0.20581500855457763,1.7381032076365321,0.0,-0.21303910039722956,1.7371123215418016,0.0,-0.2191497069975593,1.737340018405459,0.0,-0.2097603072883138,1.739069298957649,0.0,-0.2197503633327862,1.7367614730606933,0.0,-0.22658760457100663,1.7346458765704762,0.0,-0.2316682715925777,1.7327363210675508,0.0,-0.21155147226589394,1.7417428296965003,0.0,-0.22149382050790822,1.7395181234762762,0.0,-0.22834065155048294,1.7374932681990294,0.0,-0.2338940660172945,1.7354930948629188,0.0,-0.21260568230425086,1.74462805458199,0.0,-0.22218498602577663,1.7432495329760962,0.0,-0.22859266078400892,1.7417638515267013,0.0,-0.23379834410850991,1.7402685570833811,0.0,-0.21288538877716134,1.747543285529006,0.0,-0.2210189737365264,1.746760699629795,0.0,-0.22633721097370402,1.7456316401900238,0.0,-0.2306419771610761,1.7443450513016603,0.0
-0.19170445493942567,1.7494921343646985,0.0,-0.1962567962422302,1.7437875371332576,0.0,-0.2038404244814842,1.740475663921855,0.0,-0.2110578070505283,1.7394370364352847,0.0,-0.21716969275801556,1.7396273309026915,0.0,-0.20777056193509502,1.741378710381753,0.0,-0.217745978410958,1.7390084052799908,0.0,-0.2245754011449006,1.7368677041378064,0.0,-0.2296528142802471,1.7349495134653645,0.0,-0.209582417321588,1.7440345951586596,0.0,-0.21951165400787853,1.7417520822541155,0.0,-0.22635115294560204,1.7397025973187625,0.0,-0.2319016896274672,1.737694451866374,0.0,-0.21066109090315455,1.746915534599665,0.0,-0.22023258711563742,1.7454838077187342,0.0,-0.22663569327320138,1.7439785580014682,0.0,-0.23183897897632172,1.7424749416145813,0.0,-0.21096400998359444,1.7498402828521569,0.0,-0.21909270768874517,1.749008466406581,0.0,-0.22440660784099314,1.7478591676197646,0.0,-0.22870828656704978,1.7465622932876128,0.0
-0.19652243782803602,1.7451021179604893,0.0,-0.20104280213636888,1.7393721487258307,0.0,-0.2086081715323388,1.7360187761932693,0.0,-0.21581855122303345,1.7349325980679975,0.0,-0.22193148838632282,1.7350854317141258,0.0,-0.212522986612663,1.7368601593756565,0.0,-0.22248338659253614,1.734427524511296,0.0,-0.22930488384531056,1.7322617009983032,0.0,-0.23437902301374924,1.7303348664693028,0.0,-0.21435505166490304,1.7394981767698052,0.0,-0.2242708528628214,1.7371579859794744,0.0,-0.23110292054096593,1.7350838631623269,0.0,-0.23665056231113918,1.7330677340978797,0.0,-0.21545789929864967,1.7423742594037794,0.0,-0.22502129489125933,1.7408893869020445,0.0,-0.23141976440812073,1.7393645482160982,0.0,-0.23662063265026662,1.7378525912474478,0.0,-0.2157840404717029,1.7453078640811628,0.0,-0.223907548601891,1.7444268075338165,0.0,-0.22921702628560864,1.7432572481058508,0.0,-0.23351558440056475,1.7419500675414499,0.0
-0.20573686527257834,1.7096658508766935,0.0,-0.21022524161577122,1.703910790606631,0.0,-0.21777222663549267,1.7005162451949867,0.0,-0.2249753135744756,1.6993827123312133,0.0,-0.2310890735077365,1.6994980308647045,0.0,-0.22167158481849364,1.7012973291603835,0.0,-0.23161659424636682,1.698802521027105,0.0,-0.2384300588292772,1.6966115585362194,0.0,-0.24350090390485324,1.6946760715633005,0.0,-0.22352338101532082,1.7039172744566884,0.0,-0.2334254250919019,1.7015195402267886,0.0,-0.2402499622680192,1.6994207723617898,0.0,-0.24579469194868725,1.6973966482591225,0.0,-0.22465010323015733,1.7067879448027392,0.0,-0.23420510614025608,1.7052499912939625,0.0,-0.24059887078041542,1.7037055435277328,0.0,-0.24579730161725988,1.702185227382401,0.0,-0.22499946075500815,1.7097297503990758,0.0,-0.2331174768696354,1.7087994497253658,0.0,-0.23842244644988664,1.7076096092814206,0.0,-0.24271785062931495,1.70629210185034,0.0
-0.19218400122937881,1.680372302756903,0.0,-0.19664038250335322,1.6745924319234715,0.0,-0.20416886209818305,1.671157040180184,0.0,-0.21136437020666918,1.6699763534035532,0.0,-0.21747872326482162,1.6700541066412669,0.0,-0.2080526543234172,1.6718791707254088,0.0,-0.2179819021030797,1.6693223526496694,0.0,-0.22478722659916314,1.667106235603562,0.0,-0.22985475739193426,1.6651620876495348,0.0,-0.2099237059137595,1.674480855495455,0.0,-0.21981167359278195,1.6720257177171634,0.0,-0.22662858092086666,1.669902298611178,0.0,-0.232170381259612,1.667870168049388,0.0,-0.21107399400597707,1.6773455741085805,0.0,-0.22062031327721363,1.6757546089993558,0.0,-0.22700930459297533,1.6741905325487034,0.0,-0.23220527795756743,1.6726618386154188,0.0,-0.21144654730943838,1.6802949310420052,0.0,-0.219558768935029,1.679315387639111,0.0,-0.22485914451970676,1.6781052466593938,0.0,-0.2291513612503133,1.6767773918355882,0.0
-0.19254705068456682,1.679624081525553,0.0,-0.19697143353103178,1.6738196799768925,0.0,-0.2044812910234539,1.6703437683147344,0.0,-0.21166893807069684,1.6691161331376319,0.0,-0.21778365372388567,1.6691562749657074,0.0,-0.20834943258489722,1.6710082722774648,0.0,-0.2182625506549705,1.6683896141724146,0.0,-0.22505962739562643,1.6661483279254852,0.0,-0.23012382362894243,1.66419551044469,0.0,-0.21023926711228438,1.6735915239420511,0.0,-0.22011284151893443,1.6710791277216803,0.0,-0.22692201952690635,1.6689310520537604,0.0,-0.23246087316815586,1.6668909035406623,0.0,-0.2114128038910533,1.6764497675268355,0.0,-0.2209501497222938,1.6748058648221495,0.0,-0.2273342990332687,1.6732221404927468,0.0,-0.2325277947142151,1.671685050072764,0.0,-0.2118085179849,1.6794060326620253,0.0,-0.21991464269578567,1.678377253214125,0.0,-0.22521033812540467,1.6771467929562738,0.0,-0.22949933368739314,1.675808570267464,0.0
-0.20091105421276056,1.6811531855381023,0.0,-0.20530343908280552,1.6753245325150117,0.0,-0.21279456221805465,1.67180842733852,0.0,-0.21997406991782514,1.6705340540051767,0.0,-0.2260889168245771,1.6705365425185628,0.0,-0.21664699178908842,1.6724166123359114,0.0,-0.22654361530557393,1.6697362908784543,0.0,-0.23333233643524187,1.6674698218884523,0.0,-0.23839317778082536,1.6655083264187494,0.0,-0.21855514041494806,1.6749812737424556,0.0,-0.2284140072270024,1.6724117696046965,0.0,-0.23521535637813779,1.6702390330942771,0.0,-0.2407512459062376,1.6681908551851699,0.0,-0.21975160077560796,1.6778325352066628,0.0,-0.22927968464099324,1.6761357737439526,0.0,-0.23565892307679182,1.6745323829133707,0.0,-0.24084992074999384,1.672986877331361,0.0,-0.22017042654907787,1.6807950723160874,0.0,-0.22827015209293566,1.6797170690252619,0.0,-0.23356108097997846,1.6784662716628986,0.0,-0.23784682147419683,1.677117660780613,0.0
-0.20530815336783523,1.6746674939542823,0.0,-0.20966854466541765,1.6688148681639081,0.0,-0.21714082574577595,1.665258896159556,0.0,-0.22431191987863872,1.663937999819406,0.0,-0.23042666596376718,1.663902797545056,0.0,-0.22097750449307238,1.6658120505414793,0.0,-0.23085727207211934,1.663070249540974,0.0,-0.2376375296589636,1.6607785856661699,0.0,-0.24269499580054707,1.6588084039919153,0.0,-0.22290350221938768,1.6683579795580996,0.0,-0.2327473498781835,1.6657315238470305,0.0,-0.23954077067648652,1.663534123547462,0.0,-0.24507367869429983,1.6614779050568593,0.0,-0.2241225536310428,1.6712017680351818,0.0,-0.23364108844370188,1.6694522319174208,0.0,-0.24001534702050245,1.6678291568198214,0.0,-0.2452038263079174,1.666275217621758,0.0,-0.22456442808857383,1.6741699482296195,0.0,-0.2326574525433274,1.6730427392181164,0.0,-0.23794352833894203,1.6717715880813684,0.0,-0.24222597973702006,1.6704125689796991,0.0
-0.2081833456247779,1.6692742278302755,0.0,-0.21251175147024712,1.6633979072342655,0.0,-0.2199650871416192,1.6598023949189662,0.0,-0.2271274975718038,1.6584351952139547,0.0,-0.23324191010670944,1.658362268958724,0.0,-0.2237859975942574,1.660301787011712,0.0,-0.23364855131862108,1.6574986968996392,0.0,-0.2404202372814578,1.6551818271407273,0.0,-0.24547430785843485,1.6532029511451765,0.0,-0.22572938380508126,1.6628288560567621,0.0,-0.23555790349486325,1.6601456104400962,0.0,-0.24234329641500066,1.6579235444782696,0.0,-0.24787320547373357,1.6558592742883904,0.0,-0.22697068711214438,1.6656646969400368,0.0,-0.2364793872323042,1.663862475080213,0.0,-0.24284859679598927,1.6622196985554762,0.0,-0.2480345372128833,1.6606573073305788,0.0,-0.22743553390737528,1.6686378991415411,0.0,-0.23552155573994735,1.6674615080909032,0.0,-0.2408026916965322,1.6661699874609845,0.0,-0.24508181979765345,1.664800540276973,0.0
-0.2178882453497121,1.672346349057064,0.0,-0.22218467703924663,1.6664466104486724,0.0,-0.22961896777036914,1.6628118831184917,0.0,-0.23677242835431458,1.6613986032885433,0.0,-0.24288627402683308,1.6612879236682871,0.0,-0.23342411244592162,1.663258759921752,0.0,-0.24326909764420399,1.660394576514922,0.0,-0.25003210351315075,1.658052490291993,0.0,-0.25508275795958457,1.6560649115475028,0.0,-0.235384431690116,1.6657668554089686,0.0,-0.24519731709519407,1.6630269856385975,0.0,-0.2519745823534142,1.6607802524904283,0.0,-0.25750147475233665,1.6587079190169225,0.0,-0.23664764216646436,1.6685942903578783,0.0,-0.24614622325142319,1.66673947527825,0.0,-0.25251031429838766,1.6650769800685394,0.0,-0.257693695101894,1.6635061179507666,0.0,-0.23713537238926938,1.6715719017755595,0.0,-0.24521409040566647,1.6703463569202424,0.0,-0.2504901994416361,1.6690344514472764,0.0,-0.2547659697457273,1.667654556088108,0.0
-0.2305236339305293,1.6827950736088064,0.0,-0.2347881061217206,1.6768721927353851,0.0,-0.24220325635905746,1.6731985748459826,0.0,-0.2493475050547956,1.6717394419605869,0.0,-0.2554605500420073,1.6715909836498106,0.0,-0.24599265693241537,1.6735941622359887,0.0,-0.25581972241938034,1.670669087184428,0.0,-0.2625739394572658,1.6683017746862188,0.0,-0.26762115707464595,1.6663054846457588,0.0,-0.24796945901660009,1.676083184143858,0.0,-0.25776640653262306,1.6732868605395375,0.0,-0.2645354442020732,1.6710154593752946,0.0,-0.27005930207816875,1.6689350508146081,0.0,-0.2492542267708687,1.6789017709927831,0.0,-0.25874240593495335,1.6769944593356634,0.0,-0.26510130869544957,1.6753122284184239,0.0,-0.27028210895090377,1.6737328763169916,0.0,-0.2497647391874944,1.6818831874541385,0.0,-0.2578358526838652,1.680608522043313,0.0,-0.26310684745448476,1.6792762170266067,0.0,-0.26737922521815527,1.6778858533547225,0.0
-0.23452273179280136,1.6885280180632871,0.0,-0.23875526359300042,1.6825822703836015,0.0,-0.24615118283183535,1.6788700877301956,0.0,-0.25328596211942545,1.6773653343546633,0.0,-0.25939797219696203,1.6771790772801547,0.0,-0.24992488010641123,1.6792155924904897,0.0,-0.259733679095481,1.6762298358804522,0.0,-0.2664789989190022,1.6738372898020133,0.0,-0.2715227592628113,1.6718322807753376,0.0,-0.25191771936125495,1.6816854541712354,0.0,-0.2616984289672412,1.678832854315813,0.0,-0.2684591395710607,1.6765367867317116,0.0,-0.27397994537890735,1.6744482923346096,0.0,-0.25322368892678676,1.6844947668086105,0.0,-0.2627011853750546,1.6825350620654862,0.0,-0.26905483026449467,1.6808330803395986,0.0,-0.27423302920799425,1.6792452201288899,0.0,-0.2537568694993696,1.6874793929856462,0.0,-0.26182007874247426,1.686155647661664,0.0,-0.26708587200558065,1.68480293045557,0.0,-0.27135482254906057,1.6834020792311624,0.0
-0.23998413763139623,1.6686766367531394,0.0,-0.2441847523983007,1.6627082972445115,0.0,-0.2515613550396879,1.6589578766133428,0.0,-0.2586864119626775,1.6574077404748186,0.0,-0.26479715260369885,1.6571836697183973,0.0,-0.25531940798343433,1.6592544859395921,0.0,-0.2651095981551368,1.656208265897596,0.0,-0.2718459127082461,1.653790481270999,0.0,-0.27688619555645644,1.6517767463299333,0.0,-0.2573278436720674,1.6617051136843795,0.0,-0.2670920189738213,1.6587964220526648,0.0,-0.27384430345952215,1.6564756918995616,0.0,-0.279362039932489,1.6543791018515142,0.0,-0.2586546547016233,1.664504742010835,0.0,-0.2681211897943707,1.662492754201494,0.0,-0.2744695073922978,1.660771008328198,0.0,-0.279645084403095,1.6591746227380224,0.0,-0.25921037710371564,1.6674919918182691,0.0,-0.26726538343928374,1.6661192143727919,0.0,-0.27252588804930844,1.6647460742570905,0.0,-0.276791376735673,1.6633347170513846,0.0
-0.2831863549088268,1.6490367269195936,0.0,-0.28735507765089435,1.643046068223761,0.0,-0.29471228038650377,1.6392577322636386,0.0,-0.30182736572491675,1.637662452090471,0.0,-0.30793660208739865,1.6374005552538304,0.0,-0.29845476305758895,1.6395066085926187,0.0,-0.3082260047855947,1.6364001451315044,0.0,-0.3149532049613155,1.6339571154438373,0.0,-0.31998998943767976,1.631934646224915,0.0,-0.30047836187300353,1.6419379405251224,0.0,-0.3102257083385377,1.6389733422028152,0.0,-0.31696946675964965,1.6366279517071747,0.0,-0.3224841158195682,1.634523254256086,0.0,-0.3018256519366745,1.6447274903609699,0.0,-0.31128094794888583,1.642663329774045,0.0,-0.31762386798037234,1.6409218043936584,0.0,-0.3227968017536485,1.6393168743252409,0.0,-0.3024037800179767,1.6477167875107939,0.0,-0.3104502850639063,1.646295027500566,0.0,-0.31570541316417106,1.6449014525369396,0.0,-0.31996740470032414,1.6434795696158235,0.0
-0.29249295901109107,1.6505461942512163,0.0,-0.29662981579746,1.6445334863056016,0.0,-0.30396753688705286,1.6407075523476038,0.0,-0.31107240491284555,1.639067366827649,0.0,-0.31717990184374645,1.6387676334048396,0.0,-0.3076945368814488,1.6409098322315132,0.0,-0.3174464927674693,1.637743345765496,0.0,-0.32416446803911597,1.635275062048298,0.0,-0.3291977323880857,1.6332438482249347,0.0,-0.3097328735983223,1.6433218175896325,0.0,-0.31946309808026585,1.6403014967684657,0.0,-0.32619822924199615,1.6379314456184588,0.0,-0.3317097717170716,1.635818626373914,0.0,-0.31110027920773947,1.646100910400897,0.0,-0.32054405897285443,1.6439846860850083,0.0,-0.32688151002560933,1.6422233629090128,0.0,-0.3320517783530292,1.6406098667764824,0.0,-0.3117006679127196,1.6490916886242122,0.0,-0.3197383733305574,1.6476209960673145,0.0,-0.3249880361245216,1.6462069723478858,0.0,-0.3292464943725014,1.6447745421590756,0.0
-0.28117133115984205,1.647008764953752,0.0,-0.2852763544288578,1.6409742786565578,0.0,-0.2925945191663489,1.6371110693282198,0.0,-0.29968892961112364,1.6354262255239247,0.0,-0.3057944519795306,1.6350886525768518,0.0,-0.29630614151016127,1.6372678739070767,0.0,-0.30603848058579913,1.6340415979952596,0.0,-0.31274712204128297,1.6315480571231653,0.0,-0.3177768455187173,1.6295080911079145,0.0,-0.2983587944544145,1.6396604740898033,0.0,-0.3080716092959215,1.636584627184252,0.0,-0.3147980136567227,1.6341899208151216,0.0,-0.3203064316332092,1.632068968903597,0.0,-0.29974594684343653,1.642428746873299,0.0,-0.3091779367387267,1.6402605798542946,0.0,-0.3155098484989255,1.6384794457668608,0.0,-0.32067743005644717,1.636857365252961,0.0,-0.3003684383052693,1.6454204497722873,0.0,-0.30839704794519,1.6439008866012983,0.0,-0.31364115750011073,1.6424664049857214,0.0,-0.3178960469937103,1.6410234086957545,0.0
-0.27750724335496624,1.6436002045503413,0.0,-0.2815804747997438,1.637544213590353,0.0,-0.28887901881312766,1.6336440627311792,0.0,-0.2959627382134787,1.6319148207987444,0.0,-0.3020660512758253,1.6315394162853163,0.0,-0.29257538824169144,1.6337565033970156,0.0,-0.30228778873575923,1.630470691962196,0.0,-0.30898699098074756,1.6279519014707529,0.0,-0.3140131549992306,1.6259031811720936,0.0,-0.29464193696398583,1.6361296926503115,0.0,-0.30433706269650956,1.6329985357774697,0.0,-0.31105464419027806,1.6305791901853854,0.0,-0.316559922441776,1.6284501018856046,0.0,-0.2960484599557417,1.6388867980992023,0.0,-0.30546839195724745,1.6366668290241562,0.0,-0.31179469662858267,1.6348658808345056,0.0,-0.3169595720759171,1.6332352042998324,0.0,-0.29669288141461164,1.6418788794465409,0.0,-0.304712102888374,1.640310526190542,0.0,-0.3099505733058186,1.6388555862553569,0.0,-0.3142018601932148,1.6374020104242921,0.0
-0.2853472871076581,1.6392941459654606,0.0,-0.2893887669055306,1.6332169194637107,0.0,-0.296667624835383,1.6292801506520276,0.0,-0.3037404225132346,1.6275067665391016,0.0,-0.3098412913809591,1.627093537855994,0.0,-0.30034887509026564,1.629349308072191,0.0,-0.31004101600001777,1.6260042094596134,0.0,-0.3167306709765904,1.6234601708291172,0.0,-0.32175325525459547,1.6214026901431402,0.0,-0.3024289098709979,1.6317030698299961,0.0,-0.3121060669179621,1.6285168121787414,0.0,-0.31881472703826624,1.6260728372178224,0.0,-0.3243168482317212,1.6239356034947088,0.0,-0.30385442983967886,1.634448675781142,0.0,-0.3132620354835282,1.632177038121442,0.0,-0.3195826632045269,1.630356266200276,0.0,-0.32474481153027845,1.6287169770219576,0.0,-0.30452060284826205,1.6374406003415831,0.0,-0.31253014328243545,1.6358235329298172,0.0,-0.3177628870061569,1.6343481293744153,0.0,-0.3220105359466897,1.6328839567843179,0.0
-0.3059461687348394,1.6361107627105271,0.0,-0.30995592551948925,1.6300125587586953,0.0,-0.31721501962858306,1.626039464982438,0.0,-0.3242766632956443,1.624222173887634,0.0,-0.3303748520639711,1.623771116650062,0.0,-0.32088128217535333,1.6260663697850035,0.0,-0.33055283432686444,1.6226622018803667,0.0,-0.33723282495194246,1.6200928942872765,0.0,-0.3422518036441746,1.6180266337785913,0.0,-0.3229744126269144,1.6284006924724894,0.0,-0.3326333125044278,1.6251595106682766,0.0,-0.33933294420932164,1.6226908938008504,0.0,-0.3448318840743619,1.6205454880174726,0.0,-0.3244185678559953,1.631134480552206,0.0,-0.33381357161246883,1.628811274572745,0.0,-0.3401284456914919,1.626970646815037,0.0,-0.3452878404966519,1.6253227118673828,0.0,-0.3251063172104314,1.6341257241058758,0.0,-0.33310587837902217,1.6324599912068707,0.0,-0.33833280229743795,1.6309641005422393,0.0,-0.34257677328215724,1.6294893011740326,0.0
-0.34333293236764945,1.6421699718513993,0.0,-0.3473110031719901,1.6360510509019315,0.0,-0.35455026471889445,1.6320419345784596,0.0,-0.36160052837434575,1.6301809830496918,0.0,-0.3676958015374859,1.6296921027448965,0.0,-0.3582016870684746,1.6320276064285792,0.0,-0.36785232961657865,1.6285646050495608,0.0,-0.37452254164489396,1.6259700168825566,0.0,-0.3795378906673965,1.6238949617542975,0.0,-0.36030752491186385,1.6343424894284637,0.0,-0.36994788641817117,1.6310465773605383,0.0,-0.3766383854848018,1.6285533151483402,0.0,-0.3821341219368073,1.6263997166563327,0.0,-0.3617699483011879,1.6370641558659806,0.0,-0.37115207952480517,1.6346894989834015,0.0,-0.37746112524597586,1.6328289917233938,0.0,-0.38261774171345847,1.6311723834551242,0.0,-0.3624790859443088,1.640054204593958,0.0,-0.37046837291831075,1.638339871304339,0.0,-0.3756893855068909,1.6368234775298443,0.0,-0.37992963978802524,1.635338025905952,0.0
-0.3616460981306007,1.6496713678058668,0.0,-0.3655925566532043,1.6435320106701763,0.0,-0.3728119584571758,1.639487241327874,0.0,-0.3798506352921134,1.6375829339427301,0.0,-0.3859427607417542,1.6370562780858824,0.0,-0.3764487338175536,1.6394327439021052,0.0,-0.3860781805072032,1.6359112333464552,0.0,-0.39273852097689016,1.6332914087174215,0.0,-0.3977502291610108,1.6312075755475035,0.0,-0.3785668690286572,1.6417282081487183,0.0,-0.38818844403628944,1.6383778498538049,0.0,-0.3948697267352391,1.635859994473511,0.0,-0.4003622538043168,1.633698223900548,0.0,-0.38004716323128823,1.6444374671026847,0.0,-0.3894161757689407,1.6420115681607532,0.0,-0.3957193342208129,1.6401312121553766,0.0,-0.4008731598469287,1.6384659416780054,0.0,-0.3807774644289793,1.647425818557698,0.0,-0.3887562002659234,1.6456630311555653,0.0,-0.39397122295113357,1.6441261639127034,0.0,-0.3982077322334843,1.6426300649867769,0.0
-0.37120136228716183,1.6493304081047901,0.0,-0.37511628473830666,1.6431708932609324,0.0,-0.38231580409609056,1.6390908390386811,0.0,-0.3893426926831534,1.6371434831418799,0.0,-0.39543143928095154,1.6365791040551707,0.0,-0.3859381373189198,1.6389972138074451,0.0,-0.39554610792323924,1.63541752373582,0.0,-0.40219648463493374,1.6327725084520093,0.0,-0.4072045410811372,1.6306799143120785,0.0,-0.38806816758494056,1.6412732899990226,0.0,-0.39767071297095474,1.6378687741096007,0.0,-0.40434269641655024,1.635326379348542,0.0,-0.40983200849067625,1.6331564580210431,0.0,-0.3895659356691818,1.6439698710135173,0.0,-0.39892158706440606,1.6414929437682813,0.0,-0.4052187998645725,1.6395927711114464,0.0,-0.41036982240253544,1.6379188502170763,0.0,-0.39031716781404996,1.6469560351503283,0.0,-0.39828507852683104,1.6451449460155803,0.0,-0.40349403328431316,1.643587636520347,0.0,-0.40772676946167485,1.642080895882926,0.0
-0.38224528000994346,1.6554273104174821,0.0,-0.3861286721627665,1.649247868185567,0.0,-0.3933082052373811,1.645132746526353,0.0,-0.40032307515064763,1.6431425308838288,0.0,-0.4064082045308301,1.6425404019008414,0.0,-0.3969162316250742,1.6450008718390499,0.0,-0.4065023825621493,1.641363154099316,0.0,-0.4131426554840639,1.6386928747540923,0.0,-0.41814702028307216,1.63659146747294,0.0,-0.3990578235960884,1.6472575704407484,0.0,-0.40864103301438753,1.6437990008553836,0.0,-0.4153035885811117,1.6412320011398263,0.0,-0.42078964381685596,1.6390538589119075,0.0,-0.4005727345376107,1.6499412076161488,0.0,-0.409914733827105,1.6474132774584422,0.0,-0.4162059065678523,1.6454932017509656,0.0,-0.4213540857756479,1.6438105564551198,0.0,-0.40134472048175945,1.652924703470268,0.0,-0.409301495763995,1.6510653024675634,0.0,-0.4145042750115862,1.6494874841541087,0.0,-0.4187331859434403,1.647970040505716,0.0
-0.3887804384291147,1.6605679359680892,0.0,-0.39263228545830137,1.6543687815601131,0.0,-0.399791701269326,1.6502187590680697,0.0,-0.4067943132719206,1.6481858342428686,0.0,-0.4128755835524393,1.647545904042774,0.0,-0.4033855346350373,1.6500494471251483,0.0,-0.41294950079137804,1.6463537967760586,0.0,-0.4195795119892426,1.6436581395695073,0.0,-0.4245801346644619,1.641547842798218,0.0,-0.40553838103448836,1.6522867746510717,0.0,-0.4151019259766495,1.648774195189899,0.0,-0.4217549079557163,1.6461824843639057,0.0,-0.42723765124741253,1.6439960188114582,0.0,-0.40707012580528706,1.6549572097145289,0.0,-0.416398163957134,1.6523782397951925,0.0,-0.4226831884618975,1.6504381335736453,0.0,-0.4278284736674277,1.6487466595120754,0.0,-0.40786270275323255,1.6579375641059402,0.0,-0.4158080180670012,1.656029788032695,0.0,-0.42100450274212464,1.654431360821138,0.0,-0.42522952719969354,1.6529031294157066,0.0
-0.39421226998549364,1.6514923253795792,0.0,-0.39803271124334816,1.6452737669047022,0.0,-0.4051720612949885,1.6410893192374754,0.0,-0.41216225324203565,1.6390140903953383,0.0,-0.418239441107736,1.6383364868750567,0.0,-0.4087519927339098,1.6408836541563525,0.0,-0.4182935598812682,1.6371305519042403,0.0,-0.42491325345178255,1.6344096562260615,0.0,-0.4299101448207787,1.632290539370085,0.0,-0.4109156667772355,1.6431016872190403,0.0,-0.42045936615964924,1.6395355396576088,0.0,-0.42710272676943667,1.63691926481966,0.0,-0.43258217962329565,1.6347245661986607,0.0,-0.4124638023594337,1.6457586983064667,0.0,-0.4217776831918619,1.643129058512411,0.0,-0.4280565280083745,1.6411690450056933,0.0,-0.43319892767310375,1.6394688185397763,0.0,-0.41327667002136553,1.6487354577474767,0.0,-0.4212102861739005,1.6467795999497088,0.0,-0.42640042054530547,1.6451606719907805,0.0,-0.43062154794138774,1.643621709222665,0.0
-0.40221504021773186,1.642141225849766,0.0,-0.4060043188418383,1.6359036294842522,0.0,-0.4131237867996678,1.6316854429737888,0.0,-0.42010145636942203,1.6295684910189425,0.0,-0.4261743554197623,1.6288534693338943,0.0,-0.4166902405991764,1.6314446835747898,0.0,-0.4262093087363128,1.6276348775504736,0.0,-0.43281870390554616,1.6248890604123607,0.0,-0.43781191905558475,1.6227612958416768,0.0,-0.4188642401412937,1.6336435546965187,0.0,-0.4283880243774886,1.6300245575765704,0.0,-0.43502178804029584,1.627384043633154,0.0,-0.44049802746037836,1.6251813390618113,0.0,-0.420428234278799,1.6362869559973918,0.0,-0.4297278489860644,1.6336073015600499,0.0,-0.4360005396604226,1.6316276811721515,0.0,-0.4411401054153242,1.629918907284753,0.0,-0.42126099589430294,1.639259691495507,0.0,-0.42918274165156417,1.63725629709146,0.0,-0.4343665175924492,1.6356171236643509,0.0,-0.43858377452171093,1.6340675860274425,0.0
-0.4134808711962587,1.6339589207166358,0.0,-0.4172389379744154,1.6277024700454406,0.0,-0.42433835369158013,1.6234506212811393,0.0,-0.4313032555596921,1.6212920337403223,0.0,-0.4373716213093452,1.6205395073194238,0.0,-0.42789141980227474,1.6231754365117521,0.0,-0.43738759877521277,1.6193089309762214,0.0,-0.44398651011484314,1.616538013187701,0.0,-0.4489759816015451,1.6144014847216561,0.0,-0.43007549451341154,1.6253551570003735,0.0,-0.43957900750750467,1.6216832573417648,0.0,-0.4462030024381384,1.6190183323187486,0.0,-0.45167595213885625,1.6168074666086496,0.0,-0.43165508050210016,1.6279847237398049,0.0,-0.4409400978700189,1.6252549189693861,0.0,-0.44720650511844107,1.6232554977097997,0.0,-0.45234316975175176,1.6215380225885514,0.0,-0.43250759136516137,1.6309529953211943,0.0,-0.44041712583958087,1.628901920144897,0.0,-0.4455944071334892,1.6272423476297035,0.0,-0.44980771807153674,1.6256821124439282,0.0
-0.42313026150524047,1.6324807380796529,0.0,-0.426856752715846,1.6262054289902563,0.0,-0.4339355408155639,1.621919325809171,0.0,-0.4408872575774653,1.619718645853771,0.0,-0.4469507933213409,1.6189281440078176,0.0,-0.43747491536095057,1.6216097515336587,0.0,-0.44694747150198133,1.617685728050373,0.0,-0.4535354749042744,1.6148889750347464,0.0,-0.458520994486529,1.6127432411048779,0.0,-0.4396690800084082,1.6237701838124008,0.0,-0.44915162619705673,1.6200444725901058,0.0,-0.455765451569484,1.6173544078766842,0.0,-0.4612348586712064,1.615134792691498,0.0,-0.44126427800959883,1.6263856286606049,0.0,-0.4505340979036876,1.6236046538785707,0.0,-0.4567939104151807,1.6215846804883207,0.0,-0.4619274688828304,1.6198579431584312,0.0,-0.4421366725467754,1.6293489642709456,0.0,-0.4500334450562688,1.6272492907453318,0.0,-0.4552039435283877,1.6255687051095324,0.0,-0.4594131139506493,1.6239973339719713,0.0
-0.41943687987935446,1.6432370572908452,0.0,-0.4231319686575992,1.6369432063368528,0.0,-0.43019021721287953,1.6326233627318714,0.0,-0.4371286135456462,1.6303810392642935,0.0,-0.4431871005175706,1.6295527310506828,0.0,-0.4337162389442625,1.6322804452497643,0.0,-0.44316499550253613,1.6282994554677077,0.0,-0.4497420478827828,1.6254770454608993,0.0,-0.4547236341144683,1.6233221955312955,0.0,-0.43592007583436554,1.6344216999962047,0.0,-0.44538150695084877,1.630642688543479,0.0,-0.4519851276448123,1.6279276695841316,0.0,-0.45745102318273184,1.625699421038024,0.0,-0.43753043046379153,1.6370228525421324,0.0,-0.44678487973497794,1.6341911480564575,0.0,-0.4530380749157429,1.6321507816169125,0.0,-0.458168542574883,1.6304148824419231,0.0,-0.4384223674669461,1.6399808433958296,0.0,-0.44630615605902196,1.6378329322206857,0.0,-0.4514698233210311,1.6361314731595578,0.0,-0.45567484813811293,1.6345490417445105,0.0
-0.384362284671946,1.6500462928313893,0.0,-0.3880270105367893,1.6437347141662904,0.0,-0.3950659458368412,1.6393834716677276,0.0,-0.40199138864522616,1.637101454991279,0.0,-0.4080447646596277,1.6362365863804593,0.0,-0.39858007890317637,1.6390099089162784,0.0,-0.40800584196890033,1.634974779330851,0.0,-0.41457256794386427,1.6321284261853726,0.0,-0.41955063141359067,1.6299654505280412,0.0,-0.4007924794197767,1.6411325408900448,0.0,-0.4102336152696256,1.6373031074859383,0.0,-0.4168276375167264,1.6345648589902575,0.0,-0.4222905446255974,1.6323292938414582,0.0,-0.4024167616781087,1.6437194631794663,0.0,-0.4116564376184669,1.640839919791302,0.0,-0.41790350311803676,1.6387808622834972,0.0,-0.4230312799573997,1.6370370305734676,0.0,-0.40332711494184165,1.6466718475876883,0.0,-0.4111983031722374,1.6444782111495944,0.0,-0.4163555181445753,1.6427572938771688,0.0,-0.42055672439304975,1.641164752212602,0.0
-0.36636173556780727,1.6334425288116177,0.0,-0.3699962704579359,1.6271135164840407,0.0,-0.377016029610209,1.6227314047917518,0.0,-0.3839284253241015,1.6204101672557893,0.0,-0.38997649553328156,1.619508942738512,0.0,-0.38051868110466713,1.622328198611839,0.0,-0.3899213413896914,1.618239524045823,0.0,-0.396477732990449,1.6153694464446846,0.0,-0.40145230863619846,1.613198461242628,0.0,-0.38273925499079775,1.624432360629334,0.0,-0.3921600126745464,1.6205530654619256,0.0,-0.39874443557397665,1.6177918140606913,0.0,-0.4042044067966834,1.615549088071656,0.0,-0.3843770175612502,1.6270049416776644,0.0,-0.39360180814589435,1.6240780627466844,0.0,-0.3998427505996812,1.6220005203367962,0.0,-0.4049678704521215,1.6202488951356375,0.0,-0.3853054282540419,1.6299513720866643,0.0,-0.39316385098211,1.6277124354623185,0.0,-0.3983145924767903,1.6259722387537774,0.0,-0.4025119921573973,1.6243696911517254,0.0
-0.36534138323005905,1.6253614198046729,0.0,-0.368943740871178,1.6190140376406894,0.0,-0.3759415613825179,1.614596976453578,0.0,-0.38283952917194825,1.6122332085758493,0.0,-0.388881679331648,1.6112931126587466,0.0,-0.3794302578817196,1.614160926343529,0.0,-0.3888071848044856,1.610013575185565,0.0,-0.39535151527999257,1.6071161013053736,0.0,-0.4003216324787267,1.6049349285397085,0.0,-0.3816603545135445,1.6162456395653164,0.0,-0.3910581622026809,1.6123110726298333,0.0,-0.3976313336344351,1.6095231430130512,0.0,-0.40308715834183967,1.6072703486645246,0.0,-0.3833130952417934,1.6188031821772464,0.0,-0.39252089217842284,1.6158232732556597,0.0,-0.39875440007852003,1.6137235293579928,0.0,-0.40387590695076914,1.6119613682686718,0.0,-0.38426116761373835,1.6217429357652204,0.0,-0.3921050804716458,1.6194536834727877,0.0,-0.3972482207393478,1.6176911481635865,0.0,-0.40144096995910256,1.6160764726928345,0.0
-0.3649122686439951,1.6252347205006699,0.0,-0.3684816374319683,1.6188687290330643,0.0,-0.37545621922452954,1.6144150642209696,0.0,-0.38233900261100096,1.6120074406916955,0.0,-0.38837479622210386,1.6110273619347162,0.0,-0.37892990433402735,1.6139451973758934,0.0,-0.3882796995867612,1.6097370375792228,0.0,-0.39481108553076455,1.6068105014168772,0.0,-0.3997762751685519,1.6046181347815625,0.0,-0.3811699236347864,1.6160100293229738,0.0,-0.3905434215990848,1.6120178942745214,0.0,-0.3971044987933818,1.609201620092231,0.0,-0.4025555936847116,1.6069374049742713,0.0,-0.38283809815613074,1.6185520900520847,0.0,-0.3920277420869988,1.6155166615763974,0.0,-0.3982531433473886,1.6133930033356485,0.0,-0.4033705684802429,1.6116190235283105,0.0,-0.3838063979441112,1.6214845810553715,0.0,-0.3916347894015957,1.6191428013541105,0.0,-0.39676973228941204,1.6173565247606618,0.0,-0.40095740606656977,1.6157287313979443,0.0
-0.3634239618247139,1.6326214235301586,0.0,-0.36696458088382317,1.626239397395109,0.0,-0.37392159613227666,1.6217583416855244,0.0,-0.38079159587920647,1.61931447964339,0.0,-0.3868216690364726,1.6182997991006909,0.0,-0.37738621309422665,1.6212634755548279,0.0,-0.38671361973014773,1.6170059216103037,0.0,-0.3932353368603593,1.6140579016082437,0.0,-0.3981975514628869,1.611858809558944,0.0,-0.37963254506075106,1.6233107789443137,0.0,-0.38898643919836834,1.619272924217601,0.0,-0.3955385777749973,1.6164359162352346,0.0,-0.40098740612621514,1.6141662521161093,0.0,-0.38131206384754696,1.6258384507724934,0.0,-0.39048730026155654,1.622759746766879,0.0,-0.3967071262662681,1.6206198146073287,0.0,-0.40182239503094613,1.6188396264677434,0.0,-0.38229650870908627,1.628764139256754,0.0,-0.3901122783937021,1.6263805727655705,0.0,-0.39524112528909533,1.6245768676751928,0.0,-0.39942537037349896,1.6229402809927203,0.0
-0.36462790403257556,1.636627333206491,0.0,-0.36814318170169696,1.6302313138335403,0.0,-0.3750873969167487,1.6257304476406103,0.0,-0.38194666877548833,1.623256635244388,0.0,-0.3879715953562017,1.6222118297205095,0.0,-0.37854803251902075,1.6252177992263415,0.0,-0.3878570911322922,1.6209202757677625,0.0,-0.3943719228604475,1.6179570707777453,0.0,-0.3993328114505608,1.6157549890355487,0.0,-0.3807977718082956,1.6272496123085758,0.0,-0.3901360781115265,1.623175837435215,0.0,-0.3966819614640118,1.6203244263187648,0.0,-0.4021306077852951,1.618054325246071,0.0,-0.3824852927636432,1.6297639097809655,0.0,-0.3916493534085214,1.6266520977519143,0.0,-0.39786576757632436,1.6245022744869222,0.0,-0.4029805155451477,1.622720590574824,0.0,-0.3834825080131749,1.6326832773494504,0.0,-0.39128818439572455,1.6302668624033454,0.0,-0.39641273837526037,1.6284509964831129,0.0,-0.4005949568936243,1.6268092379258774,0.0
-0.37335366495361255,1.6264922474376111,0.0,-0.3768357689742152,1.6200781073939352,0.0,-0.3837561023534582,1.6155406072716485,0.0,-0.3905994403493199,1.613023052251754,0.0,-0.39661723818509426,1.6119379402328993,0.0,-0.3872018745613629,1.6149955290630862,0.0,-0.39648253910717973,1.6106370263694565,0.0,-0.402983739266536,1.6076440324257562,0.0,-0.40793942106315456,1.6054302579265138,0.0,-0.3894610007525034,1.617007522529358,0.0,-0.39877381059033634,1.612875794167504,0.0,-0.40530695998344446,1.6099953266313756,0.0,-0.4107505514407033,1.6077131308332158,0.0,-0.3911633016688303,1.6195058496903827,0.0,-0.40030809125393374,1.616337852681019,0.0,-0.40651590134871063,1.6141633092798542,0.0,-0.4116262865018702,1.6123691498851578,0.0,-0.39218031226243133,1.622416831019865,0.0,-0.3999693375973562,1.6199472704693314,0.0,-0.40508519272414834,1.6181070398177244,0.0,-0.4092620392257554,1.6164516618555613,0.0
-0.3827242927001604,1.5967385450796094,0.0,-0.386163599940578,1.5903013557382746,0.0,-0.39304566160252996,1.5857060158465248,0.0,-0.3998661681371504,1.5831272469900741,0.0,-0.4058741013439085,1.581988784224391,0.0,-0.3964620785890409,1.5851101022950143,0.0,-0.4057011087018441,1.580664025067044,0.0,-0.4121798106374244,1.5776226376387559,0.0,-0.41712522090026266,1.5753860113992948,0.0,-0.39873790838751394,1.5870964298686607,0.0,-0.40801212632524225,1.5828787897731447,0.0,-0.4145240137746959,1.579950572556986,0.0,-0.4199561627810521,1.5776412733586527,0.0,-0.4004634619672797,1.5895751110481553,0.0,-0.4095781348935114,1.586321479376473,0.0,-0.41577045044570005,1.5841031977716074,0.0,-0.42087140774050136,1.582282407002786,0.0,-0.40150916711921203,1.592474725087027,0.0,-0.409272664922704,1.5899260495808023,0.0,-0.41437395135379707,1.5880458104264965,0.0,-0.41854101224252205,1.5863659513713193,0.0
-0.37830232093185023,1.582751095024083,0.0,-0.38171270783266076,1.5762985372291491,0.0,-0.388576375035705,1.571675768149315,0.0,-0.3953831339023211,1.5690609274399134,0.0,-0.40138433042114013,1.5678874713358228,0.0,-0.391983950437991,1.5710566323694748,0.0,-0.40119893745715446,1.566560935051037,0.0,-0.4076670414009801,1.5634970734955962,0.0,-0.4126091074434218,1.5612530675163312,0.0,-0.39426539863297677,1.5730255398506618,0.0,-0.40351845413650017,1.5687616718671868,0.0,-0.4100205389201003,1.5658117519214536,0.0,-0.41544998748205375,1.563496110773136,0.0,-0.3960014211735089,1.575489224462979,0.0,-0.4051002110054283,1.5721914365374579,0.0,-0.4112862770864514,1.5699557863820044,0.0,-0.41638469922651594,1.5681279089164966,0.0,-0.39706265607339675,1.5783805695127122,0.0,-0.40481203119104997,1.5757892705591465,0.0,-0.4099065395625936,1.5738907429765945,0.0,-0.4140697656538413,1.5722014024517872,0.0
-0.3554096332393704,1.6318130614974473,0.0,-0.3588170640403463,1.625358942173578,0.0,-0.3657012077945153,1.6207667219903166,0.0,-0.37251249046399687,1.6181636878760144,0.0,-0.37851376926696384,1.61699065266138,0.0,-0.3691399670893293,1.6201758206263472,0.0,-0.37836610392875,1.6157030497667297,0.0,-0.3848473390843105,1.6126670644048797,0.0,-0.38979973528533285,1.6104459494886874,0.0,-0.3714066596909389,1.6221434483805082,0.0,-0.38067343442839907,1.6179094795217472,0.0,-0.3871885582453423,1.6149884701295578,0.0,-0.3926325588640827,1.6127072505263995,0.0,-0.37312945710819784,1.6246019065644117,0.0,-0.38224116149709203,1.621339970829827,0.0,-0.38843945390737744,1.6191384449106152,0.0,-0.39354899724295994,1.617341889526271,0.0,-0.37418147706800325,1.6274922343611105,0.0,-0.3819401193052081,1.624928815625142,0.0,-0.3870435180390513,1.6230543173208358,0.0,-0.39121476644068537,1.6213848833845965,0.0
-0.3259355844872927,1.654528328419552,0.0,-0.329318205227334,1.6480611715605276,0.0,-0.336190733239634,1.6434515858785201,0.0,-0.34299138011658353,1.6408208901038557,0.0,-0.34898694999011715,1.6396190162430493,0.0,-0.33962820021632273,1.6428467310450297,0.0,-0.34883632797341485,1.638337001191543,0.0,-0.3553111039442995,1.6352872647462258,0.0,-0.3602625527243792,1.6330640385811495,0.0,-0.34189699398949913,1.6448000356697248,0.0,-0.351148630681465,1.6405330900582062,0.0,-0.35765794803614354,1.6375991640544632,0.0,-0.3631022947816776,1.635318770639047,0.0,-0.3436260167771744,1.6472453675650904,0.0,-0.35272684890508715,1.6439532199094247,0.0,-0.358922159365489,1.6417433164102648,0.0,-0.3640315881633214,1.6399464353048232,0.0,-0.34468909696788863,1.6501286196213676,0.0,-0.3524376739945996,1.64753493516832,0.0,-0.3575370569147936,1.6456495396229045,0.0,-0.36170656944973395,1.6439757749690247,0.0
-0.3203052817362535,1.6604241536681883,0.0,-0.3235976459555928,1.6539105848493765,0.0,-0.3303563178022722,1.649135621361713,0.0,-0.3370969822582778,1.6463548299464241,0.0,-0.3430670848312425,1.6450322437851501,0.0,-0.3336866542008367,1.648387280582232,0.0,-0.34278235030564064,1.6436548824046253,0.0,-0.34918733463589136,1.6404611710857546,0.0,-0.3541016397197946,1.6381570041766191,0.0,-0.33600783424598374,1.650283339213588,0.0,-0.34515061587666207,1.645787880350967,0.0,-0.35159311361837214,1.6427099984384466,0.0,-0.3569920157178805,1.6403240056189679,0.0,-0.33780236122997437,1.6526881907287139,0.0,-0.34681396104923257,1.6491591044015323,0.0,-0.35295664088047246,1.6468068651136958,0.0,-0.35802952277048455,1.644909257757787,0.0,-0.33893920063856453,1.6555426852199873,0.0,-0.34661330764481013,1.652736312714858,0.0,-0.35166636001344204,1.6507300514434124,0.0,-0.35580245124913257,1.6489753229214905,0.0
-0.33028989532319203,1.6555807093212729,0.0,-0.33352432603276716,1.6490381793140707,0.0,-0.3402150123530619,1.6441684115574895,0.0,-0.346916863898548,1.6412953393227439,0.0,-0.3528690525316529,1.6398943363385752,0.0,-0.34348405544553845,1.6433389128277345,0.0,-0.35250830786362414,1.6384716601697114,0.0,-0.35887123427516116,1.6351949569880964,0.0,-0.3637645006418163,1.632846441740585,0.0,-0.34583217033801433,1.6451959146440973,0.0,-0.3549065705267859,1.6405639747107854,0.0,-0.36130886507830895,1.637403316757938,0.0,-0.3666824503204152,1.634960841116197,0.0,-0.34766330321373606,1.647570864648666,0.0,-0.3566185137867942,1.6439010437811927,0.0,-0.3627298143416306,1.6414684421482042,0.0,-0.3677819495422307,1.6395162704697728,0.0,-0.34884404524965695,1.6504043024231487,0.0,-0.35647004057448145,1.6474697087056798,0.0,-0.36149470976307074,1.645393384531886,0.0,-0.36561112381446453,1.6435929795071513,0.0
-0.3455876927859355,1.6141658340100986,0.0,-0.34900941621573234,1.607719280692227,0.0,-0.356013376570453,1.6033119616898042,0.0,-0.3628604415255484,1.600804560703822,0.0,-0.36886874241710516,1.5996680400123113,0.0,-0.359609522076874,1.6028815198502082,0.0,-0.36891505465703944,1.5985763667121842,0.0,-0.3754734172327309,1.5957107958118555,0.0,-0.38048149496430084,1.593618252613404,0.0,-0.3617963341174111,1.6048552905613493,0.0,-0.37115196096995745,1.6008214521253554,0.0,-0.3777424127971042,1.5980746214182644,0.0,-0.3832614214485061,1.5959813825115863,0.0,-0.36344451475876227,1.6073009361637152,0.0,-0.372634429240691,1.604266326893646,0.0,-0.3788989953805194,1.6022611445438137,0.0,-0.3840658145370546,1.6006366371874523,0.0,-0.3644367147456741,1.6101951868298547,0.0,-0.3722538549531311,1.6078161189540237,0.0,-0.3774076820956125,1.6060850821794688,0.0,-0.3816228411380791,1.604529846781751,0.0
-0.3326753782364972,1.5881175194554544,0.0,-0.3369536924296439,1.5822046294197019,0.0,-0.3447567446540286,1.5794492170325733,0.0,-0.3519347075111934,1.5781661708818202,0.0,-0.3580415113949631,1.577852634263722,0.0,-0.34880098798680453,1.5801230117843017,0.0,-0.3587815431457974,1.5777744379914094,0.0,-0.36581152178330595,1.5764316734494237,0.0,-0.37111269264453656,1.5752666982982413,0.0,-0.3504113162707842,1.5822147425523863,0.0,-0.36040379722810856,1.5802272993080901,0.0,-0.3674323214322033,1.57897072390971,0.0,-0.373269372906372,1.578093264108589,0.0,-0.3515033457323015,1.5847262728723464,0.0,-0.36113126891861447,1.5837431773909147,0.0,-0.36768658470998966,1.5832015317025627,0.0,-0.3730790349872178,1.5826950493683847,0.0,-0.35193389467009467,1.587716006509784,0.0,-0.3600809254961609,1.5870886838655396,0.0,-0.36548721536448203,1.586513833981547,0.0,-0.369923592753075,1.5858032859102784,0.0
-0.33498602263553945,1.6037008917843762,0.0,-0.34205646777885956,1.6018911828615148,0.0,-0.35032016102044405,1.60232855621302,0.0,-0.35755776192560645,1.6032153996836467,0.0,-0.36359580074371095,1.60418154983594,0.0,-0.35285808279544056,1.6015708898209493,0.0,-0.3630329753693558,1.6028353427665523,0.0,-0.36995348528374195,1.6046602150316502,0.0,-0.3753051798440948,1.6055651707960508,0.0,-0.3536711103747492,1.6031776621010647,0.0,-0.3637238878140213,1.6048333408405093,0.0,-0.370656634542786,1.6065410167506755,0.0,-0.37636827717102167,1.608030393835903,0.0,-0.3540390672349116,1.6054255380973477,0.0,-0.36344276540641185,1.607713297329976,0.0,-0.36968311808707915,1.6097926105813287,0.0,-0.37486295253487784,1.6113751273871193,0.0,-0.35368449663837165,1.608328930011757,0.0,-0.36160108699006427,1.610352600485016,0.0,-0.3668501420010599,1.6117688787136772,0.0,-0.3712494763115033,1.6126811180027667,0.0
-0.33423463438363027,1.6524303104597342,0.0,-0.3371412801160998,1.6591249091404694,0.0,-0.34450311478952567,1.6629042360224366,0.0,-0.3510103342602775,1.6661944416335297,0.0,-0.3566655079902263,1.6685204616183558,0.0,-0.3517958150577283,1.6563739605526067,0.0,-0.3606976851609989,1.66146159151474,0.0,-0.36580266620159657,1.6664778435851784,0.0,-0.36992745738936017,1.67000568673081,0.0,-0.3523235061366418,1.657141891067828,0.0,-0.3610168608485256,1.6624546295504898,0.0,-0.36637208925879167,1.6671769873189397,0.0,-0.3707947302265951,1.6710861243700785,0.0,-0.35223116634828977,1.6589201294599452,0.0,-0.3603481083279701,1.6641906735026089,0.0,-0.36514855175733957,1.6686874821551743,0.0,-0.3691356320289622,1.6723533020163852,0.0,-0.35120868388645476,1.661537083287929,0.0,-0.35812414280885035,1.6658895622222276,0.0,-0.3624459194349836,1.669188148180369,0.0,-0.36604856514652123,1.671872783495033,0.0
-0.30991782584094335,1.6872188513878965,0.0,-0.31051182208716044,1.6944930117772241,0.0,-0.31632954345502484,1.700378080980344,0.0,-0.3215373227703157,1.705481843593067,0.0,-0.3265503454208932,1.7089834093557665,0.0,-0.3258594487694089,1.695574215002363,0.0,-0.3327226800350997,1.7031915200859213,0.0,-0.3356833888203204,1.7097074866104023,0.0,-0.33787011311474385,1.7146751637801678,0.0,-0.3265003446394366,1.6958459217725104,0.0,-0.333217753959952,1.7035059490800624,0.0,-0.33658858505265354,1.709800123526631,0.0,-0.3393700037808312,1.7150063520534267,0.0,-0.3262033967102917,1.6972574317093336,0.0,-0.3326916567748611,1.7044383691788891,0.0,-0.3358428535051525,1.710212059882708,0.0,-0.3383505762964878,1.7150127234565309,0.0,-0.3247247300827594,1.6995398600577407,0.0,-0.3304173235847064,1.7054017730733393,0.0,-0.3335773288489834,1.7098258875902999,0.0,-0.3360087861756385,1.7136040271012574,0.0
-0.2936390681306264,1.6977036197336386,0.0,-0.2934929293311504,1.7050005289671066,0.0,-0.29803538444092986,1.7119176109396768,0.0,-0.3019946397814394,1.7180408172364177,0.0,-0.30629603208046274,1.7223870090379396,0.0,-0.30787092063207555,1.708721869009287,0.0,-0.31299604386061963,1.7176022063922132,0.0,-0.31454119163470806,1.7245904919198136,0.0,-0.3153762110589877,1.7299535434918114,0.0,-0.30864075484417924,1.7088551070278015,0.0,-0.31371396611475094,1.7176903848239964,0.0,-0.31568580020810816,1.724552673401988,0.0,-0.31728767775689054,1.730233790715808,0.0,-0.30824216547721706,1.7100625218408851,0.0,-0.31337755909144954,1.7182656379581942,0.0,-0.3153392045879718,1.7245439730975713,0.0,-0.31676501687456127,1.7297691145952365,0.0,-0.30647932447522325,1.7120625711185318,0.0,-0.31114756364545915,1.718768925421007,0.0,-0.31339568613720864,1.7237191140832226,0.0,-0.31490007493340266,1.7279526867170023,0.0
-0.28423730826123705,1.7000860314678972,0.0,-0.28379361653815927,1.7073709047382468,0.0,-0.2876155986012861,1.7147106850175708,0.0,-0.29080756218919895,1.721266653798555,0.0,-0.2946047453329592,1.7260596444159522,0.0,-0.29736521465468285,1.712398850659628,0.0,-0.3014835420831766,1.721788560949838,0.0,-0.30232397858570664,1.7288961120572348,0.0,-0.30250435177767115,1.7343207821038324,0.0,-0.2981849784709397,1.7125306595798513,0.0,-0.3023084718435712,1.72184711860341,0.0,-0.3035603536805201,1.7288764803159469,0.0,-0.304550384429445,1.7346954961030765,0.0,-0.2977292611684558,1.7136492213640795,0.0,-0.3020637581253156,1.7223022854305317,0.0,-0.30339301186439727,1.728744228435053,0.0,-0.30425004894430746,1.7340921749372975,0.0,-0.29581989147811655,1.7154774392622723,0.0,-0.2998733621952413,1.7225722979730758,0.0,-0.30161220087118884,1.7277234980845515,0.0,-0.30261690521123147,1.7321026409327243,0.0
-0.27652955231310344,1.6999906089514247,0.0,-0.2759735401178578,1.7072677712657423,0.0,-0.2795539880482678,1.7147283552949748,0.0,-0.2824875778503864,1.7214039383464173,0.0,-0.28611100052601357,1.7263296024640225,0.0,-0.2892706952959687,1.712703229382064,0.0,-0.2930357422879482,1.7222400895199996,0.0,-0.29364786079325045,1.7293709328918951,0.0,-0.29362035343452514,1.734798531158905,0.0,-0.29010558985089,1.7128396352918163,0.0,-0.293898197790066,1.722295624470717,0.0,-0.2949173263422832,1.729362484538202,0.0,-0.2957099653294931,1.7352116579029293,0.0,-0.28963041412251306,1.713931926437992,0.0,-0.2936838753161967,1.7227201477573748,0.0,-0.29480566335011515,1.7292014390471813,0.0,-0.29547917599426055,1.7345755831711687,0.0,-0.2876724521123,1.7157032615579628,0.0,-0.2915125599496024,1.7229158350777782,0.0,-0.2930846530495232,1.7281203471408462,0.0,-0.29393092317864233,1.732532846405907,0.0
-0.2685655312983869,1.7002736567946484,0.0,-0.2679735301637052,1.7075479798261557,0.0,-0.2715788424170902,1.7149965800298992,0.0,-0.2745539186198257,1.7216537776228595,0.0,-0.27822595928586125,1.7265433048221595,0.0,-0.2813609439838358,1.7129316525654006,0.0,-0.2851368004930772,1.722464238141412,0.0,-0.28576200490415515,1.7295939461090224,0.0,-0.2857455467916388,1.7350215891272547,0.0,-0.28220478509956765,1.7130555591910228,0.0,-0.28601309548938064,1.7225052352863517,0.0,-0.2870525270144142,1.7295691376302496,0.0,-0.2878642361109001,1.735415695075222,0.0,-0.28173475828111594,1.7141504134073395,0.0,-0.2858068339052543,1.7229300251139272,0.0,-0.28694770162695676,1.7294079851337127,0.0,-0.2876408921568205,1.7347796265249933,0.0,-0.27977971144516395,1.7159355159277245,0.0,-0.28364213311304837,1.7231361647762875,0.0,-0.2852373898406284,1.7283336236267788,0.0,-0.28610805508223647,1.7327413741792328,0.0
-0.2624656025781236,1.7013182069377428,0.0,-0.261843944094596,1.7085900555087763,0.0,-0.26550796589328485,1.7160099521184569,0.0,-0.26856364670802485,1.7226305391741665,0.0,-0.2723136885643324,1.7274605024205747,0.0,-0.275372786383677,1.7138622114392164,0.0,-0.27920433442019277,1.7233725489614198,0.0,-0.2798720326690925,1.7304984029669026,0.0,-0.2798933418949047,1.7359260291072818,0.0,-0.27622504946322207,1.7139706333666782,0.0,-0.2800920664107218,1.7233964376432127,0.0,-0.2811831008614675,1.7304525540004339,0.0,-0.28204080876834625,1.7362925405381886,0.0,-0.27576330929462706,1.715071894061288,0.0,-0.27989147167848294,1.7238252738051167,0.0,-0.28107948186518733,1.7302947542303635,0.0,-0.2818176759495929,1.7356603962088186,0.0,-0.2738174723112261,1.7168805564207534,0.0,-0.2777319046161498,1.7240530639816434,0.0,-0.27937416526221154,1.7292358626946782,0.0,-0.28029224504693956,1.733633981884113,0.0
-0.2598782707102283,1.70231470723722,0.0,-0.2592067703286896,1.7095821227439718,0.0,-0.2628567914915544,1.7170089165980016,0.0,-0.2659110690638351,1.7236301511290588,0.0,-0.26967865750517617,1.72844643976476,0.0,-0.272775981675226,1.7148684514829304,0.0,-0.27656345192494053,1.7243964286685602,0.0,-0.2772087100110457,1.7315243497021688,0.0,-0.2772088720285631,1.7369520176706963,0.0,-0.2736385902897467,1.7149661845498894,0.0,-0.27746944445102667,1.7244067439997732,0.0,-0.27854382558417284,1.7314654152203428,0.0,-0.2793890675734142,1.737307219016629,0.0,-0.27317850582858827,1.7160659493340944,0.0,-0.27728069350700735,1.7248315319078986,0.0,-0.2784546660771281,1.7313035743661158,0.0,-0.2791830020458298,1.7366705633789523,0.0,-0.27122787501488643,1.717878708971876,0.0,-0.27513003433900146,1.7250579009591454,0.0,-0.27676798523434815,1.7302420633209807,0.0,-0.2776842016049188,1.734640571074515,0.0
-0.2596597343720502,1.70241830018419,0.0,-0.25893195633803545,1.7096802957806765,0.0,-0.262543872421588,1.7171256959475574,0.0,-0.26556958835166217,1.723760030979367,0.0,-0.2693352242903549,1.728577846341431,0.0,-0.27250753070133626,1.7150231235548092,0.0,-0.27621763678428496,1.724581491249956,0.0,-0.2768193786055919,1.7317132177617853,0.0,-0.2767791786153344,1.7371407368601963,0.0,-0.2733814111613513,1.715111678742061,0.0,-0.27714453306584375,1.7245794408780526,0.0,-0.2781800398840951,1.7316439196166937,0.0,-0.2789937451158435,1.7374901995800982,0.0,-0.27292088598900094,1.7162072367350176,0.0,-0.27696984350516274,1.7249975339222277,0.0,-0.2781098687676441,1.7314756422554733,0.0,-0.2788104873956228,1.736846319855678,0.0,-0.2709608441607598,1.7180175496985806,0.0,-0.27482958224476955,1.7252148068579563,0.0,-0.2764465745583586,1.7304055446077595,0.0,-0.27734496646865153,1.7348077275743254,0.0
-0.25999903224088033,1.7015802846047376,0.0,-0.25922004548095623,1.708836965701358,0.0,-0.262821950138013,1.7162872143066792,0.0,-0.2658517505558543,1.7229196850101085,0.0,-0.26964038290709286,1.7277194374821492,0.0,-0.2728447165285392,1.7141872603683823,0.0,-0.276514512303697,1.7237611769708494,0.0,-0.27709726448533567,1.7308944802837498,0.0,-0.27703889397802944,1.7363218343800575,0.0,-0.2737296637392379,1.7142639761722496,0.0,-0.27746064042608126,1.7237444518614764,0.0,-0.27848339960976765,1.7308107873949439,0.0,-0.279288045524748,1.7366583211114934,0.0,-0.2732713796542051,1.7153584451332886,0.0,-0.2772982083446252,1.7241589015024301,0.0,-0.27842774400400944,1.730638847055484,0.0,-0.27912182357561527,1.7360103736444057,0.0,-0.27130715423675095,1.717174451616643,0.0,-0.2751672650193933,1.724376339544581,0.0,-0.2767833080065894,1.729567372928501,0.0,-0.2776831994850509,1.7339692495990353,0.0
-0.26036635193515717,1.7004719302522366,0.0,-0.25953735729398525,1.7077230687004454,0.0,-0.2631440016394555,1.7151710239906512,0.0,-0.2661955402859854,1.7217935212607554,0.0,-0.2700209993729155,1.7265639742434329,0.0,-0.27323568759060585,1.7130547615119622,0.0,-0.27688391689054287,1.722636916964544,0.0,-0.27746011792864145,1.729770752442233,0.0,-0.2773948038695367,1.7351980274192833,0.0,-0.2741318249955044,1.7131178001135123,0.0,-0.27784882925181553,1.7226037626735455,0.0,-0.2788722922664823,1.7296699963009434,0.0,-0.27967951094748345,1.7355171754170406,0.0,-0.27367723144039896,1.7142128690923393,0.0,-0.2776979865768254,1.7230161020064485,0.0,-0.2788291395466656,1.7294957654340646,0.0,-0.27952767587029137,1.734866714265676,0.0,-0.2717114540385886,1.7160392140914746,0.0,-0.2755759159740893,1.7232387681700214,0.0,-0.2772015031312752,1.7284268206874727,0.0,-0.2781130583138317,1.7328262967977335,0.0
-0.26111459489547034,1.6997274510800326,0.0,-0.2602317587878813,1.70697223136085,0.0,-0.263832097199951,1.7144232369814485,0.0,-0.26689328360972636,1.7210412801943935,0.0,-0.27074730761137517,1.7257886855784352,0.0,-0.2739894182611192,1.7123046672277606,0.0,-0.2776002429236858,1.7219009803426273,0.0,-0.27816010549628073,1.7290361166523869,0.0,-0.2780788828302606,1.7344631768585534,0.0,-0.27489743863524113,1.7123543862413664,0.0,-0.27858558874921596,1.721851604521925,0.0,-0.27959953706334484,1.7289192097058352,0.0,-0.2804005806149165,1.734767237992631,0.0,-0.27444563727177446,1.7134488293844048,0.0,-0.2784475983057589,1.7222606220220935,0.0,-0.2795712297661766,1.728741593979873,0.0,-0.2802660628192919,1.734113023154265,0.0,-0.27247611304695746,1.7152827579931769,0.0,-0.2763352509921151,1.722485167263768,0.0,-0.27796285969352974,1.7276725859324815,0.0,-0.2788788960375443,1.7320711311819983,0.0
-0.26187050956124197,1.699689752744241,0.0,-0.26093077306979223,1.7069273722587512,0.0,-0.2645158165432749,1.7143857490749799,0.0,-0.26757684473752047,1.7210038654684738,0.0,-0.2714529552291158,1.7257332551059068,0.0,-0.2747359792766623,1.7122765367546595,0.0,-0.2782964126436988,1.7218916599666236,0.0,-0.2788321212266244,1.7290286504089054,0.0,-0.27872779480373944,1.734455315646445,0.0,-0.27565657402345034,1.7123131714478768,0.0,-0.2793037005862526,1.721826219023007,0.0,-0.2802999568058038,1.7288963397973902,0.0,-0.2810878125426975,1.7347461593631994,0.0,-0.2752068750149117,1.7134059573904497,0.0,-0.2791796648417032,1.7222309402572487,0.0,-0.28028846633738247,1.728714465873728,0.0,-0.28097306931491134,1.7340872084797319,0.0,-0.27323181932803525,1.71524521185838,0.0,-0.2770778225469882,1.7224546434740247,0.0,-0.2787014619066292,1.7276433058988951,0.0,-0.2796162686307045,1.7320421070484344,0.0
-0.2614374269918607,1.7004839613495317,0.0,-0.26043966402994195,1.707713809894419,0.0,-0.26401270821484335,1.7151779425762754,0.0,-0.2670780990310415,1.721794039412611,0.0,-0.27098049031925164,1.726501767221163,0.0,-0.2742998087376799,1.7130739009263583,0.0,-0.27781311813033754,1.7227063428417722,0.0,-0.2783272949042771,1.729844916824311,0.0,-0.27820215590031205,1.7352711420161473,0.0,-0.27523343532805616,1.7130965117304455,0.0,-0.278842952930677,1.7226238927456121,0.0,-0.2798245190961626,1.7296960679472126,0.0,-0.2806018219822453,1.7355472990858678,0.0,-0.27478626583697496,1.7141880269834113,0.0,-0.27873311855725486,1.7230246403172385,0.0,-0.2798298196303915,1.7295102237090811,0.0,-0.28050674198941095,1.734883939413049,0.0,-0.2728061565683929,1.7160339985097564,0.0,-0.2766419671054369,1.7232488583493344,0.0,-0.27826419942730457,1.7284379608558693,0.0,-0.2791803166211479,1.7328364892669117,0.0
-0.25903928522650677,1.7017155269091064,0.0,-0.25798219141317946,1.7089369390687887,0.0,-0.2615474167934117,1.716404809543547,0.0,-0.26462284217312926,1.7230162478846032,0.0,-0.26855659262003195,1.7276978038553468,0.0,-0.27190653709836643,1.7143004890460956,0.0,-0.2753770136201475,1.7239484459725192,0.0,-0.275872914597452,1.731088312811596,0.0,-0.27572982804493584,1.736514094399655,0.0,-0.2728536688798039,1.7143079483364168,0.0,-0.2764300076212112,1.723847833426841,0.0,-0.2774006099473064,1.7309215216687652,0.0,-0.2781706346260833,1.7367737150702818,0.0,-0.2724095367087931,1.7153987022975508,0.0,-0.27633460975214275,1.7242450113138312,0.0,-0.277422595985664,1.7307320623489344,0.0,-0.27809499411569066,1.736106346031617,0.0,-0.2704249847323422,1.717253143027144,0.0,-0.2742543005271925,1.7244714520759563,0.0,-0.27587827680469734,1.7296600090602767,0.0,-0.2767988163089563,1.7340576140808193,0.0
-0.25508066619995373,1.7024162354949972,0.0,-0.25396213052250305,1.709628386273264,0.0,-0.2575181413344053,1.717100648885435,0.0,-0.26060277790585024,1.7237077946705608,0.0,-0.2645681898987874,1.7283625628293398,0.0,-0.2679511391019122,1.714997903508551,0.0,-0.27137566829396176,1.7246622648405356,0.0,-0.271851879639225,1.7318034719523399,0.0,-0.2716894558046928,1.7372287090993048,0.0,-0.2689124035108085,1.7149895928862025,0.0,-0.2724529025247281,1.7245428369982423,0.0,-0.2734112492425544,1.7316181960554062,0.0,-0.27417293259256303,1.7374714809527096,0.0,-0.2684713220876645,1.7160794433287172,0.0,-0.2723725850677604,1.7249362784726774,0.0,-0.27345073587765817,1.7314249714078902,0.0,-0.2741176878682331,1.7367999336765465,0.0,-0.2664819078875294,1.7179424506117014,0.0,-0.27030356670849215,1.725164816487023,0.0,-0.2719285977822312,1.7303530432109453,0.0,-0.2728529681996378,1.7347498445740985,0.0
-0.2507970036466679,1.7022047372141615,0.0,-0.24961480736397906,1.7094067267211923,0.0,-0.25315889561162314,1.7168846515625187,0.0,-0.2562503867300161,1.723488592875757,0.0,-0.26024668649481,1.7281168697771128,0.0,-0.2636667495024416,1.7147871489198372,0.0,-0.2670404724310382,1.7244693632194394,0.0,-0.2674945420314782,1.73161201238183,0.0,-0.26731043675852423,1.7370365570494775,0.0,-0.2646428447569143,1.7147625617500146,0.0,-0.2681431758710544,1.7243305964710622,0.0,-0.2690868444757175,1.731407928156375,0.0,-0.26983813962422837,1.737262555489904,0.0,-0.26420472165536285,1.715851202368546,0.0,-0.2680786902234999,1.724720010018971,0.0,-0.2691448694738494,1.7312106807841914,0.0,-0.26980453061709747,1.736586542717249,0.0,-0.2622097847920325,1.7177224720487532,0.0,-0.266021500667371,1.7249500904024397,0.0,-0.2676460303094678,1.7301384741557282,0.0,-0.26857280474658024,1.7345347694185964,0.0
-0.24757615710725175,1.7022022215390893,0.0,-0.24632823122336708,1.7093931131318276,0.0,-0.24986004548268362,1.7168768427820291,0.0,-0.25295887957056584,1.7234773416646576,0.0,-0.25698745224990516,1.7280775548176532,0.0,-0.2604453889832907,1.7147851589403509,0.0,-0.2637664427517249,1.7244855652209934,0.0,-0.26419785844376786,1.7316296184654547,0.0,-0.2639914855603679,1.737053361622706,0.0,-0.26143700916707635,1.7147434755951685,0.0,-0.26489574647550673,1.7243266244807416,0.0,-0.26582442235374193,1.7314059390896952,0.0,-0.2665651110940972,1.7372619177273434,0.0,-0.2610019705575718,1.7158308842250507,0.0,-0.26484772465926776,1.7247119628192555,0.0,-0.26590169281340936,1.7312046276270536,0.0,-0.26655394445657865,1.736581393582644,0.0,-0.25900126219819897,1.7177108849737472,0.0,-0.26280280517796195,1.7249438591859139,0.0,-0.26442691663087625,1.7301323738594936,0.0,-0.265356255496096,1.734528127739,0.0
-0.24644362964532204,1.7040852153397155,0.0,-0.2451278282700637,1.711263997106217,0.0,-0.24864795340786536,1.7187532320774161,0.0,-0.2517558156239721,1.7253494848507336,0.0,-0.255818979005462,1.7299191743610869,0.0,-0.2593142934334236,1.7166666880824821,0.0,-0.2625819210783432,1.7263852213934565,0.0,-0.2629909044282587,1.7335305939434733,0.0,-0.2627623379335903,1.738953447155607,0.0,-0.2603221618542325,1.7166069012026375,0.0,-0.26373897226768794,1.7262050787864442,0.0,-0.2646531564419625,1.7332862793566064,0.0,-0.2653837336542707,1.739143528075206,0.0,-0.25989042391510164,1.7176931776146753,0.0,-0.2637080301533318,1.726586392118834,0.0,-0.2647502842119003,1.7330809476581885,0.0,-0.2653956844108515,1.7384585403287434,0.0,-0.2578838420722306,1.7195827379641833,0.0,-0.2616757959307605,1.7268207439683,0.0,-0.26330022395448627,1.7320091595381224,0.0,-0.2642329214102408,1.7364042020125054,0.0
-0.2475242352155549,1.7082137778866326,0.0,-0.24613825572961412,1.7153793414914535,0.0,-0.24964628648858128,1.7228742492049451,0.0,-0.2527637467433507,1.7294659712685438,0.0,-0.2568630500622669,1.7340032690530447,0.0,-0.26039659411970817,1.720793516316584,0.0,-0.2636086715157663,1.7305305507184998,0.0,-0.2639946382990172,1.737677203494539,0.0,-0.26374320932175616,1.743099044793602,0.0,-0.26142150866362845,1.7207146604087962,0.0,-0.26479476419017983,1.7303282317266977,0.0,-0.26569409057850746,1.7374113345966704,0.0,-0.26641429981752335,1.7432698672002083,0.0,-0.26099320940803833,1.7217997871466297,0.0,-0.2647816173726307,1.730705478961473,0.0,-0.26581187702194703,1.7372019480202276,0.0,-0.2664502808024641,1.7425803757607699,0.0,-0.25898045844619877,1.7236994686093077,0.0,-0.26276255706724205,1.7309426291764605,0.0,-0.2643873807861551,1.7361309208425002,0.0,-0.2653236004155435,1.7405252143808463,0.0
-0.24954487758246166,1.7131299100267179,0.0,-0.24808633013912165,1.7202810554081034,0.0,-0.25158122863171983,1.7277820957336882,0.0,-0.2547081578577878,1.7343693312554351,0.0,-0.25884469858907266,1.7388727066188858,0.0,-0.26241811913254565,1.7257087452158966,0.0,-0.26557163033621056,1.7354649046667625,0.0,-0.2659335023198851,1.7426128179934945,0.0,-0.2656580819705674,1.7480334935264898,0.0,-0.2634609509890504,1.7256098609106716,0.0,-0.26678818401336246,1.7352394573058334,0.0,-0.26767175168499024,1.7423245432184398,0.0,-0.2683808712752347,1.7481844284580508,0.0,-0.26303618424068953,1.7266937427470135,0.0,-0.2667936236770153,1.7356125448240582,0.0,-0.2678111295470841,1.7421110236445776,0.0,-0.2684419583216705,1.7474903451077703,0.0,-0.26101684089193455,1.7286039439446979,0.0,-0.2647882840386604,1.735852658421891,0.0,-0.2664131808577662,1.7410409271944873,0.0,-0.26735270089037677,1.7454345162744909,0.0
-0.25038442027154634,1.7169697022727517,0.0,-0.24885082892426197,1.7241051306754278,0.0,-0.25233187310360045,1.7316126104696803,0.0,-0.25546860286088624,1.73819518478628,0.0,-0.2596438815222207,1.7426626680806996,0.0,-0.2632583626935033,1.729547820146244,0.0,-0.2663505933764073,1.7393235753368195,0.0,-0.2666875447392676,1.7464727067552581,0.0,-0.2663872233001024,1.7518920597273397,0.0,-0.26432004260974296,1.7294278202353743,0.0,-0.26759910407819987,1.7390739263004076,0.0,-0.26846629878637285,1.746161034847444,0.0,-0.26916385860124237,1.752022307398636,0.0,-0.26389894101722816,1.7305104054459641,0.0,-0.267623948272624,1.739442801684063,0.0,-0.2686282017134163,1.7459433416772498,0.0,-0.26925111962274756,1.7513235849454902,0.0,-0.26187261656394467,1.732431688361738,0.0,-0.26563288760384784,1.7396862046576271,0.0,-0.2672577760630724,1.7448744760484198,0.0,-0.26820061217918867,1.7492673547120923,0.0
-0.24898292334623243,1.7192097741386638,0.0,-0.24737169187223781,1.726328072674648,0.0,-0.25083845187345755,1.7338421592148443,0.0,-0.25398576457561506,1.7404196800972618,0.0,-0.2582016759529433,1.7448488391759387,0.0,-0.2618579977548079,1.731786733298054,0.0,-0.2648864840034548,1.7415824237374318,0.0,-0.26519791074606547,1.7487327125178258,0.0,-0.2648719689674336,1.7541505849378607,0.0,-0.2629395230680216,1.7316443870127833,0.0,-0.2661685380853869,1.7413073611072025,0.0,-0.2670190038523743,1.7483964966115177,0.0,-0.2677047622064086,1.7542591616279204,0.0,-0.26252225578450705,1.7327256681355991,0.0,-0.2662136399696027,1.7416720117689042,0.0,-0.2672043781303982,1.748174625326014,0.0,-0.26781927098463143,1.753555791661022,0.0,-0.26048858678937525,1.7346587668761149,0.0,-0.2642374305895151,1.7419191949036492,0.0,-0.26586245219697435,1.747107424592544,0.0,-0.2668088405156168,1.751499539350373,0.0
-0.24630500217891677,1.7210563558646605,0.0,-0.2446134251146757,1.7281559902176338,0.0,-0.24806531281418143,1.7356769205290792,0.0,-0.2512238973462259,1.742249036014806,0.0,-0.2554823346114238,1.7466373239433821,0.0,-0.25918144398519255,1.7336319150622836,0.0,-0.26214340078128434,1.7434479270875638,0.0,-0.262428574047718,1.7505993110422366,0.0,-0.2620761664264525,1.756015526369502,0.0,-0.2602838959260802,1.7334659006882622,0.0,-0.2634607102703502,1.7431461618910309,0.0,-0.26429396603675165,1.7502373408513392,0.0,-0.264967574429846,1.7561014142945552,0.0,-0.25987063085988166,1.734545856667162,0.0,-0.2635269846911593,1.743506574175691,0.0,-0.2645038353850386,1.7500112884582888,0.0,-0.26511049468850484,1.7553933892411364,0.0,-0.25782919959872347,1.736491528092336,0.0,-0.2615662375973295,1.7437580397711148,0.0,-0.2631914570124847,1.7489462074999031,0.0,-0.2641415636559878,1.753337519406563,0.0
-0.2438844727064748,1.7240382812474564,0.0,-0.24210975095068843,1.7311175893774733,0.0,-0.24554595561920234,1.7386456979656713,0.0,-0.248716332046034,1.7452121331870065,0.0,-0.253019136634058,1.7495569268027025,0.0,-0.25676220333281924,1.736612520653426,0.0,-0.2596544425642583,1.7464493002265629,0.0,-0.25991246720966604,1.7536017151712793,0.0,-0.25953258330090523,1.7590160727341575,0.0,-0.2578867576283899,1.7364214266511482,0.0,-0.261008858362189,1.7461194725027513,0.0,-0.2618242500573586,1.7532127277923069,0.0,-0.26248521042277817,1.759078240302738,0.0,-0.2574776574966346,1.7375000137017536,0.0,-0.2610972873346092,1.7464756285243268,0.0,-0.262059725836365,1.7529824908485736,0.0,-0.2626578087220504,1.758365551428677,0.0,-0.2554279792912057,1.7394590180520635,0.0,-0.25915265759696293,1.7467318728216485,0.0,-0.26077802476670225,1.7519199942632662,0.0,-0.26173190922137496,1.7563104870992399,0.0
-0.242090044078171,1.7281405320231273,0.0,-0.2402292682020413,1.735197709507717,0.0,-0.2436489506442077,1.742733337778429,0.0,-0.24683172301011866,1.7492937736077467,0.0,-0.25118087042469783,1.753592177457081,0.0,-0.2549690363972895,1.7407134791544652,0.0,-0.2577881958623699,1.7505714515653013,0.0,-0.25801815902502356,1.757724823721345,0.0,-0.25760975759728,1.7631371049295463,0.0,-0.2561169695235431,1.7404957590818841,0.0,-0.25918171093992026,1.7502120838182509,0.0,-0.2599785777432593,1.757307444099244,0.0,-0.26062638833056595,1.7631744234802929,0.0,-0.255712209282561,1.7415729379340137,0.0,-0.2592933393799235,1.7505639828584325,0.0,-0.2602408385783538,1.7570730373554648,0.0,-0.2608300061461081,1.762457080996105,0.0,-0.25365376122222605,1.7435461191161588,0.0,-0.2573655184040631,1.7508255767610617,0.0,-0.25899100138847175,1.756013661918115,0.0,-0.25994874572960913,1.7604033143727658,0.0
-0.24032514731965698,1.7317401782425486,0.0,-0.23837528172108363,1.7387732618520106,0.0,-0.24177762773469402,1.746316733403179,0.0,-0.24497356741846527,1.7528707648145698,0.0,-0.24937122691567642,1.7571195234370738,0.0,-0.25320554059891687,1.7443116901522164,0.0,-0.2559481341038462,1.7541912377637763,0.0,-0.2561491436452053,1.7613454820581322,0.0,-0.25571118635230927,1.7667554518373854,0.0,-0.2543782402928843,1.7440656336503335,0.0,-0.25738289665176967,1.753800706659654,0.0,-0.2581606159517509,1.760898191207703,0.0,-0.2587948113122342,1.7667666579460788,0.0,-0.25397801233659745,1.7451413793170685,0.0,-0.2575188361239944,1.7541483737388364,0.0,-0.2584509074900568,1.7606596553442448,0.0,-0.2590308632870948,1.7660446990414393,0.0,-0.2519102369755515,1.7471296995324903,0.0,-0.25560855101494934,1.7544159961396046,0.0,-0.25723417404352644,1.7596040374172353,0.0,-0.2581959203114101,1.7639928148109765,0.0
-0.23858513923552782,1.7337143987041592,0.0,-0.23654302938060617,1.740721254507629,0.0,-0.2399271596807389,1.7482729154872638,0.0,-0.24313710720549614,1.7548200977126265,0.0,-0.24758557038008427,1.759015635135895,0.0,-0.2514670847356222,1.7462843200585643,0.0,-0.2541293805035889,1.7561858078955626,0.0,-0.2543005001066764,1.7633408295126145,0.0,-0.25383189108479803,1.7687482304767974,0.0,-0.2526660654283711,1.7460080470916464,0.0,-0.2556077147017802,1.7557623438824992,0.0,-0.25636562987882006,1.7628619705490058,0.0,-0.25698571740645043,1.768731944745947,0.0,-0.2522705731838652,1.747082338375485,0.0,-0.2557691525799817,1.7561058257177615,0.0,-0.2566852813223988,1.762619369553776,0.0,-0.25725571198692776,1.7680054305638442,0.0,-0.2501928587053466,1.7490868583830355,0.0,-0.2538771728185508,1.756380244050618,0.0,-0.25550296069919454,1.7615682336705567,0.0,-0.2564688572185808,1.7659560995310224,0.0
-0.23784280886450568,1.7345152392962242,0.0,-0.23570518996149728,1.7414935504340057,0.0,-0.2390701124732,1.7490537897112939,0.0,-0.24229493239352332,1.7555936593342518,0.0,-0.2467965800095799,1.759732080244039,0.0,-0.25072639194303836,1.7470834822037222,0.0,-0.25330434434023075,1.7570072638206347,0.0,-0.2534445627368974,1.7641629577115356,0.0,-0.25294411923147464,1.7695675054170066,0.0,-0.25195331154091993,1.746774928825016,0.0,-0.25482877075654964,1.756548942362506,0.0,-0.25556615645341285,1.76365073062698,0.0,-0.25617158559790587,1.7695222347924966,0.0,-0.2515627669077132,1.7478477433634703,0.0,-0.25501697738391005,1.7568883081463411,0.0,-0.2559165913647381,1.763404153437772,0.0,-0.2564771381448939,1.7687912520682474,0.0,-0.24947443396773486,1.7498696186495752,0.0,-0.253144119420036,1.7571703757104575,0.0,-0.2547700713407395,1.7623583139214427,0.0,-0.25574024756261726,1.7667452355065756,0.0
-0.23928856828273665,1.7343651576616814,0.0,-0.2370520604223461,1.7413124070094876,0.0,-0.24039669515456713,1.7488816434272274,0.0,-0.24363732748692735,1.755413692132669,0.0,-0.24819466275721225,1.759490707477248,0.0,-0.25217387127202834,1.746931637264079,0.0,-0.254663136232452,1.7568780356121831,0.0,-0.25477138829562196,1.7640342844724353,0.0,-0.2542378582487017,1.769435666267112,0.0,-0.25343054884167315,1.7465885229509186,0.0,-0.25623639245234237,1.7563827481864467,0.0,-0.25695247914034486,1.7634867156747327,0.0,-0.25754266310377866,1.769359771821577,0.0,-0.25304517546078614,1.7476598435308304,0.0,-0.25645272667398206,1.756718098127418,0.0,-0.2573352189626955,1.7632362844193803,0.0,-0.2578854990265151,1.7686244414511096,0.0,-0.2509454743093751,1.7497003527942778,0.0,-0.25459985487557213,1.7570087826980434,0.0,-0.2562259661340517,1.7621966709682826,0.0,-0.25720055417671217,1.7665826145432395,0.0
-0.2440378677902963,1.7322819784234322,0.0,-0.24169897021761427,1.7391954290130212,0.0,-0.24502216427592266,1.7467741032170254,0.0,-0.2482796679268397,1.7532977546614286,0.0,-0.25289534021581367,1.7573086059683847,0.0,-0.25692501913083954,1.7448465625012783,0.0,-0.2593209547840561,1.7548158539749994,0.0,-0.2593961347008448,1.7619725266822812,0.0,-0.2588282069150919,1.7673704001184598,0.0,-0.2582134557031431,1.7444663528615647,0.0,-0.26094602001405587,1.754281275103667,0.0,-0.26164001014744404,1.7613874352421748,0.0,-0.26221434032333785,1.7672620629294191,0.0,-0.25783349127080846,1.7455361734647936,0.0,-0.26119193602413115,1.754612749385593,0.0,-0.26205667994998155,1.7611333140175147,0.0,-0.26259630095849473,1.766522548983109,0.0,-0.25572159573279035,1.747596748066965,0.0,-0.25935996403741945,1.7549131625618335,0.0,-0.26098624157305184,1.7601009987106084,0.0,-0.26196539180885664,1.7644859260431107,0.0
-0.25286942824451164,1.7279045493691632,0.0,-0.25042452344980476,1.734781225997812,0.0,-0.2537250289053391,1.7423698085517283,0.0,-0.2570005799538949,1.7488844170228572,0.0,-0.2616773729894401,1.7528238288810398,0.0,-0.2657585824186163,1.7404670788676155,0.0,-0.2680562059354793,1.750459486301118,0.0,-0.26809715532750344,1.757616436727545,0.0,-0.26749344676452325,1.7630104255645578,0.0,-0.2670809862382282,1.7400469499767324,0.0,-0.2697363303101008,1.7498830444349895,0.0,-0.2704073856292824,1.7569914070437735,0.0,-0.2709652204042426,1.7628676240222831,0.0,-0.26670668191194363,1.7411152769930924,0.0,-0.27001338586947216,1.7502108303321928,0.0,-0.2708597240061013,1.7567338094778633,0.0,-0.2713882744607352,1.7621241414494693,0.0,-0.2645816762916534,1.743197518784908,0.0,-0.2682032796323158,1.750522246371908,0.0,-0.26982973437530083,1.7557100269665804,0.0,-0.2708136084527832,1.7600938967975928,0.0
-0.26563908721510093,1.7225891581111057,0.0,-0.2630844488613875,1.7294258286305852,0.0,-0.26636089756101805,1.7370248289173535,0.0,-0.26965578691578085,1.7435296780580847,0.0,-0.27439660218884315,1.747391805636559,0.0,-0.2785304005773565,1.7351494719017504,0.0,-0.28072434142008373,1.7451651547901497,0.0,-0.2807298369292783,1.75232222025432,0.0,-0.2800888794136589,1.7577119097691254,0.0,-0.2798892168525178,1.7346862684454079,0.0,-0.28246307950175975,1.7445439982750708,0.0,-0.2831103074171234,1.7516545699992667,0.0,-0.28365096003088375,1.7575323927565396,0.0,-0.2795208364708253,1.735753122218156,0.0,-0.2827729444336874,1.7448683389136077,0.0,-0.2836001767608923,1.7513937685433862,0.0,-0.2841172155258631,1.7567852168889357,0.0,-0.27738170044657484,1.7378588241966721,0.0,-0.2809857250266984,1.7451922171226457,0.0,-0.28261236353183344,1.75037994010128,0.0,-0.2836011267160278,1.7547627098033274,0.0
-0.2814713119138414,1.7172236024673186,0.0,-0.27880311003586894,1.7240167563481437,0.0,-0.2820540031544747,1.7316267245064882,0.0,-0.28536965917169765,1.7381210130263536,0.0,-0.2901775099495391,1.7418993631667883,0.0,-0.2943649516326704,1.7297815281528912,0.0,-0.2964494199910275,1.7398205655472516,0.0,-0.29641817177903446,1.7469775649051031,0.0,-0.2957384083867193,1.7523624977118613,0.0,-0.2957628972581032,1.7292717086036018,0.0,-0.2982506692444443,1.7391515161359257,0.0,-0.29887312193492827,1.7462642994777313,0.0,-0.29939585964651677,1.7521437425550612,0.0,-0.2954007175437319,1.730337128774475,0.0,-0.2985951341540164,1.7394727231244391,0.0,-0.2994025177894401,1.746000638323154,0.0,-0.29990757446644356,1.751393222314176,0.0,-0.2932463110476063,1.7324683085408552,0.0,-0.2968318794697113,1.7398107430193683,0.0,-0.29845870620361026,1.7449984069741085,0.0,-0.2994525301613818,1.7493800318823545,0.0
-0.29825748118202566,1.7107107543689801,0.0,-0.2954717877364574,1.71745657922125,0.0,-0.2986954864531773,1.7250781071535897,0.0,-0.30203350602328893,1.7315609293440675,0.0,-0.30691150790425037,1.7352482666672655,0.0,-0.311153642164989,1.7232660908688444,0.0,-0.31312239668821196,1.733328460657798,0.0,-0.3130530484277136,1.7404851922496498,0.0,-0.3123328309816813,1.7458648638412306,0.0,-0.3125937468744747,1.722705659917544,0.0,-0.3149904424238395,1.7326079554481493,0.0,-0.315587117864051,1.7397229475520386,0.0,-0.3160911628645276,1.7456040226452656,0.0,-0.31223805740995336,1.72376971304667,0.0,-0.3153714279434976,1.7329264248312939,0.0,-0.3161581786995772,1.7394568588462864,0.0,-0.31665075581116164,1.7448505970802346,0.0,-0.31006710286858463,1.7259286551272661,0.0,-0.31363327360788373,1.7332805304825085,0.0,-0.31526029522435056,1.738468133318982,0.0,-0.3162593628147018,1.742848565585952,0.0
-0.3121123958987401,1.703443934851911,0.0,-0.3092051953599309,1.7101382926207587,0.0,-0.3123999016562697,1.7177720186519803,0.0,-0.3157620757176884,1.7242423466022874,0.0,-0.32071342169958206,1.7278305957370743,0.0,-0.3250113038507182,1.7159964491964448,0.0,-0.3268576073780506,1.7260820053748278,0.0,-0.32674873109258173,1.733238244765283,0.0,-0.3259863127973608,1.7386120979402353,0.0,-0.3264969596040817,1.715380877514521,0.0,-0.3287971754888173,1.7253060280531978,0.0,-0.32936701243577987,1.7324232199203062,0.0,-0.3298515373240484,1.7383059353857464,0.0,-0.3261480616743569,1.7164436656047262,0.0,-0.32921674185377464,1.725622259373033,0.0,-0.32998203038079793,1.7321552432737304,0.0,-0.3304616005308941,1.737550153543452,0.0,-0.3239591215408254,1.7186329690354871,0.0,-0.32750488158488045,1.725994710044979,0.0,-0.32913210656054537,1.7311822490962065,0.0,-0.3301366121453624,1.7355614375399337,0.0
-0.3213090050977575,1.698436099121642,0.0,-0.31827620963169845,1.7050745019846232,0.0,-0.32143994127320497,1.7127211171534509,0.0,-0.324828281655075,1.719177780971584,0.0,-0.3298562030798215,1.7226579196228864,0.0,-0.3342109145063828,1.710985528444721,0.0,-0.3359274828810884,1.7210939740797986,0.0,-0.33577757186067264,1.7282494714730618,0.0,-0.33497109800260333,1.7336168898021176,0.0,-0.3357459349669453,1.7103096549949102,0.0,-0.337943801904913,1.720257970794822,0.0,-0.33848567252140194,1.727377346501606,0.0,-0.33894979358875066,1.733261706895865,0.0,-0.33540413938724806,1.7113713263238113,0.0,-0.3384041584679064,1.7205725907544664,0.0,-0.33914710431347983,1.7271081532128099,0.0,-0.3396131054191626,1.7325042524814218,0.0,-0.333195588823828,1.7135939616092029,0.0,-0.33671984322230425,1.7209660221024214,0.0,-0.33834727985038004,1.726153494757871,0.0,-0.3393574280540428,1.730531385060544,0.0
-0.3278609839061452,1.6969382782390854,0.0,-0.3246984511193253,1.7035158634557488,0.0,-0.3278290158791743,1.711176117088887,0.0,-0.3312457929838721,1.7176177777769872,0.0,-0.3363535077563938,1.7209797130363695,0.0,-0.34076618328370006,1.7094843242994537,0.0,-0.3423451326430796,1.7196151781165254,0.0,-0.34215259588397573,1.726769655445823,0.0,-0.34130009566197916,1.7321299560879817,0.0,-0.3423548757012063,1.7087422340911091,0.0,-0.34444400734702446,1.7187139508589595,0.0,-0.34495671162121133,1.7258354864059178,0.0,-0.3453994836919808,1.7317214917158055,0.0,-0.34202049962158054,1.70980299852811,0.0,-0.34494752171278875,1.7190277436890742,0.0,-0.34566718909395916,1.725565910407417,0.0,-0.3461190212899992,1.7309632145505827,0.0,-0.3397904939343432,1.712062380141539,0.0,-0.3432920567871639,1.719445245612926,0.0,-0.34491971307914826,1.724632649349344,0.0,-0.3459357194840947,1.7290091838094745,0.0
-0.33544564275390637,1.696706042432432,0.0,-0.33214919671406484,1.703217546438159,0.0,-0.3352441637760114,1.7108922516654026,0.0,-0.33869195537896035,1.7173173657707268,0.0,-0.3438825972971939,1.720549794480287,0.0,-0.34835446529921005,1.7092483605282702,0.0,-0.3497872559188938,1.7194009164223545,0.0,-0.3495504130993136,1.7265540641027715,0.0,-0.3486497916670407,1.731906489780776,0.0,-0.3500017180112054,1.7084332307666967,0.0,-0.35197515522501355,1.71842848723639,0.0,-0.3524574160599723,1.725552149125224,0.0,-0.3528778278836299,1.7314397937742503,0.0,-0.3496750800345017,1.7094933810174588,0.0,-0.35252436147713867,1.7187424337726225,0.0,-0.35321975576022446,1.7252832266884253,0.0,-0.353656779054273,1.730681750096513,0.0,-0.3474215152064917,1.711793459271245,0.0,-0.3508991008386995,1.7191876490951212,0.0,-0.35252698549182815,1.724374981172938,0.0,-0.35354907845850675,1.7287500981842954,0.0
-0.3460570689087973,1.6949276975118694,0.0,-0.3426225264095628,1.7013674303270674,0.0,-0.34567919105734146,1.709057470812698,0.0,-0.3491609403553414,1.7154642469153631,0.0,-0.3544374607016986,1.7185545044968913,0.0,-0.35896990282556296,1.707465885696825,0.0,-0.3602472764883191,1.7176391642572524,0.0,-0.3599643517244028,1.7247906375206439,0.0,-0.35901338087903545,1.730134347285788,0.0,-0.36068129264685383,1.7065697915323939,0.0,-0.3625314392637404,1.7165886020320398,0.0,-0.3629818960687062,1.7237143457045427,0.0,-0.36337886428090016,1.7296036174636986,0.0,-0.36036270530705133,1.7076297320202254,0.0,-0.36312904432683085,1.7169039301006415,0.0,-0.36379910724988157,1.7234473665720622,0.0,-0.3642206380631356,1.728847121762873,0.0,-0.3580831694472565,1.7099751083757877,0.0,-0.3615353812066396,1.717381178787904,0.0,-0.3631635038529717,1.7225684361728755,0.0,-0.3641919257217899,1.7269420698286975,0.0
-0.3582768097597772,1.6920593605311232,0.0,-0.3547000125541042,1.698421181234324,0.0,-0.35771535301741525,1.7061275191019454,0.0,-0.3612344390923108,1.7125138632362116,0.0,-0.3665994729578595,1.7154477634572873,0.0,-0.37119410893544874,1.7045929483945212,0.0,-0.3723060200437977,1.714785638610038,0.0,-0.37197513455465625,1.7219350533449738,0.0,-0.3709714422017832,1.7272691119557895,0.0,-0.3729760339390889,1.7036066148216376,0.0,-0.37469458339799183,1.7136488353972419,0.0,-0.3751117842707565,1.7207766034666394,0.0,-0.3754841459714776,1.7266674822108097,0.0,-0.37266579245184944,1.704666901548219,0.0,-0.37534347015133773,1.7139670856186993,0.0,-0.3759870738787541,1.7205131775381899,0.0,-0.37639238054898033,1.7259141747470654,0.0,-0.37035750582953497,1.7070629751069122,0.0,-0.37378282239327176,1.7144815229040922,0.0,-0.3754111932454002,1.7196687023782744,0.0,-0.37644620104074716,1.7240407821761707,0.0
-0.3685111198175675,1.6920212477947332,0.0,-0.3647879726907873,1.6982985415095861,0.0,-0.3677585989170452,1.7060222259453646,0.0,-0.37131892591851384,1.7123856707550895,0.0,-0.37677461514328187,1.71514733944783,0.0,-0.3814334188952712,1.7045496806284801,0.0,-0.3823689606968186,1.7147600695378173,0.0,-0.3819881251295888,1.721906997586271,0.0,-0.3809291841925969,1.7272303634101456,0.0,-0.38329326378768835,1.703462160903838,0.0,-0.3848711170012331,1.7135274470680906,0.0,-0.3852535104010892,1.7206571672243873,0.0,-0.38560001514502784,1.7265496234250823,0.0,-0.3829916295238743,1.704523557663556,0.0,-0.385574342188162,1.713850560231417,0.0,-0.38619028303457237,1.7203993129409094,0.0,-0.38657858108661497,1.7258015596004013,0.0,-0.38065137024081447,1.7069767146055532,0.0,-0.3840481302548772,1.7144083810665645,0.0,-0.3856767599991282,1.7195954792616617,0.0,-0.3867186264837078,1.7239659297102896,0.0
-0.3713226133413765,1.6982875213124602,0.0,-0.36744912841588884,1.704473178548535,0.0,-0.37037122084344515,1.7122153550696713,0.0,-0.3739773320040901,1.7185529666466672,0.0,-0.3795250938780918,1.7211246775703688,0.0,-0.3842505490781364,1.7108101376648657,0.0,-0.3849978754055138,1.7210360255726598,0.0,-0.3845649818100252,1.728179989415935,0.0,-0.383448098582575,1.733491500637713,0.0,-0.3861968927788411,1.7096083907287056,0.0,-0.38762406627613993,1.7196961447969012,0.0,-0.38796999215751204,1.7268277273354375,0.0,-0.388289293306454,1.7327217202427088,0.0,-0.385904069077591,1.710671949519823,0.0,-0.3883848502779938,1.7200265797232508,0.0,-0.3889718420949556,1.7265779906997645,0.0,-0.3893422892841676,1.731981490790189,0.0,-0.3835280803343107,1.713189811181909,0.0,-0.3868944651315723,1.720635286208905,0.0,-0.3885233651487188,1.7258222995367825,0.0,-0.3895723803219996,1.7301910396368374,0.0
-0.36499757824885126,1.7063508316054405,0.0,-0.36096992637210545,1.7124372313023,0.0,-0.3638391613843406,1.720199151933444,0.0,-0.3674963849009493,1.7265074063951287,0.0,-0.3731366140123567,1.7288694340106627,0.0,-0.3779319177700299,1.7188668335179604,0.0,-0.3784781605419962,1.729105432004884,0.0,-0.3779909735875005,1.7362458987354563,0.0,-0.3768132752061367,1.7415442575497841,0.0,-0.3799747960606672,1.7175351608093261,0.0,-0.38124031875219494,1.7276444663566433,0.0,-0.3815479985965647,1.7347778012942954,0.0,-0.3818386434824905,1.740673276776813,0.0,-0.379690892867651,1.7186023384076048,0.0,-0.3820620228285031,1.7279853616046295,0.0,-0.38261868955982964,1.7345394189225507,0.0,-0.38297038021791313,1.7399441722035274,0.0,-0.37727476651051467,1.7211940898817208,0.0,-0.38060877994947284,1.728654116649079,0.0,-0.3822379624789027,1.7338410412499614,0.0,-0.3832944351570308,1.7382079839305986,0.0
-0.37047505568031014,1.706581956649633,0.0,-0.36628962540743254,1.7125609544202518,0.0,-0.3691010837857291,1.7203439887402792,0.0,-0.3728157214682611,1.7266186062657793,0.0,-0.37854741256143354,1.7287491170257054,0.0,-0.3834167342222345,1.71909036978803,0.0,-0.3837479180562615,1.7293381791837221,0.0,-0.38320406536164364,1.7364745536487847,0.0,-0.38196248634805485,1.741758308105215,0.0,-0.38556797460518133,1.7176096523042441,0.0,-0.38665977208263913,1.727739192501114,0.0,-0.38692729759022204,1.7348741462025863,0.0,-0.3871877162211557,1.7407710341743339,0.0,-0.3852929568314329,1.7186824822120235,0.0,-0.3875458566183576,1.7280945927169649,0.0,-0.3880707238273144,1.7346512732482493,0.0,-0.3884026823207312,1.74005727434942,0.0,-0.3828314864100912,1.7213593139062202,0.0,-0.3861309311526665,1.7288346941220718,0.0,-0.3877604093036082,1.7340215258607194,0.0,-0.38882466870276755,1.7383865773869793,0.0
-0.38824470646727144,1.7032561307563747,0.0,-0.3838981706491674,1.709119053857706,0.0,-0.38664622467065374,1.716924700565994,0.0,-0.3904257997815438,1.7231604178611366,0.0,-0.39624608210335693,1.7250354305491211,0.0,-0.4011948800372549,1.7157557486397594,0.0,-0.40129583652510625,1.726008411119814,0.0,-0.4006927981887659,1.7331400281190608,0.0,-0.39938406622151107,1.738407551279021,0.0,-0.40346853145785627,1.7141023939737003,0.0,-0.404373297310851,1.724250349683253,0.0,-0.40459861778208706,1.7313867608894968,0.0,-0.40482711006173244,1.737284972219453,0.0,-0.4032021436125789,1.7151837452477425,0.0,-0.40532725166656297,1.7246255298971638,0.0,-0.40581873708937627,1.7311847971775485,0.0,-0.4061299104449993,1.736592034502649,0.0,-0.40068913841280746,1.7179594562789091,0.0,-0.4039515881839197,1.7254510560060583,0.0,-0.40558137595964405,1.73063779046384,0.0,-0.4066537734670093,1.7350008497668747,0.0
-0.40569158887916323,1.7016790548255296,0.0,-0.4011809786672058,1.7074167056014107,0.0,-0.4038591518104192,1.7152466040716712,0.0,-0.40771273946136827,1.7214368561198718,0.0,-0.4136163190602503,1.7230303136202076,0.0,-0.4186517098640161,1.714168358520344,0.0,-0.4185059951244206,1.7244204825615865,0.0,-0.41784109244285833,1.731546597960813,0.0,-0.4164617134703662,1.7367960639577575,0.0,-0.4210645966471362,1.7123128173435338,0.0,-0.4217676505033077,1.7224767398937655,0.0,-0.42194855880303866,1.7296144150339248,0.0,-0.4221432800971808,1.7355138378219852,0.0,-0.4208062530051771,1.71340679296075,0.0,-0.4227928809023317,1.7228786824874178,0.0,-0.42324928396156386,1.7294404841777988,0.0,-0.4235385335975997,1.7348489385776495,0.0,-0.4182343026693431,1.7162986306964747,0.0,-0.4214570697555069,1.72380738673787,0.0,-0.4230871821631694,1.7289940191778859,0.0,-0.4241680933914383,1.7333549770786463,0.0
-0.415856669855755,1.7043071475422578,0.0,-0.4111794557508108,1.7099098173635747,0.0,-0.41378024660745794,1.7177657583231032,0.0,-0.4177189204928642,1.7239022236108905,0.0,-0.42369743894835543,1.7251862313846458,0.0,-0.42882859800539413,1.7167841873676302,0.0,-0.4284184186566933,1.7270291389558154,0.0,-0.42768880190827363,1.7341489195464985,0.0,-0.4262350446762553,1.7393782760569294,0.0,-0.43140103409893843,1.7146888147204475,0.0,-0.4318861666064939,1.7248654670571397,0.0,-0.43202028342535526,1.7320041747061654,0.0,-0.4321792281235976,1.7379046697868836,0.0,-0.43114965952143264,1.7158013800305967,0.0,-0.432985823091067,1.7253035842460775,0.0,-0.433405313141928,1.7318678491153217,0.0,-0.4336714054812376,1.7372774922841612,0.0,-0.42850983778597357,1.7188312313067633,0.0,-0.4316899346359252,1.7263581582365124,0.0,-0.4333203878174129,1.7315446835620474,0.0,-0.43441021490677423,1.7359034218899234,0.0
-0.41792657506928577,1.7091839481068547,0.0,-0.4130807541864665,1.7146414439503543,0.0,-0.4155954132202485,1.722525377700928,0.0,-0.41963285912038684,1.7285973122202765,0.0,-0.42567419776750554,1.729542609124187,0.0,-0.4309127454545926,1.7216461638587628,0.0,-0.4302189004562019,1.7318758197308128,0.0,-0.4294215356526587,1.738988331637946,0.0,-0.4278894158171661,1.7441952682049229,0.0,-0.4336694475366029,1.719262055052172,0.0,-0.43391875371988126,1.7294472135074326,0.0,-0.4340035098432825,1.736586677816392,0.0,-0.434124492536743,1.7424880733125916,0.0,-0.43342325025751144,1.7204020571953393,0.0,-0.43509547166150264,1.7299344785657567,0.0,-0.43547607474434824,1.7365011128992407,0.0,-0.4357176704812011,1.7419119054333476,0.0,-0.4307047482654385,1.7235981757184131,0.0,-0.4338388418146549,1.7311443736091137,0.0,-0.43546965315625613,1.736330786328667,0.0,-0.43656882731406665,1.7406871769294285,0.0
-0.4206214990272561,1.7138926665769572,0.0,-0.4156056871220967,1.719194352331719,0.0,-0.41802393078363675,1.727108391694335,0.0,-0.4221773032289009,1.7331016258408307,0.0,-0.42826489238186516,1.7336783555785977,0.0,-0.4336251864545113,1.7263366030930911,0.0,-0.4326270352735768,1.7365410616462118,0.0,-0.4317586898369605,1.7436452570589063,0.0,-0.43014395397543764,1.7488271686463752,0.0,-0.43659640907209407,1.7235987740450827,0.0,-0.43659011342321064,1.7337869812817162,0.0,-0.43662272975264305,1.7409268741656756,0.0,-0.43670336365233353,1.7468289588642292,0.0,-0.4363525684301194,1.724779648199648,0.0,-0.4378456443640382,1.7343417664724319,0.0,-0.43818522827372147,1.7409106497827556,0.0,-0.438400870095897,1.7463225388200272,0.0,-0.4335422589121149,1.7281792208104492,0.0,-0.4366266159944541,1.735745883639562,0.0,-0.43825780424151395,1.7409321778302238,0.0,-0.43936678858321665,1.7452860814379603,0.0
-0.43058620021299865,1.7204930257704092,0.0,-0.4253997263910976,1.7256278802186793,0.0,-0.4277093669911965,1.7335742933553084,0.0,-0.43200050519397665,1.739469672149622,0.0,-0.43811273683320323,1.7396485108315414,0.0,-0.44361195542735754,1.7329138608397163,0.0,-0.4422874266972415,1.7430811074574324,0.0,-0.44134465402103196,1.7501758094201672,0.0,-0.4396427639794444,1.7553297545003148,0.0,-0.4468347972052181,1.7297336625941298,0.0,-0.4465510767042195,1.7399179204958672,0.0,-0.44652854172825074,1.747057852315865,0.0,-0.4465662138691138,1.752960367578402,0.0,-0.4465890748916468,1.7309763895163637,0.0,-0.4478858056638152,1.74056710747237,0.0,-0.44818206310908865,1.7471380873614342,0.0,-0.4483701616322278,1.7525510037004148,0.0,-0.4436710437890401,1.7346294516432814,0.0,-0.4467014655406472,1.7422178763143341,0.0,-0.448333050944082,1.7474040455750446,0.0,-0.4494523437062839,1.751755310518493,0.0
-0.44314975696432396,1.7271450979147511,0.0,-0.4377927583705296,1.7321017910640462,0.0,-0.4399792191714973,1.7400829758511218,0.0,-0.4444363975395901,1.7458538440006126,0.0,-0.450546280858903,1.7456075013325774,0.0,-0.45620416833342575,1.7395358116363087,0.0,-0.4545298276884869,1.7496513375023754,0.0,-0.4535089505269912,1.7567352224591049,0.0,-0.45171506869617284,1.7618578748560465,0.0,-0.45972374153992107,1.7357885525719663,0.0,-0.4591385570192357,1.7459599421234748,0.0,-0.4590576013452734,1.7530994505377995,0.0,-0.4590494439933322,1.7590020803815463,0.0,-0.45947013740040327,1.737126986304838,0.0,-0.4605510115519494,1.7467444232126463,0.0,-0.4608014411042297,1.7533173092009857,0.0,-0.46096025868941576,1.7587311637725316,0.0,-0.45642532047745477,1.741102571944013,0.0,-0.4593970629886872,1.7487141677969067,0.0,-0.46102906747871225,1.7539002051930288,0.0,-0.46215920565188945,1.7582486659097802,0.0
-0.451049937259538,1.730687761950242,0.0,-0.44552345037322244,1.7354547508956422,0.0,-0.44756912227735685,1.7434731764206597,0.0,-0.4522295903253678,1.749081152506314,0.0,-0.4583048180032098,1.7483861938398486,0.0,-0.4641430601693329,1.743037562563707,0.0,-0.46209426118211344,1.753083940162241,0.0,-0.46099135382601814,1.7601555178944668,0.0,-0.45910033016909957,1.7652431115429223,0.0,-0.4680123891147139,1.7385415190246813,0.0,-0.46709934161153227,1.7486887329570238,0.0,-0.46695640910458586,1.7558272695379917,0.0,-0.4668992666639264,1.7617296284186559,0.0,-0.4677433775223801,1.74003238423268,0.0,-0.46858620732535883,1.7496735988620906,0.0,-0.4687880918019055,1.7562481549561926,0.0,-0.46891572385543995,1.7616628344855942,0.0,-0.4645497183781268,1.7444284889185973,0.0,-0.4674573960348977,1.752064787473864,0.0,-0.4690898434127072,1.757250685475958,0.0,-0.4702314068457351,1.7615961608036956,0.0
-0.45239938864007767,1.7310594822094396,0.0,-0.44670543315531663,1.735625126944605,0.0,-0.44858880998991496,1.743683216863346,0.0,-0.4535024428197249,1.7490707553195999,0.0,-0.4595060300005013,1.747909592174934,0.0,-0.4655476940141478,1.7433505158727864,0.0,-0.4630988416761705,1.7533069410529976,0.0,-0.4619097109057465,1.7603645315958012,0.0,-0.45991607286352115,1.7654127973335991,0.0,-0.4698225375053249,1.7378300181367425,0.0,-0.46855277509637466,1.7479387920365093,0.0,-0.46834399011566175,1.7550757061491484,0.0,-0.4682343807040516,1.7609773238419142,0.0,-0.46953189738223206,1.739572416933171,0.0,-0.47011140262373097,1.7492330357167805,0.0,-0.4702617845046802,1.7558089714270992,0.0,-0.47035613778927515,1.7612243330775246,0.0,-0.46616621555685245,1.7445326460736643,0.0,-0.4690036824484144,1.7521953105332464,0.0,-0.4706365986015063,1.757381060948221,0.0,-0.471790214656544,1.7617233521513949,0.0
-0.44933411830696657,1.7291213362634337,0.0,-0.44347576907091585,1.7334740348675926,0.0,-0.44517026950266764,1.7415739478131993,0.0,-0.4504045090579967,1.7466505701628752,0.0,-0.4562961046658608,1.745013359095508,0.0,-0.46256741866635187,1.741320811839114,0.0,-0.45969237972521526,1.75116263236325,0.0,-0.45841254456891267,1.758204339417064,0.0,-0.4563104913524345,1.7632084329291726,0.0,-0.4672832610083308,1.7343400094098886,0.0,-0.46562547371922636,1.7443924393467682,0.0,-0.46534660386713145,1.7515269586595847,0.0,-0.46518067455994966,1.7574272614551791,0.0,-0.46697880992450824,1.7365144256807452,0.0,-0.46726615191012993,1.7461881434867623,0.0,-0.467361805322475,1.7527651029363158,0.0,-0.4674205727091406,1.7581809676633446,0.0,-0.46342375179210343,1.7422565521399693,0.0,-0.46618395510060034,1.7499473858188768,0.0,-0.4678173682530212,1.7551329797099309,0.0,-0.46898371710881903,1.759471868189966,0.0
-0.44429951427057596,1.7271685559509797,0.0,-0.43828095648219884,1.7312968973925453,0.0,-0.43975329737032026,1.739440123641937,0.0,-0.44539831961813797,1.7440556498335475,0.0,-0.45113616319357164,1.7419417647871065,0.0,-0.45768067043240623,1.7392056694960136,0.0,-0.45435336753311584,1.7489039340602917,0.0,-0.4529780379039675,1.755927614339905,0.0,-0.4507614411643935,1.7608820344368428,0.0,-0.4627676098830627,1.7300557202295606,0.0,-0.4606881660429596,1.74002946173652,0.0,-0.46033457974368475,1.747160668573257,0.0,-0.46010805426894796,1.7530589557673477,0.0,-0.4625202014760403,1.732999462498948,0.0,-0.4624824779792107,1.7426773733553746,0.0,-0.4625198766920691,1.7492549220258629,0.0,-0.4625405076456934,1.7546710662919403,0.0,-0.4587859679087995,1.7398647888118044,0.0,-0.4614607651808079,1.7475857411192928,0.0,-0.4630947061847099,1.7527711687125782,0.0,-0.4642745268985452,1.7571064133399097,0.0
-0.43664704063080534,1.725947018166638,0.0,-0.4304736035352582,1.7298399496247434,0.0,-0.4316815260724874,1.7380265755831996,0.0,-0.4378483400249259,1.7419175605330306,0.0,-0.44339166997348667,1.7393363104546573,0.0,-0.45034910517773824,1.7376175310034851,0.0,-0.4465443296430043,1.7471386109460467,0.0,-0.44506838399218857,1.7541418388228818,0.0,-0.4427307974603618,1.7590403354094943,0.0,-0.4553246186489353,1.7252024696456316,0.0,-0.45278791522422324,1.735069827046012,0.0,-0.45235453334537745,1.7421966295805607,0.0,-0.4520626507537512,1.7480920439143786,0.0,-0.4554416352566352,1.7295185901260468,0.0,-0.45504136310501425,1.7391882935243828,0.0,-0.4550166438801842,1.7457659020667244,0.0,-0.4549963098049243,1.7511820474555222,0.0,-0.4516304159831969,1.7380528073155548,0.0,-0.45421034541109234,1.7458059749990202,0.0,-0.4558448480841704,1.7509912255755247,0.0,-0.4570389455416739,1.755322559568371,0.0
-0.42548676222559795,1.7217605770308584,0.0,-0.41916492695012203,1.7254075812343015,0.0,-0.42005398809058786,1.733634943614076,0.0,-0.42683183510502765,1.7363238370765715,0.0,-0.4321434032071043,1.7332942161130325,0.0,-0.4403948357204146,1.7318450595359984,0.0,-0.4360893034773898,1.7411504167159584,0.0,-0.43450726570011533,1.7481304434157867,0.0,-0.4320419471245368,1.7529659148430354,0.0,-0.44311241148364633,1.7155362086809194,0.0,-0.44008153150902574,1.725263149253948,0.0,-0.4395627721316805,1.7323842462851489,0.0,-0.43920021465871484,1.7382757365629544,0.0,-0.4446163768704962,1.7219858700582749,0.0,-0.443811016386245,1.7316302868938103,0.0,-0.4437199369159705,1.7382073112746725,0.0,-0.44365549028175777,1.7436231113982508,0.0,-0.44110422055394943,1.7330365099515037,0.0,-0.44357820954717997,1.7408241298345122,0.0,-0.4452133110646364,1.7460091916043516,0.0,-0.44642256397661956,1.7503363188604493,0.0
-0.4151835353317209,1.7110261231238366,0.0,-0.40872091335317495,1.714417399885264,0.0,-0.409219946315404,1.7226775988866336,0.0,-0.41647962093183066,1.7233605942507544,0.0,-0.4215279018969099,1.719910055425682,0.0,-0.40681982503749264,1.6950888776642992,0.0,-0.40199347768001753,1.70413507307051,0.0,-0.40029949363777906,1.7110887795874463,0.0,-0.3976994432193308,1.7158531596546072,0.0,-0.42885176696295874,1.6982752126779783,0.0,-0.425289554147435,1.7078203814134543,0.0,-0.4246792694768683,1.7149342191147396,0.0,-0.42424007744753234,1.7208204926367607,0.0,-0.4337529846789559,1.7064252031776754,0.0,-0.4324946054383973,1.716021028483197,0.0,-0.4323324959710107,1.7225966855375867,0.0,-0.4322204218817475,1.7280117094291063,0.0,-0.43162129352194034,1.721068621495684,0.0,-0.4339762854503466,1.728893048503331,0.0,-0.4356120268041124,1.7340779084583364,0.0,-0.43683739694559726,1.738400499222214,0.0
-0.4123072745689442,1.7019905118209007,0.0,-0.4057125545843429,1.7051171568654946,0.0,-0.40572732537349104,1.7133924032825751,0.0,-0.4126880517388763,1.7112203888558204,0.0,-0.4174487951032628,1.7073828529922535,0.0,-0.40059880779204154,1.6883208648445704,0.0,-0.3952363227943341,1.6970599171268104,0.0,-0.3934241369893851,1.7039837599086318,0.0,-0.3906821574966921,1.7086678956949304,0.0,-0.4195723361623985,1.6847677027246242,0.0,-0.4154430001494071,1.6940815735860653,0.0,-0.4147344044462049,1.701186292183502,0.0,-0.41421187563851436,1.7070657538306098,0.0,-0.4282694658119276,1.6914453060792882,0.0,-0.4265047236175755,1.7009610334080123,0.0,-0.4262664312185616,1.7075343706052764,0.0,-0.42610278974798943,1.7129480815152087,0.0,-0.42979502574287626,1.7100670350052496,0.0,-0.43201549710886794,1.7179306952149525,0.0,-0.4336519236488528,1.7231153389547549,0.0,-0.4348944665774665,1.7274330246735345,0.0
-0.41488770314640316,1.7039688454846638,0.0,-0.4081705657731483,1.7068230189935814,0.0,-0.40757532163654797,1.715076842704896,0.0,-0.41303396994709507,1.7102423296140499,0.0,-0.4174909058280494,1.7060557938816363,0.0,-0.4026934651108926,1.6907307186739464,0.0,-0.39678588549964733,1.6991109205378132,0.0,-0.3948488186666824,1.7060008688934736,0.0,-0.3919576034637904,1.7105943919698712,0.0,-0.41644106786513013,1.6853410884759932,0.0,-0.4117124072971379,1.6943654652170486,0.0,-0.4108979946134161,1.7014588329785532,0.0,-0.41028456500462446,1.7073295066817782,0.0,-0.4259047716683277,1.6883286052501363,0.0,-0.4235754681890247,1.6977220991107007,0.0,-0.4232552924127293,1.704291956997188,0.0,-0.42303564960729806,1.709703685130163,0.0,-0.4335702972040996,1.7086605772698378,0.0,-0.43563762669042977,1.7165658788944314,0.0,-0.43727478876521436,1.7217502904203739,0.0,-0.4385356663087766,1.7260626576027625,0.0
-0.42024332506521933,1.7120533512506184,0.0,-0.4134143267038212,1.7146284283931923,0.0,-0.41204206958271716,1.722789116589245,0.0,-0.4156483719879003,1.716451613834518,0.0,-0.4197930835718968,1.7119557574343205,0.0,-0.40785600247128667,1.6989957219988294,0.0,-0.4014023325972355,1.7069629941354596,0.0,-0.3993332612800803,1.713814458223052,0.0,-0.3962855174940704,1.7183056537674108,0.0,-0.41794000675134807,1.6935033917393836,0.0,-0.412586260060392,1.7021715520229077,0.0,-0.4116577105148281,1.7092508832032376,0.0,-0.41094481280159484,1.715110310006701,0.0,-0.42583146120581394,1.693756749164857,0.0,-0.4228760868046027,1.7029724501016181,0.0,-0.42246770536466954,1.7095374154309921,0.0,-0.422187050269087,1.7149463226278792,0.0,-0.4394599144318225,1.7107212998311745,0.0,-0.4413515499528253,1.7186704733754201,0.0,-0.4429895036722224,1.723854634844988,0.0,-0.44426999854353366,1.7281612176875845,0.0
-0.4245388065400947,1.717074477615534,0.0,-0.41760923571511277,1.7193651738179456,0.0,-0.4152457462727389,1.7272957374231002,0.0,-0.41739562607106234,1.7203281427838748,0.0,-0.4212267636309133,1.7155622489660047,0.0,-0.4120479008290797,1.7041159006395747,0.0,-0.4050564556662809,1.7116156989487252,0.0,-0.40284779524216846,1.7184234471366358,0.0,-0.3996364100385057,1.7227991281895152,0.0,-0.4197596146427049,1.699003351531878,0.0,-0.4137648016630166,1.7072411803520435,0.0,-0.4127128750223046,1.7143032327847234,0.0,-0.41189077078721226,1.7201483375948463,0.0,-0.42583306117034053,1.6979873663002354,0.0,-0.4221898470027691,1.7069534341193164,0.0,-0.42168622983509413,1.7135117810851903,0.0,-0.4213388742018524,1.7189168147031493,0.0,-0.4409438953379909,1.7069786998147984,0.0,-0.44263224369415843,1.714973518437449,0.0,-0.4442710518429098,1.7201574098696673,0.0,-0.4455725848267272,1.7244576813480321,0.0
-0.426681135256012,1.7173812433794173,0.0,-0.41966284660329484,1.7193837081849321,0.0,-0.4160611853109571,1.7268340744427004,0.0,-0.4171991517780448,1.7196316866078512,0.0,-0.42072124158049506,1.7146330625662585,0.0,-0.41412564327880347,1.7044852337666114,0.0,-0.40661490648134263,1.7114649266611182,0.0,-0.4042585996038424,1.718222991040664,0.0,-0.4008768576944043,1.7224683886970422,0.0,-0.42026210938078734,1.6998255497179109,0.0,-0.4136235112388313,1.7075539791211858,0.0,-0.41243792676092494,1.7145948259214725,0.0,-0.4114955077665238,1.7204217420915981,0.0,-0.4249688308987644,1.6983270856389487,0.0,-0.4205808705469223,1.706953161546209,0.0,-0.41997418047468216,1.7135027777435605,0.0,-0.4195536369335117,1.7189026099147666,0.0,-0.4362177132455446,1.7006448952676503,0.0,-0.437668647456527,1.7086861908657647,0.0,-0.43930838059677957,1.7138697897852604,0.0,-0.4406325308647256,1.718163150818705,0.0
-0.4276946504564748,1.7150141952666098,0.0,-0.42059988303626733,1.7167260703097558,0.0,-0.4155526492312402,1.7232839169347545,0.0,-0.4159887135895851,1.7160052353179243,0.0,-0.41921081117996456,1.7108081740325647,0.0,-0.4150950400252197,1.7021612866578966,0.0,-0.40709380528438516,1.708572801515122,0.0,-0.4045813183621989,1.7152743704153783,0.0,-0.4010231779636303,1.719373055144277,0.0,-0.4201371631985166,1.6979176851119242,0.0,-0.4128683476643922,1.7050565874829235,0.0,-0.4115376496131146,1.7120714557579295,0.0,-0.41046220367429986,1.717875292561921,0.0,-0.42390435128547993,1.6962624874615893,0.0,-0.41872712272882867,1.704439264704449,0.0,-0.41800860079911517,1.7109775574030734,0.0,-0.41750743414167785,1.7163705043088648,0.0,-0.43107691275892845,1.6960507575617503,0.0,-0.4322477539847934,1.704137584863274,0.0,-0.43388849179603706,1.7093208658670587,0.0,-0.4352370210477657,1.7136066320474324,0.0
-0.4282928855104022,1.7128650546644186,0.0,-0.42113407312014006,1.7142854933541245,0.0,-0.41463304237862614,1.7194057004532082,0.0,-0.4145669204156393,1.7121142680774804,0.0,-0.4175013014629852,1.7067494971825874,0.0,-0.41566122720082466,1.700043640893956,0.0,-0.4072078826066741,1.7058460753239952,0.0,-0.4045302137425923,1.712483371890623,0.0,-0.4007906455885873,1.716417226186906,0.0,-0.41990937511820253,1.6961580792760562,0.0,-0.41204201161257625,1.7026314244547198,0.0,-0.4105534207534599,1.709614491937819,0.0,-0.40933035841776755,1.7153890243117598,0.0,-0.42303005198279026,1.694472243659269,0.0,-0.41704095045362727,1.7020744830977852,0.0,-0.4162007839805434,1.7085982600309635,0.0,-0.4156104288169667,1.71398217358228,0.0,-0.4277963880399892,1.6936087528873234,0.0,-0.428633176687862,1.7017369402461164,0.0,-0.4302750096083404,1.7069198744720808,0.0,-0.4316498909228071,1.711197259685822,0.0
-0.42957700713504454,1.7131297718226763,0.0,-0.42236658866166005,1.7142594205950208,0.0,-0.4147442405545986,1.7174811795516147,0.0,-0.41430592129490296,1.710202633376012,0.0,-0.4169669296954088,1.7046971458246547,0.0,-0.41692101457738484,1.700332377747952,0.0,-0.4080619719820314,1.705494222809175,0.0,-0.4052096747821095,1.7120583691316116,0.0,-0.40128506372056827,1.7158076367425539,0.0,-0.4205713292812267,1.6967497828264433,0.0,-0.41215508656549615,1.702491425873664,0.0,-0.4104943395810829,1.7094355639535932,0.0,-0.40910688027191033,1.7151728161077233,0.0,-0.4232352761451332,1.6950805235983843,0.0,-0.4164434637469489,1.701975062448447,0.0,-0.4154706352724636,1.708480379499567,0.0,-0.4147811716142939,1.7138525005156346,0.0,-0.42669907608395663,1.6940832713374463,0.0,-0.42713292155144983,1.7022428928416087,0.0,-0.4287759528063349,1.7074254473106818,0.0,-0.4301794053298896,1.7116935433627558,0.0
-0.4337747133813113,1.7159805821764669,0.0,-0.42652495094338233,1.7168215253991508,0.0,-0.41834039453243166,1.7180433919203315,0.0,-0.4176172365554964,1.7107876079692896,0.0,-0.4200203437448265,1.7051647586273364,0.0,-0.42109961473828583,1.7032021113323907,0.0,-0.4118870495493089,1.707702769371079,0.0,-0.40885027838088467,1.714183636375552,0.0,-0.40473887885202636,1.7177270772903883,0.0,-0.4242856858387033,1.6998757807365517,0.0,-0.4153858515401194,1.704834868937979,0.0,-0.41353703309640855,1.711731317631441,0.0,-0.41196585497542837,1.7174210017111446,0.0,-0.4266167413601172,1.6982392082174322,0.0,-0.41907014658658176,1.7042982748890576,0.0,-0.4179522625380867,1.7107802406734847,0.0,-0.4171521388896431,1.7161369977609782,0.0,-0.42935276153736474,1.697232301995114,0.0,-0.4292951223242003,1.7054032458024082,0.0,-0.4309394704553459,1.7105853825965345,0.0,-0.43237400137335386,1.7148431336391485,0.0
-0.44402340816308694,1.719470498238485,0.0,-0.4367462199071369,1.7200261708018232,0.0,-0.42848741585957606,1.719504560656591,0.0,-0.4275402086603513,1.7122746120588805,0.0,-0.429701291080801,1.7065543776530423,0.0,-0.4313329102900699,1.7067073204814263,0.0,-0.42182210991022884,1.710537719452444,0.0,-0.418590693515838,1.7169237639515924,0.0,-0.4142931184669371,1.7202389454401232,0.0,-0.43414914686618805,1.7035989754078291,0.0,-0.4248421886683689,1.7077438681007509,0.0,-0.422787565485955,1.714581825237034,0.0,-0.42101043479612127,1.7202105828376,0.0,-0.4362302412951072,1.7019988222004419,0.0,-0.4280160489346253,1.7071164804024084,0.0,-0.4267391480185121,1.7135690046547296,0.0,-0.4258148394943459,1.718905735685929,0.0,-0.43853903554984813,1.7010050352086055,0.0,-0.4378761328298091,1.7091492481825286,0.0,-0.43952193488365243,1.7143309234067203,0.0,-0.44099039054716493,1.7185770935469644,0.0
-0.45956919306887983,1.719635935537628,0.0,-0.45227600613311214,1.7199110086735963,0.0,-0.4442166232618657,1.7180331723723508,0.0,-0.44308905530337694,1.710829149280856,0.0,-0.44502386945057404,1.7050284723288514,0.0,-0.4468660195179792,1.706885373806511,0.0,-0.43711269693457744,1.7100476481030362,0.0,-0.43367624872565,1.7163257401672227,0.0,-0.4291959567709736,1.719389490092346,0.0,-0.4493812897019535,1.7039638936122874,0.0,-0.439749162954762,1.7072837943122823,0.0,-0.43746903666470216,1.7140498979414573,0.0,-0.4354604544431566,1.7196002765838538,0.0,-0.4512696418232634,1.7023990459536023,0.0,-0.4425063150674518,1.706506050431081,0.0,-0.44105465888703305,1.7129215191988496,0.0,-0.4399902462316788,1.7182320813203518,0.0,-0.45331617935102514,1.701416399667771,0.0,-0.4519039062514165,1.7094645752171098,0.0,-0.4535513218417534,1.7146457376737554,0.0,-0.4550569504891406,1.7188788695252064,0.0
-0.4734650180259273,1.7156447908946935,0.0,-0.4661666455464452,1.7156450377204095,0.0,-0.45841036423628945,1.7127605929424072,0.0,-0.45713474128670434,1.7055813071635646,0.0,-0.4588585634707134,1.6997144684949432,0.0,-0.4607512285545209,1.7029048144425927,0.0,-0.45080912697701403,1.7054111855972494,0.0,-0.4471572016863082,1.7115664319716966,0.0,-0.4425009314730477,1.714355468956739,0.0,-0.4630171487976838,1.7001448456782422,0.0,-0.4531414691375009,1.7026489538191256,0.0,-0.4506140763032294,1.7093266345303182,0.0,-0.448345020889809,1.7147757163929358,0.0,-0.46475339694902074,1.6986124519002128,0.0,-0.455575884408837,1.7016843642007065,0.0,-0.45393173723248004,1.708053220082169,0.0,-0.45270839264977303,1.7133294377026973,0.0,-0.4666330232962254,1.697634362918601,0.0,-0.46429679973058985,1.7054644142870292,0.0,-0.4659460162811348,1.7106450037610994,0.0,-0.467492545560567,1.714863364827137,0.0
-0.4830764655455179,1.7114712002548296,0.0,-0.47578300984653277,1.7112033479128104,0.0,-0.4683447790676286,1.7075766904545744,0.0,-0.46694558927331486,1.700420460572626,0.0,-0.46847298481781596,1.6944994453103293,0.0,-0.4703536556076501,1.698740232105933,0.0,-0.46027267062329835,1.7006113338903464,0.0,-0.45639497802048284,1.7066269067090487,0.0,-0.45157306551681936,1.7091186409263852,0.0,-0.4724098215008163,1.6961209892482312,0.0,-0.4623669300818923,1.6978356140700188,0.0,-0.4595684353180023,1.704404294399875,0.0,-0.457006349836259,1.7097218900594677,0.0,-0.474023602929522,1.6946177557443916,0.0,-0.4645665464972488,1.6966738358118876,0.0,-0.46270995878873755,1.7029840360667898,0.0,-0.46130532900736687,1.7082149116650522,0.0,-0.47579401274874733,1.6936381537082774,0.0,-0.47234452797021415,1.7010454946443705,0.0,-0.47399576757337564,1.7062254396539618,0.0,-0.4755875011107992,1.7104269521484623,0.0
-0.49032648478811114,1.7091015851849138,0.0,-0.48304726724463404,1.7085731602943957,0.0,-0.4759057663891454,1.7043923844129747,0.0,-0.4744019753841075,1.6972574022254028,0.0,-0.4757466649491211,1.6912922392888639,0.0,-0.47759591532411,1.696378376319004,0.0,-0.467420833640956,1.697641306595584,0.0,-0.4633075202817911,1.7034982912693182,0.0,-0.4583340293405084,1.705671760261462,0.0,-0.47947331588811665,1.6938826825322368,0.0,-0.46933086072457897,1.6948471562682277,0.0,-0.4662355142893206,1.7012812812798428,0.0,-0.46334480419597845,1.706427629574598,0.0,-0.4809867634119035,1.6924054024467752,0.0,-0.47137085984247895,1.6934998338748157,0.0,-0.46927948301553124,1.699736153955125,0.0,-0.467666975094413,1.7049067305720549,0.0,-0.4826842556387986,1.691419730036257,0.0,-0.477967812171569,1.69809227123143,0.0,-0.47962134070043283,1.7032714860303808,0.0,-0.4812632793741012,1.7074536338383277,0.0
-0.49738939226380224,1.703747833510609,0.0,-0.49013290889037164,1.7029670070501783,0.0,-0.4832557315913116,1.6983643606552323,0.0,-0.4816623051011565,1.691248859954349,0.0,-0.48283710104820027,1.6852479255797268,0.0,-0.4846520771024484,1.6910313778250152,0.0,-0.4744219159063815,1.6917177319936816,0.0,-0.4700639247624137,1.697395013865153,0.0,-0.46495652939863064,1.699231884083987,0.0,-0.48637539129052626,1.6886449180409344,0.0,-0.4761905587087351,1.6889071995932272,0.0,-0.4727711245880454,1.695175102313725,0.0,-0.4695146017984693,1.7000981262762556,0.0,-0.487805385105865,1.6871906682880502,0.0,-0.4781296696883368,1.6874002220190145,0.0,-0.4757786503049889,1.6935433688539425,0.0,-0.47392666393919364,1.6986330830746155,0.0,-0.48945355475375196,1.6861957922936235,0.0,-0.4834462316937372,1.6917347195032435,0.0,-0.48510237111799914,1.6969131000161881,0.0,-0.48680036663871323,1.7010728036242877,0.0
-0.4997001477372947,1.6904750368916137,0.0,-0.4924740484270515,1.6894504737316836,0.0,-0.4858281178009466,1.6845198016119196,0.0,-0.4841570597450118,1.6774221313478472,0.0,-0.4851738511327794,1.6713924137624645,0.0,-0.48695691420427045,1.67776451204619,0.0,-0.4767047669729082,1.6779085859467777,0.0,-0.47209428143727866,1.6833828018161778,0.0,-0.4668738632299168,1.684868336515563,0.0,-0.4885460971876191,1.6754752559112545,0.0,-0.47836525386814577,1.675087911573329,0.0,-0.4745938567689301,1.6811505593562195,0.0,-0.4709357730334779,1.6857830024480556,0.0,-0.4899057539006981,1.6740414504667291,0.0,-0.48024564014795684,1.673453586629389,0.0,-0.4776076739758285,1.6794790890691087,0.0,-0.4754789106695924,1.6844593913825465,0.0,-0.49152036103459606,1.6730353477496869,0.0,-0.48441525575383787,1.6770708308595754,0.0,-0.4860744011142825,1.6822482490580943,0.0,-0.48783535216202656,1.6863816948727932,0.0
-0.49315292768316127,1.6806407061884006,0.0,-0.4859640162346194,1.6793814234182463,0.0,-0.4795193151307528,1.6741904939136742,0.0,-0.47778039300961345,1.6671091446029558,0.0,-0.4786501629858273,1.6610564708901088,0.0,-0.4804044597030366,1.6679354314222625,0.0,-0.47015771833665015,1.6675727035452736,0.0,-0.4652886905478054,1.6728182907050202,0.0,-0.459978654974344,1.6739421687283866,0.0,-0.48187586473369715,1.6657331871340009,0.0,-0.4717351937157836,1.664750131877041,0.0,-0.4675847750625188,1.6705598787925262,0.0,-0.46349621293934007,1.6748171978291486,0.0,-0.4831755466978803,1.664317569783743,0.0,-0.4735847708168411,1.6630212675015454,0.0,-0.4706304443404652,1.6688981289298377,0.0,-0.4681816056072781,1.6737290950036219,0.0,-0.48476735886135897,1.6632990250875528,0.0,-0.4769435254884771,1.6656559884589766,0.0,-0.4786061688175113,1.6708322844020094,0.0,-0.480438273587578,1.674934687966641,0.0
-0.4852609226808975,1.6759625295512461,0.0,-0.4781151742976654,1.674477766622789,0.0,-0.4718456998758005,1.6690765064075062,0.0,-0.47004696293909015,1.6620101138599388,0.0,-0.47077982661591555,1.6559393421036541,0.0,-0.47250779210710553,1.6632619349474043,0.0,-0.4622886133377876,1.6624278693486165,0.0,-0.4571573661065811,1.667417249882438,0.0,-0.4517827296147571,1.6681741264797678,0.0,-0.4738749807586368,1.661138002588595,0.0,-0.46380168566769964,1.659612115193441,0.0,-0.45924827684680586,1.6651117153906523,0.0,-0.45471540171722413,1.668892475720837,0.0,-0.47512299602771907,1.6597386164417252,0.0,-0.46563740687561284,1.6578184653943857,0.0,-0.46233601697967386,1.6635076103153168,0.0,-0.45951855631204136,1.6681332951006815,0.0,-0.4766995087259251,1.6587069838061737,0.0,-0.46856355382259796,1.659464534327182,0.0,-0.47023031872417437,1.6646395045968854,0.0,-0.47214340253745285,1.6687047762014617,0.0
-0.4798278305892451,1.6739749714523993,0.0,-0.4727304233816086,1.6722740740894837,0.0,-0.46661407613264927,1.6667000075515095,0.0,-0.4647622329087602,1.6596473460058279,0.0,-0.46536748722031784,1.6535625266901823,0.0,-0.4670705204188994,1.6612785751156065,0.0,-0.45689642334992964,1.660007737213457,0.0,-0.4515022997952081,1.664711676768281,0.0,-0.44608864224948425,1.6651014094721424,0.0,-0.46834485884167787,1.6592254754281943,0.0,-0.4583585955545842,1.65720702258192,0.0,-0.45338456551455314,1.6623293423083942,0.0,-0.4484190603003601,1.6655207156150604,0.0,-0.46954795677943006,1.6578406258547376,0.0,-0.46018966788794985,1.6553736822739575,0.0,-0.4565107813905054,1.660826327440781,0.0,-0.4532739790975203,1.665168925195966,0.0,-0.47111446834396703,1.656795652890499,0.0,-0.4629655091332383,1.6561938981541382,0.0,-0.4646372022790208,1.661367278534101,0.0,-0.4666431450324797,1.6653875417798907,0.0
-0.47693048032003454,1.6736708547258181,0.0,-0.4698858374190985,1.6717631735919607,0.0,-0.4639039581623981,1.6660450408549674,0.0,-0.46200465644902006,1.6590050116501018,0.0,-0.4624908360810249,1.652909522477678,0.0,-0.4641694021952703,1.660978245545,0.0,-0.4540539112436745,1.659303693978,0.0,-0.44839992719908617,1.6636918690750742,0.0,-0.4429723289638133,1.6637193826952466,0.0,-0.4653605073444957,1.658989506066081,0.0,-0.4554748143848096,1.6565252250271976,0.0,-0.450073058314308,1.6611942897701797,0.0,-0.44472164962072525,1.663684978552209,0.0,-0.46652423625680406,1.6576177242551906,0.0,-0.45730534814470963,1.6546723068681575,0.0,-0.4532214116961443,1.6598285660024954,0.0,-0.44951983473563345,1.663782471964026,0.0,-0.46808453824854007,1.6565594264763572,0.0,-0.46008900465985675,1.6548744672444795,0.0,-0.46176669521177477,1.6600459058201027,0.0,-0.46387999044993616,1.664010789946022,0.0
-0.4754581155826771,1.6738252732028538,0.0,-0.46846995473252107,1.6717200775248868,0.0,-0.4626067947398308,1.6658802764717915,0.0,-0.46066483260773106,1.65885189534373,0.0,-0.46103976800297286,1.6527485534448103,0.0,-0.46269362319066604,1.661136097630831,0.0,-0.45264689821881726,1.6590890027423635,0.0,-0.44674033202288554,1.663130795912742,0.0,-0.44132241373889947,1.6628056173911854,0.0,-0.4638097018777265,1.659206082688951,0.0,-0.45403330045487456,1.6563387526502136,0.0,-0.4482119401106541,1.6604728665772959,0.0,-0.4425593775930011,1.6621727614560176,0.0,-0.46493867156810725,1.6578460926533125,0.0,-0.45586427551658526,1.6544817624217099,0.0,-0.45135454278245574,1.6592700664892357,0.0,-0.44716225393818504,1.6626993169311566,0.0,-0.4664955031874783,1.6567746647995705,0.0,-0.45872450328991426,1.6542489558747508,0.0,-0.46040965063397526,1.6594179694129652,0.0,-0.4626481336915281,1.6633135459423958,0.0
-0.47436323738201147,1.6740656779608574,0.0,-0.4674346252394522,1.6717720836880698,0.0,-0.4616768547362236,1.6658283474664861,0.0,-0.4596963418619835,1.6588107319912146,0.0,-0.4599672166852129,1.6527018871154748,0.0,-0.461595636849232,1.6613796297440684,0.0,-0.4516250554461113,1.658989067754472,0.0,-0.44547789259813136,1.6626545834316253,0.0,-0.44009104996513054,1.661990124215332,0.0,-0.46264374691820437,1.6595034042238272,0.0,-0.4529816540352678,1.6562717533371605,0.0,-0.44676823882452893,1.6597892248208144,0.0,-0.44092863567907553,1.6606495391344758,0.0,-0.4637418244978079,1.658154094075091,0.0,-0.4548122768793808,1.6544222632995336,0.0,-0.4498680630781719,1.6587604996997656,0.0,-0.44519968970160534,1.6615066487059515,0.0,-0.4652971781903529,1.6570698479251684,0.0,-0.4577685335660866,1.6538938197290782,0.0,-0.45946320349079217,1.6590597191063152,0.0,-0.4618489831246808,1.6628668674399272,0.0
-0.4733203530591896,1.675489094273722,0.0,-0.4664537618511012,1.6730160059026389,0.0,-0.4607900482756048,1.6669825765316795,0.0,-0.4587745309220332,1.6599749344174408,0.0,-0.4589479373425618,1.6538625462508538,0.0,-0.4605499111043286,1.6628059063857794,0.0,-0.4506605853588897,1.660098783107656,0.0,-0.4442897283936937,1.6633600401947397,0.0,-0.4389526132624716,1.6623727298692026,0.0,-0.4615361651437945,1.6609791256900854,0.0,-0.4519906087685489,1.6574179517517897,0.0,-0.4454342717624666,1.6602452436153996,0.0,-0.43953168556899974,1.6602693650451805,0.0,-0.4626066231747728,1.6596395231320706,0.0,-0.45381919722942154,1.6555843379498476,0.0,-0.44844987156083,1.6593837967324858,0.0,-0.44338109321543,1.661292338173591,0.0,-0.4641619541300251,1.6585428440417984,0.0,-0.4568680210796518,1.6548596137153695,0.0,-0.4585752756751191,1.6600213677075406,0.0,-0.4611358702503214,1.663713207129434,0.0
-0.4727940010549325,1.6786247448985034,0.0,-0.46599136567991395,1.675980809788723,0.0,-0.46041202407828963,1.669869274078936,0.0,-0.45836458307674194,1.6628708925839772,0.0,-0.45844657390628685,1.6567565948819036,0.0,-0.4600209514658853,1.6659441831239183,0.0,-0.45021617344326353,1.662945248634892,0.0,-0.4436433371844321,1.6657774632760574,0.0,-0.43837159269123455,1.6644858404203935,0.0,-0.46095067751293084,1.6641630036270336,0.0,-0.4515218275862541,1.66030341875402,0.0,-0.44469183386293887,1.6623843608384699,0.0,-0.43883842317577365,1.6616236447665613,0.0,-0.4619963075640469,1.6628322552693349,0.0,-0.45334635865221296,1.6584915450244768,0.0,-0.44758456450865536,1.6616644417173474,0.0,-0.44225479072302515,1.6626280576892059,0.0,-0.463552679785121,1.6617235718901937,0.0,-0.4564754346590984,1.6576394261524607,0.0,-0.4582000955243115,1.6627953904104285,0.0,-0.4609696509338717,1.6663331701843795,0.0
-0.4729579608092891,1.6820388477879746,0.0,-0.46622073489052906,1.6792324216211618,0.0,-0.4607174426089909,1.6730523168078453,0.0,-0.45864077102921147,1.6660625533387758,0.0,-0.4586369082204912,1.6599477071457451,0.0,-0.46018250966472357,1.6693607055433022,0.0,-0.45046412718599393,1.6660926293294602,0.0,-0.4437153704806052,1.6684754636062222,0.0,-0.4385215926488331,1.6668993127768201,0.0,-0.46106037930438076,1.667621711197877,0.0,-0.45174691931618055,1.6634914485694257,0.0,-0.44472696741426254,1.6647950625898,0.0,-0.4390082888789791,1.6633329335172597,0.0,-0.46208358004282574,1.6662990651860299,0.0,-0.4535653497094889,1.6617052504754244,0.0,-0.44746912996079946,1.6641754022829156,0.0,-0.44205294769103226,1.6641716649214084,0.0,-0.463641769736395,1.6651788284593376,0.0,-0.4567601871313048,1.6607729839511673,0.0,-0.4585105022390162,1.6659202958275894,0.0,-0.46153059299714017,1.6692467616260451,0.0
-0.47310579281742005,1.6841221814740408,0.0,-0.46643500258789405,1.6811613034583428,0.0,-0.4610005678509855,1.6749205630751913,0.0,-0.4588970331964707,1.667938836916063,0.0,-0.4588124325182474,1.66182457476835,0.0,-0.4603281227215449,1.6714462756032833,0.0,-0.45069685114660213,1.667929759146325,0.0,-0.44380174645895454,1.6698483908476738,0.0,-0.4386956233009028,1.6680079871154347,0.0,-0.4611582541819033,1.6697464173664778,0.0,-0.4519578208173837,1.665370159577359,0.0,-0.44483713578130163,1.6658945438222363,0.0,-0.43930816877174333,1.6638277517616034,0.0,-0.4621611004806944,1.6684312088125093,0.0,-0.45376826084124317,1.663612119231104,0.0,-0.4474179349492357,1.6653264430749746,0.0,-0.4420778627661066,1.6644216373355019,0.0,-0.4637216702508913,1.6672998774842465,0.0,-0.4570150563468967,1.6626320112775521,0.0,-0.4588069517184811,1.667764996131098,0.0,-0.4621254339830862,1.670793857031685,0.0
-0.4726499797679292,1.6849618526492063,0.0,-0.4660462749903545,1.6818542291004441,0.0,-0.46067444933474794,1.6755595161947285,0.0,-0.4585461437911822,1.6685853012771175,0.0,-0.45838551568544944,1.6624725639608768,0.0,-0.45987025326172565,1.6722880200343275,0.0,-0.4503259308437025,1.6685419301097288,0.0,-0.44331643310683516,1.6699878062233335,0.0,-0.43830500495354535,1.6679032996948606,0.0,-0.46065629512522127,1.6706245655343182,0.0,-0.45156581197301615,1.6660242696317416,0.0,-0.44442951705125516,1.6657952958144437,0.0,-0.43911862769834475,1.6632193377604718,0.0,-0.4616405928472957,1.669316204275224,0.0,-0.4533666081591807,1.664295790050482,0.0,-0.4468560393367852,1.6652328272883843,0.0,-0.44170770166726725,1.6635506668953675,0.0,-0.4632039456156363,1.6681742349902768,0.0,-0.456653286114367,1.6632899228504476,0.0,-0.45852416511196487,1.6683946495136281,0.0,-0.46218800742014904,1.6709951460885848,0.0
-0.47196721124743785,1.6853565812403775,0.0,-0.4654309126588111,1.6821095762095066,0.0,-0.46011623861751555,1.675766535828554,0.0,-0.4579650199763234,1.668799354435653,0.0,-0.4577327067212329,1.6626889216001477,0.0,-0.45918557359008666,1.6726846760355747,0.0,-0.449727368457635,1.6687261869532575,0.0,-0.4426364986457592,1.669697362308211,0.0,-0.4377244868657866,1.6673883105815834,0.0,-0.4599307733114229,1.671055167501312,0.0,-0.45094670127405884,1.666250372400661,0.0,-0.4438681406921343,1.6653159665427046,0.0,-0.43878422811986845,1.662316810232634,0.0,-0.46089810313666046,1.669753127807165,0.0,-0.45273646454745986,1.6645520666513598,0.0,-0.4461610637412443,1.6647242567032896,0.0,-0.44126632336557053,1.662405515449514,0.0,-0.4624645217366288,1.6686009684515284,0.0,-0.45605289697046336,1.6635355254463462,0.0,-0.45813148499439804,1.6685592585559166,0.0,-0.46216461905429784,1.6705391960676776,0.0
-0.4717351984811124,1.6852863302389052,0.0,-0.4652663415013941,1.6819069619124076,0.0,-0.46000402854824435,1.6755204148153662,0.0,-0.4578315538273945,1.6685598320961488,0.0,-0.45753156322211413,1.6624523477922428,0.0,-0.4589517800479797,1.6726162214829878,0.0,-0.44957835657602957,1.6684609582473007,0.0,-0.44243884745479645,1.6689619829641262,0.0,-0.4376290084493487,1.6664470220609497,0.0,-0.4596590404431872,1.671018440410114,0.0,-0.4507775636646358,1.6660265493291868,0.0,-0.44381410784865877,1.6644487605859466,0.0,-0.4389535596130556,1.6610997045302713,0.0,-0.46061079320416265,1.669722252346377,0.0,-0.45255516653357647,1.6643584607255837,0.0,-0.44600062271880586,1.6638075518795703,0.0,-0.4413796187346715,1.6609824206391097,0.0,-0.4621804696788959,1.6685603377306926,0.0,-0.45589305283753057,1.6633415223053525,0.0,-0.45979316168407064,1.667129341402746,0.0,-0.46414758215076507,1.6682362945611202,0.0
-0.4720194216309194,1.6846712133951691,0.0,-0.4656177962327074,1.6811661551686699,0.0,-0.46040361932128515,1.6747402481839706,0.0,-0.45821137263862505,1.6677858673570265,0.0,-0.45784740848654815,1.6616818613788418,0.0,-0.45923434000242314,1.6720027829290058,0.0,-0.4499439915934764,1.66766496013609,0.0,-0.4427870436941776,1.6677063488514938,0.0,-0.43808051702203893,1.6650029831183235,0.0,-0.4599062661611373,1.670434720228369,0.0,-0.4511234285961349,1.6652712552446036,0.0,-0.4443157447836501,1.663118448860232,0.0,-0.4396678089126682,1.6594800704090644,0.0,-0.46084367158302153,1.6691439623739026,0.0,-0.45288798606407027,1.663633023295061,0.0,-0.446422968473733,1.6624209619381185,0.0,-0.44207033713219646,1.6591976647517137,0.0,-0.4624167290745329,1.667972711560088,0.0,-0.4562406145143398,1.662622641100718,0.0,-0.4553387088411109,1.6572612057811382,0.0,-0.4598316126653369,1.6572494532555655,0.0
-0.4723749344816154,1.6843189268109937,0.0,-0.46604012118413474,1.6806945121829129,0.0,-0.4608703372028552,1.6742328363146477,0.0,-0.45865965299876454,1.6672842944853439,0.0,-0.45823514264680615,1.6611842002363348,0.0,-0.4595882960367537,1.6716520676895021,0.0,-0.45037905037125486,1.6671446211379777,0.0,-0.4432333167536,1.666741995599098,0.0,-0.4386299474041658,1.6638664834298451,0.0,-0.4602272345774421,1.6701118982630667,0.0,-0.45153903902468917,1.6647907269287727,0.0,-0.4449127932227528,1.6621314035577477,0.0,-0.4404632235280804,1.6582529457267363,0.0,-0.46115138490596624,1.6688261914704072,0.0,-0.45328988217676613,1.6631817112954104,0.0,-0.44696364189323246,1.6613805369420067,0.0,-0.44286122597657285,1.6578442637633695,0.0,-0.4627278942719415,1.6676460061591816,0.0,-0.45665187125232465,1.6621825283980902,0.0,-0.45535168350119515,1.6569035195572897,0.0,-0.45967566605888266,1.6556830697482372,0.0
-0.472482210673991,1.6848620812787614,0.0,-0.466213612747929,1.6811243117631873,0.0,-0.46108489125279645,1.6746299959974593,0.0,-0.4588569736431573,1.667686960542526,0.0,-0.4583750927752919,1.6615911300236468,0.0,-0.45969411170355945,1.6721966966637656,0.0,-0.45056381359344433,1.6675314060444377,0.0,-0.44345468291511997,1.666704437328253,0.0,-0.4389533066635509,1.6636717501626122,0.0,-0.4603021838076406,1.6706827576468513,0.0,-0.45170466255166664,1.6652162931052243,0.0,-0.44527339566745755,1.6621150126465372,0.0,-0.4410067176234272,1.658036218206599,0.0,-0.46121405335782617,1.6694017596744521,0.0,-0.453441309967262,1.663635665520556,0.0,-0.44728508455287075,1.6613191090624557,0.0,-0.44340983253954125,1.6575352662829,0.0,-0.46279404587232037,1.6682130233281036,0.0,-0.4568083694962948,1.662650710562505,0.0,-0.4553947838703935,1.6574009297853978,0.0,-0.4592679991507443,1.6551239742988633,0.0
-0.4724524005031516,1.6857910709586255,0.0,-0.466249272707494,1.6819456260609675,0.0,-0.4611586384628279,1.6754214123591757,0.0,-0.45891457751390263,1.6684835777790412,0.0,-0.4583782724386726,1.6623922941908313,0.0,-0.45966292841810086,1.6731270729126277,0.0,-0.4506093046901665,1.6683146745983417,0.0,-0.4435584985678108,1.6670859560447289,0.0,-0.43915718618778515,1.6639097902845292,0.0,-0.46024205769337917,1.6716378451216898,0.0,-0.451731321955148,1.6660372216273116,0.0,-0.4454995309760154,1.6625524095216506,0.0,-0.4414003505798631,1.6583053133731651,0.0,-0.4611425189671237,1.6703612461685793,0.0,-0.45345345165554046,1.664484033777905,0.0,-0.4474838481369932,1.6617219007239572,0.0,-0.44381207101291975,1.6577403059306184,0.0,-0.462725995804856,1.6691643238470086,0.0,-0.4568221767297347,1.663515203091609,0.0,-0.4553550301850114,1.6582801382834385,0.0,-0.4586561141740119,1.6552323247403937,0.0
-0.47256080940466466,1.6864450934420898,0.0,-0.46642228360656307,1.6824973419382303,0.0,-0.4613670690003852,1.6759456454613548,0.0,-0.45910785475446597,1.6690127305480709,0.0,-0.45851986255830124,1.6629262188982863,0.0,-0.4597700443446578,1.673782401315096,0.0,-0.4507907544762926,1.6688326908586921,0.0,-0.44381621105360447,1.6672266521592582,0.0,-0.43951247223915624,1.6639194763520408,0.0,-0.4603219804511349,1.672316493406357,0.0,-0.45189425424861845,1.6665917194032016,0.0,-0.4458601322641568,1.6627748481588451,0.0,-0.4419138333732716,1.6583853344410766,0.0,-0.46121181748303774,1.6710440124484272,0.0,-0.4536016776716969,1.6650649528518853,0.0,-0.44782451582459143,1.6619201243718704,0.0,-0.44433391143494444,1.6577787809494784,0.0,-0.46279875674310855,1.6698392512261198,0.0,-0.4569693769296834,1.6641133472824892,0.0,-0.45547104225914925,1.6588871234311302,0.0,-0.45821965948085597,1.6553330516445537,0.0
-0.47268596365216803,1.6870053188997218,0.0,-0.4666110713046753,1.6829603313995487,0.0,-0.4615888762727239,1.6763832896252662,0.0,-0.45931541087231564,1.6694550349188522,0.0,-0.45867827773728087,1.663373470954381,0.0,-0.4598939795040349,1.6743438583095198,0.0,-0.4509866547435392,1.669265783304814,0.0,-0.44410264286626544,1.667307723874512,0.0,-0.4398935932568233,1.6638808476018567,0.0,-0.4604203184889249,1.6728999928895625,0.0,-0.45207196079095946,1.6670600844931396,0.0,-0.44622958764513887,1.662955719713499,0.0,-0.4424226593612831,1.658444799335543,0.0,-0.4613002382950879,1.6716313743342028,0.0,-0.45376459981676975,1.6655586867635102,0.0,-0.44817834800283757,1.6620860313173562,0.0,-0.4448488023966695,1.6578141265427084,0.0,-0.4628906007758042,1.6704191037199696,0.0,-0.45712915556565914,1.6646248484553692,0.0,-0.4556104128018346,1.6594045186816127,0.0,-0.4578857012582705,1.6555303238832562,0.0
-0.47236725494143333,1.6878162922646742,0.0,-0.46635494631139707,1.683678855153687,0.0,-0.4613636035725813,1.6770783688758975,0.0,-0.45907671122885546,1.670154534561588,0.0,-0.4583928088600102,1.6640780523197312,0.0,-0.4595741188849573,1.6751559955634188,0.0,-0.4507363917966642,1.6699577400815087,0.0,-0.4439537884224831,1.6676730283431074,0.0,-0.4398362831664215,1.6641366841758725,0.0,-0.4600763208400629,1.673732996768263,0.0,-0.45180383858160744,1.6677860947499574,0.0,-0.44614481212752555,1.6634324119627806,0.0,-0.44246496061697344,1.6588172414919347,0.0,-0.46094696344932046,1.6724680071602829,0.0,-0.4534817058848366,1.6663090047164557,0.0,-0.4480801834680784,1.6625554596244632,0.0,-0.4448939517373196,1.658175622674859,0.0,-0.46254069777165646,1.671248539186547,0.0,-0.45684146165434564,1.6653930842375277,0.0,-0.45530832555338757,1.6601769634351136,0.0,-0.4571964995333096,1.6561000624163067,0.0
-0.4715912432906337,1.6886435003943248,0.0,-0.4656404042322177,1.684418129947723,0.0,-0.4606779497279851,1.6777958971873137,0.0,-0.4583783848053399,1.6708762614042438,0.0,-0.45764992489434575,1.6648049596456596,0.0,-0.4587970157316939,1.6759843067433295,0.0,-0.4500265423345865,1.670673367416526,0.0,-0.4433532070326778,1.6680868229635268,0.0,-0.43932394472527875,1.6644502552326843,0.0,-0.45927641978222755,1.674581089680643,0.0,-0.45107647436595594,1.6685345616271272,0.0,-0.4455910624621976,1.6639640703553418,0.0,-0.4420272025472136,1.659258753349969,0.0,-0.46013836640450867,1.673319515128025,0.0,-0.45273965622155926,1.6670807276468012,0.0,-0.4475139919879275,1.6630859837884662,0.0,-0.44445558918022693,1.6586159483732752,0.0,-0.4617354124546679,1.672093144917734,0.0,-0.4560933259136534,1.6661826031113887,0.0,-0.45454949186076576,1.6609696386048356,0.0,-0.45612487743356966,1.656761969036939,0.0
-0.4710315255628984,1.6891907954169163,0.0,-0.4651409931199858,1.6848817504590192,0.0,-0.46020564277697623,1.6782392932004913,0.0,-0.4578940974932014,1.6713236503088391,0.0,-0.45712314484634636,1.6652575979762245,0.0,-0.4582362629968426,1.6765326478988543,0.0,-0.4495307400482481,1.6711159006891487,0.0,-0.4429719328909002,1.6682513475072784,0.0,-0.4390275362552567,1.6645229008087783,0.0,-0.4586940997781782,1.6751482102514281,0.0,-0.45056351005766787,1.6690087381952559,0.0,-0.44524143229601587,1.6642490509662156,0.0,-0.4417836192847988,1.6594652622173118,0.0,-0.4595478789230238,1.6738898551431618,0.0,-0.45221215083643446,1.6675771318760781,0.0,-0.44715212418226014,1.663374552259294,0.0,-0.44420810168495756,1.6588283696977828,0.0,-0.4611481689788525,1.672656862717728,0.0,-0.45555874447168765,1.6666964953918364,0.0,-0.454006646922734,1.6614859852701716,0.0,-0.45532850364437477,1.6571919175363026,0.0
-0.4711584953951726,1.6894309687977784,0.0,-0.46532707157486636,1.6850422631642061,0.0,-0.46041720221452587,1.6783809491568946,0.0,-0.458094314598736,1.6714691077721253,0.0,-0.4572827997968517,1.6654083485282651,0.0,-0.4583622531763022,1.6767738116209348,0.0,-0.44971943153544836,1.6712575706701833,0.0,-0.4432782370491586,1.668137533835652,0.0,-0.4394153169689791,1.6643247359053943,0.0,-0.45879965602562617,1.6754072259820671,0.0,-0.45073539881539204,1.669180881791535,0.0,-0.4455663404589292,1.6642554407019634,0.0,-0.4422056781211685,1.6594029099945657,0.0,-0.4596457492221723,1.6741519115962828,0.0,-0.45236968833375296,1.6677705073969573,0.0,-0.4474646095928182,1.6633880711199998,0.0,-0.44462330407916134,1.6587769945293027,0.0,-0.4612492094292534,1.6729125633204232,0.0,-0.455708453079278,1.666906927296565,0.0,-0.4541497842368057,1.6616983791333102,0.0,-0.45526419470096346,1.6573458612168648,0.0
-0.4715033900471597,1.6890636102730323,0.0,-0.4657298513427479,1.6845990283509658,0.0,-0.46084398041282165,1.6779200923057773,0.0,-0.45851034015442327,1.6710118739140223,0.0,-0.4576600711415262,1.6649564299590822,0.0,-0.458706218716123,1.6764073924870024,0.0,-0.4501239113508074,1.6707974655329674,0.0,-0.44380164020056656,1.667442990348699,0.0,-0.44001684390278983,1.6635526309068005,0.0,-0.45912423464552427,1.6750577977416001,0.0,-0.45112344089985756,1.6687501114961463,0.0,-0.4460973740572554,1.6636788408158283,0.0,-0.44282591249743547,1.6587657313241417,0.0,-0.4599630833419163,1.6738053589132131,0.0,-0.452743605973523,1.6673600095716794,0.0,-0.4479828667626235,1.6628211873299334,0.0,-0.4452341548214601,1.6581543225352648,0.0,-0.461569638322774,1.6725599063085597,0.0,-0.45607398209162614,1.6665129725756749,0.0,-0.4545099632864732,1.6613060283944332,0.0,-0.4554526440764547,1.6569131163962476,0.0
-0.4712820792971977,1.6876221172695107,0.0,-0.4655651833733208,1.683085230461826,0.0,-0.4607019485032944,1.6763897941027397,0.0,-0.4583580990088829,1.6694850328649165,0.0,-0.45747076992679486,1.6634349084045608,0.0,-0.458484018771288,1.6749667986445815,0.0,-0.44996010403245656,1.6692685394658946,0.0,-0.44375664919625846,1.6656991187349788,0.0,-0.44004669030922594,1.661737328147459,0.0,-0.4588836177571268,1.6736333923611122,0.0,-0.4509435648058524,1.6672494151162636,0.0,-0.4460509289210102,1.6620492950870995,0.0,-0.442861556451616,1.6570825044869082,0.0,-0.4597156289469972,1.6723836744452962,0.0,-0.45254986219461596,1.665878663418586,0.0,-0.447923253516294,1.6612031915371563,0.0,-0.445258322383585,1.6564879835454416,0.0,-0.46132520529333343,1.6711323529309927,0.0,-0.45587144769624366,1.6650476037124102,0.0,-0.45430298180766515,1.6598419973802137,0.0,-0.4551017898327844,1.6554206595018552,0.0
-0.47046386639122656,1.685415163970525,0.0,-0.464802362539562,1.6808093399348316,0.0,-0.4599605110382156,1.6740984237918206,0.0,-0.45760695251694855,1.6671969659392527,0.0,-0.45668415084306874,1.6611521503129165,0.0,-0.4576649529389583,1.6727607079504239,0.0,-0.4491973790526354,1.6669790583050352,0.0,-0.44311152124242237,1.6632126341423963,0.0,-0.439473199175256,1.6591849558858318,0.0,-0.45804703338235886,1.6714427435948938,0.0,-0.4501651398659151,1.6649870979318149,0.0,-0.4453969337155178,1.659672651175409,0.0,-0.4422832761039979,1.654658048310485,0.0,-0.4588725801973632,1.6701956042599926,0.0,-0.4517578459106157,1.6636348163777233,0.0,-0.44725572876073977,1.6588393511922426,0.0,-0.4446668780823079,1.6540819468041341,0.0,-0.4604851018618274,1.668938637445329,0.0,-0.45507036120597805,1.6628191416645686,0.0,-0.4534981372235672,1.6576146691381188,0.0,-0.4541750407852852,1.6531730338014736,0.0
-0.4697068197850369,1.6835353399771684,0.0,-0.46409946267079244,1.6788637463407832,0.0,-0.4592778510253616,1.6721382736748465,0.0,-0.45691505011036077,1.6652399746062447,0.0,-0.45595826640456233,1.6592004445064743,0.0,-0.45690710167158294,1.6708816978556507,0.0,-0.44849389501583664,1.665021217166316,0.0,-0.44252357311585505,1.6610742091007502,0.0,-0.4389537962777523,1.6569856552086049,0.0,-0.4572724949804818,1.6695784836055392,0.0,-0.44944632160501663,1.663055400237304,0.0,-0.4447941559716668,1.6576390833024082,0.0,-0.44175049909375885,1.6525816868947452,0.0,-0.45809191650837044,1.6683337961317495,0.0,-0.4510257221677844,1.6617207575602437,0.0,-0.4466391205436639,1.6568194035261399,0.0,-0.4441196079231713,1.6520249170570391,0.0,-0.4597072989484939,1.6670714020852717,0.0,-0.45432897913359965,1.6609198721170793,0.0,-0.45275354985358607,1.6557163689592909,0.0,-0.4533260881504116,1.6512600787090637,0.0
-0.46944321329814476,1.6826613011638292,0.0,-0.46388876541738316,1.677926921621578,0.0,-0.4590863463856889,1.671187730803413,0.0,-0.45671474420178654,1.664292452615761,0.0,-0.45572538397978496,1.658258173434547,0.0,-0.4566427420476897,1.6700084209190154,0.0,-0.4482820084235066,1.664073320801257,0.0,-0.4424245562057489,1.6599606732627818,0.0,-0.43892036388670025,1.6558157708762409,0.0,-0.45699222243522897,1.6687193106439984,0.0,-0.4492194663791985,1.66213266736952,0.0,-0.4446755855308958,1.6566251923531639,0.0,-0.44169680933523836,1.651529311860956,0.0,-0.4578058324583035,1.6674769578919255,0.0,-0.4507858577703718,1.660814875860912,0.0,-0.44650649658998176,1.655819616802151,0.0,-0.4440504079890986,1.6509923325623508,0.0,-0.4594239927906313,1.666209344189338,0.0,-0.4540797488151148,1.660028187233637,0.0,-0.45250156315658985,1.6548255194029309,0.0,-0.4529838801242203,1.6503585637015232,0.0
-0.4695107264759676,1.682485792199723,0.0,-0.4640079461266905,1.677691457069823,0.0,-0.45922373498572433,1.6709393281316085,0.0,-0.45684373947909,1.6640469425074431,0.0,-0.45582312802802816,1.6580178703440274,0.0,-0.45670952144759036,1.6698336543351255,0.0,-0.44839943235343993,1.6638278488612828,0.0,-0.4426517489600419,1.659563138804515,0.0,-0.43921030614685563,1.655365990848295,0.0,-0.45704381708892905,1.6685580341798967,0.0,-0.449322290246477,1.661911408753932,0.0,-0.44487953627631566,1.6563220374672867,0.0,-0.44196102935878745,1.6511914017379623,0.0,-0.4578519161964262,1.6673178966213584,0.0,-0.45087598654928107,1.6606097085526446,0.0,-0.4466962616721749,1.655530786902524,0.0,-0.44429837368322006,1.6506743295991353,0.0,-0.4594727908303278,1.666045247323026,0.0,-0.45416048590415464,1.6598366193463947,0.0,-0.4525798833629405,1.6546346852699048,0.0,-0.4529834841926527,1.6501599306100538,0.0
-0.46959050602520475,1.6824063527360669,0.0,-0.4641381529956516,1.677554746058758,0.0,-0.459371217039108,1.670790409947518,0.0,-0.4569831921602538,1.6639008021661,0.0,-0.4559325703528391,1.6578768871016674,0.0,-0.4567885619117265,1.6697549627081407,0.0,-0.4485273480820619,1.6636821029038213,0.0,-0.442886002928802,1.6592776913516578,0.0,-0.43950457682056243,1.655032042157795,0.0,-0.45710835331957106,1.6684922542400555,0.0,-0.44943596842821737,1.6617889627790854,0.0,-0.44508771406428815,1.6561257641947225,0.0,-0.4422252855077602,1.6509636320409071,0.0,-0.4579112220923967,1.6672542162455464,0.0,-0.4509772901295746,1.6605026261260185,0.0,-0.44689020393309636,1.6553488632677837,0.0,-0.4445458589571934,1.650466334109533,0.0,-0.45953475252117415,1.6659766999906538,0.0,-0.454252428186106,1.6597425445065486,0.0,-0.4526696635941305,1.6545412678578952,0.0,-0.45300404338802014,1.6500608088357591,0.0
-0.4695490563375508,1.6822727949381817,0.0,-0.4641459334256827,1.6773664211540689,0.0,-0.45939543682945044,1.6705905298083636,0.0,-0.4569997231220624,1.6637035918794991,0.0,-0.4559202535322101,1.6576847793479197,0.0,-0.45674642180524433,1.6696221035833378,0.0,-0.4485323998357132,1.6634855635788712,0.0,-0.4429937554380693,1.6589526798945606,0.0,-0.43966973243882806,1.6546619397831874,0.0,-0.45705233112480914,1.668371783029666,0.0,-0.44942712559197334,1.6616148719814283,0.0,-0.44516726618259006,1.6558848866383713,0.0,-0.44235711906452924,1.6506941083932973,0.0,-0.45785020883292693,1.6671357582244102,0.0,-0.4509563701517467,1.660343235140532,0.0,-0.44695551888462254,1.6551222453574819,0.0,-0.44466057469908804,1.6502163024784327,0.0,-0.4594763005195543,1.6658535605437375,0.0,-0.4542221815925871,1.65959561525138,0.0,-0.4526375067561269,1.654394920279347,0.0,-0.45291065350541826,1.6499103117402487,0.0
-0.4693290586483909,1.6823753983373495,0.0,-0.46397402310672625,1.6774165844410944,0.0,-0.4592392435966929,1.670629701177697,0.0,-0.4568361951496055,1.663745319116484,0.0,-0.45572898955095453,1.6577315470350005,0.0,-0.45652584708402416,1.6697252909717422,0.0,-0.44835743917458265,1.6635281632203291,0.0,-0.44291782369613497,1.658876905357592,0.0,-0.439648766123442,1.654544141552669,0.0,-0.45681845029140483,1.668486879638022,0.0,-0.44923860550108174,1.6616791223504566,0.0,-0.44506160235450637,1.655888459268144,0.0,-0.4423003505921452,1.650671506678793,0.0,-0.4576115482580766,1.6672528038620822,0.0,-0.4507560536937687,1.6604215831888862,0.0,-0.4468356536037317,1.6551399159984623,0.0,-0.4445864729355035,1.6502128244964827,0.0,-0.4592400878555278,1.6659661224176314,0.0,-0.45401258214990725,1.659685929022635,0.0,-0.4524262692592155,1.654485733454941,0.0,-0.4526449240351602,1.6499981379980666,0.0
-0.46888366603680715,1.6829922793896355,0.0,-0.4635755490287474,1.6779832740254008,0.0,-0.45885576959323476,1.6711859507640185,0.0,-0.456445728795584,1.6643040134235991,0.0,-0.4553118594444259,1.658295211614568,0.0,-0.4560798916394037,1.6703427416943786,0.0,-0.44795556873976533,1.664087930940665,0.0,-0.44261134298535715,1.6593273776802802,0.0,-0.43939496561524893,1.654955364846826,0.0,-0.4563597568676152,1.669115753446688,0.0,-0.4488235343755949,1.6622597373380026,0.0,-0.4447243376454072,1.656413736962825,0.0,-0.44200892935467645,1.6511727767999054,0.0,-0.4571483137076764,1.6678835263265375,0.0,-0.4503295094974241,1.6610156816319188,0.0,-0.4464843065769657,1.6556790197842033,0.0,-0.44427764732335306,1.6507327384248731,0.0,-0.4587792628589504,1.6665925018213876,0.0,-0.4535768942974493,1.6602914696574356,0.0,-0.4519891137662454,1.6550917220179662,0.0,-0.4521588564312817,1.6506020104099373,0.0
-0.4683156705985261,1.6840541861890248,0.0,-0.4630532317426308,1.6789972129640465,0.0,-0.4583476528795791,1.6721900513673735,0.0,-0.45593086874532146,1.6653104792402569,0.0,-0.45477132665377845,1.6593065787561005,0.0,-0.4555111712187464,1.6714053823579682,0.0,-0.44742938482464595,1.6650957065483492,0.0,-0.44217681423358096,1.660234213110637,0.0,-0.4390108535504711,1.6558255542946436,0.0,-0.4557788554818964,1.6701893190834622,0.0,-0.4482845162145057,1.6632875450160913,0.0,-0.4442583479886293,1.6573910118281663,0.0,-0.441585893282496,1.6521280191948495,0.0,-0.45656313179069075,1.6689587979866356,0.0,-0.44977938589087635,1.6620563221138849,0.0,-0.4460044516058683,1.656669726127528,0.0,-0.44383728330385586,1.6517060152276102,0.0,-0.4581965222789668,1.6676635027024997,0.0,-0.4530178603369246,1.6613429722286472,0.0,-0.4514286164209868,1.6561436716694284,0.0,-0.45155411991307476,1.6516525056995408,0.0
-0.4678405140242411,1.685257862510326,0.0,-0.4626226112898481,1.6801549484443636,0.0,-0.45793053867238165,1.6733384701753424,0.0,-0.45550719845622023,1.6664612047012943,0.0,-0.45432286714775394,1.6604621449218373,0.0,-0.455035276588567,1.6726098058635783,0.0,-0.4469945546172027,1.6662478823870204,0.0,-0.44182980569423347,1.6612931891753544,0.0,-0.43871202571657286,1.6568503266281074,0.0,-0.4552912508265878,1.6714042613063254,0.0,-0.447837150270279,1.6644590477582604,0.0,-0.4438794989262034,1.6585163101687235,0.0,-0.4412472773863455,1.6532330805333784,0.0,-0.456071413494567,1.6701753830678427,0.0,-0.449321195517013,1.6632401153107434,0.0,-0.44561193296656076,1.6578080883862727,0.0,-0.4434814622891962,1.6528285162118683,0.0,-0.4577071459782709,1.668875966407811,0.0,-0.4525508817953791,1.6625371506937299,0.0,-0.4509602547986279,1.6573382730949933,0.0,-0.4510457763282411,1.65284616791328,0.0
-0.4675814831659932,1.686540211483947,0.0,-0.4624072347982054,1.681393038013135,0.0,-0.457728316532846,1.6745675237244018,0.0,-0.4552987354046692,1.667692460543208,0.0,-0.45409048335030766,1.6616981727741027,0.0,-0.4547759177227286,1.673892486929641,0.0,-0.44677503963692694,1.6674805270109814,0.0,-0.44169457714624194,1.6624394440777435,0.0,-0.43862303213484727,1.6579644925868546,0.0,-0.45502055625046567,1.6726971847864995,0.0,-0.4476053357176877,1.6657104752045822,0.0,-0.44371229701396026,1.6597252113114327,0.0,-0.4411180223873095,1.6544232451877956,0.0,-0.45579665477369247,1.6714700179492066,0.0,-0.4490786987046233,1.664503494579461,0.0,-0.445431140566194,1.6590298427086219,0.0,-0.4433350657401295,1.6540356946660875,0.0,-0.45743444197100647,1.67016678109029,0.0,-0.4522995268415662,1.663810658719355,0.0,-0.4507078990480387,1.6586120874255947,0.0,-0.4507574054265825,1.654119440987905,0.0
-0.4675637674134851,1.6881197877718568,0.0,-0.46243223131469,1.682930030727741,0.0,-0.457766124255736,1.676095751954235,0.0,-0.45533074521017286,1.669222740452118,0.0,-0.45409952483674043,1.6632331281710302,0.0,-0.4547581014065899,1.6754721650370035,0.0,-0.44679593916326016,1.6690121919292225,0.0,-0.4417967260260917,1.6638905238153945,0.0,-0.43876980279106603,1.6593852696236653,0.0,-0.4549918474196968,1.6742867439711147,0.0,-0.4476142752810767,1.6672602914044745,0.0,-0.44378255747881,1.6612355861915076,0.0,-0.44122435598786236,1.6559161209226678,0.0,-0.4557640569866566,1.673061243776719,0.0,-0.4490772212459395,1.6660648440322916,0.0,-0.4454879776640573,1.6605527776605684,0.0,-0.4434243970300633,1.6555451155998642,0.0,-0.4574038345279662,1.6717543537222985,0.0,-0.45228933183184855,1.6653817948051712,0.0,-0.45069698239216843,1.6601834445099921,0.0,-0.45071356844956995,1.6556905559293236,0.0
-0.46777544088080314,1.6898373851205326,0.0,-0.46268515041558517,1.684607166779976,0.0,-0.4580308908808826,1.6777648141419395,0.0,-0.45558988228475134,1.6708938000073728,0.0,-0.45433657407650047,1.6649087705654364,0.0,-0.45496892960285207,1.677190618276353,0.0,-0.44704400281991163,1.6706850194855118,0.0,-0.4421227757263844,1.665488372474893,0.0,-0.43913863894726823,1.6609546645788813,0.0,-0.45519238104981974,1.6760144737624518,0.0,-0.4478508697077341,1.6689503519100335,0.0,-0.4440769993537008,1.6628892433670104,0.0,-0.4415527888999946,1.6575535646660315,0.0,-0.4559611378364893,1.6747902871615366,0.0,-0.4493039880383428,1.6677656349870733,0.0,-0.44576951065249076,1.6622182919487112,0.0,-0.4437362818935819,1.6571982296820498,0.0,-0.45760332320236297,1.6734795218797345,0.0,-0.4525080354401079,1.6670915889119688,0.0,-0.4509145514985551,1.661893586270814,0.0,-0.45090024448120974,1.6574006898548195,0.0
-0.4680622084682158,1.6908944119766347,0.0,-0.46301173101621956,1.685625738669524,0.0,-0.45836823090748147,1.6787760796867888,0.0,-0.45592135540848133,1.6719071526602296,0.0,-0.4546465093102225,1.665926673890811,0.0,-0.4552541724680531,1.6782491892999927,0.0,-0.44736484136474824,1.67170046920483,0.0,-0.4425175470895037,1.6664347921858493,0.0,-0.4395738906636927,1.661874697181399,0.0,-0.4554677592637042,1.6770818770044276,0.0,-0.4481605365120609,1.6699822923694188,0.0,-0.4444405501004711,1.6638879642426319,0.0,-0.44194785298441225,1.6585374907400088,0.0,-0.45623328706784794,1.675858803179036,0.0,-0.44960424308358593,1.6688076218977277,0.0,-0.4461206440178192,1.6632281879904793,0.0,-0.444115317453747,1.6581969148197364,0.0,-0.45787798727525775,1.6745440815040848,0.0,-0.4528006221697866,1.6681418937087606,0.0,-0.45120553789624546,1.6629443819300591,0.0,-0.4511626088524278,1.6584516678291175,0.0
-0.46808514769288456,1.6906625070883232,0.0,-0.4630743001993079,1.685356129010359,0.0,-0.4584418528520743,1.6784989901744651,0.0,-0.45598928949440826,1.6716320919532568,0.0,-0.45469338120111197,1.6656561417709779,0.0,-0.45527701431183687,1.6780173830471514,0.0,-0.4474225124188494,1.6714269293332245,0.0,-0.44264572544350617,1.6660972086603156,0.0,-0.43974085953983616,1.661512305860416,0.0,-0.4554807082210785,1.6768590879928584,0.0,-0.44820691162184223,1.6697252608737922,0.0,-0.44453784553829134,1.6636001414223942,0.0,-0.44207496960853926,1.6582358756040991,0.0,-0.45624257207089836,1.6756376504817512,0.0,-0.4496408429858972,1.6685608888851307,0.0,-0.44620528950109534,1.6629517430116996,0.0,-0.44422634714443726,1.657910033827679,0.0,-0.4578887643198426,1.6743197584217542,0.0,-0.4528287641582312,1.6679038373385935,0.0,-0.45123298942936246,1.6627065375065515,0.0,-0.4511650101253401,1.6582141326149786,0.0
-0.4677007289459132,1.6895401478952274,0.0,-0.4627297475662324,1.6841964052898009,0.0,-0.4581094583781214,1.6773310684985108,0.0,-0.4556523616866455,1.6704657910785852,0.0,-0.454336447178952,1.6644942144112254,0.0,-0.4548944845484047,1.6768931108052758,0.0,-0.4470748346970771,1.6702613420860735,0.0,-0.4423673437720574,1.6648703175591493,0.0,-0.43950099592769154,1.660261236345075,0.0,-0.4550884031901035,1.6757439342062184,0.0,-0.44784805951521905,1.6685761570192972,0.0,-0.44422893809697506,1.66242139509219,0.0,-0.4417956543781614,1.6570436412898637,0.0,-0.4558463781401885,1.674524579961069,0.0,-0.4492719393146946,1.6674224580431496,0.0,-0.4458833301496066,1.6617848279468552,0.0,-0.4439306167952579,1.656732902086061,0.0,-0.45749333312525764,1.6732042751475242,0.0,-0.45245077762787383,1.6667746344859742,0.0,-0.45085576648468045,1.6615771002645834,0.0,-0.45076549295496493,1.6570850880667554,0.0
-0.4672608785903608,1.6886338367808298,0.0,-0.46232744998322506,1.6832554054957358,0.0,-0.45771780674095164,1.676382916090973,0.0,-0.4552567308911969,1.6695190641210107,0.0,-0.4539221235084621,1.6635516373707553,0.0,-0.4544541602590021,1.6759872796088335,0.0,-0.4466678772354803,1.6693163668661892,0.0,-0.4420281075038332,1.6638669491820386,0.0,-0.4391993233121938,1.6592347186610084,0.0,-0.4546394060781537,1.6748459905114859,0.0,-0.44743103408037743,1.667646061381733,0.0,-0.44385996851684556,1.6614632929920616,0.0,-0.4414551958128634,1.656072729583951,0.0,-0.4553947302491952,1.6736275901829638,0.0,-0.44884627928033544,1.6665014992829266,0.0,-0.4455024382588208,1.6608372012329295,0.0,-0.4435746474312893,1.6557757126305026,0.0,-0.4570442450058737,1.6723037398408538,0.0,-0.4520180288400696,1.6658613182437008,0.0,-0.45042254562390915,1.660663928914779,0.0,-0.4503091072404719,1.6561724420085568,0.0
-0.4671571647872595,1.6886093159182594,0.0,-0.4622572744251075,1.6832003127430826,0.0,-0.4576542214950179,1.6763234075407107,0.0,-0.45518739384302753,1.669461620635015,0.0,-0.45383414362894914,1.663498393929295,0.0,-0.4543449565666664,1.6759683205762979,0.0,-0.4465884545095332,1.66926280374461,0.0,-0.44201040525302127,1.6637614328914507,0.0,-0.439215275397205,1.6591088176385036,0.0,-0.4545225964084253,1.6748334691201845,0.0,-0.4473424430099821,1.6676053985957213,0.0,-0.4438136947201523,1.6613983808153068,0.0,-0.44143339097193024,1.6559969680666937,0.0,-0.45527652335033403,1.6736145410797458,0.0,-0.44875083919548725,1.6664675957239776,0.0,-0.44544626498304657,1.6607802998418526,0.0,-0.4435392821799434,1.6557109348978107,0.0,-0.4569306139607447,1.6722854277153405,0.0,-0.4519180295562697,1.6658323941210635,0.0,-0.4503188052580366,1.6606361546949613,0.0,-0.45018111560413765,1.6561453458084898,0.0
-0.46728047424825603,1.689104941749799,0.0,-0.4624152462035617,1.683664739824934,0.0,-0.45781957697218567,1.6767828980834087,0.0,-0.45534571188466944,1.6699236452281359,0.0,-0.45397279087433706,1.6639649166066008,0.0,-0.4544662405724141,1.6764659996253866,0.0,-0.4467386615076486,1.669727171690192,0.0,-0.44221628104576066,1.6641799479506107,0.0,-0.4394517562804519,1.6595090826747945,0.0,-0.4546351474633803,1.675338969803468,0.0,-0.4474821385646746,1.668084035618596,0.0,-0.44399131354884197,1.6618556108636362,0.0,-0.4416326775945485,1.6564447013236612,0.0,-0.4553857676713138,1.6741213217312936,0.0,-0.4488819132524372,1.6669545051921868,0.0,-0.4456129838878617,1.6612466469260962,0.0,-0.44372461905428007,1.6561703172872229,0.0,-0.4570411020247459,1.6727890928801539,0.0,-0.4520415897269912,1.6663259263369297,0.0,-0.4504402428600357,1.6611303406393272,0.0,-0.45028402372868875,1.6566401381407083,0.0
-0.4672662373151718,1.6893174588815636,0.0,-0.4624423451343464,1.6838405706101127,0.0,-0.45786199728915616,1.6769485219265443,0.0,-0.45538495142235835,1.6700904170879187,0.0,-0.4539936130080299,1.6641359619237137,0.0,-0.4544619819959624,1.6766684079905352,0.0,-0.4467680953100315,1.6698911380529855,0.0,-0.44230509171750426,1.6642960316918758,0.0,-0.4395748448774343,1.6596050475952155,0.0,-0.4546203140915704,1.6755520348435529,0.0,-0.4474993474044514,1.6682656475512982,0.0,-0.44405101110237294,1.6620135990096498,0.0,-0.441718108357386,1.656591544934199,0.0,-0.45536460790372507,1.6743393371447404,0.0,-0.44888669747066473,1.6671490619046399,0.0,-0.4456578286109658,1.6614184466616464,0.0,-0.4437926550092565,1.656333550223891,0.0,-0.45701560483323594,1.673008682054684,0.0,-0.4520328831203471,1.6665325621273848,0.0,-0.4504369074069105,1.6613353240097342,0.0,-0.45027038352498283,1.656845491864503,0.0
-0.46711497078506276,1.6889721301959695,0.0,-0.4623296846913729,1.6834614788813131,0.0,-0.4577646106376204,1.676559303838374,0.0,-0.4552888907432001,1.6697007202230658,0.0,-0.45388342619036176,1.6637495835016967,0.0,-0.4543172705960435,1.676316447180213,0.0,-0.4466578947934357,1.6695001987650813,0.0,-0.442261186521882,1.6638528478255794,0.0,-0.43956911588523645,1.659139851401844,0.0,-0.45446765445376525,1.6752079860983673,0.0,-0.4473799406093448,1.667889248584875,0.0,-0.4439788465754142,1.661611375251355,0.0,-0.44167537994901523,1.6561767504146487,0.0,-0.4552090242996428,1.67399743982532,0.0,-0.4487580441261312,1.6667829934565321,0.0,-0.44557242033605887,1.6610282261941236,0.0,-0.4437331915866699,1.6559338879687373,0.0,-0.4568608496125818,1.672665546652849,0.0,-0.4518955874346006,1.6661760307629876,0.0,-0.4503041669624064,1.6609773959989251,0.0,-0.4501219070546827,1.6564881751064273,0.0
-0.46723018572872305,1.6886357843942104,0.0,-0.462465427312845,1.6831073743019231,0.0,-0.4578975481506267,1.6762070553673385,0.0,-0.45541676603489967,1.669350301157212,0.0,-0.4539974777703069,1.6634024461062122,0.0,-0.45441201031874645,1.676000839919366,0.0,-0.4467743973490352,1.6691602150745688,0.0,-0.4424312192006039,1.6634715931122628,0.0,-0.4397670854900491,1.6587427485202808,0.0,-0.45456010861299806,1.674892589023226,0.0,-0.4474927395244084,1.6675542036083384,0.0,-0.44412512097123075,1.6612583097480789,0.0,-0.4418404022353772,1.6558157767061288,0.0,-0.4553064963457891,1.673675218064361,0.0,-0.44887154985325145,1.6664464667721024,0.0,-0.44571536669808043,1.6606755003827203,0.0,-0.44389026254189423,1.6555760848116687,0.0,-0.45697276760373495,1.6723312745494512,0.0,-0.4520155293507786,1.6658356272465045,0.0,-0.45041284080120164,1.6606404552625857,0.0,-0.4501993339521455,1.656152611936331,0.0
-0.46778380471904996,1.6890564725473731,0.0,-0.4630372913070475,1.6835123899956912,0.0,-0.458459883089105,1.6766183885853396,0.0,-0.4559626137895658,1.6697676218947144,0.0,-0.4545218046756143,1.6638249433754886,0.0,-0.4549436865970338,1.676443827728145,0.0,-0.44731938683591044,1.6695883676199617,0.0,-0.4430051872566696,1.6638777373351752,0.0,-0.44035465419317626,1.6591412561431762,0.0,-0.45508640939066364,1.6753385126043592,0.0,-0.44802999127612736,1.6679895963764633,0.0,-0.444676821665888,1.6616859952006016,0.0,-0.4423970330740786,1.6562413951609902,0.0,-0.45583336159972015,1.6741172683295384,0.0,-0.4494065589845602,1.6668812756711033,0.0,-0.44626423914724145,1.6611027489370338,0.0,-0.44444128106562314,1.656002565785433,0.0,-0.45750733818059247,1.6727639618951549,0.0,-0.4525520080280619,1.666266858843773,0.0,-0.450934605917398,1.6610762487696238,0.0,-0.45069831128233867,1.6565895475603782,0.0
-0.468308120815377,1.6900643448305561,0.0,-0.46361645866271234,1.684473768191654,0.0,-0.4590652821564131,1.6775624214453153,0.0,-0.4565618455370621,1.6707139060370906,0.0,-0.4550976443354941,1.6647769477479462,0.0,-0.45550378106446066,1.6774153794077862,0.0,-0.4479153751802847,1.6705202089037767,0.0,-0.4436439929736635,1.6647774821730328,0.0,-0.44102152202333855,1.6600254062353468,0.0,-0.45562857519194744,1.6763298846698205,0.0,-0.44860556375294364,1.6689490367063808,0.0,-0.4452853672277314,1.6626280059950707,0.0,-0.44302604020154,1.6571748833113782,0.0,-0.45635779394354,1.6751250476226296,0.0,-0.44995799727069363,1.6678651589076852,0.0,-0.44684943717875475,1.6620684012509284,0.0,-0.44504730143575166,1.656960823438403,0.0,-0.4580078316279412,1.673786884631745,0.0,-0.45307112529053023,1.6672756193538578,0.0,-0.451471182964024,1.662079600966545,0.0,-0.4512504833368999,1.6575921056105374,0.0
-0.46829388062936905,1.690316696845282,0.0,-0.4636727552698817,1.684667675574116,0.0,-0.45917381625744524,1.6777222116441832,0.0,-0.4566927580708807,1.670865557323111,0.0,-0.45522262037946065,1.6649300662689537,0.0,-0.45554836650785185,1.6776084588674371,0.0,-0.4480199423208471,1.670647847586603,0.0,-0.44384305576926203,1.6648360290248934,0.0,-0.4412812409099762,1.6600509810387627,0.0,-0.4556580815239256,1.6765419789138563,0.0,-0.4486943395974446,1.6691051849330367,0.0,-0.44544932380388375,1.6627452315748037,0.0,-0.44324250743090815,1.657270647836231,0.0,-0.4563730855906758,1.6753538241579944,0.0,-0.45002189079626825,1.6680513789311786,0.0,-0.4469825021751894,1.6622180555228274,0.0,-0.44523052177488553,1.657093057081446,0.0,-0.458002890878501,1.674033355731855,0.0,-0.45310226346203913,1.6674948929227633,0.0,-0.4515381212652319,1.6622879858064799,0.0,-0.45133074053017735,1.6577998552238953,0.0
-0.4679891501023853,1.6885457818894962,0.0,-0.4633599099339576,1.6829034085968826,0.0,-0.45884324718509795,1.6759694574106772,0.0,-0.4563720419284867,1.6691092458407986,0.0,-0.4549072093877222,1.6631724432911739,0.0,-0.45518426727969513,1.6758973662329604,0.0,-0.4476719065823487,1.668919421199118,0.0,-0.4435672469784157,1.663056368598733,0.0,-0.4410397137574135,1.6582531243389058,0.0,-0.4553082941329316,1.6748125315456979,0.0,-0.44836103079160267,1.667360341371124,0.0,-0.4451582262491638,1.6609790266725457,0.0,-0.44297628966963304,1.6554944794371227,0.0,-0.4560504511743725,1.6735971906074798,0.0,-0.4497119540704648,1.666283721111344,0.0,-0.44670400518123343,1.6604341238041667,0.0,-0.4449673153478473,1.6553039237330365,0.0,-0.45772968487445703,1.672242560088097,0.0,-0.45283351778480024,1.665700756605034,0.0,-0.4512425112288582,1.6605019951498037,0.0,-0.4509704543800906,1.656017320360408,0.0
-0.4678436092566185,1.685425243982311,0.0,-0.4631463799881658,1.6798393440449888,0.0,-0.45853345274173984,1.6729690584862367,0.0,-0.4560068206194083,1.6661290666498232,0.0,-0.45451453274441783,1.6601991057912786,0.0,-0.45489309868685934,1.6729259752554662,0.0,-0.44732831946826873,1.666004891849211,0.0,-0.4431775330396652,1.6601744040237232,0.0,-0.4406080525152283,1.655393467981757,0.0,-0.4550343178518922,1.6718117092895037,0.0,-0.44803169481653893,1.6644115149031022,0.0,-0.4447716799479398,1.65805923678609,0.0,-0.4425397884714933,1.6525948277556417,0.0,-0.4558089504105873,1.6705537981928071,0.0,-0.4494232484015552,1.6632815089068258,0.0,-0.4463602813144953,1.6574605315146733,0.0,-0.4445680902645257,1.6523494557387117,0.0,-0.4575521608571499,1.6691421927415342,0.0,-0.4526114766349849,1.6626339453278518,0.0,-0.45093731800195824,1.657461362278649,0.0,-0.4505817179760592,1.652982537486677,0.0
-0.4668909140884905,1.6813483619842513,0.0,-0.4622719417606948,1.6756975801316896,0.0,-0.45768495106613305,1.6688099508002272,0.0,-0.4551082440280562,1.661988665067777,0.0,-0.4535540574730909,1.656074625582106,0.0,-0.45401749460529695,1.6687697088952653,0.0,-0.4464705522462352,1.6618291800125822,0.0,-0.4422743926564166,1.6560312613381083,0.0,-0.4396866715501742,1.6512601735083634,0.0,-0.4541160362261385,1.6677025286009268,0.0,-0.44712453809616004,1.6602918228160306,0.0,-0.44383528779218506,1.653954633639656,0.0,-0.44157887844968796,1.6485003030213516,0.0,-0.45483743095936474,1.6664921694078747,0.0,-0.4484601613835305,1.659212484362195,0.0,-0.44538508134012417,1.6533978968529208,0.0,-0.4435787500915689,1.6482918013027275,0.0,-0.4564995988216695,1.6651288602997292,0.0,-0.4515647830704169,1.6586161620507665,0.0,-0.44991445931363927,1.6534359251809647,0.0,-0.44962942139981676,1.6489520567302531,0.0
-0.46111556031919837,1.6712874222694352,0.0,-0.4567665845669857,1.6654263088242909,0.0,-0.45242100518771733,1.6583838759138476,0.0,-0.44993799303106585,1.6515279289454323,0.0,-0.4483822502567285,1.6456142986470614,0.0,-0.44859213558627126,1.65836026961767,0.0,-0.4412367222517146,1.6512170788166214,0.0,-0.4372588093361801,1.6452673036027612,0.0,-0.43483911099515654,1.640408842988402,0.0,-0.44861559689823977,1.6573893221259566,0.0,-0.441813828164336,1.649804103050526,0.0,-0.438730461895051,1.643364228310378,0.0,-0.43663309921411286,1.63784678547884,0.0,-0.4492391854674574,1.6562892679232684,0.0,-0.443019105772325,1.6488748232243475,0.0,-0.4401444649057943,1.6429585756750276,0.0,-0.4385068467835397,1.6377958969872846,0.0,-0.4507386794178475,1.6550586820032325,0.0,-0.4459316616562839,1.648451093545946,0.0,-0.44447888444338907,1.6432120229318836,0.0,-0.44438195105456846,1.6387201495127262,0.0
-0.42993692668249,1.6434472591864844,0.0,-0.4255770914521334,1.6375942191495185,0.0,-0.4212720987608262,1.6305269028719342,0.0,-0.41892004847086595,1.6236249308611754,0.0,-0.41746103979878435,1.6176866943737573,0.0,-0.41735170535698995,1.6305802608220052,0.0,-0.4100909004069529,1.6233409244145798,0.0,-0.40637985028040835,1.617221143109883,0.0,-0.40409355766512134,1.6122984969027994,0.0,-0.41743096896910054,1.6295545526541209,0.0,-0.4107315978427183,1.6218787443681626,0.0,-0.40782658165140373,1.6153564736632962,0.0,-0.40585010591234966,1.6097945810656626,0.0,-0.4181361019896188,1.6283895883845765,0.0,-0.41199929388393924,1.6209060753137507,0.0,-0.409258718300914,1.614926544341334,0.0,-0.4077123462356403,1.6097358047232302,0.0,-0.4197638351270384,1.6270900015901424,0.0,-0.41501598933949,1.6204397681086387,0.0,-0.41355139496101445,1.6152039887171845,0.0,-0.41330611193707706,1.610717769915814,0.0
-0.37342577732884463,1.6406059231056727,0.0,-0.3685660153971781,1.6351608377181228,0.0,-0.36376646108072025,1.6284196063912073,0.0,-0.36124307993481997,1.6215784145508687,0.0,-0.3597832469111443,1.6156403806650863,0.0,-0.3600615835161911,1.6285499799048626,0.0,-0.3524698557136903,1.6216584670727556,0.0,-0.3485014950325469,1.6157023164900892,0.0,-0.34599579601425734,1.6108876459891541,0.0,-0.36029301456205176,1.627304163250879,0.0,-0.35326705075902265,1.619926125641168,0.0,-0.35008613307198794,1.6135338727607142,0.0,-0.3478901784680969,1.6080549231358015,0.0,-0.3612289826385567,1.6258671608546058,0.0,-0.35482065038508775,1.6186148054209346,0.0,-0.3517985733823027,1.6127724945968172,0.0,-0.3500071494396261,1.6076611499004756,0.0,-0.36327177091273677,1.6242368112919447,0.0,-0.35828915131383143,1.6177606127995068,0.0,-0.35645642635245917,1.6126420640065966,0.0,-0.35583668337491886,1.6081920930474336,0.0
-0.3528751542619275,1.6444020922377387,0.0,-0.3479772277465576,1.6389913107082164,0.0,-0.34298215640497465,1.6323936456870052,0.0,-0.34010797253458264,1.625692270806954,0.0,-0.33839295912487477,1.619822851083486,0.0,-0.33943183197249166,1.632434447166728,0.0,-0.33162502157891083,1.6257875688301675,0.0,-0.327087263573157,1.6202529172114783,0.0,-0.32422171807764744,1.6156433371204075,0.0,-0.3395699996584088,1.6312727687936335,0.0,-0.3322997602656669,1.624135316481778,0.0,-0.32865268410737175,1.61799707815837,0.0,-0.3260891382140597,1.612680186390846,0.0,-0.3403816832669929,1.6299139558527775,0.0,-0.3337687513672086,1.6228476616828489,0.0,-0.33037372061615894,1.6172138963899219,0.0,-0.3282485515971166,1.6122320592802089,0.0,-0.34224483479963186,1.6283382204753576,0.0,-0.33710258702948626,1.6219880289151536,0.0,-0.33509480924852336,1.6169355789241382,0.0,-0.33448451621989267,1.6124843021056503,0.0
-0.33732253004614626,1.6394049197373015,0.0,-0.33440954624100067,1.632713076473959,0.0,-0.33092933818000614,1.6252052090475986,0.0,-0.32830063317344016,1.6184037924163184,0.0,-0.3263015467992035,1.612624950615918,0.0,-0.3265986481844305,1.6249499620915908,0.0,-0.31971742028646394,1.617348910667044,0.0,-0.3154697946473512,1.6115885901300433,0.0,-0.3133631965880145,1.606586408184209,0.0,-0.3260092119939757,1.6245248959545955,0.0,-0.3196252239812335,1.6165848516609562,0.0,-0.31668348746281677,1.6100790603581574,0.0,-0.3148227853583365,1.6044773737109892,0.0,-0.32589614474518913,1.6240611707702277,0.0,-0.32001723724884334,1.6163733994249962,0.0,-0.31757019904532446,1.6102678651152997,0.0,-0.31649445895656425,1.6049595859582992,0.0,-0.32632240861383904,1.6235919821119524,0.0,-0.3217768532013113,1.6168018737937815,0.0,-0.32140406585328574,1.6113779036498195,0.0,-0.324297838990391,1.6079409864371752,0.0
-0.32178856129809835,1.6287435502632934,0.0,-0.32369785824155534,1.6216993451206325,0.0,-0.32413075220370197,1.613435416015349,0.0,-0.3229232822664946,1.6062443538855562,0.0,-0.3209979929841574,1.6004405086028983,0.0,-0.31811310049232244,1.6111242872086553,0.0,-0.31420152229323356,1.6016465851593835,0.0,-0.3155373232736505,1.5946152800173947,0.0,-0.3191831515579869,1.590594395074504,0.0,-0.31567294782097527,1.6110798715716421,0.0,-0.3119705822104463,1.6015881859880505,0.0,-0.31338088070260867,1.5945888865672253,0.0,-0.31643340991591007,1.5895368403464727,0.0,-0.31354486889433425,1.6114798760030835,0.0,-0.3098623593723112,1.602529875711052,0.0,-0.31170082867833143,1.5962143728975633,0.0,-0.31532196358188397,1.592186665564913,0.0,-0.3115024027995793,1.6124571568254562,0.0,-0.3083847149773552,1.6049041661843917,0.0,-0.31038542607084135,1.599848913703077,0.0,-0.3139981435837095,1.5971778474238882,0.0
-0.3116710862713681,1.6196990511249423,0.0,-0.3160228954917807,1.6138400411898666,0.0,-0.3190709290297967,1.6061465755864635,0.0,-0.31912954305533664,1.5988550789911264,0.0,-0.31731192814784587,1.5930166172987128,0.0,-0.31407769196781404,1.6018621317792379,0.0,-0.312410391933807,1.5917454430552058,0.0,-0.31195195073761683,1.5846030731453875,0.0,-0.31225431564392253,1.5791838338015065,0.0,-0.31073386128141955,1.6010301496456993,0.0,-0.3088033998628357,1.5910265040580573,0.0,-0.3078843871907174,1.583945928521574,0.0,-0.30739145130896944,1.5780639118749498,0.0,-0.3072069463166215,1.601096245748469,0.0,-0.30489407452469197,1.5916986925732404,0.0,-0.30407092153500803,1.5851727470990629,0.0,-0.3035940346585869,1.5797775989774345,0.0,-0.3032929968749483,1.6023537553380642,0.0,-0.3005903566536056,1.5946425050623414,0.0,-0.3000182328695827,1.5892359260233193,0.0,-0.2997393047233512,1.5847516733559464,0.0
-0.30745576483581566,1.6164435214852788,0.0,-0.31166730014554117,1.6104828829922044,0.0,-0.31389412324221216,1.6025128654052885,0.0,-0.3128849150206519,1.5952913103809647,0.0,-0.3103428541297558,1.5897299000101424,0.0,-0.3107778522798816,1.598754225916,0.0,-0.30711801911588693,1.5891764964693051,0.0,-0.30273236365680944,1.5835205577803424,0.0,-0.2993308770761934,1.5792909633973407,0.0,-0.3076871769378586,1.597752541800883,0.0,-0.30370701895149527,1.5883739518889946,0.0,-0.2990549989615889,1.5829575098619004,0.0,-0.2947916550016666,1.578875230609562,0.0,-0.3044153914855508,1.5975557200435675,0.0,-0.30007032549517765,1.5889079583015642,0.0,-0.29565342431492686,1.5840338912995358,0.0,-0.29174458568318296,1.580284754745848,0.0,-0.3007769935456668,1.5983757135960364,0.0,-0.29635787231696437,1.5915026493196829,0.0,-0.29269344522888197,1.5874863828138883,0.0,-0.28943502410116306,1.58439300041754,0.0
-0.306162636694175,1.6161705834992965,0.0,-0.3047322026582572,1.609013761622299,0.0,-0.30238725567908836,1.6010776955247603,0.0,-0.2990985409298135,1.594569722453081,0.0,-0.295696298583939,1.5894887672372136,0.0,-0.3071278438098656,1.5981979426820112,0.0,-0.30125328168277027,1.5897945624123069,0.0,-0.29530128261428057,1.5858199777361754,0.0,-0.290356038398601,1.583582984385689,0.0,-0.3049928824085639,1.597514808306752,0.0,-0.298944606153692,1.5893161522780763,0.0,-0.2925346413572598,1.5861710790630528,0.0,-0.28671398825384836,1.5851907204223366,0.0,-0.30273965440695316,1.5973483597817897,0.0,-0.29668620484296654,1.5897972585386977,0.0,-0.290682373820796,1.587110334975664,0.0,-0.2853684586998112,1.5860627900199789,0.0,-0.30027512250117305,1.5978296771831983,0.0,-0.29487635307102184,1.5916960865854393,0.0,-0.2899346222135499,1.5894294329591108,0.0,-0.2854802473732102,1.588842178604209,0.0
-0.3053993391069197,1.6158701591721552,0.0,-0.302519472485722,1.609163997143521,0.0,-0.29971612841245016,1.601378036480477,0.0,-0.2966718343177076,1.5947522058405863,0.0,-0.2936182018770701,1.5894544055609232,0.0,-0.30507087676532896,1.597874616523669,0.0,-0.2998565531219064,1.5890463602358167,0.0,-0.2938445002723259,1.5851632124414505,0.0,-0.2884920674100377,1.5842626337066752,0.0,-0.30377817336981205,1.597248180362794,0.0,-0.2983774140898814,1.5886092333475594,0.0,-0.29153381775096937,1.586573472219777,0.0,-0.28590677151283206,1.5883560142946085,0.0,-0.3022403465777306,1.597001834402557,0.0,-0.29691095862228806,1.5889234059893358,0.0,-0.2904639654746552,1.5876188660203283,0.0,-0.2853098711479464,1.5892833046700239,0.0,-0.3004401159601237,1.5972567829698385,0.0,-0.29585071799960194,1.5904962303784587,0.0,-0.2906037869702481,1.5890721035222262,0.0,-0.28650815910589467,1.5909193055394224,0.0
-0.3055426174167872,1.6150422677855356,0.0,-0.30624175706311363,1.6077774591393896,0.0,-0.30567503535655177,1.5995216279912297,0.0,-0.30465098285470915,1.5923021630057013,0.0,-0.30310372620149206,1.5863863067080222,0.0,-0.3039470377364841,1.5971145917452025,0.0,-0.3006227701478259,1.587415286350415,0.0,-0.2973717878435314,1.5810391801470802,0.0,-0.29604322615368917,1.5757766234073276,0.0,-0.30310277981494854,1.596509770231236,0.0,-0.2994158890212706,1.5870120630022633,0.0,-0.2940020801315974,1.5823569789508787,0.0,-0.29063967803947716,1.5872083043146927,0.0,-0.3020560252879838,1.596231723169872,0.0,-0.2984296960092758,1.5872588129636156,0.0,-0.2929014053917178,1.5836946092623405,0.0,-0.290368295244987,1.588481925559781,0.0,-0.3008119999804553,1.5963694820656769,0.0,-0.2978283602389993,1.58876254188752,0.0,-0.29580153855567687,1.5837177013158614,0.0,-0.29568282542601276,1.5882090519020935,0.0
-0.3076709745986663,1.6147546669963286,0.0,-0.3079397212494044,1.6074612441957568,0.0,-0.3069781310757474,1.5992420431532257,0.0,-0.305644915334251,1.5920732291655129,0.0,-0.3039009593843952,1.586212343862875,0.0,-0.3025716866467335,1.5974935921425832,0.0,-0.29853029663981323,1.5880705115977547,0.0,-0.29585181172116265,1.5814335443084273,0.0,-0.29782027299871516,1.5763754083077242,0.0,-0.3017866404057707,1.597012601608393,0.0,-0.2975455078235909,1.5877491033084978,0.0,-0.29523699399941394,1.5809926324735912,0.0,-0.30038461246772113,1.5838810801050054,0.0,-0.3009322200894537,1.596849860349088,0.0,-0.29700316301187896,1.5880053201073165,0.0,-0.29535302806959135,1.5816380129960956,0.0,-0.2993535873497882,1.577986907712371,0.0,-0.3000792073179878,1.5970510872050914,0.0,-0.2967868446685592,1.589572585138133,0.0,-0.29888062317023834,1.5845551640759392,0.0,-0.30287911758980407,1.5825061727942829,0.0
-0.31079108046280457,1.61561681770439,0.0,-0.30942548427747857,1.6084473415750757,0.0,-0.3059087955057137,1.6009564923894253,0.0,-0.3013150063919147,1.5952937669164977,0.0,-0.29691894068275054,1.5910433592694098,0.0,-0.3025315715963781,1.5996253213388603,0.0,-0.2955539568984885,1.592112653818588,0.0,-0.2891555325663208,1.5889058201271462,0.0,-0.28414786329933495,1.5868122996196474,0.0,-0.30109298294790837,1.5996370436848666,0.0,-0.2940272233648762,1.5922971085457407,0.0,-0.28719568080290303,1.5902212568065,0.0,-0.2813435515306666,1.5894507449015218,0.0,-0.2997491445682725,1.5999941237909974,0.0,-0.29316648041281085,1.5928996249204954,0.0,-0.2871287078720619,1.5902898647931003,0.0,-0.28227678618339075,1.5878828125971116,0.0,-0.29850828596135764,1.6007781982570184,0.0,-0.29277424393589807,1.5949568232449516,0.0,-0.288744613433197,1.591307097153703,0.0,-0.28680107535338506,1.587256296908329,0.0
-0.3129880140687796,1.6168420292675583,0.0,-0.31208811825798966,1.6095993482418671,0.0,-0.3075503051728781,1.60267922007512,0.0,-0.301372289940397,1.5988060448930463,0.0,-0.29590326596337896,1.5960708784219675,0.0,-0.30544764093346005,1.600499134306644,0.0,-0.29846001495767566,1.5929957775001937,0.0,-0.2923636937412527,1.5892463130204004,0.0,-0.2876030527479826,1.5866394227396199,0.0,-0.30326953375169885,1.6008746433371694,0.0,-0.2960586384785773,1.593677241327287,0.0,-0.2898780209557918,1.590102454444633,0.0,-0.284602138793928,1.5874555367978584,0.0,-0.30134229477930347,1.6016640802743236,0.0,-0.2944939314852107,1.5948257104540173,0.0,-0.2888540030033637,1.591440928053919,0.0,-0.2842173713907904,1.5886415188954541,0.0,-0.29955903640182974,1.6030320970921548,0.0,-0.29350271810213285,1.5975467845546953,0.0,-0.2892308137211126,1.5941838609027432,0.0,-0.28560178994368485,1.5915349914611765,0.0
-0.31401884666826346,1.617739732696829,0.0,-0.3159853547753286,1.6107112843065348,0.0,-0.3134424370242329,1.6028364198155878,0.0,-0.30846775903117224,1.5975051969662635,0.0,-0.30383120202275393,1.5935185068612514,0.0,-0.3110048546556347,1.5999953449961746,0.0,-0.30735480535736553,1.590413882672366,0.0,-0.30343284576773594,1.5844270764088935,0.0,-0.30017205265613,1.5800880894434677,0.0,-0.30889172764234707,1.5997642237021565,0.0,-0.30501340825333445,1.5903430642698682,0.0,-0.3009615144619591,1.5844641790930023,0.0,-0.29725180875942486,1.5798729712763961,0.0,-0.3069313903782708,1.5999700710020204,0.0,-0.3028336936418707,1.591202388123195,0.0,-0.2988195118267815,1.5859916406209866,0.0,-0.2953586768901241,1.581825387401555,0.0,-0.30478562206937154,1.6008341350624624,0.0,-0.3008504655053178,1.5936729767904203,0.0,-0.2978563854662855,1.5891349257495762,0.0,-0.2949792853964803,1.5856840391846585,0.0
-0.31525319857901823,1.6188461358253547,0.0,-0.31546190501355337,1.6115507480677118,0.0,-0.31428802414075774,1.6033591715933022,0.0,-0.3124865718077912,1.5962934708003271,0.0,-0.31067352326681785,1.5904535894767224,0.0,-0.31337963687318726,1.6009453758063563,0.0,-0.31175837486494334,1.590821207216147,0.0,-0.31126428986209864,1.583681214480226,0.0,-0.3107024194288411,1.5782827071662489,0.0,-0.31276594503973204,1.6003199423967311,0.0,-0.31103154009857026,1.590280448095131,0.0,-0.30931264674223496,1.583350474080107,0.0,-0.30733995050028456,1.5777872398452688,0.0,-0.3121747277959089,1.5999645063657966,0.0,-0.31006404644334284,1.5905194862051466,0.0,-0.3078596683461238,1.584322207578131,0.0,-0.3058232765727186,1.5793034275578053,0.0,-0.3113003157206189,1.599993380457068,0.0,-0.30896441617405274,1.5921632324195656,0.0,-0.30695075834961966,1.5871131230449542,0.0,-0.3048506498947782,1.5831412384326442,0.0
-0.3172734974241679,1.6212163886529332,0.0,-0.3117680752010596,1.6164250874668784,0.0,-0.3086268853282121,1.6087691846708434,0.0,-0.3073393147996558,1.601592032008555,0.0,-0.30683306900892615,1.5954981765717169,0.0,-0.3106305704279263,1.604488598492666,0.0,-0.30697905788487934,1.5949076937185682,0.0,-0.31049244423105,1.5886723322501701,0.0,-0.31574579959192717,1.5873078407495829,0.0,-0.31153758743348947,1.603425784118452,0.0,-0.3079159321972815,1.5939030103795755,0.0,-0.30762603748852957,1.5867689305316066,0.0,-0.3110898627827752,1.5915483677312803,0.0,-0.3124597257156338,1.6027009757396702,0.0,-0.3085896832091517,1.5938304541876318,0.0,-0.3047164432039613,1.5991468022799369,0.0,-0.30596388091805016,1.6044173756355293,0.0,-0.31339630185396966,1.602347922303515,0.0,-0.30956437633309325,1.5951309983200364,0.0,-0.30519395411801453,1.598364855489329,0.0,-0.304630142128082,1.6028222582011793,0.0
-0.31901664261274704,1.6249562214851787,0.0,-0.31347408339198,1.6202079293506872,0.0,-0.30867876041962694,1.613463687434027,0.0,-0.3058326470359933,1.6067503427526253,0.0,-0.30375429751637434,1.6009995321871473,0.0,-0.30852475130530377,1.610332006651003,0.0,-0.3021361575761787,1.602312458639641,0.0,-0.29521532138856466,1.6041360931214526,0.0,-0.29765270725943005,1.608985704417148,0.0,-0.30876986921382654,1.6093226068028783,0.0,-0.3021236019181216,1.6016007716993663,0.0,-0.29705356631509106,1.606628084421225,0.0,-0.2967469857468061,1.612522752687534,0.0,-0.3091998637102578,1.608535997205646,0.0,-0.30214806238400965,1.6019076128125773,0.0,-0.29861151804008024,1.6074536383516265,0.0,-0.29789231542552824,1.6128218589084249,0.0,-0.3098859167091538,1.6079950448649634,0.0,-0.30346951376186926,1.602935655751747,0.0,-0.30030610548751596,1.6073573376284984,0.0,-0.29962275945607075,1.6117979863532808,0.0
-0.31910169819280243,1.6287872646909662,0.0,-0.316135726807211,1.6221187375184913,0.0,-0.3121482441844427,1.6148675373576395,0.0,-0.30810359009583194,1.6088004019951077,0.0,-0.3032998424333536,1.605016836575963,0.0,-0.30838443094087187,1.614327402126819,0.0,-0.30159004261991107,1.6066486282998105,0.0,-0.29509466271251283,1.6036430241812334,0.0,-0.28966821596298303,1.6037581557466247,0.0,-0.3069008720751725,1.6146258341427897,0.0,-0.29947991189385054,1.6076452212528622,0.0,-0.29240879923861385,1.6066560296453813,0.0,-0.2874265500769189,1.6098211992941474,0.0,-0.3054833533341596,1.61535098556609,0.0,-0.29785277654742537,1.6093980300388826,0.0,-0.2913310600020377,1.6102540431684431,0.0,-0.28702072626478575,1.6135336875730577,0.0,-0.30404917340466936,1.616767565636026,0.0,-0.29717372461387415,1.6123521552467184,0.0,-0.2919486865252121,1.613854619722661,0.0,-0.28943256573562703,1.6175769119019265,0.0
-0.3169161685094309,1.6305286517654913,0.0,-0.317170093578219,1.623234697901528,0.0,-0.3153116506017456,1.615170820971489,0.0,-0.3114170474529069,1.6090062914260284,0.0,-0.30629964887936234,1.6056591148956976,0.0,-0.3077611510715137,1.6150324232425648,0.0,-0.3017839731945482,1.606701719504616,0.0,-0.297126340013338,1.601267561850634,0.0,-0.292026297759312,1.5994103734891636,0.0,-0.30445879106980533,1.6165923674525844,0.0,-0.2975020368568159,1.6091490364004384,0.0,-0.2923058806416121,1.6042521910070695,0.0,-0.28656472916912085,1.602880956021886,0.0,-0.30164184066619437,1.6190096317399927,0.0,-0.2946562092955213,1.6123115472406584,0.0,-0.28997145067217966,1.6076943422617356,0.0,-0.284870711747397,1.6058729398437022,0.0,-0.2994792657011024,1.6223429270986343,0.0,-0.29316275967921934,1.6171593572229241,0.0,-0.2900966349973044,1.6126696688189932,0.0,-0.28692576909762607,1.6094865991776157,0.0
-0.3126485300273191,1.6280331245032658,0.0,-0.3139989845901396,1.6208607808567341,0.0,-0.3128912319308167,1.6126600000716271,0.0,-0.3094573943560002,1.6062274175642994,0.0,-0.30516551586205837,1.601871830591347,0.0,-0.3038164721444787,1.6123505801855385,0.0,-0.29742840109584073,1.6043306158202864,0.0,-0.3021656958508053,1.6096954694682086,0.0,-0.3037306371583668,1.6148926358410236,0.0,-0.2996955675455302,1.6145562169919399,0.0,-0.2925430622316154,1.6073007863316544,0.0,-0.29787942129592027,1.6120444564462566,0.0,-0.3014382948532985,1.6167535460203966,0.0,-0.2965054312486554,1.6177670018061217,0.0,-0.2895955976823053,1.6109907505052552,0.0,-0.2953491989041404,1.6141784798156675,0.0,-0.2995138060358933,1.6176412954020603,0.0,-0.2944754164927848,1.6216464499124,0.0,-0.28811158102480244,1.6165210969375012,0.0,-0.2935195278687577,1.6159620500142529,0.0,-0.29789061269979483,1.617001251773046,0.0
-0.3070611504714999,1.621603265870978,0.0,-0.30799845850531127,1.6143653314584583,0.0,-0.30591522690224243,1.6063565820225232,0.0,-0.3023379957345875,1.6000026245646108,0.0,-0.29902242496727843,1.594864692162109,0.0,-0.29641255630804525,1.6070927564014463,0.0,-0.2862935328678205,1.6054396850906612,0.0,-0.2897831108912328,1.611688401877135,0.0,-0.29200085762680766,1.6166423073081742,0.0,-0.29261870998585143,1.6097364134685097,0.0,-0.2825069070105245,1.6084910031265112,0.0,-0.2866914709220341,1.614276204859368,0.0,-0.2901692269646429,1.6190455149271636,0.0,-0.28988469145037343,1.6131793612593344,0.0,-0.2803824380363811,1.611343452311858,0.0,-0.284443506814859,1.6165177412053036,0.0,-0.2877741949804465,1.6207887552173184,0.0,-0.28832551157800834,1.6171280560299344,0.0,-0.2802304975611161,1.616015224934407,0.0,-0.283737698689325,1.6201694953608152,0.0,-0.28677858810346357,1.6234769588098321,0.0
-0.30047080110270535,1.6155895778488147,0.0,-0.3011360555422891,1.6083215879313204,0.0,-0.2981012129750185,1.600622909341361,0.0,-0.2938291784346318,1.594713672581039,0.0,-0.2907804745458895,1.5894130345548687,0.0,-0.28803848672794075,1.6025747785030564,0.0,-0.2791191243096162,1.6076316801426909,0.0,-0.2813521452210662,1.6144314767475951,0.0,-0.28298284484703246,1.6196083868620075,0.0,-0.284402081601259,1.6060395764505269,0.0,-0.27625587047368905,1.6121583059425737,0.0,-0.2795563919925062,1.6184896321798785,0.0,-0.28262061857062687,1.6235345921492557,0.0,-0.282121756214758,1.6101761256128935,0.0,-0.27417649728227617,1.6157020863531604,0.0,-0.27692993400797744,1.6216757059739533,0.0,-0.27939298626225817,1.6264994408277667,0.0,-0.28122799350284583,1.614714350139317,0.0,-0.27433205120700754,1.6190976850379213,0.0,-0.2758394450863929,1.6243213031539239,0.0,-0.2772579503911236,1.6285844200413728,0.0
-0.2921863487528318,1.6172387904208443,0.0,-0.29432486065539765,1.6102607528920854,0.0,-0.292277083868316,1.6022428646620146,0.0,-0.28706817210548796,1.5971402578330622,0.0,-0.2827566940450363,1.5928040710497287,0.0,-0.27900348143977044,1.6049848338300305,0.0,-0.2702975858713369,1.610400982137997,0.0,-0.2710906935023462,1.6175139700154417,0.0,-0.27149080299444533,1.6229268705315387,0.0,-0.2748823241089309,1.6101693488412896,0.0,-0.2665762101498777,1.6160691858925147,0.0,-0.2695676117871143,1.6225522908942942,0.0,-0.2724543810307198,1.627700850785065,0.0,-0.2731411496637801,1.6154295626660011,0.0,-0.2650310817176463,1.620710678032687,0.0,-0.2665059367785762,1.6271208533599002,0.0,-0.2680399804627864,1.6323152497947275,0.0,-0.27317854367150585,1.6203620921768402,0.0,-0.2667363096476685,1.6253885487580677,0.0,-0.26587644067836147,1.6307568862926367,0.0,-0.2649243864457798,1.6351477763657114,0.0
-0.28576291812254107,1.634799616686608,0.0,-0.2896343972567294,1.6286127038681073,0.0,-0.29126582881271107,1.6204998527960264,0.0,-0.28429116626808615,1.6183730146281332,0.0,-0.2809051110234299,1.6234647715710606,0.0,-0.2717034057797261,1.6235622880269325,0.0,-0.26231971062982734,1.6276943027263406,0.0,-0.2682783004803565,1.6316589998461988,0.0,-0.26979345809816635,1.6368708974848736,0.0,-0.2673844422589331,1.6313881803242753,0.0,-0.25773919735348455,1.6346697739989564,0.0,-0.2640404917195465,1.6313122714253767,0.0,-0.2694496187214456,1.633674992460964,0.0,-0.2667179781078854,1.6366115695691839,0.0,-0.25738324231107534,1.6391661907173987,0.0,-0.2639403925916108,1.6396851563952974,0.0,-0.26746357821910366,1.6437988174631832,0.0,-0.26732698150939316,1.640382439365565,0.0,-0.26003865931604186,1.644076759950836,0.0,-0.25539635804118427,1.6469065057703212,0.0,-0.25386838244049925,1.6511316227461355,0.0
-0.2912428775365357,1.664201971322423,0.0,-0.29594334521539845,1.6586187961944021,0.0,-0.3012490651115127,1.652268264104601,0.0,-0.30037808733779897,1.6595077914318161,0.0,-0.302515334045048,1.665236974218049,0.0,-0.27417117532811597,1.6585007059865204,0.0,-0.26455156757870685,1.6620490051410264,0.0,-0.2704022300720594,1.6579267042485735,0.0,-0.27574732821159614,1.656983568266038,0.0,-0.2727357082588726,1.6668270348362049,0.0,-0.26257747680497007,1.6676080214306694,0.0,-0.2679769008407698,1.6629362600603736,0.0,-0.2738611139552617,1.6624702754705838,0.0,-0.27300230558035754,1.6699703721512487,0.0,-0.2633284751890912,1.6696868458417715,0.0,-0.2687451619905382,1.6659552176084942,0.0,-0.27409974428313827,1.6667697682938327,0.0,-0.2736322436375268,1.6720069211328807,0.0,-0.2656604389649231,1.6738007927120933,0.0,-0.267949315258985,1.668869315464866,0.0,-0.2721722136857294,1.6673352190620927,0.0
-0.3070895618399128,1.692255689424551,0.0,-0.3127769134469705,1.6876818209734605,0.0,-0.32104079663795576,1.6872480513971095,0.0,-0.32180299790232586,1.6944998378967517,0.0,-0.3245230242706012,1.6999764075750814,0.0,-0.29179984196900116,1.7017515784820525,0.0,-0.2823119481389393,1.705638370322611,0.0,-0.2862847252469669,1.6996851646056068,0.0,-0.29048202136496076,1.6962439024969167,0.0,-0.2908580439975518,1.7015262935934594,0.0,-0.2806731409213951,1.7012667639013577,0.0,-0.2852265388139386,1.6957671546560076,0.0,-0.2908545618032471,1.6939876988834484,0.0,-0.29051128733663645,1.7018031355702241,0.0,-0.28096912662293116,1.7001874157551036,0.0,-0.28544668454025396,1.6953690114265543,0.0,-0.2908140181740818,1.6946432194381775,0.0,-0.2906155750229536,1.7022386462121637,0.0,-0.2824723393902085,1.702913448709524,0.0,-0.2843157863482101,1.697798751666446,0.0,-0.28799667377805954,1.6952224382879186,0.0
-0.3255165184074503,1.71243516380198,0.0,-0.3326170773170358,1.7107474718627655,0.0,-0.3396480024996514,1.7151116456122946,0.0,-0.34171777582223617,1.7221034548629046,0.0,-0.3446562066367865,1.7274660086606595,0.0,-0.3247968571802229,1.7304193104439909,0.0,-0.3153577323892796,1.7344230840793702,0.0,-0.3171287003974361,1.7274885842002783,0.0,-0.3190756266298062,1.7224221201622592,0.0,-0.31460885218003043,1.7276150547961429,0.0,-0.304494059780798,1.7263941612495066,0.0,-0.30724598953450966,1.7198058369671116,0.0,-0.31165425873145297,1.71588050025519,0.0,-0.31122595822344484,1.7251541575922853,0.0,-0.30182421438684554,1.72285838006863,0.0,-0.3046587979194809,1.7169228361699735,0.0,-0.3093665421348219,1.714244741931502,0.0,-0.3099016981102036,1.7237147495635838,0.0,-0.30173111171736955,1.7236190261177182,0.0,-0.3025185835347077,1.718239592070689,0.0,-0.3053810758380599,1.7147765788294709,0.0
-0.3432267108579879,1.7290850651075163,0.0,-0.3505206662691756,1.7293389457286545,0.0,-0.3571227030219266,1.7343282374774844,0.0,-0.36019539070409834,1.74094094861677,0.0,-0.3635268351267891,1.7460686027533352,0.0,-0.34941923436698,1.7459847720669255,0.0,-0.33983838709282577,1.7496364354757967,0.0,-0.3415267298418682,1.7426813571138517,0.0,-0.34343925080559234,1.7376018056409215,0.0,-0.33924605860310486,1.7473487087951587,0.0,-0.32957238556635265,1.7441518890770948,0.0,-0.3317948388001036,1.737366622992176,0.0,-0.3353212084416487,1.7326331440637484,0.0,-0.3324071559716756,1.7448625853649136,0.0,-0.32355605207137955,1.740948336860626,0.0,-0.32602276577817424,1.734850725142496,0.0,-0.3300970803772527,1.7312821112806516,0.0,-0.3290058378993755,1.7420780801603704,0.0,-0.3209921011361712,1.7404819385404249,0.0,-0.3219282863099785,1.735126382560904,0.0,-0.3247775357884381,1.7316524654195347,0.0
-0.3671133261387189,1.7434756244519947,0.0,-0.374411496130113,1.7435299906813908,0.0,-0.38068403750209195,1.7489276889108611,0.0,-0.3838262321484719,1.7555076563126089,0.0,-0.38722284435148396,1.7605923769959957,0.0,-0.37339948408239687,1.7603407263203636,0.0,-0.36355312312305127,1.7632001766172973,0.0,-0.3653590450975519,1.7562746974222483,0.0,-0.3674690805643098,1.7512739644827828,0.0,-0.3660262552290727,1.7621364001582955,0.0,-0.3576138586653421,1.7563891233782611,0.0,-0.36009779434354744,1.749695156111692,0.0,-0.36350340031994455,1.7448740614695792,0.0,-0.36018754648445467,1.7613089216679076,0.0,-0.3532490367010309,1.7545620361944105,0.0,-0.3558724732937747,1.7485301935555302,0.0,-0.3595667424899922,1.7445694588442562,0.0,-0.35636396187884106,1.7594600805227263,0.0,-0.34964984690653794,1.7548030100788155,0.0,-0.3510481607822311,1.7495491409488806,0.0,-0.3537916482245277,1.7459911078476344,0.0
-0.38564951662158364,1.747538180850448,0.0,-0.3927171913988934,1.7457176825251635,0.0,-0.3962501819285264,1.75320085694229,0.0,-0.39759610102362863,1.7603672967831903,0.0,-0.4002277042799704,1.765886900318493,0.0,-0.3853772644658057,1.765534661658845,0.0,-0.37538320126264263,1.7678250722843754,0.0,-0.3760458054186839,1.7606987427949792,0.0,-0.37715621901856844,1.7553858752792186,0.0,-0.38179278263525873,1.7658283934266372,0.0,-0.37415667953188614,1.7590838003531857,0.0,-0.37639114996846296,1.752302482185792,0.0,-0.37912113833435773,1.7470691019075437,0.0,-0.3797627251515941,1.765740889429101,0.0,-0.3752492585915322,1.7571798146590527,0.0,-0.37732147808518096,1.7509371027846743,0.0,-0.3799891534016829,1.7462234467988245,0.0,-0.37855527857974586,1.7654469344216608,0.0,-0.3748430730492077,1.7581677054048008,0.0,-0.3759735474749728,1.7528497687652638,0.0,-0.3778075336452108,1.7487482059383674,0.0
-0.3968251607510563,1.746176713928761,0.0,-0.39054592270477195,1.749896580924808,0.0,-0.3844694214496035,1.7555140584668683,0.0,-0.3792645173657018,1.7606207532571592,0.0,-0.37699990395368993,1.7663007959488868,0.0,-0.38536072302975555,1.7600516593505542,0.0,-0.37542423927184926,1.7625802104517234,0.0,-0.3712101062130031,1.7567953423614917,0.0,-0.368833772137078,1.75191552515565,0.0,-0.38537315055321075,1.7609502624379008,0.0,-0.375563440147865,1.7581990466893562,0.0,-0.3757130861454384,1.751060647688546,0.0,-0.37581244850204004,1.7451588485783787,0.0,-0.38580399938389104,1.7618140703399134,0.0,-0.37884566452656027,1.7550876331239418,0.0,-0.3783829408892435,1.7485262741174683,0.0,-0.3774158572075072,1.7431971284542562,0.0,-0.38671224265495974,1.7625712421455266,0.0,-0.38117828609956583,1.7565593397990256,0.0,-0.38014093907638385,1.75122245553169,0.0,-0.3782376706164452,1.7471525793585116,0.0
-0.40118730218573817,1.7440664008720705,0.0,-0.39696880955551145,1.7500221175240702,0.0,-0.3899746990399286,1.754445050887284,0.0,-0.38273964179949055,1.7553524124091624,0.0,-0.3766781326593522,1.754546517980759,0.0,-0.3860927450343565,1.753869552769649,0.0,-0.37630304859151154,1.756917359144619,0.0,-0.369471790304584,1.7590521955496685,0.0,-0.364060621838642,1.7594750849394944,0.0,-0.38450636872035804,1.7525016087442589,0.0,-0.37457381545596236,1.754769645776966,0.0,-0.367474544035864,1.7555308813010544,0.0,-0.36166210050193937,1.756558794614334,0.0,-0.38309854833972984,1.7502945545077018,0.0,-0.3734249382151654,1.750585499115968,0.0,-0.36686004754966384,1.7509950790548976,0.0,-0.3618476421736351,1.753047111387384,0.0,-0.3820294052117487,1.7460730526611694,0.0,-0.37389798439044497,1.7452682915738142,0.0,-0.36850270933802975,1.7459386867097042,0.0,-0.36466153653151584,1.7482692905726762,0.0
-0.39818671527363375,1.743018806831536,0.0,-0.3951563968396304,1.7496583407834578,0.0,-0.38847546515801845,1.754541482528815,0.0,-0.3811946451187088,1.7549402528373725,0.0,-0.37535568826787485,1.7531242292197364,0.0,-0.38228479996047166,1.751449496725984,0.0,-0.3727034448098912,1.7550998273439973,0.0,-0.36899755338469997,1.7612227339253306,0.0,-0.3687552514338821,1.766644990777183,0.0,-0.38024053439826616,1.7482476561420495,0.0,-0.37079624552280976,1.7520693068284308,0.0,-0.3674507380576653,1.758376977874072,0.0,-0.3675297637636798,1.7642790843245242,0.0,-0.3791059763780065,1.744403839902407,0.0,-0.36985827119445025,1.747257492026472,0.0,-0.3667018772754206,1.7530283431425793,0.0,-0.36707725198179514,1.7584315031602935,0.0,-0.37920897817151855,1.7397177218051105,0.0,-0.37120166010929595,1.7413457581779404,0.0,-0.36765563683078845,1.7454669402216898,0.0,-0.3664717225599518,1.7498010687263503,0.0
-0.3917780948547263,1.7412889412059864,0.0,-0.3877857569980386,1.7473985630722104,0.0,-0.38067970889568753,1.751639317935049,0.0,-0.37361389490459024,1.7534403262212637,0.0,-0.3675046024946611,1.7537009123599878,0.0,-0.37473959530203127,1.7470886804860006,0.0,-0.3654988928018333,1.7515312807882104,0.0,-0.3659295668717303,1.758675378779179,0.0,-0.36977730528286434,1.7625034969490263,0.0,-0.37363117098002074,1.7457717335287588,0.0,-0.3645084751931106,1.7503078142060924,0.0,-0.36537438645225,1.757395079680918,0.0,-0.36996946628621946,1.7610999881729223,0.0,-0.3728742342486065,1.744227813029476,0.0,-0.36399299539333785,1.7480731970158707,0.0,-0.3646872035720108,1.7546141159253992,0.0,-0.36895190768634245,1.7579528796433663,0.0,-0.37252960499480836,1.7420287425180447,0.0,-0.3649373463783128,1.745049546066954,0.0,-0.36316478007989594,1.7501892378132706,0.0,-0.3649969560843794,1.7542916095643675,0.0
-0.38852911169720505,1.738887516040181,0.0,-0.38127047236764344,1.7381269925405274,0.0,-0.37302548726227136,1.7388341997603778,0.0,-0.36711326842079095,1.7431021063402181,0.0,-0.36365641105646784,1.7481460627286536,0.0,-0.37060989658875465,1.7405754652753214,0.0,-0.3620191418903101,1.7461724478421614,0.0,-0.36532672593283816,1.7525193765530147,0.0,-0.3701682144424612,1.754972857470817,0.0,-0.3703777170279101,1.7433521710865376,0.0,-0.36183944132880325,1.748910718956065,0.0,-0.3664569425869997,1.7543566179957015,0.0,-0.37217610201307205,1.7558168649179196,0.0,-0.3706775698624961,1.745766132727724,0.0,-0.36246368842409354,1.7508842899471753,0.0,-0.3666974075979247,1.7559182910530053,0.0,-0.3720121728118926,1.7569615144555462,0.0,-0.3713598464941707,1.7476206712693385,0.0,-0.3646261686069557,1.7522494105244797,0.0,-0.36573059411988434,1.7575728179685732,0.0,-0.3699616871890932,1.7590841664840702,0.0
-0.3901647503270824,1.7374033041222672,0.0,-0.38495417063011206,1.7322929127349365,0.0,-0.3770986472323589,1.7296908609316533,0.0,-0.3726742776318651,1.7354869209591226,0.0,-0.37128481300681043,1.7414418136484524,0.0,-0.3721773778042473,1.7367693700183693,0.0,-0.36490837030097706,1.7440004702154182,0.0,-0.36962731706720714,1.7493814699066026,0.0,-0.3747688391157384,1.7511205301779271,0.0,-0.37214406960414925,1.7423693225883594,0.0,-0.3650347893323379,1.7496671126886996,0.0,-0.37111962675367627,1.7534026029878758,0.0,-0.377015047609914,1.7536943538105259,0.0,-0.3738284638262555,1.7473591394349575,0.0,-0.36738954065605184,1.7545843487755488,0.0,-0.37334717104498294,1.7573722127114768,0.0,-0.3787433984076935,1.7569076972680893,0.0,-0.3766311446542141,1.7511107176405059,0.0,-0.3716357228511878,1.7575770462735636,0.0,-0.37647361486924474,1.7600576154322567,0.0,-0.3807436597494696,1.7586601034943945,0.0
-0.3929871838653414,1.7368642367349996,0.0,-0.38794272271752767,1.7315898028660066,0.0,-0.38001341230008395,1.7292221124843403,0.0,-0.3762012892247862,1.7354379853806103,0.0,-0.3748052223899484,1.7413913337055766,0.0,-0.37498986016981284,1.7370734794689062,0.0,-0.3700105755127626,1.7460364033471072,0.0,-0.3753594710557705,1.7507917090921703,0.0,-0.38054854476449496,1.7523832786471245,0.0,-0.37543244692080396,1.743285878575803,0.0,-0.3708228236330709,1.7523716355325445,0.0,-0.3772136467931704,1.7555554247145877,0.0,-0.3831159887565191,1.7556142886455885,0.0,-0.37767189967742604,1.7483287464782855,0.0,-0.3741057177665086,1.7573257308722587,0.0,-0.3803986027817424,1.759240187286338,0.0,-0.38575252433995566,1.7584213049408748,0.0,-0.3808720093179914,1.75184002431215,0.0,-0.3779709758607772,1.7594788494745015,0.0,-0.3833239435264639,1.7604297225993462,0.0,-0.3873754744537599,1.7584877081707784,0.0
-0.3945464987039962,1.73766972211043,0.0,-0.38829915099998763,1.7338965420755785,0.0,-0.3800515772459932,1.734572891550361,0.0,-0.37686352337748696,1.7411307624499217,0.0,-0.37527778438574705,1.747036419969266,0.0,-0.3768739354543708,1.7410797002498493,0.0,-0.37436649205314354,1.7510215314560205,0.0,-0.37985814548317126,1.7556112328475606,0.0,-0.3849652162033427,1.7574490054836611,0.0,-0.3780084694190884,1.7463817747098462,0.0,-0.3758802183700719,1.756345215571524,0.0,-0.3822304423719441,1.7596092298707278,0.0,-0.38811169203799656,1.7601112338350922,0.0,-0.3802044886967008,1.7503306724049832,0.0,-0.37894372798272996,1.7599261851077657,0.0,-0.38513628372932013,1.7621437960974877,0.0,-0.39054922433860373,1.7619563973045878,0.0,-0.383023564781342,1.7531058376089235,0.0,-0.3818135691251215,1.7611868991414685,0.0,-0.38702939968286876,1.762721022383685,0.0,-0.3914038314401216,1.7616960005806293,0.0
-0.3957715043517405,1.7401620144116987,0.0,-0.38851642555610366,1.7393682432990445,0.0,-0.38166846596862986,1.744014249210356,0.0,-0.3799679122084218,1.7511049103299163,0.0,-0.3795220919127491,1.757203484191868,0.0,-0.37912847953691775,1.7470145444361875,0.0,-0.3784777965485891,1.7572470364000767,0.0,-0.3838334622459854,1.761994715959269,0.0,-0.38881000470546784,1.7641611888420443,0.0,-0.3808263255410613,1.7513891201580738,0.0,-0.3804376812661141,1.7615699139365244,0.0,-0.38661202644536896,1.7651555234839753,0.0,-0.39241395546619473,1.7662412146242077,0.0,-0.3833167095223563,1.7546834123873913,0.0,-0.3835209494536911,1.7643592414297837,0.0,-0.38946014377545624,1.7671861683804981,0.0,-0.3948472367472719,1.7677467695401703,0.0,-0.38650243167866255,1.757047983725004,0.0,-0.386722287144963,1.7652161725422872,0.0,-0.3916101004027098,1.7675968665769823,0.0,-0.39610301638790635,1.7675914957699674,0.0
-0.3967465507570345,1.742435152353176,0.0,-0.38964029764465546,1.744098705061384,0.0,-0.38556385407776633,1.7513002694251585,0.0,-0.38546855641671224,1.7585913788441425,0.0,-0.38649726653494565,1.7646190744551,0.0,-0.381717185245391,1.752337960795267,0.0,-0.3825971244921099,1.7625532917769065,0.0,-0.38773023664112327,1.7675407536489103,0.0,-0.3925429448398921,1.7700502196073038,0.0,-0.3840869188979914,1.7561879700396346,0.0,-0.3850329282151622,1.7663321640787693,0.0,-0.390932142993144,1.7703544021650341,0.0,-0.3965852316915664,1.7720525463822456,0.0,-0.3874404973114896,1.7591501241652723,0.0,-0.3887991329630788,1.7687322685376654,0.0,-0.3943959368022231,1.7721878917755927,0.0,-0.3996630622953661,1.7734498083285768,0.0,-0.39180026937888207,1.7610519718558952,0.0,-0.39323876450227285,1.7690955019739985,0.0,-0.39773611845848766,1.7721503718438878,0.0,-0.40216320814190987,1.7729166614957421,0.0
-0.39534552573623183,1.7426123890362732,0.0,-0.3893426521981914,1.7467635033681699,0.0,-0.3879498029966828,1.7549207021852562,0.0,-0.38901573367279785,1.7621341029087374,0.0,-0.39094636076376116,1.767936174773283,0.0,-0.3830883743010161,1.7557922859029986,0.0,-0.38530760928704566,1.7658023946046633,0.0,-0.39027829842447603,1.770951750463222,0.0,-0.39489999332985876,1.7737977152916047,0.0,-0.3859796126552296,1.7587890990009902,0.0,-0.388108777440361,1.7687523446393123,0.0,-0.39371031258014044,1.7731797522664883,0.0,-0.3991232613055987,1.7755337046258701,0.0,-0.3899436857928313,1.7609648558632802,0.0,-0.3923085184794844,1.7703494681606151,0.0,-0.3975484251902388,1.7743255117769445,0.0,-0.4025784244313903,1.7763340316252973,0.0,-0.3949613526378191,1.7618712591718535,0.0,-0.39730784655176526,1.7696982388762266,0.0,-0.40144768788024165,1.773222460251861,0.0,-0.40566775971665775,1.7747643151708108,0.0
-0.39226283513301624,1.742359731529139,0.0,-0.3884558697739727,1.7485865489879397,0.0,-0.3889017956770705,1.7568497851293412,0.0,-0.3907986566112764,1.7638904723685307,0.0,-0.3933575631047066,1.7694441519094832,0.0,-0.38402890350302976,1.7583644124892843,0.0,-0.3872840036059572,1.7680871489077152,0.0,-0.39214853625507834,1.7733369049367775,0.0,-0.3965803468451701,1.7764703749775443,0.0,-0.3869295775925115,1.7602751616699455,0.0,-0.3900574310319033,1.7699713536644077,0.0,-0.39540109809148394,1.7747067899247444,0.0,-0.4005170159627903,1.7776510198662958,0.0,-0.3909097938914048,1.76144276569064,0.0,-0.3940873268796847,1.7705842461897465,0.0,-0.3990128069816845,1.7749437405344117,0.0,-0.4037137983317978,1.7776336707701932,0.0,-0.39586072865058414,1.761283442320232,0.0,-0.3988602231881325,1.7688841447548804,0.0,-0.4026905708752901,1.7727424940294958,0.0,-0.4065693071753969,1.7750100318152529,0.0
-0.40083383214457446,1.7499800969278536,0.0,-0.3983430198880177,1.756840278792263,0.0,-0.39954587195900565,1.7650276512850067,0.0,-0.4020001534558848,1.7718939356177357,0.0,-0.4052267508975754,1.7770882043665577,0.0,-0.3961871881184752,1.7673684879407692,0.0,-0.4002509188388171,1.776781955568318,0.0,-0.4049903112781868,1.7821449561803528,0.0,-0.40923159077332844,1.7855318615299196,0.0,-0.3993798936711968,1.7686158779965155,0.0,-0.40338252181986267,1.7779849000498196,0.0,-0.4084476034603482,1.7830172039153045,0.0,-0.41321934402114957,1.7864916243900144,0.0,-0.4039092063453928,1.7688622309951525,0.0,-0.4078028840907012,1.777722403410114,0.0,-0.4123647112802791,1.782461103428979,0.0,-0.4166379641909653,1.7857889186144307,0.0,-0.4092784651113192,1.767293093257942,0.0,-0.4128778983882656,1.7746287408139294,0.0,-0.41634081281426,1.778819999122323,0.0,-0.41976439459763537,1.781729537001118,0.0
-0.4286193089289359,1.753149506722978,0.0,-0.4263872639539148,1.7600981912128415,0.0,-0.42782767925393006,1.7682471252046652,0.0,-0.4306545555788474,1.7749685929348133,0.0,-0.43448191626851507,1.7797375203862325,0.0,-0.42640485205957185,1.771011299004187,0.0,-0.43116675297276025,1.7800915842329303,0.0,-0.43576259349498553,1.785578100992525,0.0,-0.4397851660615467,1.789222067176449,0.0,-0.4305740649089559,1.7717394287825792,0.0,-0.43539045257054537,1.7807172913469693,0.0,-0.4401141536929072,1.7860713348587423,0.0,-0.44444089857224445,1.7900863547047465,0.0,-0.43634163422489863,1.770652609460317,0.0,-0.4409350944358829,1.7791710309629933,0.0,-0.4450461043367203,1.78430573083461,0.0,-0.4487312027019256,1.7882749995816178,0.0,-0.44204502880136054,1.7669626060774266,0.0,-0.44624610010839405,1.773971075586105,0.0,-0.4492781941199638,1.7784838162649432,0.0,-0.45211482579527484,1.7819680441039665,0.0
-0.42772321698833377,1.7446543153392904,0.0,-0.4263458377496495,1.7518215370704096,0.0,-0.4285573689271693,1.7597958114129735,0.0,-0.4318456480341913,1.7663040046121743,0.0,-0.4358985404915227,1.770882805941673,0.0,-0.42855231370444236,1.7626337491835098,0.0,-0.4338374749343795,1.7714197807630074,0.0,-0.4383044297214768,1.777011733122342,0.0,-0.4420729389065583,1.7809178716407241,0.0,-0.4328998790579104,1.7626156193827298,0.0,-0.4383006394412878,1.7712545657081291,0.0,-0.442720620282789,1.7768619629278846,0.0,-0.4465879510337744,1.7813212070877353,0.0,-0.43829863030615757,1.760596509246269,0.0,-0.44340406911719354,1.768818302004173,0.0,-0.447185768513242,1.7742001506507155,0.0,-0.45036328588583563,1.778586313859498,0.0,-0.44294886856307786,1.7564539425365022,0.0,-0.447542286747192,1.76321176425409,0.0,-0.45032408448081396,1.7678829550978317,0.0,-0.45274682054304366,1.7716666930470526,0.0
-0.4133042840245459,1.7317355500842635,0.0,-0.4155056244141193,1.738694022718356,0.0,-0.4196231868741512,1.7458721562381057,0.0,-0.4236308169999357,1.7519638111018274,0.0,-0.4274639466749182,1.7567281028414758,0.0,-0.41929206010688314,1.748708881528359,0.0,-0.42483389452185244,1.757335314827204,0.0,-0.4291557971808473,1.7630401175113652,0.0,-0.4326513812060468,1.7671922822390227,0.0,-0.4214165480537631,1.7485759017861648,0.0,-0.4269828594986853,1.757109118250659,0.0,-0.43123812988515925,1.762842512372587,0.0,-0.4348518875207031,1.7675096165460793,0.0,-0.42400679772526906,1.7475926971762326,0.0,-0.4292216691739068,1.7557455186130932,0.0,-0.43298873137001664,1.7611376228022761,0.0,-0.43611136388870486,1.7655630279250238,0.0,-0.4266042498758521,1.7456697732855322,0.0,-0.4311874802273466,1.7524345086481308,0.0,-0.43405786341497266,1.7570517938770973,0.0,-0.4365610827721993,1.7607827744111135,0.0
-0.4056609373732253,1.7196232805042633,0.0,-0.41262532240432975,1.721805843687475,0.0,-0.4191676566643604,1.726873168807264,0.0,-0.4240107115985112,1.7323242399963605,0.0,-0.42735788461033875,1.737441640871278,0.0,-0.417358295866134,1.7333024342431356,0.0,-0.42288192975570377,1.741940532922611,0.0,-0.42699353634980214,1.7477987158725032,0.0,-0.4302404032584564,1.752148133635873,0.0,-0.41585999320740036,1.7352880669124733,0.0,-0.4211399244501853,1.7440013861653905,0.0,-0.42532866330537356,1.7497835657736693,0.0,-0.4289372324204145,1.75445468283029,0.0,-0.4145764526084194,1.7365497834361017,0.0,-0.4194297128676068,1.744922909881089,0.0,-0.4233963610867519,1.7501699325684725,0.0,-0.42681024058589173,1.7543747477977738,0.0,-0.4134287977231353,1.7372503055922632,0.0,-0.4175536447664722,1.7443039062224328,0.0,-0.4206737536564804,1.748756247521562,0.0,-0.423522347282096,1.752230702479063,0.0
-0.403452154915685,1.7141189387827287,0.0,-0.4107247482946776,1.7135060550629118,0.0,-0.4184444575151412,1.7164869963557092,0.0,-0.42381841769066914,1.7214154758611593,0.0,-0.4268800638339971,1.7267086489906496,0.0,-0.41793246045990984,1.7248085689947248,0.0,-0.4233034656874635,1.7335423873457068,0.0,-0.42723185347569115,1.7395249775576755,0.0,-0.43032351954161,1.7439860514799141,0.0,-0.41434846647191526,1.7293069823563108,0.0,-0.4191415896551797,1.7382972869385727,0.0,-0.42329285002188605,1.7441064324512252,0.0,-0.4269642039609901,1.748728365582341,0.0,-0.4100862025004123,1.732062804755648,0.0,-0.41433769526306624,1.7407569516888586,0.0,-0.418475918705749,1.7458697446550164,0.0,-0.422133020433371,1.749864823039859,0.0,-0.4059046646419139,1.7332248767055694,0.0,-0.4093426869855853,1.7406375447370726,0.0,-0.41261035058016354,1.7449827486634846,0.0,-0.41570125859828283,1.7482435170574568,0.0
-0.4024233919233831,1.7141931643836374,0.0,-0.40969947187060396,1.7136231630574685,0.0,-0.41740151821885685,1.716649448485015,0.0,-0.42269674675591795,1.7216624229457613,0.0,-0.42601877930069104,1.7267961797239093,0.0,-0.41649643490680915,1.7254135433393578,0.0,-0.42202230883008734,1.7340502092195684,0.0,-0.4261073606404233,1.7399269402807886,0.0,-0.42915232255800406,1.744420022354746,0.0,-0.41242920319550047,1.7299820849898802,0.0,-0.4172560386048401,1.7389543347781402,0.0,-0.4214973769951611,1.74469804289034,0.0,-0.42512430219766384,1.7493549215864335,0.0,-0.4077464561376709,1.7325686344669056,0.0,-0.41192632936431195,1.741297439735461,0.0,-0.41615908342231384,1.7463322523695948,0.0,-0.4198311838383254,1.7503135490028463,0.0,-0.40326964196813087,1.7334372681229766,0.0,-0.4065047678733653,1.740940707691477,0.0,-0.40976535218414695,1.7452912263366183,0.0,-0.4128832670432071,1.748526180714543,0.0
-0.40242108622737055,1.7170375653890155,0.0,-0.40961331811449564,1.7182777433568914,0.0,-0.4165225722922896,1.722832096016299,0.0,-0.42142936794069,1.7282258622949433,0.0,-0.42524151713984953,1.7330069581284382,0.0,-0.4137854414201736,1.730994602100837,0.0,-0.4199373716119369,1.7391971038568887,0.0,-0.4248050065546651,1.7444439835318357,0.0,-0.4278313860525367,1.7489496029939846,0.0,-0.4107052576403436,1.7337940201788553,0.0,-0.4163033613314288,1.742306413578813,0.0,-0.42104866450047157,1.7476413205183232,0.0,-0.42445776653730943,1.7524599436533181,0.0,-0.407707174516455,1.7354237064743687,0.0,-0.4126337811588975,1.7437538882609682,0.0,-0.41715830429795175,1.7485282191607412,0.0,-0.420686935076961,1.7526372104204837,0.0,-0.40480212447862807,1.736152541839818,0.0,-0.4086033694079622,1.7433856726949917,0.0,-0.41195314954417195,1.7476678912284733,0.0,-0.4149642148308891,1.751002528950135,0.0
-0.40426934663450753,1.7199324041627142,0.0,-0.4107779201558792,1.7232346324448116,0.0,-0.41678423637099615,1.7289270912249557,0.0,-0.42148451127397735,1.7345017458366967,0.0,-0.425682140209096,1.7389482354868329,0.0,-0.4129089004533985,1.735721816834939,0.0,-0.4197274870378335,1.743379111209124,0.0,-0.4259707636498918,1.7468784130544022,0.0,-0.4288656840049354,1.7514696019789386,0.0,-0.4111799766579738,1.737300462943195,0.0,-0.41758810080718617,1.7452210406506647,0.0,-0.4235031617427606,1.7492199390424472,0.0,-0.42623617038931233,1.7544517426848398,0.0,-0.4098247506920011,1.7382389712676767,0.0,-0.4155838227154757,1.7460169190069963,0.0,-0.42097529213881013,1.7497848896323613,0.0,-0.4243464114970863,1.7540240639174631,0.0,-0.4086500112851205,1.7386903743377506,0.0,-0.4131425284455781,1.7455156900479465,0.0,-0.41708410769500326,1.7492603362995889,0.0,-0.4200798381731086,1.7526087570912685,0.0
-0.40744843556601396,1.721181495950778,0.0,-0.41319833704838205,1.725676479137982,0.0,-0.41857368064729766,1.7319681881771234,0.0,-0.4232311122363614,1.7375786863009082,0.0,-0.42773632233050124,1.7417132287052588,0.0,-0.41425166695348337,1.737844733493701,0.0,-0.421556323548969,1.7450398201620039,0.0,-0.42871328750896387,1.7450013086783231,0.0,-0.42507240985238104,1.7409759404352145,0.0,-0.41337971584511807,1.7389079221945019,0.0,-0.4203283488104948,1.7463588353092998,0.0,-0.42744191799318415,1.7469722419464107,0.0,-0.4224142706338007,1.7438796916001165,0.0,-0.4130126520281819,1.7394853864818278,0.0,-0.4193287769897018,1.7468181858843492,0.0,-0.42586089406004024,1.7475908383002234,0.0,-0.4220954473785257,1.7436977090144326,0.0,-0.41295481625294206,1.7396404081505614,0.0,-0.4179194305730325,1.746130419678564,0.0,-0.423098889991535,1.7477831818095209,0.0,-0.420832168093927,1.7439039686503213,0.0
-0.41090302962673747,1.720543990510378,0.0,-0.4156502043752911,1.7260875067967147,0.0,-0.4203225355405884,1.7329175319007248,0.0,-0.42491365027441474,1.7385824258718987,0.0,-0.42972981338888117,1.7423501747675347,0.0,-0.41584070682333557,1.737851988275155,0.0,-0.4234962886011724,1.744672497624552,0.0,-0.42949138046197033,1.7407632151021912,0.0,-0.42625342380213893,1.7364071599749131,0.0,-0.41580804513200054,1.738581371030193,0.0,-0.4231351284169946,1.7456604569080834,0.0,-0.4289758597528023,1.741553756081109,0.0,-0.4249117967120916,1.7372730438488035,0.0,-0.41638358302282735,1.73887310527032,0.0,-0.42308669148136285,1.7458539160112199,0.0,-0.42813801197958873,1.741640875968618,0.0,-0.42463552764977525,1.7375095749790237,0.0,-0.41737286828374914,1.7386876631160255,0.0,-0.42267302771660487,1.7449066626309928,0.0,-0.4266484852932746,1.7411980025514575,0.0,-0.4239177281380592,1.7376301897403865,0.0
-0.4137537330681295,1.7186663528694992,0.0,-0.4171101370410205,1.7251471547705717,0.0,-0.42092638386785236,1.7324899186641143,0.0,-0.42540035532048004,1.7382477774366853,0.0,-0.4305213865229995,1.7415893935589435,0.0,-0.41660153599237765,1.7364381693559467,0.0,-0.4245441400032598,1.7429221744198464,0.0,-0.4284278326033436,1.736910473491898,0.0,-0.42520435956446756,1.7325436896444342,0.0,-0.4175223621059081,1.7369749221281572,0.0,-0.42516796207516916,1.7437087477452802,0.0,-0.42819731847826253,1.7372432907620192,0.0,-0.42425302497939144,1.732851974967244,0.0,-0.41922456654966855,1.736998371155214,0.0,-0.4262567780863023,1.7436475352012568,0.0,-0.42804144361774465,1.7373166178808959,0.0,-0.42447727379758143,1.733238415110036,0.0,-0.42145477607617465,1.7363226719778786,0.0,-0.4270509019388251,1.7422767479187975,0.0,-0.4276507247358626,1.7368731717750208,0.0,-0.4247990434995541,1.7334012505457748,0.0
-0.41540948563731417,1.7166439651509187,0.0,-0.4176014431755157,1.7236053991311346,0.0,-0.42068670840739714,1.7312840096752735,0.0,-0.42505845254229174,1.7371198653471365,0.0,-0.43040681370325157,1.7400840501891546,0.0,-0.4165724457199045,1.734604894040306,0.0,-0.4247284028891893,1.7408183989123691,0.0,-0.42730981890212705,1.7341430781240332,0.0,-0.424100874749317,1.7297656065904903,0.0,-0.41822868368505955,1.7351225580489467,0.0,-0.4261162597071409,1.7415712595327864,0.0,-0.4276270763936639,1.7345929669651818,0.0,-0.42373114794689626,1.7301586860592912,0.0,-0.4209271465705011,1.7349619435119958,0.0,-0.4282127144125795,1.7413324915908999,0.0,-0.42851157440800336,1.7347616295561665,0.0,-0.42493418871342115,1.7306950147552036,0.0,-0.4242596421266407,1.7337532140527003,0.0,-0.4300901531340324,1.7394779661323574,0.0,-0.4296059800387191,1.7340628023358307,0.0,-0.4267183254700945,1.7306207427797067,0.0
-0.41752773107510416,1.7156110124023856,0.0,-0.4191615412635627,1.722724162560949,0.0,-0.42184584875090925,1.7305519601281445,0.0,-0.42614517333663715,1.73644137150029,0.0,-0.4315809507585248,1.739242029049047,0.0,-0.4178712345548912,1.7336062742255072,0.0,-0.42611592719960756,1.7397015447967386,0.0,-0.42856941906271695,1.7329781532465836,0.0,-0.4254657634866581,1.7285254123302456,0.0,-0.4198910011268672,1.7341534293911685,0.0,-0.4278924969082566,1.740460225058716,0.0,-0.4292428973046582,1.7334491229350297,0.0,-0.42542559911912337,1.7289469745392756,0.0,-0.42313479169848,1.7339018238818225,0.0,-0.43054024066574736,1.7401326109268396,0.0,-0.43070503877390504,1.733557020705429,0.0,-0.427166902630111,1.729456211398086,0.0,-0.427050447559577,1.7323552513706109,0.0,-0.4329948010925082,1.737961703551481,0.0,-0.4324412192622225,1.7325531945437584,0.0,-0.4295663430352109,1.7291004551132532,0.0
-0.4251663938490858,1.7151273209501074,0.0,-0.4267191981251607,1.7222585929117133,0.0,-0.42931522432194663,1.730116109658448,0.0,-0.43354290661915246,1.7360571584377205,0.0,-0.4389154289974764,1.7389773231899428,0.0,-0.4254932063637655,1.733122893636287,0.0,-0.4336886124005102,1.7392842733547629,0.0,-0.43717274935347045,1.7330325211242232,0.0,-0.43437466513724476,1.7283816820255509,0.0,-0.427600619324475,1.7336605564867975,0.0,-0.4355846670942363,1.739989425859913,0.0,-0.43800270179097145,1.73327137238999,0.0,-0.43435717657659395,1.7286290398377036,0.0,-0.43093553072812085,1.7333676601213364,0.0,-0.43832245321602015,1.739620400141913,0.0,-0.4395256678988354,1.7331537302413058,0.0,-0.43609818901427766,1.728959992905334,0.0,-0.43490707201929957,1.7317457100613602,0.0,-0.44083827936172065,1.7373660680964025,0.0,-0.441030394769042,1.7319326976691531,0.0,-0.43820994161700577,1.7284353605517493,0.0
-0.44032789572042014,1.7126449924217833,0.0,-0.44201702272518956,1.719745210085485,0.0,-0.4446880231836781,1.7275775582640565,0.0,-0.44883232640614934,1.7335770673276396,0.0,-0.45403855030653545,1.7367843390006916,0.0,-0.44104296027656137,1.7306293224177514,0.0,-0.44909819607031926,1.7369728590062263,0.0,-0.45443475380185006,1.732203711510386,0.0,-0.4524199291187294,1.7271638641814366,0.0,-0.44310641760358277,1.7311297453081016,0.0,-0.45099333248329904,1.7375792553679354,0.0,-0.4556465073099924,1.7321638054095676,0.0,-0.4524134711158198,1.7272253256250742,0.0,-0.44630868403861773,1.730817033707875,0.0,-0.4535932948260003,1.7371886761400508,0.0,-0.4573224844181242,1.731770310135215,0.0,-0.4541890983877228,1.7273525124563147,0.0,-0.45008966732447486,1.7292509998594234,0.0,-0.45593300486718535,1.7349626591054572,0.0,-0.4583654474564947,1.7301003915707414,0.0,-0.4556853931204683,1.7264943367109884,0.0
-0.45511606124440906,1.7074300281486345,0.0,-0.45695187535197485,1.7144937401665927,0.0,-0.4597089317576956,1.7222962116606317,0.0,-0.4637684575739114,1.7283534064198647,0.0,-0.468788651287398,1.7318446832586132,0.0,-0.45622564243425967,1.7253943336544553,0.0,-0.4641263906748842,1.7319292749227932,0.0,-0.4708292073225043,1.7294201186408076,0.0,-0.47076374519871456,1.7239928454476487,0.0,-0.4582308071014431,1.7258611060164522,0.0,-0.4660111201061063,1.7324388211122326,0.0,-0.47256380588173424,1.7296030772335929,0.0,-0.4704866624475885,1.7240779907393682,0.0,-0.46129564830098657,1.725535431132846,0.0,-0.46846827391929186,1.7320328785814048,0.0,-0.47454155693321376,1.7295068582708824,0.0,-0.4724986659897739,1.724490720220507,0.0,-0.46489407366940433,1.724026477795632,0.0,-0.4706431943219191,1.7298329618181436,0.0,-0.4757611658675823,1.7279986254838744,0.0,-0.47355090795689203,1.7240869656234272,0.0
-0.46102423340063997,1.7041186408257323,0.0,-0.4629521314108456,1.7111577778589508,0.0,-0.4657544499730466,1.7189441076821448,0.0,-0.46973593184196977,1.7250528850009899,0.0,-0.4745951583744138,1.7287649297733634,0.0,-0.4624047500914039,1.722064158828561,0.0,-0.47017482527041893,1.7287539429696834,0.0,-0.4773043256405651,1.7281263756576548,0.0,-0.4805820317502064,1.7238001507141676,0.0,-0.4643785048875009,1.7225076357932638,0.0,-0.47207396547498015,1.7291844233949734,0.0,-0.47919274659264705,1.7286347965960376,0.0,-0.4810562763778516,1.7230340500070251,0.0,-0.4673625283808799,1.7221690959489133,0.0,-0.4744460485122556,1.7287635727405586,0.0,-0.48102368246943256,1.728746938385876,0.0,-0.4855782367779945,1.7258158840708604,0.0,-0.4708497630245671,1.7206870033120498,0.0,-0.47652627107583223,1.726564494386035,0.0,-0.4818965093294726,1.727412411615826,0.0,-0.48441329678167017,1.7236905701608385,0.0
-0.4575139546517315,1.7063358980076404,0.0,-0.4595160076696875,1.7133543041389125,0.0,-0.46235007025326663,1.7211291360156784,0.0,-0.46625852976433774,1.7272848896213808,0.0,-0.47096892199059537,1.7311840644008085,0.0,-0.4591141121480343,1.7242631660290193,0.0,-0.4667630328305264,1.7310911446856427,0.0,-0.47388365576482455,1.731812494314178,0.0,-0.47906099869719304,1.7301831693731407,0.0,-0.46106190718935225,1.7246885083373524,0.0,-0.46868035119737467,1.7314530421149616,0.0,-0.47574942549564864,1.7324566968289152,0.0,-0.48158179085483416,1.7315486109675273,0.0,-0.46398233942176303,1.7243401450587486,0.0,-0.4709847777061674,1.7310206569912476,0.0,-0.47739695166867036,1.73248679827058,0.0,-0.4824523382512482,1.7344305345818898,0.0,-0.4673841271971324,1.722877704492807,0.0,-0.47299586143896055,1.728817071780654,0.0,-0.4780087314095059,1.7309217231028076,0.0,-0.4819328390049497,1.7331098050196887,0.0
-0.4504494472732114,1.7100138208131113,0.0,-0.45253666620855026,1.7170073719873107,0.0,-0.4554119579615187,1.7247670510254494,0.0,-0.45924923023695774,1.7309674300209583,0.0,-0.4638059194724923,1.7350451673955911,0.0,-0.45227696878477125,1.727919339734609,0.0,-0.4597970623786922,1.7348889503751705,0.0,-0.46674255493563716,1.736616303668641,0.0,-0.47216623296465765,1.7368243811550554,0.0,-0.45418717994154884,1.7283287226043715,0.0,-0.4617220184935085,1.7351862596496737,0.0,-0.4685517354329322,1.73726810996771,0.0,-0.4742466944815762,1.7388200594027587,0.0,-0.4570343000788152,1.7279757980689436,0.0,-0.46394861676163446,1.7347474748492426,0.0,-0.4700766607192849,1.7371375841416112,0.0,-0.4747122419070843,1.7399387323702011,0.0,-0.4603463523510842,1.7265396471993548,0.0,-0.46588832508958916,1.732544160763876,0.0,-0.4705651086952233,1.7353165455920538,0.0,-0.4741093056056293,1.7380778842449305,0.0
-0.4467652607185332,1.709502575615615,0.0,-0.4489425953898371,1.7164685970510773,0.0,-0.45186357192021853,1.7242111946480454,0.0,-0.45562859435594355,1.730455709381977,0.0,-0.4600250380773264,1.7347057260278769,0.0,-0.44882219311898325,1.7273831928259717,0.0,-0.45620429543657515,1.7344987985988463,0.0,-0.46291875176939323,1.7369766388708816,0.0,-0.46821714537492537,1.738154180718838,0.0,-0.4506890752572013,1.7277785147868205,0.0,-0.45813408653077087,1.7347334708232172,0.0,-0.46468622639569956,1.7375704758302222,0.0,-0.4700707188492473,1.739988811338866,0.0,-0.45346016980270193,1.7274238229428862,0.0,-0.46027983292166624,1.7342908147552443,0.0,-0.4661362210688711,1.7372855205914897,0.0,-0.47056890431757,1.7403978129241466,0.0,-0.4566834266011998,1.7260156508407993,0.0,-0.4621515827318639,1.7320874638741144,0.0,-0.46656807001203304,1.7352581203729396,0.0,-0.4699644643471779,1.7381993494384491,0.0
-0.44665956388707106,1.7048111232292733,0.0,-0.44892227573254656,1.7117498821971673,0.0,-0.45188483100313315,1.719476665985286,0.0,-0.45557465749775905,1.7257659058951127,0.0,-0.45980687613959575,1.7301794854235004,0.0,-0.4489329756137861,1.7226655076164248,0.0,-0.45617034843164206,1.7299282698208287,0.0,-0.4626520384849798,1.7329632838754094,0.0,-0.46780019326250427,1.734682609903097,0.0,-0.4507582164128564,1.7230486482970104,0.0,-0.4581103336350323,1.730101731217491,0.0,-0.4644046236418065,1.7334723465218502,0.0,-0.4695884676863179,1.73629526461079,0.0,-0.4534594953790504,1.7226927854874332,0.0,-0.46018125471943416,1.7296556392829052,0.0,-0.46580908080301947,1.7330605062038407,0.0,-0.47012798529774535,1.7363288556821934,0.0,-0.4566027229663779,1.721309161154805,0.0,-0.46199607019278627,1.7274475201110935,0.0,-0.4662173743015826,1.7308737445857154,0.0,-0.4695373005128581,1.733901022710911,0.0
-0.4466309886124552,1.6999762387353576,0.0,-0.44896825560613685,1.706890240753757,0.0,-0.4519657221540601,1.7146035484575697,0.0,-0.45558508155322275,1.7209336034133733,0.0,-0.45966592279270474,1.7254875131252425,0.0,-0.44909100970129967,1.717805869661593,0.0,-0.45619100476491586,1.7252029873596553,0.0,-0.4624777040831294,1.7286236638923624,0.0,-0.46751220042056396,1.7306518222272047,0.0,-0.4508791194517621,1.7181795257323698,0.0,-0.4581438666039327,1.7253225681616724,0.0,-0.464233751172376,1.7290498245470578,0.0,-0.46929643826038303,1.7320846729886785,0.0,-0.45352099530533324,1.717823387560383,0.0,-0.4601506016144471,1.724874040139635,0.0,-0.46560744972594814,1.728546689573541,0.0,-0.46986000956242424,1.7319009076917322,0.0,-0.4565976324815626,1.71646009986845,0.0,-0.46192186547892417,1.7226585019182254,0.0,-0.4660068871977571,1.7262461223114807,0.0,-0.46928400754861366,1.7293196878470767,0.0
-0.4441528148613937,1.6963127615511395,0.0,-0.4465415385491944,1.7032091548152686,0.0,-0.44956318524258926,1.7109130222011932,0.0,-0.4531339256556064,1.7172706295425322,0.0,-0.4571107068765538,1.7219156882080857,0.0,-0.4467378848534342,1.7141246917065038,0.0,-0.45374039834770347,1.7216141566343164,0.0,-0.459905376523565,1.7252496291414592,0.0,-0.46487521010335087,1.7274314480597166,0.0,-0.4484994589792523,1.714492776898662,0.0,-0.45570216917288775,1.7216983700177804,0.0,-0.46166866308306737,1.7256201151190267,0.0,-0.4666691613556517,1.7287563744578827,0.0,-0.4511009870354097,1.7141373461704439,0.0,-0.4576651219654671,1.7212489925499508,0.0,-0.4630220288505504,1.7250659407813147,0.0,-0.46724082273025214,1.7284625306222878,0.0,-0.45413358745137533,1.7127880717568915,0.0,-0.4594093421413152,1.719027787890854,0.0,-0.4634177033443216,1.7227008605821674,0.0,-0.46667351614916247,1.725796988143402,0.0
-0.43570255539300223,1.6871494039368211,0.0,-0.43811108622662137,1.694038904654122,0.0,-0.4411424051715474,1.7017389713352455,0.0,-0.4446954729367759,1.7081064722311619,0.0,-0.4486340237573893,1.7127839904106197,0.0,-0.4383341885702021,1.704954514145522,0.0,-0.44530001911311806,1.7124781093625536,0.0,-0.45142261015071367,1.7161845220818004,0.0,-0.45637089716722806,1.7184147765975513,0.0,-0.4400851953357917,1.7053207753835593,0.0,-0.44726438142453945,1.7125498066765417,0.0,-0.4531885469577244,1.7165352046434683,0.0,-0.45816911962172724,1.7197030117009242,0.0,-0.4426712752968492,1.7049659652299618,0.0,-0.4492105831647901,1.7121004472865262,0.0,-0.45453368004928923,1.7159644070087023,0.0,-0.45874165154024427,1.719374395319316,0.0,-0.4456873810008445,1.7036222581354614,0.0,-0.45094484334299706,1.709877394800771,0.0,-0.45492768498218217,1.7135781237839056,0.0,-0.4581767401401093,1.7166813420289457,0.0
-0.41680192826647655,1.6633715645769416,0.0,-0.4192080806653556,1.6702618963210272,0.0,-0.4222384496008412,1.6779623369288406,0.0,-0.4257942244446795,1.6843283265191342,0.0,-0.42973829509416955,1.68900119133609,0.0,-0.419427566475172,1.6811775598234973,0.0,-0.4263986149199992,1.688696320607179,0.0,-0.4325271784765901,1.6923928493831886,0.0,-0.437478417024733,1.694616543706205,0.0,-0.4211797491115302,1.6815440976357112,0.0,-0.42836218762815514,1.6887698974728704,0.0,-0.43429228113265883,1.6927464695201495,0.0,-0.43927552972719586,1.6959100654266654,0.0,-0.4237676484137108,1.681189298895337,0.0,-0.43031039540643173,1.6883206272005262,0.0,-0.43563820772973577,1.692178082452893,0.0,-0.4398476170912439,1.6955862956467027,0.0,-0.4267857585668371,1.6798450220283174,0.0,-0.43204572818457926,1.6860980504627068,0.0,-0.4360321026218907,1.6897949736935824,0.0,-0.43928205740171444,1.6928972497652277,0.0
-0.38900358691104653,1.6229007906878195,0.0,-0.39140422690538423,1.6297930449291957,0.0,-0.39443188668496554,1.637494551125955,0.0,-0.397992486607379,1.6438578432296,0.0,-0.4019470297042162,1.6485218487807298,0.0,-0.39161638306181573,1.6407086748686495,0.0,-0.3985975265771734,1.648218063349767,0.0,-0.404737645218766,1.6518953666179526,0.0,-0.4096947315980312,1.6541059941829972,0.0,-0.3933715305812982,1.641075700349685,0.0,-0.4005604612035248,1.648295041236539,0.0,-0.406502075422679,1.6522543788945447,0.0,-0.41149070980519653,1.6554094751866162,0.0,-0.3959637317423115,1.6407207036320042,0.0,-0.4025133319488798,1.6478457382804303,0.0,-0.40785033260245973,1.6516904709369424,0.0,-0.41206266840705313,1.655095066568813,0.0,-0.3989864119460889,1.6393748573438829,0.0,-0.4042514316197957,1.6456236342495127,0.0,-0.40824473066013817,1.6493130766604793,0.0,-0.4114965100927351,1.6524134400935855,0.0
-0.3624936356032241,1.5710391951036835,0.0,-0.36489459188433193,1.5779313391711267,0.0,-0.3679223074058316,1.5856328234540742,0.0,-0.371482345931882,1.5919964296562867,0.0,-0.3754358307887075,1.5966613322675494,0.0,-0.36510738208457666,1.5888469398248588,0.0,-0.37208755883476025,1.5963572269484352,0.0,-0.37822654114354715,1.6000364269255285,0.0,-0.3831830762373665,1.6022482902727018,0.0,-0.3668624081047459,1.5892139055540155,0.0,-0.3740507640620363,1.596433818639578,0.0,-0.3799912521835927,1.6003948456651114,0.0,-0.3849793922102162,1.6035507234652608,0.0,-0.36945437822611205,1.5888588745494092,0.0,-0.3760033692850307,1.5959844691012595,0.0,-0.38133947370433785,1.5998304455445849,0.0,-0.38555154826271637,1.60323536437796,0.0,-0.3724767783087462,1.5875130692561064,0.0,-0.37774136021684906,1.5937622149828221,0.0,-0.38173399000176006,1.5974523816362511,0.0,-0.3849856046144,1.6005529179296156,0.0
-0.35179831964157815,1.5149549593454512,0.0,-0.35420165004672244,1.521846275901371,0.0,-0.35723052002634775,1.5295473062276417,0.0,-0.3607884482889985,1.5359120925305454,0.0,-0.36473737155730024,1.5405808572394142,0.0,-0.35441762168202756,1.5327618877595328,0.0,-0.36139340914016765,1.5402762519695785,0.0,-0.3675273544106151,1.5439638435519254,0.0,-0.37248134030287233,1.5461814105480156,0.0,-0.3561713764058703,1.533128639425714,0.0,-0.3633569148387051,1.5403513566264662,0.0,-0.36929237991628694,1.5443199065546094,0.0,-0.37427817165060184,1.5474794929827225,0.0,-0.3587614946974698,1.532773688440185,0.0,-0.36530751107931325,1.5399020158131242,0.0,-0.37063960835871007,1.543753545870051,0.0,-0.37485040771464967,1.5471600415960471,0.0,-0.36178192331775083,1.5314285541415422,0.0,-0.3670443139606994,1.5376795452391092,0.0,-0.37103392336120683,1.5413729771608888,0.0,-0.3742847425200447,1.5444743474535394,0.0
-0.36571516979352997,1.4690155675048497,0.0,-0.3681186984214908,1.4759068149278318,0.0,-0.37114770895678134,1.483607789971079,0.0,-0.3747055878419728,1.4899726038758299,0.0,-0.37865433418717775,1.494641518223614,0.0,-0.36833484054254184,1.486822441680013,0.0,-0.37531043456710755,1.4943369854550403,0.0,-0.3814441688796004,1.4980249279224318,0.0,-0.38639803696987074,1.5002427580662963,0.0,-0.37008846750473845,1.4871891896053724,0.0,-0.3772738609599991,1.4944120510345351,0.0,-0.38320911229248994,1.4983809206266892,0.0,-0.3881947892716117,1.5015406881299298,0.0,-0.3726784240900669,1.4868342656338454,0.0,-0.37922428849038003,1.4939627325700011,0.0,-0.38455621417431046,1.4978145001742844,0.0,-0.38876694798085426,1.5012210769248715,0.0,-0.37569869598968614,1.4854892092564282,0.0,-0.38096096966771253,1.4917402988189288,0.0,-0.3849504467769001,1.4954338736353778,0.0,-0.3882012258678975,1.4985352859261152,0.0
-0.37974782365079496,1.4475654706595178,0.0,-0.3821503217946845,1.4544570774082224,0.0,-0.3851788379357465,1.4621582468923295,0.0,-0.388737652000566,1.4685225379491436,0.0,-0.39268840904261476,1.4731897510019638,0.0,-0.38236506939911197,1.4653727014216618,0.0,-0.38934259548711064,1.4728854512400478,0.0,-0.39547854514305364,1.4765697066707655,0.0,-0.40043353166029494,1.478785036943386,0.0,-0.3841192450421953,1.4657395441748933,0.0,-0.3913058755744952,1.4729611747334308,0.0,-0.3972433349144958,1.4769267403683937,0.0,-0.4022300404316595,1.4800848843961052,0.0,-0.38671000413189704,1.465384588380636,0.0,-0.3932571747789548,1.4725118556076635,0.0,-0.3985908612706137,1.4763611845862075,0.0,-0.40280215309276113,1.4797670714803843,0.0,-0.3897311324866972,1.4640392441360375,0.0,-0.3949943674886257,1.4702895243133838,0.0,-0.3989851709308337,1.4739816660245184,0.0,-0.4022362981694417,1.4770827133595301,0.0
-0.3777495352901232,1.4469276765499395,0.0,-0.3801517896423036,1.4538193682825704,0.0,-0.3831801684022754,1.4615205917909337,0.0,-0.3867391450560987,1.4678847919277414,0.0,-0.3906902834930402,1.4725516821062046,0.0,-0.3803662511460761,1.4647349851857927,0.0,-0.38734415409541867,1.4722473849736046,0.0,-0.3934805316187737,1.4759309277180157,0.0,-0.398435739415232,1.4781457629933241,0.0,-0.3821205665593807,1.4651018438972112,0.0,-0.3893074478818157,1.472323224872414,0.0,-0.3952453353591543,1.4762881494020645,0.0,-0.4002322474025672,1.4794459673014917,0.0,-0.3847115188492137,1.4647468712100093,0.0,-0.3912589538150985,1.4718738956223896,0.0,-0.3965929823278985,1.475722750647069,0.0,-0.4008043876829832,1.4791284971558942,0.0,-0.38773284630243443,1.4634014487075284,0.0,-0.3929962781554858,1.4696515631152123,0.0,-0.3969873406690712,1.4733434247786679,0.0,-0.4002385383787605,1.4764443982303623,0.0
-0.3701489802080161,1.4584403320974828,0.0,-0.3725516600984543,1.4653318754844367,0.0,-0.3755802399405261,1.4730330199175592,0.0,-0.379138821603931,1.4793974409241142,0.0,-0.383089115522174,1.484065045967946,0.0,-0.3727667042676787,1.4762474925525018,0.0,-0.3797437975212328,1.4837606443460947,0.0,-0.38587924495003467,1.4874457360827342,0.0,-0.390833983663088,1.489661620531031,0.0,-0.3745207946445406,1.47661431106897,0.0,-0.3817071589582773,1.4838362065460617,0.0,-0.3876441194785229,1.4878025189392559,0.0,-0.39263060036509967,1.490961017630483,0.0,-0.3771114159855351,1.476259350068584,0.0,-0.38365830496105746,1.4833868760313105,0.0,-0.38899159421066154,1.4872367553744095,0.0,-0.39320276586628017,1.4906427908460578,0.0,-0.3801323891105691,1.4749140449319689,0.0,-0.3853954194504022,1.4811644974454155,0.0,-0.3893859252031307,1.4848569609004654,0.0,-0.39263697703512707,1.487958087289582,0.0
-0.36208678577524106,1.4659137620721516,0.0,-0.3644896393874307,1.4728052448899907,0.0,-0.36751831126687373,1.4805063531275293,0.0,-0.3710767602420051,1.4868708483231585,0.0,-0.37502675533246166,1.4915387062549172,0.0,-0.3647048999785463,1.483720865170123,0.0,-0.3716817016505691,1.4912342877305558,0.0,-0.37781681664532324,1.4949199328925569,0.0,-0.38277138531246563,1.4971361975259896,0.0,-0.3664588936124689,1.4840876704625645,0.0,-0.3736450671899201,1.4913097557325217,0.0,-0.3795816956762157,1.4952765650845152,0.0,-0.38456801891380216,1.4984353126504004,0.0,-0.36904937824704864,1.4837327188172038,0.0,-0.37559606603164086,1.4908604295758012,0.0,-0.38092909025400823,1.494710676038043,0.0,-0.38514017574815573,1.4981168180356985,0.0,-0.37207020849900063,1.4823874665306942,0.0,-0.3773330897868787,1.4886380445464105,0.0,-0.3813233953039995,1.4923307243875927,0.0,-0.3845743935353992,1.4954319069676802,0.0
-0.3752217405437189,1.4646838802214703,0.0,-0.37762442957253634,1.4715754204223968,0.0,-0.3806530251896159,1.479276558651764,0.0,-0.3842116312759403,1.4856409660025058,0.0,-0.3881619599713669,1.4903085416134416,0.0,-0.3778394616007578,1.4824910411178869,0.0,-0.3848165824059886,1.4900041673255036,0.0,-0.3909520641191644,1.4936892019802017,0.0,-0.3959068172997799,1.4959050540786083,0.0,-0.379593541540896,1.4828578624258346,0.0,-0.3867799182004584,1.4900797456178203,0.0,-0.3927169120118961,1.4940460081787597,0.0,-0.3977034045848324,1.4972044884200673,0.0,-0.3821841539189138,1.4825029069458293,0.0,-0.3887310562058989,1.4896304206814754,0.0,-0.3940643717140502,1.4934802636479971,0.0,-0.39827554888347444,1.4968862923024466,0.0,-0.3852051214536136,1.4811576100200508,0.0,-0.39046816030570186,1.4874080553659652,0.0,-0.3944586850721921,1.4911004982724252,0.0,-0.39770974055181857,1.4942016208375608,0.0
-0.3794269152036263,1.4792280105023028,0.0,-0.3818295013614382,1.4861195865676506,0.0,-0.38485804413309255,1.4938207455791161,0.0,-0.38841673354420936,1.5001851063387688,0.0,-0.3923672468373286,1.5048525257121057,0.0,-0.38204440166085424,1.4970352058842138,0.0,-0.389021701608424,1.5045481657259807,0.0,-0.39515738805696077,1.508232859480458,0.0,-0.40011224551613034,1.5104484783922167,0.0,-0.38379853807635156,1.4974020355540665,0.0,-0.39098503106164373,1.5046238029903756,0.0,-0.396922229228925,1.5085897596393811,0.0,-0.40190881822937374,1.5117480876393337,0.0,-0.38638923114123847,1.4970470752980596,0.0,-0.3929362561736844,1.5041744762852134,0.0,-0.39826973475744265,1.50802409332759,0.0,-0.40248096449624776,1.511430056984797,0.0,-0.3894102835778648,1.4957017478977133,0.0,-0.39467341316404214,1.5019521168420202,0.0,-0.39866406102083607,1.5056444267169502,0.0,-0.4019151492375675,1.5087455149618463,0.0
-0.34058122782477784,1.4469605206587808,0.0,-0.34298387225496735,1.4538520764085563,0.0,-0.3460124412444509,1.461553225109598,0.0,-0.34957107277982374,1.4679176182306466,0.0,-0.35352146433873144,1.4725851406373442,0.0,-0.3431988551728241,1.4647676953305273,0.0,-0.35017603906404415,1.472280762952375,0.0,-0.3563115919317799,1.4759656791340894,0.0,-0.3612663823565815,1.4781814479508044,0.0,-0.3449529614156014,1.465134519077795,0.0,-0.3521393808999058,1.4723563596553344,0.0,-0.3580764460447499,1.4763225154371005,0.0,-0.36306297362413203,1.47948094041084,0.0,-0.34754360937654266,1.4647795598174491,0.0,-0.35409055675630324,1.4719070321333407,0.0,-0.3594239292908523,1.475756796098064,0.0,-0.36363512583230917,1.4791628008010016,0.0,-0.35056461306422243,1.4634342478335742,0.0,-0.3558276856942308,1.4696846647374384,0.0,-0.3598182537743261,1.4733770608331416,0.0,-0.36306932124583063,1.4764781708265677,0.0
-0.3188312857815475,1.3882559680254245,0.0,-0.32123398518813095,1.395147504608204,0.0,-0.3242625818564532,1.4028486424241533,0.0,-0.32782116724429344,1.4092130613482383,0.0,-0.33177145755048504,1.4138806694490242,0.0,-0.321449039714124,1.4060631240889796,0.0,-0.32842612565778373,1.413576282670904,0.0,-0.3345615664520494,1.4172613854536091,0.0,-0.33951629994897176,1.4194772815651873,0.0,-0.3232031160502535,1.4064299431884177,0.0,-0.3303894722142267,1.4136518467751678,0.0,-0.33632642554230147,1.4176181699339159,0.0,-0.34131290056776314,1.4207766778783617,0.0,-0.32579372098210047,1.4060749862219641,0.0,-0.3323406015325824,1.413202519923384,0.0,-0.33767388485439365,1.4170524074783202,0.0,-0.3418850527885918,1.4204584475510722,0.0,-0.3288146791983011,1.4047296902446138,0.0,-0.3340777024956091,1.410980148688028,0.0,-0.3380682032795304,1.414672617512942,0.0,-0.34131925292541804,1.4177737461938542,0.0
-0.3065778509529132,1.3335782392906348,0.0,-0.3089805325411899,1.340469782085651,0.0,-0.3120091216385985,1.34817092287898,0.0,-0.31556772600436733,1.354535331191756,0.0,-0.3195180555934704,1.3592029060463429,0.0,-0.30919556084610983,1.3513854018281755,0.0,-0.31617268402761195,1.3588985258290491,0.0,-0.32230816777455995,1.3625835570975702,0.0,-0.32726292271970314,1.3647994052504027,0.0,-0.3109496461904893,1.3517522228804857,0.0,-0.31813602574288413,1.3589741031938605,0.0,-0.3240730218104153,1.362940362377711,0.0,-0.32905951642667836,1.366098839393087,0.0,-0.3135402648414954,1.3513972658143982,0.0,-0.32008717011175464,1.3585247768097883,0.0,-0.325420487495034,1.3623746171786313,0.0,-0.3296316659871079,1.3657806441977705,0.0,-0.3165612380418029,1.35005196534463,0.0,-0.32182427942229264,1.3563024085615631,0.0,-0.32581480580029376,1.359994849726418,0.0,-0.3290658620514815,1.3630959714826887,0.0
-0.29689970487468886,1.2804089285618627,0.0,-0.29930235909898306,1.287300480897053,0.0,-0.3023309346315222,1.2950016270249562,0.0,-0.30588956257564975,1.3013660221540377,0.0,-0.3098399435414396,1.306033553526277,0.0,-0.2995173513053055,1.2982161004284902,0.0,-0.3064945240707057,1.3057291783825724,0.0,-0.31263006460574955,1.3094141150987013,0.0,-0.3175848483408265,1.3116298988745805,0.0,-0.301271451431702,1.2985829238618707,0.0,-0.3084578629350006,1.3058047723812627,0.0,-0.3143949156433621,1.3097709467795333,0.0,-0.31938143680602554,1.3129293818839782,0.0,-0.30386209146570714,1.2982279657515574,0.0,-0.31040903046279394,1.305355445767354,0.0,-0.31574239303119095,1.3092052235389124,0.0,-0.3199535859574768,1.3126112327116557,0.0,-0.3068830873364315,1.296882657419995,0.0,-0.3121461535888305,1.3031330796940268,0.0,-0.3161367140365248,1.3068254840384528,0.0,-0.3193877792859251,1.3099265963614337,0.0
-0.287506767615559,1.224744386968352,0.0,-0.2899094256907549,1.231635937960972,0.0,-0.29293800256606495,1.2393370835608133,0.0,-0.2964966255658588,1.245701481454498,0.0,-0.30044699668650166,1.250369021159193,0.0,-0.2901244241955625,1.2425515573430213,0.0,-0.2971015877621323,1.2500646438397742,0.0,-0.30323711762404265,1.2537495983269622,0.0,-0.308191896094758,1.2559653938746083,0.0,-0.291878522518659,1.2429183802607104,0.0,-0.2990649283667019,1.250140234407604,0.0,-0.30500197047508076,1.2541064246731732,0.0,-0.3099884868668304,1.2572648673098998,0.0,-0.2944691596351926,1.2425634220369368,0.0,-0.30101609264862,1.2496909075490124,0.0,-0.3063494467759361,1.253540697014555,0.0,-0.3105606371504296,1.2569467093423345,0.0,-0.2974901522157845,1.241218114530524,0.0,-0.30275321412118295,1.2474685404648742,0.0,-0.30674376824378274,1.251160951645125,0.0,-0.3099948318918114,1.2542620656469103,0.0
-0.2784925923749506,1.1671565115000209,0.0,-0.2808952633103828,1.1740480580090575,0.0,-0.28392384647503516,1.1817492011355288,0.0,-0.28748245814748236,1.188113605362833,0.0,-0.291432804726687,1.1927811658380574,0.0,-0.28111027896493296,1.1849636774631929,0.0,-0.28808741889230344,1.1924767859128464,0.0,-0.29422292165947533,1.1961617855129911,0.0,-0.299177686416114,1.198377611726665,0.0,-0.28286437038287116,1.1853304992344982,0.0,-0.29005076103950383,1.1925523684982036,0.0,-0.29598777613027893,1.1965185992064789,0.0,-0.30097427988923836,1.1996770617876351,0.0,-0.28545499746392966,1.184975541462044,0.0,-0.292001914439434,1.1921030417056784,0.0,-0.2973352470157735,1.1959528610269607,0.0,-0.3015464305277809,1.1993588818394936,0.0,-0.2884759793749999,1.1836302376078551,0.0,-0.2937390294631424,1.1898806734927,0.0,-0.29772956734222306,1.1935731022279719,0.0,-0.300980626710608,1.1966742207163303,0.0
-0.272230427053697,1.1112760583668875,0.0,-0.27463309820877757,1.1181676047993456,0.0,-0.27766168172336014,1.1258687477882021,0.0,-0.2812202938988626,1.1322331517342261,0.0,-0.28517064117894164,1.1369007116162722,0.0,-0.27484811363441025,1.1290832243314222,0.0,-0.2818252541093221,1.1365963322725945,0.0,-0.2879607575621346,1.1402813307311515,0.0,-0.29291552260392484,1.1424971563072033,0.0,-0.27660220481579073,1.1294500461604986,0.0,-0.2837885957093248,1.1366719151884663,0.0,-0.28972561146458325,1.1406381449020826,0.0,-0.2947121154510268,1.1437966071240921,0.0,-0.27919283168615217,1.1290950885072872,0.0,-0.2857397489177149,1.1362225885157209,0.0,-0.2910730820177297,1.1400724071115316,0.0,-0.2952842656354107,1.1434784277934105,0.0,-0.28221381345770513,1.1277497848359337,0.0,-0.2874768637067202,1.1340002205853192,0.0,-0.2914674019638237,1.1376926489120485,0.0,-0.2947184614025949,1.1407937673266175,0.0
-0.2679333428139642,1.058642589151129,0.0,-0.2703360082324546,1.0655341375835914,0.0,-0.27336458897826205,1.0732352816613073,0.0,-0.276923206312053,1.0795996827231076,0.0,-0.2808735647089867,1.084267233196481,0.0,-0.27055101592906294,1.076449757095129,0.0,-0.27752816709283074,1.0839628551099492,0.0,-0.2836636828056938,1.0876478331555082,0.0,-0.28861845404354725,1.0898636448766101,0.0,-0.27230511017268055,1.076816579447284,0.0,-0.2794915079178528,1.0840384416572661,0.0,-0.28542853589533634,1.088004653075476,0.0,-0.29041504558396847,1.0911631062949898,0.0,-0.27489574151362994,1.0764616216096383,0.0,-0.28144266597952766,1.0835891149730152,0.0,-0.28677600882780097,1.087438920064073,0.0,-0.29098719554035934,1.0908449369194604,0.0,-0.2779167280510151,1.0751163163273731,0.0,-0.2831797836263071,1.0813667475918733,0.0,-0.28717032922838476,1.0850591679806125,0.0,-0.2904213905978883,1.0881602843710958,0.0
-0.2600645373074646,1.0051942855215823,0.0,-0.26246720175873706,1.0120858342912546,0.0,-0.26549578192827933,1.019786978595595,0.0,-0.26905439981746965,1.0261513793468466,0.0,-0.27300475958333265,1.0308189286616332,0.0,-0.26268220838767237,1.0230014537647132,0.0,-0.2696593609243517,1.0305145505045579,0.0,-0.27579487818609427,1.03419952597122,0.0,-0.2807496502342635,1.0364153358803756,0.0,-0.264436303201127,1.0233682761701566,0.0,-0.27162270187752774,1.0305901374534836,0.0,-0.2775597314076569,1.0345563465475345,0.0,-0.28254624185769417,1.0377147985649553,0.0,-0.26702693531357313,1.0230133182510834,0.0,-0.2735738607600546,1.03014081071375,0.0,-0.27890720484952475,1.0339906140853101,0.0,-0.28311839198332117,1.0373966304198803,0.0,-0.27004792263522764,1.021668012642853,0.0,-0.27531097894488005,1.027918443288999,0.0,-0.27930152548958204,1.0316108626590061,0.0,-0.28255258711987236,1.0347119787760932,0.0
-0.24634056492819328,0.9440995470113652,0.0,-0.2487432318067812,0.9509910949347798,0.0,-0.2517718131313003,0.9586922387849096,0.0,-0.25533042879027773,0.9650566407831717,0.0,-0.2592807837757487,0.9697241941438176,0.0,-0.2489582417417498,0.9619067144116874,0.0,-0.25593538969067153,0.9694198154120212,0.0,-0.2620709016863449,0.9731047996467214,0.0,-0.26702567107727526,0.9753206154977189,0.0,-0.2507123352675908,0.9622735365905145,0.0,-0.25789873101095384,0.9694954007924751,0.0,-0.2638357552925499,0.973461617743059,0.0,-0.26882226329951875,0.9766200736175513,0.0,-0.25330296549108694,0.9619185787418586,0.0,-0.2598498878403041,0.9690460740495016,0.0,-0.26518322774405,0.972895883219769,0.0,-0.2693944135530737,0.9763019011922832,0.0,-0.25632395079325976,0.9605732738070202,0.0,-0.26158700482442965,0.9668237063717183,0.0,-0.26557754821645496,0.9705161291489476,0.0,-0.26882860901998507,0.97361724613277,0.0
-0.2404353771233188,0.8830530311561117,0.0,-0.24283804480341575,0.8899445788000887,0.0,-0.2458666265613746,0.8976457224797619,0.0,-0.24942524163345503,0.9040101248061837,0.0,-0.2533755952808684,0.9086776792992864,0.0,-0.24305305571802321,0.9008601982946028,0.0,-0.2500302023562694,0.9083733005121136,0.0,-0.2561657128596093,0.9120582872315534,0.0,-0.2611204814846136,0.9142741047952315,0.0,-0.24480714879322363,0.9012270204152063,0.0,-0.2519935436746441,0.9084488854748759,0.0,-0.2579305664648736,0.9124151046578831,0.0,-0.2629170737602927,0.915573561655756,0.0,-0.24739777838454552,0.9008720626137464,0.0,-0.25394469982480816,0.9079995587563047,0.0,-0.25927803853785825,0.9118493695761044,0.0,-0.26348922395728763,0.915255388030311,0.0,-0.250418763029048,0.8995267579271243,0.0,-0.25568181638571885,0.9057771910597713,0.0,-0.2596723588774352,0.9094696148099987,0.0,-0.26292341943877007,0.9125707320477271,0.0
-0.25649581163455587,0.8433879987361577,0.0,-0.25889847834698615,0.8502795467175015,0.0,-0.2619270596523888,0.857980690575149,0.0,-0.26548567563620246,0.8643450923917808,0.0,-0.2694360312257639,0.8690126452411586,0.0,-0.2591134879266571,0.8611951662131345,0.0,-0.2660906364247719,0.8687082667034522,0.0,-0.2722261490647964,0.8723932498653051,0.0,-0.2771809187660082,0.8746090650224845,0.0,-0.260867581511318,0.8615619884265944,0.0,-0.2680539775781518,0.8687838523066729,0.0,-0.27399100249734337,0.8727500683028409,0.0,-0.2789775107811133,0.875908523740325,0.0,-0.26345821185440543,0.861207030600688,0.0,-0.2700051345466445,0.8683345255932504,0.0,-0.27533847495734787,0.872184334061203,0.0,-0.2795496609121502,0.8755903518534771,0.0,-0.2664791973053766,0.8598617256495289,0.0,-0.2717422515821723,0.8661121580074027,0.0,-0.27573279535202894,0.8698045803762953,0.0,-0.2789838562476202,0.8729056972636053,0.0
-0.28727660154727774,0.8456300016933597,0.0,-0.28967926775357344,0.8525215498511621,0.0,-0.29270784879598044,0.860222693812236,0.0,-0.2962664651811711,0.8665870954044405,0.0,-0.30021682166515645,0.8712546474968276,0.0,-0.28989427669157564,0.8634371693390649,0.0,-0.29687142605936967,0.8709502690217424,0.0,-0.3030069396924948,0.8746352505300782,0.0,-0.30796170990031363,0.8768510645544366,0.0,-0.29164837055556625,0.8638039915927086,0.0,-0.29883476718862106,0.8710258549093469,0.0,-0.3047717930993102,0.8749920694213428,0.0,-0.3097583018519872,0.8781505241185253,0.0,-0.2942390012961218,0.8634490337419255,0.0,-0.3007859245857534,0.8705765281857557,0.0,-0.3061192657877441,0.8744263355574969,0.0,-0.3103304519984118,0.8778323530334199,0.0,-0.29725998716428365,0.8621037286393441,0.0,-0.3025230418830304,0.8683541606250814,0.0,-0.3065135862503643,0.8720465823482572,0.0,-0.3097646473052343,0.8751476990685868,0.0
-0.32820586856280776,0.8911449352292894,0.0,-0.33060853512661414,0.8980364832624496,0.0,-0.3336371163322403,0.9057376271593355,0.0,-0.3371957323691524,0.9121020289462777,0.0,-0.3411460881172142,0.9167695816615095,0.0,-0.33082354456638297,0.9089521027486801,0.0,-0.3378006932314221,0.9164652030839812,0.0,-0.343936206056284,0.9201501859380791,0.0,-0.34889097585796486,0.9223660008706,0.0,-0.33257763824409725,0.9093189249667474,0.0,-0.3397640344310462,0.9165407887273006,0.0,-0.3457010595366939,0.9205070044443627,0.0,-0.3506875679169416,0.9236654597295294,0.0,-0.335168268707553,0.9089639671231654,0.0,-0.34171519152593494,0.9160914619998596,0.0,-0.34704853208607794,0.9199412702607862,0.0,-0.3512597180952896,0.9233472879857886,0.0,-0.3381892542770585,0.9076186621163417,0.0,-0.3434523086499058,0.9138690943933369,0.0,-0.3474428525342625,0.9175615166384846,0.0,-0.3506939134632838,0.9206626334907485,0.0
-0.36581094042953555,0.9428794778103302,0.0,-0.36821360727456015,0.9497710257454464,0.0,-0.3712421886228974,0.9574721695862092,0.0,-0.3748008044269897,0.963836571503331,0.0,-0.3787511596623222,0.9685041246525083,0.0,-0.3684286170782,0.9606866452348917,0.0,-0.3754057652466342,0.968199746031372,0.0,-0.3815412775035408,0.971884729831118,0.0,-0.38649604701642815,0.9741005454094085,0.0,-0.3701827106023833,0.9610534674295432,0.0,-0.37736910646774,0.9682753315101094,0.0,-0.3833061310066394,0.9722415480755362,0.0,-0.38829263912011247,0.9754000037818817,0.0,-0.37277334084555136,0.9606985095982128,0.0,-0.37932026332454816,0.9678260047866476,0.0,-0.3846536034324808,0.9716758136740444,0.0,-0.3888647892963906,0.9750818315786975,0.0,-0.37579432618265624,0.9593532046738262,0.0,-0.38105738030484,0.9656036371618881,0.0,-0.38504792384799813,0.9692960597757823,0.0,-0.38829898468650087,0.9723971767229411,0.0
-0.3862503006437349,0.9670514558705754,0.0,-0.38865296737094285,0.9739430038467671,0.0,-0.3916815486676605,0.9816441477078302,0.0,-0.3952401645927562,0.9880085495572937,0.0,-0.39919052008062667,0.9926761024927369,0.0,-0.38886797700456033,0.9848586233374497,0.0,-0.39584512541309297,0.9923717239109593,0.0,-0.4019806379466305,0.9960567072501134,0.0,-0.4069354075980043,0.9982725225187354,0.0,-0.3906220705890696,0.9852254455445169,0.0,-0.39780846660587826,0.9924473094743749,0.0,-0.40374549142014604,0.996413525627603,0.0,-0.40873199966031587,0.9995719811339221,0.0,-0.39321270092320365,0.9848704877118108,0.0,-0.39975962356223904,0.991997982753243,0.0,-0.4050929638896658,0.9958477913365633,0.0,-0.40930414982195784,0.999253809156669,0.0,-0.39623368635911166,0.9835251827569451,0.0,-0.40149674059852936,0.9897756151462924,0.0,-0.40548728430671305,0.9934680375818372,0.0,-0.4087383451879719,0.9965691544841726,0.0
-0.38763685845478846,0.9645931435182395,0.0,-0.39003952503798495,0.9714846915446393,0.0,-0.39306810626285743,0.9791858354339564,0.0,-0.3966267223107328,0.9855502372147686,0.0,-0.4005770780668849,0.9902177899231535,0.0,-0.3902545344826024,0.9824003110340669,0.0,-0.3972316831502985,0.9899134113669006,0.0,-0.40336719598054366,0.9935983942120354,0.0,-0.4083219657824577,0.9958142091440352,0.0,-0.3920086281451297,0.9827671332535199,0.0,-0.3991950243291575,0.9899889970169802,0.0,-0.4051320494394,0.993955212727164,0.0,-0.4101185578184461,0.9971136680142281,0.0,-0.39459925859187245,0.9824121754151087,0.0,-0.4011461814074101,0.9895396702944157,0.0,-0.40647952197096227,0.9933894785506192,0.0,-0.41069070797880036,0.9967954962773202,0.0,-0.3976202441470106,0.9810668704186414,0.0,-0.402883298516643,0.987317302698344,0.0,-0.4068738424028977,0.9910097249414405,0.0,-0.4101249033312431,0.9941108417944127,0.0
-0.38224091414314554,0.9575685333687802,0.0,-0.38464358075739435,0.964460081384354,0.0,-0.3876721619945472,0.9721612252688416,0.0,-0.3912307780067254,0.9785256270696137,0.0,-0.39518113369019886,0.9831931798395095,0.0,-0.38485859024967434,0.9753757008730364,0.0,-0.3918357388488923,0.9828888012694632,0.0,-0.39797125159995356,0.9865737842464395,0.0,-0.40292602136253014,0.9887895992664015,0.0,-0.3866126838969498,0.9757425230887946,0.0,-0.3937990800383485,0.9829643868946745,0.0,-0.39973610506986296,0.9869306027227063,0.0,-0.4047226134130947,0.9900890580663133,0.0,-0.3892033143199317,0.9753875652501367,0.0,-0.39575023709039364,0.9825150601708477,0.0,-0.4010835775912234,0.9863648685139439,0.0,-0.40529476357982064,0.9897708862644339,0.0,-0.3922242998487954,0.9740422602610446,0.0,-0.39748735418554776,0.980292692568433,0.0,-0.4014778980247267,0.9839851148624061,0.0,-0.4047289589410193,0.987086231728014,0.0
-0.38116680217135074,0.9577885808116767,0.0,-0.3835694688549138,0.9646801288030847,0.0,-0.3865980501261603,0.9723812726741646,0.0,-0.39015666607784666,0.9787456745087603,0.0,-0.3941070216299476,0.9834132273898425,0.0,-0.38378447843920777,0.9755957482922172,0.0,-0.3907616269117803,0.9831088488062555,0.0,-0.3968971395177305,0.9867938320248423,0.0,-0.4018519092068091,0.9890096472091526,0.0,-0.3855385720491702,0.9759625705018592,0.0,-0.39272496810908936,0.9831844343888184,0.0,-0.3986619929958905,0.9871506504334716,0.0,-0.403648501271391,0.9903091058840111,0.0,-0.3881292024180312,0.9756076126657235,0.0,-0.3946761251024781,0.9827351076654428,0.0,-0.40000946548787025,0.9865849161684607,0.0,-0.40422065143965963,0.98999093396446,0.0,-0.39115018788942263,0.9742623076964131,0.0,-0.39641324216277396,0.9805127400571872,0.0,-0.40040378591493136,0.9842051624452078,0.0,-0.40365484680827296,0.9873062793348762,0.0
-0.3831877237424905,0.9608217919230132,0.0,-0.3855903904226176,0.9677133399156191,0.0,-0.3886189716935171,0.9754144837868356,0.0,-0.3921775876520591,0.9817788856175979,0.0,-0.396127943216875,0.9864464384879191,0.0,-0.3858053999994606,0.9786289594051546,0.0,-0.39278254848357896,0.9861420599084701,0.0,-0.39891806110308226,0.9898270431044912,0.0,-0.4038728307986804,0.9920428582742232,0.0,-0.3875594936106157,0.9789957816155276,0.0,-0.3947458896773226,0.9862176454957324,0.0,-0.40068291457753247,0.9901838615203141,0.0,-0.4056694228588451,0.9933423169616776,0.0,-0.390150123981942,0.9786408237798848,0.0,-0.3966970466735877,0.9857683187729919,0.0,-0.4020303870696405,0.9896181272612409,0.0,-0.4062415730244886,0.9930241450534584,0.0,-0.3931711094564188,0.9772955188102607,0.0,-0.3984341637349215,0.9835459511666972,0.0,-0.40242470749502246,0.9872383735461329,0.0,-0.4056757683902963,0.9903394904337758,0.0
-0.38395950645932614,0.9611580998612349,0.0,-0.38636217310783455,0.9680496478648645,0.0,-0.38939075436338494,0.975750791742117,0.0,-0.39294937035010563,0.9821151935571234,0.0,-0.396899725975788,0.9867827463759303,0.0,-0.38657718264226626,0.9789652673542585,0.0,-0.39355433118495364,0.9864783678031833,0.0,-0.39968984387161466,0.9901633508873865,0.0,-0.4046446136011756,0.9923791659811744,0.0,-0.388331276270343,0.9793320895674867,0.0,-0.3955176723746343,0.9865539534102917,0.0,-0.4014546973418015,0.9905201693346449,0.0,-0.4064412056543825,0.9936786247266428,0.0,-0.39092190666632426,0.9789771317307866,0.0,-0.39746882939765144,0.9861046266874446,0.0,-0.4028021698471107,0.989954435101707,0.0,-0.4070133558189364,0.9933604528729333,0.0,-0.3939428921670538,0.97763182675224,0.0,-0.39920594647478214,0.9838822590840678,0.0,-0.403196490275129,0.9875746814200083,0.0,-0.4064475511809926,0.9906757982965494,0.0
-0.3831622842915924,0.9598522864931223,0.0,-0.3855649509368544,0.9667438344978836,0.0,-0.38859353219023635,0.9744449783759888,0.0,-0.39215214817814803,0.9808093801903295,0.0,-0.3961025038073427,0.9854769330061635,0.0,-0.385779960468207,0.9776594539870755,0.0,-0.39275710901458316,0.9851725544325747,0.0,-0.3988926217053328,0.9888575375099702,0.0,-0.4038473914371115,0.9910733525987991,0.0,-0.3875340540983109,0.9780262762004079,0.0,-0.39472045020524815,0.9852481400405799,0.0,-0.40065747517653844,0.9892143559587614,0.0,-0.40564398349124664,0.9923728113474006,0.0,-0.39012468449691967,0.977671318363327,0.0,-0.3966716072310258,0.9847988133174324,0.0,-0.4020049476837892,0.9886486217271173,0.0,-0.40621613365681336,0.9920546394968617,0.0,-0.3931456700002402,0.9763260133835696,0.0,-0.3984087243100828,0.9825764457136172,0.0,-0.4023992681129599,0.9862688680468232,0.0,-0.40565032901956016,0.9893699849225919,0.0
-0.3826976870510797,0.9595052953264906,0.0,-0.3851003537100363,0.9663968433264776,0.0,-0.38812893496997625,0.9740979872020037,0.0,-0.3916875509454257,0.9804623890233126,0.0,-0.3956379065478439,0.9851299418618089,0.0,-0.38531536325995075,0.9773124628157026,0.0,-0.39229251178060787,0.9848255632850862,0.0,-0.3984280244418458,0.9885105464116188,0.0,-0.40338279415872264,0.9907263615337694,0.0,-0.3870694568827696,0.9776792850277698,0.0,-0.39425585297324495,0.9849011488843227,0.0,-0.40019287791511854,0.988867364846538,0.0,-0.4051793862161201,0.9920258202568173,0.0,-0.3896600872707144,0.977324327191105,0.0,-0.3962070099874379,0.9844518221611771,0.0,-0.40154035041674035,0.9883016306033641,0.0,-0.4057515363823289,0.9917076483823017,0.0,-0.3926810727626488,0.9759790222151679,0.0,-0.3979441270596992,0.9822294545559869,0.0,-0.40193467084490286,0.9859218769082929,0.0,-0.40518573174686345,0.9890229937889257,0.0
-0.3829836763607542,0.9600386187636334,0.0,-0.3853863430232409,0.9669301667623897,0.0,-0.38841492428514685,0.9746313106371427,0.0,-0.3919735402581749,0.9809957124598054,0.0,-0.39592389585496257,0.9856632653030672,0.0,-0.3856013525773477,0.9778457862517098,0.0,-0.3925785010924553,0.9853588867262473,0.0,-0.39871401374738996,0.9890438698632749,0.0,-0.4036687834610152,0.9912596849926967,0.0,-0.3873554461981538,0.978212608463539,0.0,-0.3945418422849494,0.9854344723237538,0.0,-0.40047886722051856,0.9894006882954061,0.0,-0.4054653755184901,0.992559143710469,0.0,-0.389946076583305,0.9778576506271086,0.0,-0.39649299929614956,0.9849851456007437,0.0,-0.4018263397204169,0.9888349540499055,0.0,-0.40603752568434187,0.9922409718309007,0.0,-0.3929670620723528,0.9765123456522928,0.0,-0.3982301163665175,0.9827627779955412,0.0,-0.4022206601479097,0.9864552003519667,0.0,-0.40547172104883716,0.9895563172336825,0.0
-0.3832350960400647,0.9602750519268707,0.0,-0.3856377626969418,0.9671665999275826,0.0,-0.3886663439562031,0.9748677438033758,0.0,-0.3922249599344558,0.9812321456231171,0.0,-0.3961753155424043,0.9858996984569329,0.0,-0.3858527722433554,0.9780822194169027,0.0,-0.3928299207691617,0.9855953198815043,0.0,-0.3989654334363826,0.9892803029980751,0.0,-0.40392020315620136,0.9914961181136474,0.0,-0.3876068658671253,0.9784490416292632,0.0,-0.3947932619607493,0.9856709054826832,0.0,-0.40073028690856205,0.9896371214360079,0.0,-0.4057167952122245,0.9927955768420863,0.0,-0.3901974962566379,0.9780940837926811,0.0,-0.396744418976694,0.9852215787596922,0.0,-0.4020777594107248,0.9890713871953282,0.0,-0.4062889453777339,0.9924774049725099,0.0,-0.3932184817503571,0.9767487788163215,0.0,-0.3984815360498242,0.9829992111551055,0.0,-0.40247207983856864,0.9866916335035852,0.0,-0.40572314074142124,0.9897927503832827,0.0
-0.383144765269271,0.9600715574233674,0.0,-0.3855474319237148,0.9669631054249275,0.0,-0.3885760131816936,0.974664249301225,0.0,-0.39213462916182384,0.9810286511199164,0.0,-0.3960849847739886,0.985696203950164,0.0,-0.3857624414670826,0.9778787249142049,0.0,-0.3927395899969988,0.9853918253749898,0.0,-0.3988751026689082,0.9890768084837545,0.0,-0.4038298723911237,0.9912926235939674,0.0,-0.38751653509220424,0.9782455471267526,0.0,-0.39470293118851335,0.9854674109775006,0.0,-0.40063995614100856,0.9894336269238162,0.0,-0.40562646444689204,0.9925920823263881,0.0,-0.3901071654836307,0.9778905892900427,0.0,-0.3966540882065191,0.985018084254452,0.0,-0.4019874286442875,0.9888678926849104,0.0,-0.40619861461250995,0.9922739104605918,0.0,-0.3931281509793525,0.9765452843129461,0.0,-0.3983912052809171,0.9827957166499637,0.0,-0.4023817490724849,0.9864881389953919,0.0,-0.4056328099760927,0.9895892558742978,0.0
-0.38301816415846146,0.9599346743076965,0.0,-0.38542083081505357,0.9668262223085079,0.0,-0.38844941207402467,0.9745273661844153,0.0,-0.39200802805209506,0.9808917680042585,0.0,-0.3959583836598909,0.9855593208382033,0.0,-0.3856358403614117,0.9777418417977789,0.0,-0.39261298888715024,0.9852549422624434,0.0,-0.3987485015542572,0.9889399253792043,0.0,-0.4037032712740568,0.9911557404948194,0.0,-0.38738993398540833,0.9781086640101163,0.0,-0.39457633007906023,0.9853305278635084,0.0,-0.4005133550267713,0.9892967438169856,0.0,-0.40549986333043797,0.9924551992230571,0.0,-0.3899805643751678,0.977753706173455,0.0,-0.39652748709524965,0.9848812011404423,0.0,-0.40186082752920343,0.9887310095761853,0.0,-0.4060720134962259,0.9921370273533502,0.0,-0.3930015498690969,0.9764084011969395,0.0,-0.3982646041686003,0.9826588335356928,0.0,-0.40225514795729683,0.9863512558842243,0.0,-0.4055062088601552,0.9894523727639161,0.0
-0.3830394944927488,0.9600052759374814,0.0,-0.385442161150758,0.9668968239377985,0.0,-0.3884707424104549,0.9745979678134206,0.0,-0.39202935838737096,0.980962369633909,0.0,-0.3959797139926136,0.985629922470015,0.0,-0.38565717069893557,0.9778124434270877,0.0,-0.3926343192221975,0.9853255438940524,0.0,-0.39876983188647364,0.9890105270155264,0.0,-0.4037246016048322,0.991226342134364,0.0,-0.38741126432215534,0.9781792656393097,0.0,-0.39459766041420025,0.9854011294943009,0.0,-0.4005346853590861,0.989367345452007,0.0,-0.4055211936614205,0.9925258008601819,0.0,-0.39000189471080376,0.977824307802713,0.0,-0.3965488174291898,0.9849518027712582,0.0,-0.4018821578608892,0.988801611210124,0.0,-0.40609334382718554,0.9922076289881868,0.0,-0.39302288020356296,0.976479002826616,0.0,-0.39828593450181304,0.9827294351664245,0.0,-0.4022764782888082,0.9864218575167948,0.0,-0.4055275391912143,0.9895229743969606,0.0
-0.38309949651847447,0.9600773581990174,0.0,-0.3855021631757343,0.9669689061995959,0.0,-0.3885307444350958,0.9746700500753498,0.0,-0.39208936041276127,0.9810344518954195,0.0,-0.39603971601957744,0.9857020047301934,0.0,-0.3857171727228457,0.9778845256888906,0.0,-0.392694321247607,0.985397626154463,0.0,-0.3988298339136092,0.9890826092730629,0.0,-0.40378460363283336,0.991298424389965,0.0,-0.3874712663464526,0.9782513479011894,0.0,-0.3946576624394464,0.9854732117552363,0.0,-0.40059468738605075,0.98943942771037,0.0,-0.4055811956891781,0.992597883117293,0.0,-0.3900618967356807,0.9778963900645805,0.0,-0.3966088194550691,0.9850238850322048,0.0,-0.40194215988813853,0.9888736934691729,0.0,-0.4061533458548633,0.9922797112467061,0.0,-0.39308288222906695,0.9765510850882864,0.0,-0.3983459365280521,0.982801517427476,0.0,-0.40233648031607777,0.9864939397767325,0.0,-0.4055875412187515,0.9895950566566176,0.0
-0.383099006721724,0.960056595234136,0.0,-0.38550167337823465,0.9669481432349756,0.0,-0.38853025463721974,0.9746492871108774,0.0,-0.3920888706155166,0.9810136889305938,0.0,-0.3960392262237165,0.9856812417641969,0.0,-0.3857166829243683,0.977863762724263,0.0,-0.39269383145046777,0.9853768631885924,0.0,-0.39882934411800136,0.9890618463046428,0.0,-0.40378411383800317,0.9912776614198058,0.0,-0.38747077654838236,0.9782305849366253,0.0,-0.39465717264224076,0.985452448789812,0.0,-0.40059419759037307,0.9894186647426584,0.0,-0.40558070589421813,0.9925771201484483,0.0,-0.39006140693819674,0.9778756270999858,0.0,-0.3966083296584978,0.9850031220667719,0.0,-0.4019416700927862,0.9888529305020513,0.0,-0.4061528560599016,0.9922589482791013,0.0,-0.39308239243220283,0.9765303221234738,0.0,-0.39834544673186156,0.9827807544620963,0.0,-0.4023359905208067,0.9864731768103592,0.0,-0.40558705142372387,0.9895742936899892,0.0
-0.3830720298929783,0.9600211226003021,0.0,-0.3854746965497117,0.966912670601064,0.0,-0.38850327780879024,0.9746138144769292,0.0,-0.39206189378684647,0.9809782162967806,0.0,-0.39601224939455,0.9856457691308036,0.0,-0.38568970609617553,0.9778282900903479,0.0,-0.3926668546218051,0.9853413905551138,0.0,-0.3988023672887961,0.9890263736720677,0.0,-0.40375713700852744,0.9912421887878355,0.0,-0.38744379972007764,0.9781951123026853,0.0,-0.39463019581364134,0.9854169761561655,0.0,-0.40056722076123397,0.98938319210982,0.0,-0.4055537290648319,0.992541647516,0.0,-0.39003443010972066,0.9778401544660469,0.0,-0.3965813528297102,0.9849676494331188,0.0,-0.40191469326356843,0.9888174578689943,0.0,-0.4061258792305507,0.9922234756462087,0.0,-0.3930554156035393,0.9764948494895902,0.0,-0.39831846990297026,0.9827452818284044,0.0,-0.40230901369159217,0.9864377041770165,0.0,-0.4055600745944261,0.9895388210567335,0.0
-0.38306815330681293,0.9600250489145248,0.0,-0.38547081996391613,0.9669165969151581,0.0,-0.3884994012231778,0.9746177407909511,0.0,-0.3920580172009143,0.9809821426109808,0.0,-0.396008372807922,0.9856496954455929,0.0,-0.3856858295108688,0.9778322164044446,0.0,-0.3926629780358266,0.9853453168698343,0.0,-0.3987984907020486,0.9890302999880685,0.0,-0.4037532604213899,0.9912461151047085,0.0,-0.3874399231345712,0.9781990386167496,0.0,-0.3946263192277023,0.9854209024706599,0.0,-0.40056334417452766,0.9893871184254628,0.0,-0.4055498524777662,0.9925455738322102,0.0,-0.39003055352392535,0.9778440807801247,0.0,-0.39657747624345824,0.9849715757476163,0.0,-0.4019108166767045,0.9888213841843394,0.0,-0.4061220026434914,0.9922274019617956,0.0,-0.3930515390174374,0.9764987758037744,0.0,-0.3983145933165317,0.9827492081428721,0.0,-0.4023051371046922,0.9864416304919832,0.0,-0.4055561980074044,0.9895427473718279,0.0
-0.38307966024958473,0.960041573984002,0.0,-0.385482326906644,0.9669331219846504,0.0,-0.38851090816589146,0.974634265860449,0.0,-0.39206952414368745,0.9809986676804459,0.0,-0.3960198797508123,0.9856662205149587,0.0,-0.3856973364535225,0.9778487414739392,0.0,-0.39267448497858953,0.9853618419392272,0.0,-0.39880999764493835,0.9890468250572502,0.0,-0.403764767364342,0.9912626401737508,0.0,-0.3874514300772449,0.9782155636862502,0.0,-0.39463782617044274,0.9854374275400943,0.0,-0.4005748511173941,0.9894036434947087,0.0,-0.40556135942068905,0.9925620989013673,0.0,-0.39004206046663203,0.9778606058496273,0.0,-0.39658898318623564,0.984988100817054,0.0,-0.40192232361958213,0.9888379092536381,0.0,-0.40613350958639916,0.9922439270310572,0.0,-0.39306304596018193,0.9765153008732683,0.0,-0.3983261002593274,0.9827657332123227,0.0,-0.402316644047563,0.9864581555613523,0.0,-0.4055677049502941,0.9895592724411775,0.0
-0.3830831731813783,0.9600423234685116,0.0,-0.385485839838265,0.9669338714692199,0.0,-0.38851442109742806,0.9746350153450518,0.0,-0.39207303707537666,0.9809994171649632,0.0,-0.39602339268283143,0.9856669699991967,0.0,-0.38570084938491295,0.9778494909585076,0.0,-0.3926779979102979,0.9853625914235005,0.0,-0.398813510577011,0.9890475745409171,0.0,-0.40376828029659906,0.9912633896570051,0.0,-0.38745494300872796,0.9782163131708344,0.0,-0.39464133910212995,0.9854381770244751,0.0,-0.4005783640494447,0.9894043929785457,0.0,-0.40556487235290933,0.9925628483849358,0.0,-0.39004557339824986,0.9778613553342055,0.0,-0.39659249611806896,0.9849888503014341,0.0,-0.4019258365517053,0.9888386587376168,0.0,-0.40613702251861444,0.9922446765149218,0.0,-0.3930665588919428,0.9765160503577974,0.0,-0.39832961319124716,0.9827664826967186,0.0,-0.40232015697970114,0.9864589050455119,0.0,-0.40557121788248984,0.9895600219252767,0.0
-0.3830785207415553,0.9600349875045486,0.0,-0.3854811873984356,0.9669265355052592,0.0,-0.38850976865759235,0.9746276793810935,0.0,-0.3920683846355373,0.9809920812010069,0.0,-0.39601874024298944,0.9856596340352428,0.0,-0.3856961969450819,0.977842154994546,0.0,-0.392673345470466,0.9853552554595397,0.0,-0.39880885813717737,0.989040238576959,0.0,-0.4037636278567654,0.9912560536930475,0.0,-0.38745029056890207,0.9782089772068723,0.0,-0.39463668666230506,0.9854308410605122,0.0,-0.4005737116096182,0.9893970570145849,0.0,-0.40556021991308344,0.9925555124209746,0.0,-0.3900409209584294,0.9778540193702416,0.0,-0.3965878436782494,0.9849815143374694,0.0,-0.4019211841118846,0.9888313227736538,0.0,-0.4061323700787943,0.9922373405509581,0.0,-0.3930619064521273,0.97650871439383,0.0,-0.39832496075143264,0.9827591467327501,0.0,-0.40231550453988596,0.9864515690815443,0.0,-0.4055665654426749,0.9895526859613089,0.0
-0.3830762593308108,0.9600335904447602,0.0,-0.38547892598776756,0.9669251384454441,0.0,-0.38850750724696115,0.974626282321264,0.0,-0.39206612322483714,0.9809906841412158,0.0,-0.39601647883214086,0.9856582369755774,0.0,-0.38569393553451703,0.9778407579347311,0.0,-0.39267108405975837,0.9853538583998575,0.0,-0.398806596726306,0.9890388415175494,0.0,-0.4037613664458113,0.9912546566338226,0.0,-0.38744802915829635,0.9782075801470506,0.0,-0.3946344252516079,0.9854294440007815,0.0,-0.40057145019875773,0.9893956599550987,0.0,-0.40555795850214676,0.9925541153616085,0.0,-0.39003865954776423,0.9778526223104221,0.0,-0.39658558226748764,0.9849801172777387,0.0,-0.40191892270099255,0.9888299257141034,0.0,-0.40613010866786103,0.992235943491459,0.0,-0.39305964504139845,0.9765073173340321,0.0,-0.39832269934063275,0.9827577496730119,0.0,-0.40231324312898803,0.9864501720219122,0.0,-0.40556430403175114,0.9895512889017036,0.0
-0.38307798667792525,0.9600366311172562,0.0,-0.3854806533348965,0.9669281791179353,0.0,-0.3885092345940986,0.974629322993752,0.0,-0.3920678505719657,0.9809937248137087,0.0,-0.3960182061792481,0.9856612776480883,0.0,-0.3856956628816624,0.9778437986072227,0.0,-0.3926728114068825,0.9853568990723688,0.0,-0.3988083240734061,0.9890418821901007,0.0,-0.40376309379289893,0.9912576973064023,0.0,-0.38744975650543323,0.978210620819541,0.0,-0.39463615259873036,0.9854324846732861,0.0,-0.40057317754585625,0.9893987006276391,0.0,-0.40555968584923363,0.9925571560341676,0.0,-0.3900403868948895,0.9778556629829139,0.0,-0.39658730961459776,0.9849831579502445,0.0,-0.4019206500480836,0.9888329663866354,0.0,-0.4061318360149456,0.992238984163999,0.0,-0.3930613723885121,0.9765103580065287,0.0,-0.3983244266877351,0.9827607903455183,0.0,-0.40231497047607584,0.986453212694434,0.0,-0.4055660313788349,0.9895543295742298,0.0
-0.38307927566548683,0.9600377320611087,0.0,-0.3854819423224259,0.9669292800617988,0.0,-0.38851052358161264,0.9746304239376213,0.0,-0.3920691395595094,0.9809948257575616,0.0,-0.39601949516685525,0.9856623785918874,0.0,-0.385696951869148,0.9778448995510862,0.0,-0.3926741003944289,0.9853580000161757,0.0,-0.3988096130610224,0.9890429831337912,0.0,-0.4037643827805504,0.9912587982500138,0.0,-0.3874510454929358,0.9782117217634076,0.0,-0.394637441586272,0.9854335856171139,0.0,-0.40057446653346734,0.989399801571363,0.0,-0.4055609748368771,0.9925582569778402,0.0,-0.39004167588241706,0.9778567639267797,0.0,-0.39658859860216644,0.9849842588940725,0.0,-0.40192193903570783,0.9888340673303866,0.0,-0.40613312500258736,0.9922400851077284,0.0,-0.3930626613760664,0.9765114589503854,0.0,-0.3983257156753196,0.9827618912893492,0.0,-0.4023162594637021,0.98645431363822,0.0,-0.40556732036647225,0.9895554305180041,0.0
